DistrictCode|DistrictName|FinalCohort|Graduate|GraduationRate|CohortYearTTL|Horizons.Partner|PSEnrollLevel|Pct|Cohort Enrollment Rate|DemographicGroup|DemographicValue
18303|Bainbridge Island School District|253|243.386|0.962|2023|PREP - Tier 2|2 Year / CTC|0.08|0.07696|Section 504|Not Section 504
18303|Bainbridge Island School District|253|243.386|0.962|2023|PREP - Tier 2|4 Year|0.67|0.64454|Section 504|Not Section 504
18303|Bainbridge Island School District|253|243.386|0.962|2023|PREP - Tier 2|Not Enrolled|0.25|0.2785|Section 504|Not Section 504
18303|Bainbridge Island School District|83|80.178|0.966|2023|PREP - Tier 2|2 Year / CTC|0.14|0.13524|Section 504|Section 504
18303|Bainbridge Island School District|83|80.178|0.966|2023|PREP - Tier 2|4 Year|0.55|0.5313|Section 504|Section 504
18303|Bainbridge Island School District|83|80.178|0.966|2023|PREP - Tier 2|Not Enrolled|0.31|0.33346|Section 504|Section 504
18303|Bainbridge Island School District|327|317|0.96941896|2023|PREP - Tier 2|2 Year / CTC|0.1|0.096941896|All Students|All
18303|Bainbridge Island School District|327|317|0.96941896|2023|PREP - Tier 2|4 Year|0.64|0.6204281344|All Students|All
18303|Bainbridge Island School District|327|317|0.96941896|2023|PREP - Tier 2|Not Enrolled|0.26|0.2826299696|All Students|All
18303|Bainbridge Island School District|153|147.951|0.967|2023|PREP - Tier 2|2 Year / CTC|0.07|0.06769|Gender|Female
18303|Bainbridge Island School District|153|147.951|0.967|2023|PREP - Tier 2|4 Year|0.7|0.6769|Gender|Female
18303|Bainbridge Island School District|153|147.951|0.967|2023|PREP - Tier 2|Not Enrolled|0.22|0.24574|Gender|Female
18303|Bainbridge Island School District|183|177.680232639|0.970930233|2023|PREP - Tier 2|2 Year / CTC|0.12|0.11651162796|Gender|Male
18303|Bainbridge Island School District|183|177.680232639|0.970930233|2023|PREP - Tier 2|4 Year|0.58|0.56313953514|Gender|Male
18303|Bainbridge Island School District|183|177.680232639|0.970930233|2023|PREP - Tier 2|Not Enrolled|0.3|0.3203488369|Gender|Male
18303|Bainbridge Island School District|43|37.41|0.87|2023|PREP - Tier 2|2 Year / CTC|0.23|0.2001|FRPL|FRPL
18303|Bainbridge Island School District|43|37.41|0.87|2023|PREP - Tier 2|4 Year|0.39|0.3393|FRPL|FRPL
18303|Bainbridge Island School District|43|37.41|0.87|2023|PREP - Tier 2|Not Enrolled|0.38|0.4606|FRPL|FRPL
18303|Bainbridge Island School District|293|289.768382284|0.988970588|2023|PREP - Tier 2|2 Year / CTC|0.07|0.06922794116|FRPL|Not FRPL
18303|Bainbridge Island School District|293|289.768382284|0.988970588|2023|PREP - Tier 2|4 Year|0.7|0.6922794116|FRPL|Not FRPL
18303|Bainbridge Island School District|293|289.768382284|0.988970588|2023|PREP - Tier 2|Not Enrolled|0.23|0.23849264724|FRPL|Not FRPL
18303|Bainbridge Island School District|13|10.946|0.842|2023|PREP - Tier 2|2 Year / CTC|0.025|0.02105|Race/Ethnicity|Asian
18303|Bainbridge Island School District|13|10.946|0.842|2023|PREP - Tier 2|4 Year|0.77|0.64834|Race/Ethnicity|Asian
18303|Bainbridge Island School District|13|10.946|0.842|2023|PREP - Tier 2|Not Enrolled|0.17|0.30114|Race/Ethnicity|Asian
18303|Bainbridge Island School District|24|21.336|0.889|2023|PREP - Tier 2|2 Year / CTC|0.19|0.16891|Race/Ethnicity|Hispanic or Latino of any race(s)
18303|Bainbridge Island School District|24|21.336|0.889|2023|PREP - Tier 2|4 Year|0.5|0.4445|Race/Ethnicity|Hispanic or Latino of any race(s)
18303|Bainbridge Island School District|24|21.336|0.889|2023|PREP - Tier 2|Not Enrolled|0.31|0.38659|Race/Ethnicity|Hispanic or Latino of any race(s)
18303|Bainbridge Island School District|32|28.448|0.889|2023|PREP - Tier 2|2 Year / CTC|0.11|0.09779|Race/Ethnicity|Two or More Races
18303|Bainbridge Island School District|32|28.448|0.889|2023|PREP - Tier 2|4 Year|0.63|0.56007|Race/Ethnicity|Two or More Races
18303|Bainbridge Island School District|32|28.448|0.889|2023|PREP - Tier 2|Not Enrolled|0.26|0.34214|Race/Ethnicity|Two or More Races
18303|Bainbridge Island School District|260|251.51020414|0.967346939|2023|PREP - Tier 2|2 Year / CTC|0.08|0.07738775512|Race/Ethnicity|White
18303|Bainbridge Island School District|260|251.51020414|0.967346939|2023|PREP - Tier 2|4 Year|0.67|0.64812244913|Race/Ethnicity|White
18303|Bainbridge Island School District|260|251.51020414|0.967346939|2023|PREP - Tier 2|Not Enrolled|0.25|0.27448979575|Race/Ethnicity|White
05401|Cape Flattery School District|28|24.08|0.86|2023|PREP - Tier 1|2 Year / CTC|0.48|0.4128|All Students|All
05401|Cape Flattery School District|28|24.08|0.86|2023|PREP - Tier 1|4 Year|0.28|0.2408|All Students|All
05401|Cape Flattery School District|28|24.08|0.86|2023|PREP - Tier 1|Not Enrolled|0.24|0.3464|All Students|All
05401|Cape Flattery School District|15|||2023|PREP - Tier 1|2 Year / CTC|0.36||Gender|Female
05401|Cape Flattery School District|15|||2023|PREP - Tier 1|4 Year|0.23||Gender|Female
05401|Cape Flattery School District|15|||2023|PREP - Tier 1|Not Enrolled|0.41||Gender|Female
05401|Cape Flattery School District|13|10.4|0.8|2023|PREP - Tier 1|2 Year / CTC|0.2|0.16|Gender|Male
05401|Cape Flattery School District|13|10.4|0.8|2023|PREP - Tier 1|4 Year|0.27|0.216|Gender|Male
05401|Cape Flattery School District|13|10.4|0.8|2023|PREP - Tier 1|Not Enrolled|0.53|0.624|Gender|Male
05401|Cape Flattery School District|19|16.72|0.88|2023|PREP - Tier 1|2 Year / CTC|0.31|0.2728|FRPL|FRPL
05401|Cape Flattery School District|19|16.72|0.88|2023|PREP - Tier 1|4 Year|0.22|0.1936|FRPL|FRPL
05401|Cape Flattery School District|19|16.72|0.88|2023|PREP - Tier 1|Not Enrolled|0.47|0.5336|FRPL|FRPL
05401|Cape Flattery School District|9|||2023|PREP - Tier 1|2 Year / CTC|0.1||FRPL|Not FRPL
05401|Cape Flattery School District|9|||2023|PREP - Tier 1|4 Year|0.305||FRPL|Not FRPL
05401|Cape Flattery School District|9|||2023|PREP - Tier 1|Not Enrolled|0.505||FRPL|Not FRPL
05401|Cape Flattery School District|10|7.69|0.769|2023|PREP - Tier 1|2 Year / CTC|0.34|0.26146|Race/Ethnicity|American Indian or Alaska Native
05401|Cape Flattery School District|10|7.69|0.769|2023|PREP - Tier 1|4 Year|0.22|0.16918|Race/Ethnicity|American Indian or Alaska Native
05401|Cape Flattery School District|10|7.69|0.769|2023|PREP - Tier 1|Not Enrolled|0.44|0.56936|Race/Ethnicity|American Indian or Alaska Native
08401|Castle Rock School District|104|80.6|0.775|2023|ESD 112|2 Year / CTC|0.23|0.17825|All Students|All
08401|Castle Rock School District|104|80.6|0.775|2023|ESD 112|4 Year|0.19|0.14725|All Students|All
08401|Castle Rock School District|104|80.6|0.775|2023|ESD 112|Not Enrolled|0.58|0.6745|All Students|All
08401|Castle Rock School District|49|36.32758619|0.74137931|2023|ESD 112|2 Year / CTC|0.23|0.1705172413|Gender|Female
08401|Castle Rock School District|49|36.32758619|0.74137931|2023|ESD 112|4 Year|0.3|0.222413793|Gender|Female
08401|Castle Rock School District|49|36.32758619|0.74137931|2023|ESD 112|Not Enrolled|0.47|0.6070689657|Gender|Female
08401|Castle Rock School District|53|42.93|0.81|2023|ESD 112|2 Year / CTC|0.22|0.1782|Gender|Male
08401|Castle Rock School District|53|42.93|0.81|2023|ESD 112|4 Year|0.075|0.06075|Gender|Male
08401|Castle Rock School District|53|42.93|0.81|2023|ESD 112|Not Enrolled|0.67|0.7327|Gender|Male
08401|Castle Rock School District|54|37.125|0.6875|2023|ESD 112|2 Year / CTC|0.15|0.103125|FRPL|FRPL
08401|Castle Rock School District|54|37.125|0.6875|2023|ESD 112|4 Year|0.11|0.075625|FRPL|FRPL
08401|Castle Rock School District|54|37.125|0.6875|2023|ESD 112|Not Enrolled|0.74|0.82125|FRPL|FRPL
08401|Castle Rock School District|50|44.5|0.89|2023|ESD 112|2 Year / CTC|0.3|0.267|FRPL|Not FRPL
08401|Castle Rock School District|50|44.5|0.89|2023|ESD 112|4 Year|0.24|0.2136|FRPL|Not FRPL
08401|Castle Rock School District|50|44.5|0.89|2023|ESD 112|Not Enrolled|0.46|0.5194|FRPL|Not FRPL
08401|Castle Rock School District|87|66.471910128|0.764044944|2023|ESD 112|2 Year / CTC|0.21|0.16044943824|Race/Ethnicity|White
08401|Castle Rock School District|87|66.471910128|0.764044944|2023|ESD 112|4 Year|0.18|0.13752808992|Race/Ethnicity|White
08401|Castle Rock School District|87|66.471910128|0.764044944|2023|ESD 112|Not Enrolled|0.61|0.70202247184|Race/Ethnicity|White
18401|Central Kitsap School District|849|732.687|0.863|2023|PREP - Tier 2|2 Year / CTC|0.25|0.21575|Section 504|Not Section 504
18401|Central Kitsap School District|849|732.687|0.863|2023|PREP - Tier 2|4 Year|0.26|0.22438|Section 504|Not Section 504
18401|Central Kitsap School District|849|732.687|0.863|2023|PREP - Tier 2|Not Enrolled|0.49|0.55987|Section 504|Not Section 504
18401|Central Kitsap School District|79|73.47|0.93|2023|PREP - Tier 2|2 Year / CTC|0.34|0.3162|Section 504|Section 504
18401|Central Kitsap School District|79|73.47|0.93|2023|PREP - Tier 2|4 Year|0.14|0.1302|Section 504|Section 504
18401|Central Kitsap School District|79|73.47|0.93|2023|PREP - Tier 2|Not Enrolled|0.52|0.5536|Section 504|Section 504
18401|Central Kitsap School District|1040|903|0.868269231|2023|PREP - Tier 2|2 Year / CTC|0.29|0.25179807699|All Students|All
18401|Central Kitsap School District|1040|903|0.868269231|2023|PREP - Tier 2|4 Year|0.24|0.20838461544|All Students|All
18401|Central Kitsap School District|1040|903|0.868269231|2023|PREP - Tier 2|Not Enrolled|0.47|0.53981730757|All Students|All
18401|Central Kitsap School District|46|28.52|0.62|2023|PREP - Tier 2|2 Year / CTC|0.26|0.1612|Bilingual|Bilingual
18401|Central Kitsap School District|46|28.52|0.62|2023|PREP - Tier 2|4 Year|0.09|0.0558|Bilingual|Bilingual
18401|Central Kitsap School District|46|28.52|0.62|2023|PREP - Tier 2|Not Enrolled|0.64|0.7768|Bilingual|Bilingual
18401|Central Kitsap School District|882|777.924|0.882|2023|PREP - Tier 2|2 Year / CTC|0.26|0.22932|Bilingual|Not Bilingual
18401|Central Kitsap School District|882|777.924|0.882|2023|PREP - Tier 2|4 Year|0.26|0.22932|Bilingual|Not Bilingual
18401|Central Kitsap School District|882|777.924|0.882|2023|PREP - Tier 2|Not Enrolled|0.48|0.54136|Bilingual|Not Bilingual
18401|Central Kitsap School District|519|451|0.868978805|2023|PREP - Tier 2|2 Year / CTC|0.3|0.2606936415|Gender|Female
18401|Central Kitsap School District|519|451|0.868978805|2023|PREP - Tier 2|4 Year|0.31|0.26938342955|Gender|Female
18401|Central Kitsap School District|519|451|0.868978805|2023|PREP - Tier 2|Not Enrolled|0.39|0.46992292895|Gender|Female
18401|Central Kitsap School District|478|415.86|0.87|2023|PREP - Tier 2|2 Year / CTC|0.29|0.2523|Gender|Male
18401|Central Kitsap School District|478|415.86|0.87|2023|PREP - Tier 2|4 Year|0.17|0.1479|Gender|Male
18401|Central Kitsap School District|478|415.86|0.87|2023|PREP - Tier 2|Not Enrolled|0.54|0.5998|Gender|Male
18401|Central Kitsap School District|421|347|0.824228029|2023|PREP - Tier 2|2 Year / CTC|0.32|0.26375296928|FRPL|FRPL
18401|Central Kitsap School District|421|347|0.824228029|2023|PREP - Tier 2|4 Year|0.12|0.09890736348|FRPL|FRPL
18401|Central Kitsap School District|421|347|0.824228029|2023|PREP - Tier 2|Not Enrolled|0.56|0.63733966724|FRPL|FRPL
18401|Central Kitsap School District|619|556|0.89822294|2023|PREP - Tier 2|2 Year / CTC|0.28|0.2515024232|FRPL|Not FRPL
18401|Central Kitsap School District|619|556|0.89822294|2023|PREP - Tier 2|4 Year|0.32|0.2874313408|FRPL|Not FRPL
18401|Central Kitsap School District|619|556|0.89822294|2023|PREP - Tier 2|Not Enrolled|0.41|0.4700484654|FRPL|Not FRPL
18401|Central Kitsap School District|60|53.33333334|0.888888889|2023|PREP - Tier 2|2 Year / CTC|0.32|0.28444444448|Race/Ethnicity|Asian
18401|Central Kitsap School District|60|53.33333334|0.888888889|2023|PREP - Tier 2|4 Year|0.31|0.27555555559|Race/Ethnicity|Asian
18401|Central Kitsap School District|60|53.33333334|0.888888889|2023|PREP - Tier 2|Not Enrolled|0.37|0.43999999993|Race/Ethnicity|Asian
18401|Central Kitsap School District|30|23.22580644|0.774193548|2023|PREP - Tier 2|2 Year / CTC|0.24|0.18580645152|Race/Ethnicity|Black or African American
18401|Central Kitsap School District|30|23.22580644|0.774193548|2023|PREP - Tier 2|4 Year|0.21|0.16258064508|Race/Ethnicity|Black or African American
18401|Central Kitsap School District|30|23.22580644|0.774193548|2023|PREP - Tier 2|Not Enrolled|0.55|0.6516129034|Race/Ethnicity|Black or African American
18401|Central Kitsap School District|118|97.220125778|0.823899371|2023|PREP - Tier 2|2 Year / CTC|0.31|0.25540880501|Race/Ethnicity|Hispanic or Latino of any race(s)
18401|Central Kitsap School District|118|97.220125778|0.823899371|2023|PREP - Tier 2|4 Year|0.18|0.14830188678|Race/Ethnicity|Hispanic or Latino of any race(s)
18401|Central Kitsap School District|118|97.220125778|0.823899371|2023|PREP - Tier 2|Not Enrolled|0.52|0.60452830192|Race/Ethnicity|Hispanic or Latino of any race(s)
18401|Central Kitsap School District|152|134.32558136|0.88372093|2023|PREP - Tier 2|2 Year / CTC|0.26|0.2297674418|Race/Ethnicity|Two or More Races
18401|Central Kitsap School District|152|134.32558136|0.88372093|2023|PREP - Tier 2|4 Year|0.28|0.2474418604|Race/Ethnicity|Two or More Races
18401|Central Kitsap School District|152|134.32558136|0.88372093|2023|PREP - Tier 2|Not Enrolled|0.46|0.5227906978|Race/Ethnicity|Two or More Races
18401|Central Kitsap School District|599|526|0.878130217|2023|PREP - Tier 2|2 Year / CTC|0.24|0.21075125208|Race/Ethnicity|White
18401|Central Kitsap School District|599|526|0.878130217|2023|PREP - Tier 2|4 Year|0.27|0.23709515859|Race/Ethnicity|White
18401|Central Kitsap School District|599|526|0.878130217|2023|PREP - Tier 2|Not Enrolled|0.5|0.5609348915|Race/Ethnicity|White
36250|College Place School District|131|126.284|0.964|2023|United Way of the Blue Mountains|2 Year / CTC|0.34|0.32776|All Students|All
36250|College Place School District|131|126.284|0.964|2023|United Way of the Blue Mountains|4 Year|0.21|0.20244|All Students|All
36250|College Place School District|131|126.284|0.964|2023|United Way of the Blue Mountains|Not Enrolled|0.45|0.4698|All Students|All
36250|College Place School District|17|14.314|0.842|2023|United Way of the Blue Mountains|2 Year / CTC|0.52|0.43784|Bilingual|Bilingual
36250|College Place School District|17|14.314|0.842|2023|United Way of the Blue Mountains|4 Year|0.025|0.02105|Bilingual|Bilingual
36250|College Place School District|17|14.314|0.842|2023|United Way of the Blue Mountains|Not Enrolled|0.47|0.55374|Bilingual|Bilingual
36250|College Place School District|114|110.238|0.967|2023|United Way of the Blue Mountains|2 Year / CTC|0.3|0.2901|Bilingual|Not Bilingual
36250|College Place School District|114|110.238|0.967|2023|United Way of the Blue Mountains|4 Year|0.21|0.20307|Bilingual|Not Bilingual
36250|College Place School District|114|110.238|0.967|2023|United Way of the Blue Mountains|Not Enrolled|0.49|0.50683|Bilingual|Not Bilingual
36250|College Place School District|62|58.342|0.941|2023|United Way of the Blue Mountains|2 Year / CTC|0.35|0.32935|Gender|Female
36250|College Place School District|62|58.342|0.941|2023|United Way of the Blue Mountains|4 Year|0.35|0.32935|Gender|Female
36250|College Place School District|62|58.342|0.941|2023|United Way of the Blue Mountains|Not Enrolled|0.31|0.35071|Gender|Female
36250|College Place School District|67|63.65|0.95|2023|United Way of the Blue Mountains|2 Year / CTC|0.33|0.3135|Gender|Male
36250|College Place School District|67|63.65|0.95|2023|United Way of the Blue Mountains|4 Year|0.09|0.0855|Gender|Male
36250|College Place School District|67|63.65|0.95|2023|United Way of the Blue Mountains|Not Enrolled|0.58|0.601|Gender|Male
36250|College Place School District|74|70.744|0.956|2023|United Way of the Blue Mountains|2 Year / CTC|0.31|0.29636|FRPL|FRPL
36250|College Place School District|74|70.744|0.956|2023|United Way of the Blue Mountains|4 Year|0.16|0.15296|FRPL|FRPL
36250|College Place School District|74|70.744|0.956|2023|United Way of the Blue Mountains|Not Enrolled|0.52|0.54112|FRPL|FRPL
36250|College Place School District|57|53.01|0.93|2023|United Way of the Blue Mountains|2 Year / CTC|0.38|0.3534|FRPL|Not FRPL
36250|College Place School District|57|53.01|0.93|2023|United Way of the Blue Mountains|4 Year|0.28|0.2604|FRPL|Not FRPL
36250|College Place School District|57|53.01|0.93|2023|United Way of the Blue Mountains|Not Enrolled|0.33|0.3769|FRPL|Not FRPL
36250|College Place School District|58|54.23|0.935|2023|United Way of the Blue Mountains|2 Year / CTC|0.43|0.40205|Race/Ethnicity|Hispanic or Latino of any race(s)
36250|College Place School District|58|54.23|0.935|2023|United Way of the Blue Mountains|4 Year|0.15|0.14025|Race/Ethnicity|Hispanic or Latino of any race(s)
36250|College Place School District|58|54.23|0.935|2023|United Way of the Blue Mountains|Not Enrolled|0.42|0.4577|Race/Ethnicity|Hispanic or Latino of any race(s)
36250|College Place School District|63|59.472|0.944|2023|United Way of the Blue Mountains|2 Year / CTC|0.28|0.26432|Race/Ethnicity|White
36250|College Place School District|63|59.472|0.944|2023|United Way of the Blue Mountains|4 Year|0.2|0.1888|Race/Ethnicity|White
36250|College Place School District|63|59.472|0.944|2023|United Way of the Blue Mountains|Not Enrolled|0.52|0.54688|Race/Ethnicity|White
36400|Columbia (Walla Walla) School District|59|53.1|0.9|2023|United Way of the Blue Mountains|2 Year / CTC|0.33|0.297|All Students|All
36400|Columbia (Walla Walla) School District|59|53.1|0.9|2023|United Way of the Blue Mountains|4 Year|0.2|0.18|All Students|All
36400|Columbia (Walla Walla) School District|59|53.1|0.9|2023|United Way of the Blue Mountains|Not Enrolled|0.47|0.523|All Students|All
36400|Columbia (Walla Walla) School District|31|26.567|0.857|2023|United Way of the Blue Mountains|2 Year / CTC|0.38|0.32566|Gender|Female
36400|Columbia (Walla Walla) School District|31|26.567|0.857|2023|United Way of the Blue Mountains|4 Year|0.24|0.20568|Gender|Female
36400|Columbia (Walla Walla) School District|31|26.567|0.857|2023|United Way of the Blue Mountains|Not Enrolled|0.38|0.46866|Gender|Female
36400|Columbia (Walla Walla) School District|28|23.996|0.857|2023|United Way of the Blue Mountains|2 Year / CTC|0.22|0.18854|Gender|Male
36400|Columbia (Walla Walla) School District|28|23.996|0.857|2023|United Way of the Blue Mountains|4 Year|0.13|0.11141|Gender|Male
36400|Columbia (Walla Walla) School District|28|23.996|0.857|2023|United Way of the Blue Mountains|Not Enrolled|0.65|0.70005|Gender|Male
36400|Columbia (Walla Walla) School District|36|29.739130452|0.826086957|2023|United Way of the Blue Mountains|2 Year / CTC|0.31|0.25608695667|FRPL|FRPL
36400|Columbia (Walla Walla) School District|36|29.739130452|0.826086957|2023|United Way of the Blue Mountains|4 Year|0.21|0.17347826097|FRPL|FRPL
36400|Columbia (Walla Walla) School District|36|29.739130452|0.826086957|2023|United Way of the Blue Mountains|Not Enrolled|0.48|0.57043478236|FRPL|FRPL
36400|Columbia (Walla Walla) School District|23|19.366|0.842|2023|United Way of the Blue Mountains|2 Year / CTC|0.29|0.24418|FRPL|Not FRPL
36400|Columbia (Walla Walla) School District|23|19.366|0.842|2023|United Way of the Blue Mountains|4 Year|0.15|0.1263|FRPL|Not FRPL
36400|Columbia (Walla Walla) School District|23|19.366|0.842|2023|United Way of the Blue Mountains|Not Enrolled|0.56|0.62952|FRPL|Not FRPL
36400|Columbia (Walla Walla) School District|34|26.724|0.786|2023|United Way of the Blue Mountains|2 Year / CTC|0.43|0.33798|Race/Ethnicity|Hispanic or Latino of any race(s)
36400|Columbia (Walla Walla) School District|34|26.724|0.786|2023|United Way of the Blue Mountains|4 Year|0.12|0.09432|Race/Ethnicity|Hispanic or Latino of any race(s)
36400|Columbia (Walla Walla) School District|34|26.724|0.786|2023|United Way of the Blue Mountains|Not Enrolled|0.45|0.5677|Race/Ethnicity|Hispanic or Latino of any race(s)
36400|Columbia (Walla Walla) School District|23|20.447|0.889|2023|United Way of the Blue Mountains|2 Year / CTC|0.23|0.20447|Race/Ethnicity|White
36400|Columbia (Walla Walla) School District|23|20.447|0.889|2023|United Way of the Blue Mountains|4 Year|0.18|0.16002|Race/Ethnicity|White
36400|Columbia (Walla Walla) School District|23|20.447|0.889|2023|United Way of the Blue Mountains|Not Enrolled|0.59|0.63551|Race/Ethnicity|White
05313|Crescent School District|18|||2023|PREP - Tier 1|2 Year / CTC|0.38||All Students|All
05313|Crescent School District|18|||2023|PREP - Tier 1|4 Year|0.1||All Students|All
05313|Crescent School District|18|||2023|PREP - Tier 1|Not Enrolled|0.52||All Students|All
05313|Crescent School District|10|||2023|PREP - Tier 1|2 Year / CTC|0.4||Race/Ethnicity|White
05313|Crescent School District|10|||2023|PREP - Tier 1|4 Year|0.1||Race/Ethnicity|White
05313|Crescent School District|10|||2023|PREP - Tier 1|Not Enrolled|0.5||Race/Ethnicity|White
07002|Dayton School District|30|25.5|0.85|2023|United Way of the Blue Mountains|2 Year / CTC|0.2|0.17|All Students|All
07002|Dayton School District|30|25.5|0.85|2023|United Way of the Blue Mountains|4 Year|0.26|0.221|All Students|All
07002|Dayton School District|30|25.5|0.85|2023|United Way of the Blue Mountains|Not Enrolled|0.54|0.609|All Students|All
07002|Dayton School District|15|||2023|United Way of the Blue Mountains|2 Year / CTC|0.24||Gender|Female
07002|Dayton School District|15|||2023|United Way of the Blue Mountains|4 Year|0.36||Gender|Female
07002|Dayton School District|15|||2023|United Way of the Blue Mountains|Not Enrolled|0.39||Gender|Female
07002|Dayton School District|15|10.905|0.727|2023|United Way of the Blue Mountains|2 Year / CTC|0.14|0.10178|Gender|Male
07002|Dayton School District|15|10.905|0.727|2023|United Way of the Blue Mountains|4 Year|0.14|0.10178|Gender|Male
07002|Dayton School District|15|10.905|0.727|2023|United Way of the Blue Mountains|Not Enrolled|0.71|0.78917|Gender|Male
07002|Dayton School District|14|10.178|0.727|2023|United Way of the Blue Mountains|2 Year / CTC|0.18|0.13086|FRPL|FRPL
07002|Dayton School District|14|10.178|0.727|2023|United Way of the Blue Mountains|4 Year|0.12|0.08724|FRPL|FRPL
07002|Dayton School District|14|10.178|0.727|2023|United Way of the Blue Mountains|Not Enrolled|0.7|0.7819|FRPL|FRPL
07002|Dayton School District|16|||2023|United Way of the Blue Mountains|2 Year / CTC|0.21||FRPL|Not FRPL
07002|Dayton School District|16|||2023|United Way of the Blue Mountains|4 Year|0.43||FRPL|Not FRPL
07002|Dayton School District|16|||2023|United Way of the Blue Mountains|Not Enrolled|0.36||FRPL|Not FRPL
07002|Dayton School District|22|17.292|0.786|2023|United Way of the Blue Mountains|2 Year / CTC|0.2|0.1572|Race/Ethnicity|White
07002|Dayton School District|22|17.292|0.786|2023|United Way of the Blue Mountains|4 Year|0.27|0.21222|Race/Ethnicity|White
07002|Dayton School District|22|17.292|0.786|2023|United Way of the Blue Mountains|Not Enrolled|0.53|0.63058|Race/Ethnicity|White
17210|Federal Way School District|1745|1541.882|0.8836|2023|Puget Sound ESD|2 Year / CTC|0.2|0.17672|Section 504|Not Section 504
17210|Federal Way School District|1745|1541.882|0.8836|2023|Puget Sound ESD|4 Year|0.32|0.282752|Section 504|Not Section 504
17210|Federal Way School District|1745|1541.882|0.8836|2023|Puget Sound ESD|Not Enrolled|0.48|0.540528|Section 504|Not Section 504
17210|Federal Way School District|77|70.84|0.92|2023|Puget Sound ESD|2 Year / CTC|0.17|0.1564|Section 504|Section 504
17210|Federal Way School District|77|70.84|0.92|2023|Puget Sound ESD|4 Year|0.32|0.2944|Section 504|Section 504
17210|Federal Way School District|77|70.84|0.92|2023|Puget Sound ESD|Not Enrolled|0.52|0.5584|Section 504|Section 504
17210|Federal Way School District|1552|1374|0.885309278|2023|Puget Sound ESD|2 Year / CTC|0.22|0.19476804116|All Students|All
17210|Federal Way School District|1552|1374|0.885309278|2023|Puget Sound ESD|4 Year|0.3|0.2655927834|All Students|All
17210|Federal Way School District|1552|1374|0.885309278|2023|Puget Sound ESD|Not Enrolled|0.48|0.53963917544|All Students|All
17210|Federal Way School District|319|259|0.811912226|2023|Puget Sound ESD|2 Year / CTC|0.2|0.1623824452|Bilingual|Bilingual
17210|Federal Way School District|319|259|0.811912226|2023|Puget Sound ESD|4 Year|0.12|0.09742946712|Bilingual|Bilingual
17210|Federal Way School District|319|259|0.811912226|2023|Puget Sound ESD|Not Enrolled|0.68|0.74018808768|Bilingual|Bilingual
17210|Federal Way School District|1233|1115|0.904298459|2023|Puget Sound ESD|2 Year / CTC|0.23|0.20798864557|Bilingual|Not Bilingual
17210|Federal Way School District|1233|1115|0.904298459|2023|Puget Sound ESD|4 Year|0.34|0.30746147606|Bilingual|Not Bilingual
17210|Federal Way School District|1233|1115|0.904298459|2023|Puget Sound ESD|Not Enrolled|0.44|0.49359286296|Bilingual|Not Bilingual
17210|Federal Way School District|918|848.232|0.924|2023|Puget Sound ESD|2 Year / CTC|0.24|0.22176|Gender|Female
17210|Federal Way School District|918|848.232|0.924|2023|Puget Sound ESD|4 Year|0.33|0.30492|Gender|Female
17210|Federal Way School District|918|848.232|0.924|2023|Puget Sound ESD|Not Enrolled|0.43|0.47332|Gender|Female
17210|Federal Way School District|797|677|0.849435383|2023|Puget Sound ESD|2 Year / CTC|0.2|0.1698870766|Gender|Male
17210|Federal Way School District|797|677|0.849435383|2023|Puget Sound ESD|4 Year|0.26|0.22085319958|Gender|Male
17210|Federal Way School District|797|677|0.849435383|2023|Puget Sound ESD|Not Enrolled|0.53|0.60076536999|Gender|Male
17210|Federal Way School District|1250|1089.375|0.8715|2023|Puget Sound ESD|2 Year / CTC|0.22|0.19173|FRPL|FRPL
17210|Federal Way School District|1250|1089.375|0.8715|2023|Puget Sound ESD|4 Year|0.23|0.200445|FRPL|FRPL
17210|Federal Way School District|1250|1089.375|0.8715|2023|Puget Sound ESD|Not Enrolled|0.55|0.607825|FRPL|FRPL
17210|Federal Way School District|572|527.384|0.922|2023|Puget Sound ESD|2 Year / CTC|0.24|0.22128|FRPL|Not FRPL
17210|Federal Way School District|572|527.384|0.922|2023|Puget Sound ESD|4 Year|0.45|0.4149|FRPL|Not FRPL
17210|Federal Way School District|572|527.384|0.922|2023|Puget Sound ESD|Not Enrolled|0.31|0.36382|FRPL|Not FRPL
17210|Federal Way School District|222|205|0.923423423|2023|Puget Sound ESD|2 Year / CTC|0.24|0.22162162152|Race/Ethnicity|Asian
17210|Federal Way School District|222|205|0.923423423|2023|Puget Sound ESD|4 Year|0.55|0.50788288265|Race/Ethnicity|Asian
17210|Federal Way School District|222|205|0.923423423|2023|Puget Sound ESD|Not Enrolled|0.21|0.27049549583|Race/Ethnicity|Asian
17210|Federal Way School District|292|256.688371964|0.879069767|2023|Puget Sound ESD|2 Year / CTC|0.22|0.19339534874|Race/Ethnicity|Black or African American
17210|Federal Way School District|292|256.688371964|0.879069767|2023|Puget Sound ESD|4 Year|0.33|0.29009302311|Race/Ethnicity|Black or African American
17210|Federal Way School District|292|256.688371964|0.879069767|2023|Puget Sound ESD|Not Enrolled|0.45|0.51651162815|Race/Ethnicity|Black or African American
17210|Federal Way School District|543|481|0.885819521|2023|Puget Sound ESD|2 Year / CTC|0.19|0.16830570899|Race/Ethnicity|Hispanic or Latino of any race(s)
17210|Federal Way School District|543|481|0.885819521|2023|Puget Sound ESD|4 Year|0.21|0.18602209941|Race/Ethnicity|Hispanic or Latino of any race(s)
17210|Federal Way School District|543|481|0.885819521|2023|Puget Sound ESD|Not Enrolled|0.6|0.6456721916|Race/Ethnicity|Hispanic or Latino of any race(s)
17210|Federal Way School District|179|160.971223104|0.899280576|2023|Puget Sound ESD|Not Enrolled|0.51|0.55935251776|Race/Ethnicity|Two or More Races
17210|Federal Way School District|179|160.971223104|0.899280576|2023|Puget Sound ESD|2 Year / CTC|0.15|0.1348920864|Race/Ethnicity|Two or More Races
17210|Federal Way School District|179|160.971223104|0.899280576|2023|Puget Sound ESD|4 Year|0.34|0.30575539584|Race/Ethnicity|Two or More Races
17210|Federal Way School District|341|292|0.856304985|2023|Puget Sound ESD|2 Year / CTC|0.19|0.16269794715|Race/Ethnicity|White
17210|Federal Way School District|341|292|0.856304985|2023|Puget Sound ESD|4 Year|0.32|0.2740175952|Race/Ethnicity|White
17210|Federal Way School District|341|292|0.856304985|2023|Puget Sound ESD|Not Enrolled|0.49|0.56328445765|Race/Ethnicity|White
17401|Highline School District|1567|1367.0508|0.8724|2023|Puget Sound ESD|2 Year / CTC|0.24|0.209376|Section 504|Not Section 504
17401|Highline School District|1567|1367.0508|0.8724|2023|Puget Sound ESD|4 Year|0.3|0.26172|Section 504|Not Section 504
17401|Highline School District|1567|1367.0508|0.8724|2023|Puget Sound ESD|Not Enrolled|0.47|0.537628|Section 504|Not Section 504
17401|Highline School District|66|62.04|0.94|2023|Puget Sound ESD|2 Year / CTC|0.18|0.1692|Section 504|Section 504
17401|Highline School District|66|62.04|0.94|2023|Puget Sound ESD|4 Year|0.37|0.3478|Section 504|Section 504
17401|Highline School District|66|62.04|0.94|2023|Puget Sound ESD|Not Enrolled|0.45|0.483|Section 504|Section 504
17401|Highline School District|1351|1183|0.875647668|2023|Puget Sound ESD|2 Year / CTC|0.23|0.20139896364|All Students|All
17401|Highline School District|1351|1183|0.875647668|2023|Puget Sound ESD|4 Year|0.28|0.24518134704|All Students|All
17401|Highline School District|1351|1183|0.875647668|2023|Puget Sound ESD|Not Enrolled|0.49|0.55341968932|All Students|All
17401|Highline School District|381|291|0.763779528|2023|Puget Sound ESD|2 Year / CTC|0.3|0.2291338584|Bilingual|Bilingual
17401|Highline School District|381|291|0.763779528|2023|Puget Sound ESD|4 Year|0.1|0.0763779528|Bilingual|Bilingual
17401|Highline School District|381|291|0.763779528|2023|Puget Sound ESD|Not Enrolled|0.6|0.6944881888|Bilingual|Bilingual
17401|Highline School District|970|892|0.919587629|2023|Puget Sound ESD|2 Year / CTC|0.21|0.19311340209|Bilingual|Not Bilingual
17401|Highline School District|970|892|0.919587629|2023|Puget Sound ESD|4 Year|0.34|0.31265979386|Bilingual|Not Bilingual
17401|Highline School District|970|892|0.919587629|2023|Puget Sound ESD|Not Enrolled|0.45|0.49422680405|Bilingual|Not Bilingual
17401|Highline School District|747|666.324|0.892|2023|Puget Sound ESD|2 Year / CTC|0.24|0.21408|Gender|Female
17401|Highline School District|747|666.324|0.892|2023|Puget Sound ESD|4 Year|0.29|0.25868|Gender|Female
17401|Highline School District|747|666.324|0.892|2023|Puget Sound ESD|Not Enrolled|0.47|0.52724|Gender|Female
17401|Highline School District|871|748.189|0.859|2023|Puget Sound ESD|2 Year / CTC|0.23|0.19757|Gender|Male
17401|Highline School District|871|748.189|0.859|2023|Puget Sound ESD|4 Year|0.26|0.22334|Gender|Male
17401|Highline School District|871|748.189|0.859|2023|Puget Sound ESD|Not Enrolled|0.5|0.5705|Gender|Male
17401|Highline School District|997|854|0.856569709|2023|Puget Sound ESD|2 Year / CTC|0.25|0.21414242725|FRPL|FRPL
17401|Highline School District|997|854|0.856569709|2023|Puget Sound ESD|4 Year|0.21|0.17987963889|FRPL|FRPL
17401|Highline School District|997|854|0.856569709|2023|Puget Sound ESD|Not Enrolled|0.54|0.60597793386|FRPL|FRPL
17401|Highline School District|354|329|0.929378531|2023|Puget Sound ESD|2 Year / CTC|0.19|0.17658192089|FRPL|Not FRPL
17401|Highline School District|354|329|0.929378531|2023|Puget Sound ESD|4 Year|0.45|0.41822033895|FRPL|Not FRPL
17401|Highline School District|354|329|0.929378531|2023|Puget Sound ESD|Not Enrolled|0.35|0.39590395485|FRPL|Not FRPL
17401|Highline School District|10|||2023|Puget Sound ESD|2 Year / CTC|0.1||Race/Ethnicity|American Indian or Alaska Native
17401|Highline School District|10|||2023|Puget Sound ESD|4 Year|0.305||Race/Ethnicity|American Indian or Alaska Native
17401|Highline School District|10|||2023|Puget Sound ESD|Not Enrolled|0.705||Race/Ethnicity|American Indian or Alaska Native
17401|Highline School District|211|200|0.947867299|2023|Puget Sound ESD|2 Year / CTC|0.3|0.2843601897|Race/Ethnicity|Asian
17401|Highline School District|211|200|0.947867299|2023|Puget Sound ESD|4 Year|0.42|0.39810426558|Race/Ethnicity|Asian
17401|Highline School District|211|200|0.947867299|2023|Puget Sound ESD|Not Enrolled|0.28|0.31753554472|Race/Ethnicity|Asian
17401|Highline School District|167|149|0.892215569|2023|Puget Sound ESD|2 Year / CTC|0.3|0.2676646707|Race/Ethnicity|Black or African American
17401|Highline School District|167|149|0.892215569|2023|Puget Sound ESD|4 Year|0.33|0.29443113777|Race/Ethnicity|Black or African American
17401|Highline School District|167|149|0.892215569|2023|Puget Sound ESD|Not Enrolled|0.37|0.43790419153|Race/Ethnicity|Black or African American
17401|Highline School District|552|455|0.824275362|2023|Puget Sound ESD|2 Year / CTC|0.22|0.18134057964|Race/Ethnicity|Hispanic or Latino of any race(s)
17401|Highline School District|552|455|0.824275362|2023|Puget Sound ESD|4 Year|0.18|0.14836956516|Race/Ethnicity|Hispanic or Latino of any race(s)
17401|Highline School District|552|455|0.824275362|2023|Puget Sound ESD|Not Enrolled|0.6|0.6702898552|Race/Ethnicity|Hispanic or Latino of any race(s)
17401|Highline School District|61|50.63|0.83|2023|Puget Sound ESD|2 Year / CTC|0.14|0.1162|Race/Ethnicity|Native Hawaiian and Other Pacific Islander
17401|Highline School District|61|50.63|0.83|2023|Puget Sound ESD|4 Year|0.1|0.083|Race/Ethnicity|Native Hawaiian and Other Pacific Islander
17401|Highline School District|61|50.63|0.83|2023|Puget Sound ESD|Not Enrolled|0.76|0.8008|Race/Ethnicity|Native Hawaiian and Other Pacific Islander
17401|Highline School District|123|113|0.918699187|2023|Puget Sound ESD|2 Year / CTC|0.18|0.16536585366|Race/Ethnicity|Two or More Races
17401|Highline School District|123|113|0.918699187|2023|Puget Sound ESD|4 Year|0.36|0.33073170732|Race/Ethnicity|Two or More Races
17401|Highline School District|123|113|0.918699187|2023|Puget Sound ESD|Not Enrolled|0.46|0.50390243902|Race/Ethnicity|Two or More Races
17401|Highline School District|235|217|0.923404255|2023|Puget Sound ESD|2 Year / CTC|0.19|0.17544680845|Race/Ethnicity|White
17401|Highline School District|235|217|0.923404255|2023|Puget Sound ESD|4 Year|0.41|0.37859574455|Race/Ethnicity|White
17401|Highline School District|235|217|0.923404255|2023|Puget Sound ESD|Not Enrolled|0.4|0.445957447|Race/Ethnicity|White
06098|Hockinson School District|171|167.751|0.981|2023|ESD 112|2 Year / CTC|0.18|0.17658|All Students|All
06098|Hockinson School District|171|167.751|0.981|2023|ESD 112|4 Year|0.33|0.32373|All Students|All
06098|Hockinson School District|171|167.751|0.981|2023|ESD 112|Not Enrolled|0.49|0.49969|All Students|All
06098|Hockinson School District|82|78.802|0.961|2023|ESD 112|2 Year / CTC|0.2|0.1922|Gender|Female
06098|Hockinson School District|82|78.802|0.961|2023|ESD 112|4 Year|0.41|0.39401|Gender|Female
06098|Hockinson School District|82|78.802|0.961|2023|ESD 112|Not Enrolled|0.39|0.41379|Gender|Female
06098|Hockinson School District|88|84.744|0.963|2023|ESD 112|2 Year / CTC|0.16|0.15408|Gender|Male
06098|Hockinson School District|88|84.744|0.963|2023|ESD 112|4 Year|0.25|0.24075|Gender|Male
06098|Hockinson School District|88|84.744|0.963|2023|ESD 112|Not Enrolled|0.58|0.59554|Gender|Male
06098|Hockinson School District|40|37.08|0.927|2023|ESD 112|2 Year / CTC|0.1|0.0927|FRPL|FRPL
06098|Hockinson School District|40|37.08|0.927|2023|ESD 112|4 Year|0.17|0.15759|FRPL|FRPL
06098|Hockinson School District|40|37.08|0.927|2023|ESD 112|Not Enrolled|0.72|0.74044|FRPL|FRPL
06098|Hockinson School District|131|127.6071|0.9741|2023|ESD 112|2 Year / CTC|0.24|0.233784|FRPL|Not FRPL
06098|Hockinson School District|131|127.6071|0.9741|2023|ESD 112|4 Year|0.38|0.370158|FRPL|Not FRPL
06098|Hockinson School District|131|127.6071|0.9741|2023|ESD 112|Not Enrolled|0.37|0.386317|FRPL|Not FRPL
06098|Hockinson School District|140|136.696|0.9764|2023|ESD 112|2 Year / CTC|0.22|0.214808|Race/Ethnicity|White
06098|Hockinson School District|140|136.696|0.9764|2023|ESD 112|4 Year|0.35|0.34174|Race/Ethnicity|White
06098|Hockinson School District|140|136.696|0.9764|2023|ESD 112|Not Enrolled|0.44|0.453216|Race/Ethnicity|White
08402|Kalama School District|88|75.68|0.86|2023|ESD 112|2 Year / CTC|0.29|0.2494|All Students|All
08402|Kalama School District|88|75.68|0.86|2023|ESD 112|4 Year|0.3|0.258|All Students|All
08402|Kalama School District|88|75.68|0.86|2023|ESD 112|Not Enrolled|0.41|0.4926|All Students|All
08402|Kalama School District|38|35.302|0.929|2023|ESD 112|2 Year / CTC|0.31|0.28799|Gender|Female
08402|Kalama School District|38|35.302|0.929|2023|ESD 112|4 Year|0.3|0.2787|Gender|Female
08402|Kalama School District|38|35.302|0.929|2023|ESD 112|Not Enrolled|0.38|0.42402|Gender|Female
08402|Kalama School District|50|39.5|0.79|2023|ESD 112|2 Year / CTC|0.2|0.158|Gender|Male
08402|Kalama School District|50|39.5|0.79|2023|ESD 112|4 Year|0.19|0.1501|Gender|Male
08402|Kalama School District|50|39.5|0.79|2023|ESD 112|Not Enrolled|0.61|0.6919|Gender|Male
08402|Kalama School District|29|22.62|0.78|2023|ESD 112|2 Year / CTC|0.22|0.1716|FRPL|FRPL
08402|Kalama School District|29|22.62|0.78|2023|ESD 112|4 Year|0.14|0.1092|FRPL|FRPL
08402|Kalama School District|29|22.62|0.78|2023|ESD 112|Not Enrolled|0.63|0.7114|FRPL|FRPL
08402|Kalama School District|59|54.883720922|0.930232558|2023|ESD 112|2 Year / CTC|0.26|0.24186046508|FRPL|Not FRPL
08402|Kalama School District|59|54.883720922|0.930232558|2023|ESD 112|4 Year|0.29|0.26976744182|FRPL|Not FRPL
08402|Kalama School District|59|54.883720922|0.930232558|2023|ESD 112|Not Enrolled|0.44|0.47906976752|FRPL|Not FRPL
08402|Kalama School District|74|62.787878752|0.848484848|2023|ESD 112|2 Year / CTC|0.24|0.20363636352|Race/Ethnicity|White
08402|Kalama School District|74|62.787878752|0.848484848|2023|ESD 112|4 Year|0.23|0.19515151504|Race/Ethnicity|White
08402|Kalama School District|74|62.787878752|0.848484848|2023|ESD 112|Not Enrolled|0.53|0.60121212144|Race/Ethnicity|White
20406|Lyle School District|15|12.75|0.85|2023|ESD 112|2 Year / CTC|0.025|0.02125|All Students|All
20406|Lyle School District|15|12.75|0.85|2023|ESD 112|4 Year|0.27|0.2295|All Students|All
20406|Lyle School District|15|12.75|0.85|2023|ESD 112|Not Enrolled|0.67|0.7195|All Students|All
20406|Lyle School District|7|5.6|0.8|2023|ESD 112|2 Year / CTC|0.05|0.04|Race/Ethnicity|White
20406|Lyle School District|7|5.6|0.8|2023|ESD 112|4 Year|0.245|0.196|Race/Ethnicity|White
20406|Lyle School District|7|5.6|0.8|2023|ESD 112|Not Enrolled|0.745|0.796|Race/Ethnicity|White
25155|Naselle-Grays River Valley School District|25|21.875|0.875|2023|ESD 112|2 Year / CTC|0.32|0.28|All Students|All
25155|Naselle-Grays River Valley School District|25|21.875|0.875|2023|ESD 112|4 Year|0.25|0.21875|All Students|All
25155|Naselle-Grays River Valley School District|25|21.875|0.875|2023|ESD 112|Not Enrolled|0.43|0.50125|All Students|All
25155|Naselle-Grays River Valley School District|15|10.5|0.7|2023|ESD 112|2 Year / CTC|0.46|0.322|Gender|Female
25155|Naselle-Grays River Valley School District|15|10.5|0.7|2023|ESD 112|4 Year|0.14|0.098|Gender|Female
25155|Naselle-Grays River Valley School District|15|10.5|0.7|2023|ESD 112|Not Enrolled|0.39|0.573|Gender|Female
25155|Naselle-Grays River Valley School District|10|7.86|0.786|2023|ESD 112|2 Year / CTC|0.22|0.17292|Gender|Male
25155|Naselle-Grays River Valley School District|10|7.86|0.786|2023|ESD 112|4 Year|0.32|0.25152|Gender|Male
25155|Naselle-Grays River Valley School District|10|7.86|0.786|2023|ESD 112|Not Enrolled|0.46|0.57556|Gender|Male
25155|Naselle-Grays River Valley School District|17|13.073|0.769|2023|ESD 112|2 Year / CTC|0.38|0.29222|FRPL|FRPL
25155|Naselle-Grays River Valley School District|17|13.073|0.769|2023|ESD 112|4 Year|0.12|0.09228|FRPL|FRPL
25155|Naselle-Grays River Valley School District|17|13.073|0.769|2023|ESD 112|Not Enrolled|0.5|0.6155|FRPL|FRPL
25155|Naselle-Grays River Valley School District|8|5.816|0.727|2023|ESD 112|2 Year / CTC|0.26|0.18902|FRPL|Not FRPL
25155|Naselle-Grays River Valley School District|8|5.816|0.727|2023|ESD 112|4 Year|0.39|0.28353|FRPL|Not FRPL
25155|Naselle-Grays River Valley School District|8|5.816|0.727|2023|ESD 112|Not Enrolled|0.35|0.52745|FRPL|Not FRPL
25155|Naselle-Grays River Valley School District|20|16.48|0.824|2023|ESD 112|2 Year / CTC|0.26|0.21424|Race/Ethnicity|White
25155|Naselle-Grays River Valley School District|20|16.48|0.824|2023|ESD 112|4 Year|0.28|0.23072|Race/Ethnicity|White
25155|Naselle-Grays River Valley School District|20|16.48|0.824|2023|ESD 112|Not Enrolled|0.46|0.55504|Race/Ethnicity|White
18400|North Kitsap School District|442|394.706|0.893|2023|PREP - Tier 2|2 Year / CTC|0.19|0.16967|Section 504|Not Section 504
18400|North Kitsap School District|442|394.706|0.893|2023|PREP - Tier 2|4 Year|0.4|0.3572|Section 504|Not Section 504
18400|North Kitsap School District|442|394.706|0.893|2023|PREP - Tier 2|Not Enrolled|0.4|0.4642|Section 504|Not Section 504
18400|North Kitsap School District|39|35.49|0.91|2023|PREP - Tier 2|2 Year / CTC|0.21|0.1911|Section 504|Section 504
18400|North Kitsap School District|39|35.49|0.91|2023|PREP - Tier 2|4 Year|0.37|0.3367|Section 504|Section 504
18400|North Kitsap School District|39|35.49|0.91|2023|PREP - Tier 2|Not Enrolled|0.42|0.4722|Section 504|Section 504
18400|North Kitsap School District|437|391|0.894736842|2023|PREP - Tier 2|2 Year / CTC|0.22|0.19684210524|All Students|All
18400|North Kitsap School District|437|391|0.894736842|2023|PREP - Tier 2|4 Year|0.38|0.33999999996|All Students|All
18400|North Kitsap School District|437|391|0.894736842|2023|PREP - Tier 2|Not Enrolled|0.41|0.47210526322|All Students|All
18400|North Kitsap School District|234|215.748|0.922|2023|PREP - Tier 2|2 Year / CTC|0.22|0.20284|Gender|Female
18400|North Kitsap School District|234|215.748|0.922|2023|PREP - Tier 2|4 Year|0.42|0.38724|Gender|Female
18400|North Kitsap School District|234|215.748|0.922|2023|PREP - Tier 2|Not Enrolled|0.35|0.4007|Gender|Female
18400|North Kitsap School District|244|211.894736932|0.868421053|2023|PREP - Tier 2|2 Year / CTC|0.21|0.18236842113|Gender|Male
18400|North Kitsap School District|244|211.894736932|0.868421053|2023|PREP - Tier 2|4 Year|0.34|0.29526315802|Gender|Male
18400|North Kitsap School District|244|211.894736932|0.868421053|2023|PREP - Tier 2|Not Enrolled|0.46|0.53105263138|Gender|Male
18400|North Kitsap School District|162|130|0.802469136|2023|PREP - Tier 2|2 Year / CTC|0.26|0.20864197536|FRPL|FRPL
18400|North Kitsap School District|162|130|0.802469136|2023|PREP - Tier 2|4 Year|0.18|0.14444444448|FRPL|FRPL
18400|North Kitsap School District|162|130|0.802469136|2023|PREP - Tier 2|Not Enrolled|0.56|0.64691358016|FRPL|FRPL
18400|North Kitsap School District|324|307.476|0.949|2023|PREP - Tier 2|2 Year / CTC|0.19|0.18031|FRPL|Not FRPL
18400|North Kitsap School District|324|307.476|0.949|2023|PREP - Tier 2|4 Year|0.48|0.45552|FRPL|Not FRPL
18400|North Kitsap School District|324|307.476|0.949|2023|PREP - Tier 2|Not Enrolled|0.33|0.36417|FRPL|Not FRPL
18400|North Kitsap School District|17|13.073|0.769|2023|PREP - Tier 2|2 Year / CTC|0.14|0.10766|Race/Ethnicity|American Indian or Alaska Native
18400|North Kitsap School District|17|13.073|0.769|2023|PREP - Tier 2|4 Year|0.43|0.33067|Race/Ethnicity|American Indian or Alaska Native
18400|North Kitsap School District|17|13.073|0.769|2023|PREP - Tier 2|Not Enrolled|0.43|0.56167|Race/Ethnicity|American Indian or Alaska Native
18400|North Kitsap School District|22|16.918|0.769|2023|PREP - Tier 2|2 Year / CTC|0.19|0.14611|Race/Ethnicity|Asian
18400|North Kitsap School District|22|16.918|0.769|2023|PREP - Tier 2|4 Year|0.51|0.39219|Race/Ethnicity|Asian
18400|North Kitsap School District|22|16.918|0.769|2023|PREP - Tier 2|Not Enrolled|0.3|0.4617|Race/Ethnicity|Asian
18400|North Kitsap School District|87|79.323529422|0.911764706|2023|PREP - Tier 2|2 Year / CTC|0.18|0.16411764708|Race/Ethnicity|Hispanic or Latino of any race(s)
18400|North Kitsap School District|87|79.323529422|0.911764706|2023|PREP - Tier 2|4 Year|0.34|0.31000000004|Race/Ethnicity|Hispanic or Latino of any race(s)
18400|North Kitsap School District|87|79.323529422|0.911764706|2023|PREP - Tier 2|Not Enrolled|0.48|0.52588235288|Race/Ethnicity|Hispanic or Latino of any race(s)
18400|North Kitsap School District|48|42.514285728|0.885714286|2023|PREP - Tier 2|2 Year / CTC|0.27|0.23914285722|Race/Ethnicity|Two or More Races
18400|North Kitsap School District|48|42.514285728|0.885714286|2023|PREP - Tier 2|4 Year|0.35|0.3100000001|Race/Ethnicity|Two or More Races
18400|North Kitsap School District|48|42.514285728|0.885714286|2023|PREP - Tier 2|Not Enrolled|0.38|0.45085714268|Race/Ethnicity|Two or More Races
18400|North Kitsap School District|299|266|0.889632107|2023|PREP - Tier 2|2 Year / CTC|0.19|0.16903010033|Race/Ethnicity|White
18400|North Kitsap School District|299|266|0.889632107|2023|PREP - Tier 2|4 Year|0.42|0.37364548494|Race/Ethnicity|White
18400|North Kitsap School District|299|266|0.889632107|2023|PREP - Tier 2|Not Enrolled|0.4|0.4662207358|Race/Ethnicity|White
23403|North Mason School District|183|150.426|0.822|2023|PREP - Tier 1|2 Year / CTC|0.21|0.17262|Section 504|Not Section 504
23403|North Mason School District|183|150.426|0.822|2023|PREP - Tier 1|4 Year|0.17|0.13974|Section 504|Not Section 504
23403|North Mason School District|183|150.426|0.822|2023|PREP - Tier 1|Not Enrolled|0.63|0.69586|Section 504|Not Section 504
23403|North Mason School District|6|5.052|0.842|2023|PREP - Tier 1|2 Year / CTC|0.14|0.11788|Section 504|Section 504
23403|North Mason School District|6|5.052|0.842|2023|PREP - Tier 1|4 Year|0.12|0.10104|Section 504|Section 504
23403|North Mason School District|6|5.052|0.842|2023|PREP - Tier 1|Not Enrolled|0.73|0.77266|Section 504|Section 504
23403|North Mason School District|221|183|0.828054299|2023|PREP - Tier 1|2 Year / CTC|0.24|0.19873303176|All Students|All
23403|North Mason School District|221|183|0.828054299|2023|PREP - Tier 1|4 Year|0.16|0.13248868784|All Students|All
23403|North Mason School District|221|183|0.828054299|2023|PREP - Tier 1|Not Enrolled|0.6|0.6687782804|All Students|All
23403|North Mason School District|80|71.33333336|0.891666667|2023|PREP - Tier 1|2 Year / CTC|0.22|0.19616666674|Gender|Female
23403|North Mason School District|80|71.33333336|0.891666667|2023|PREP - Tier 1|4 Year|0.2|0.1783333334|Gender|Female
23403|North Mason School District|80|71.33333336|0.891666667|2023|PREP - Tier 1|Not Enrolled|0.58|0.62549999986|Gender|Female
23403|North Mason School District|109|81.968|0.752|2023|PREP - Tier 1|2 Year / CTC|0.17|0.12784|Gender|Male
23403|North Mason School District|109|81.968|0.752|2023|PREP - Tier 1|4 Year|0.13|0.09776|Gender|Male
23403|North Mason School District|109|81.968|0.752|2023|PREP - Tier 1|Not Enrolled|0.7|0.7744|Gender|Male
23403|North Mason School District|70|56|0.8|2023|PREP - Tier 1|2 Year / CTC|0.15|0.12|FRPL|FRPL
23403|North Mason School District|70|56|0.8|2023|PREP - Tier 1|4 Year|0.13|0.104|FRPL|FRPL
23403|North Mason School District|70|56|0.8|2023|PREP - Tier 1|Not Enrolled|0.71|0.768|FRPL|FRPL
23403|North Mason School District|119|103.53|0.87|2023|PREP - Tier 1|2 Year / CTC|0.26|0.2262|FRPL|Not FRPL
23403|North Mason School District|119|103.53|0.87|2023|PREP - Tier 1|4 Year|0.2|0.174|FRPL|Not FRPL
23403|North Mason School District|119|103.53|0.87|2023|PREP - Tier 1|Not Enrolled|0.54|0.5998|FRPL|Not FRPL
23403|North Mason School District|47|35.65517243|0.75862069|2023|PREP - Tier 1|2 Year / CTC|0.2|0.151724138|Race/Ethnicity|Hispanic or Latino of any race(s)
23403|North Mason School District|47|35.65517243|0.75862069|2023|PREP - Tier 1|4 Year|0.1|0.075862069|Race/Ethnicity|Hispanic or Latino of any race(s)
23403|North Mason School District|47|35.65517243|0.75862069|2023|PREP - Tier 1|Not Enrolled|0.7|0.772413793|Race/Ethnicity|Hispanic or Latino of any race(s)
23403|North Mason School District|12|9|0.75|2023|PREP - Tier 1|2 Year / CTC|0.245|0.18375|Race/Ethnicity|Two or More Races
23403|North Mason School District|12|9|0.75|2023|PREP - Tier 1|4 Year|0.05|0.0375|Race/Ethnicity|Two or More Races
23403|North Mason School District|12|9|0.75|2023|PREP - Tier 1|Not Enrolled|0.745|0.80875|Race/Ethnicity|Two or More Races
23403|North Mason School District|121|103.354166707|0.854166667|2023|PREP - Tier 1|2 Year / CTC|0.2|0.1708333334|Race/Ethnicity|White
23403|North Mason School District|121|103.354166707|0.854166667|2023|PREP - Tier 1|4 Year|0.18|0.15375000006|Race/Ethnicity|White
23403|North Mason School District|121|103.354166707|0.854166667|2023|PREP - Tier 1|Not Enrolled|0.62|0.67541666654|Race/Ethnicity|White
25101|Ocean Beach School District|92|80.96|0.88|2023|ESD 112|2 Year / CTC|0.29|0.2552|All Students|All
25101|Ocean Beach School District|92|80.96|0.88|2023|ESD 112|4 Year|0.25|0.22|All Students|All
25101|Ocean Beach School District|92|80.96|0.88|2023|ESD 112|Not Enrolled|0.46|0.5248|All Students|All
25101|Ocean Beach School District|38|33.61538463|0.884615385|2023|ESD 112|2 Year / CTC|0.2|0.176923077|Gender|Female
25101|Ocean Beach School District|38|33.61538463|0.884615385|2023|ESD 112|4 Year|0.27|0.23884615395|Gender|Female
25101|Ocean Beach School District|38|33.61538463|0.884615385|2023|ESD 112|Not Enrolled|0.53|0.58423076905|Gender|Female
25101|Ocean Beach School District|54|46.44|0.86|2023|ESD 112|2 Year / CTC|0.15|0.129|Gender|Male
25101|Ocean Beach School District|54|46.44|0.86|2023|ESD 112|4 Year|0.13|0.1118|Gender|Male
25101|Ocean Beach School District|54|46.44|0.86|2023|ESD 112|Not Enrolled|0.72|0.7592|Gender|Male
25101|Ocean Beach School District|59|52.678571437|0.892857143|2023|ESD 112|2 Year / CTC|0.17|0.15178571431|FRPL|FRPL
25101|Ocean Beach School District|59|52.678571437|0.892857143|2023|ESD 112|4 Year|0.16|0.14285714288|FRPL|FRPL
25101|Ocean Beach School District|59|52.678571437|0.892857143|2023|ESD 112|Not Enrolled|0.68|0.71428571424|FRPL|FRPL
25101|Ocean Beach School District|33|27.72|0.84|2023|ESD 112|2 Year / CTC|0.19|0.1596|FRPL|Not FRPL
25101|Ocean Beach School District|33|27.72|0.84|2023|ESD 112|4 Year|0.3|0.252|FRPL|Not FRPL
25101|Ocean Beach School District|33|27.72|0.84|2023|ESD 112|Not Enrolled|0.51|0.5884|FRPL|Not FRPL
25101|Ocean Beach School District|66|57.863013714|0.876712329|2023|ESD 112|2 Year / CTC|0.16|0.14027397264|Race/Ethnicity|White
25101|Ocean Beach School District|66|57.863013714|0.876712329|2023|ESD 112|4 Year|0.23|0.20164383567|Race/Ethnicity|White
25101|Ocean Beach School District|66|57.863013714|0.876712329|2023|ESD 112|Not Enrolled|0.6|0.6493150684|Race/Ethnicity|White
05121|Port Angeles School District|283|236.388235394|0.835294118|2023|PREP - Tier 1|2 Year / CTC|0.22|0.18376470596|Section 504|Not Section 504
05121|Port Angeles School District|283|236.388235394|0.835294118|2023|PREP - Tier 1|4 Year|0.25|0.2088235295|Section 504|Not Section 504
05121|Port Angeles School District|283|236.388235394|0.835294118|2023|PREP - Tier 1|Not Enrolled|0.53|0.60741176454|Section 504|Not Section 504
05121|Port Angeles School District|20|16.48|0.824|2023|PREP - Tier 1|2 Year / CTC|0.32|0.26368|Section 504|Section 504
05121|Port Angeles School District|20|16.48|0.824|2023|PREP - Tier 1|4 Year|0.16|0.13184|Section 504|Section 504
05121|Port Angeles School District|20|16.48|0.824|2023|PREP - Tier 1|Not Enrolled|0.52|0.60448|Section 504|Section 504
05121|Port Angeles School District|272|228|0.838235294|2023|PREP - Tier 1|2 Year / CTC|0.28|0.23470588232|All Students|All
05121|Port Angeles School District|272|228|0.838235294|2023|PREP - Tier 1|4 Year|0.22|0.18441176468|All Students|All
05121|Port Angeles School District|272|228|0.838235294|2023|PREP - Tier 1|Not Enrolled|0.5|0.580882353|All Students|All
05121|Port Angeles School District|127|108.218309852|0.852112676|2023|PREP - Tier 1|2 Year / CTC|0.32|0.27267605632|Gender|Female
05121|Port Angeles School District|127|108.218309852|0.852112676|2023|PREP - Tier 1|4 Year|0.27|0.23007042252|Gender|Female
05121|Port Angeles School District|127|108.218309852|0.852112676|2023|PREP - Tier 1|Not Enrolled|0.41|0.49725352116|Gender|Female
05121|Port Angeles School District|173|143.071|0.827|2023|PREP - Tier 1|2 Year / CTC|0.24|0.19848|Gender|Male
05121|Port Angeles School District|173|143.071|0.827|2023|PREP - Tier 1|4 Year|0.17|0.14059|Gender|Male
05121|Port Angeles School District|173|143.071|0.827|2023|PREP - Tier 1|Not Enrolled|0.59|0.66093|Gender|Male
05121|Port Angeles School District|183|139.995|0.765|2023|PREP - Tier 1|2 Year / CTC|0.25|0.19125|FRPL|FRPL
05121|Port Angeles School District|183|139.995|0.765|2023|PREP - Tier 1|4 Year|0.17|0.13005|FRPL|FRPL
05121|Port Angeles School District|183|139.995|0.765|2023|PREP - Tier 1|Not Enrolled|0.58|0.6787|FRPL|FRPL
05121|Port Angeles School District|120|115.32|0.961|2023|PREP - Tier 1|2 Year / CTC|0.32|0.30752|FRPL|Not FRPL
05121|Port Angeles School District|120|115.32|0.961|2023|PREP - Tier 1|4 Year|0.29|0.27869|FRPL|Not FRPL
05121|Port Angeles School District|120|115.32|0.961|2023|PREP - Tier 1|Not Enrolled|0.39|0.41379|FRPL|Not FRPL
05121|Port Angeles School District|14|9.38|0.67|2023|PREP - Tier 1|2 Year / CTC|0.24|0.1608|Race/Ethnicity|American Indian or Alaska Native
05121|Port Angeles School District|14|9.38|0.67|2023|PREP - Tier 1|4 Year|0.24|0.1608|Race/Ethnicity|American Indian or Alaska Native
05121|Port Angeles School District|14|9.38|0.67|2023|PREP - Tier 1|Not Enrolled|0.52|0.6784|Race/Ethnicity|American Indian or Alaska Native
05121|Port Angeles School District|33|30.096|0.912|2023|PREP - Tier 1|2 Year / CTC|0.24|0.21888|Race/Ethnicity|Hispanic or Latino of any race(s)
05121|Port Angeles School District|33|30.096|0.912|2023|PREP - Tier 1|4 Year|0.24|0.21888|Race/Ethnicity|Hispanic or Latino of any race(s)
05121|Port Angeles School District|33|30.096|0.912|2023|PREP - Tier 1|Not Enrolled|0.53|0.57136|Race/Ethnicity|Hispanic or Latino of any race(s)
05121|Port Angeles School District|29|22.785714294|0.785714286|2023|PREP - Tier 1|2 Year / CTC|0.18|0.14142857148|Race/Ethnicity|Two or More Races
05121|Port Angeles School District|29|22.785714294|0.785714286|2023|PREP - Tier 1|4 Year|0.23|0.18071428578|Race/Ethnicity|Two or More Races
05121|Port Angeles School District|29|22.785714294|0.785714286|2023|PREP - Tier 1|Not Enrolled|0.58|0.66999999988|Race/Ethnicity|Two or More Races
05121|Port Angeles School District|217|181.780104695|0.837696335|2023|PREP - Tier 1|2 Year / CTC|0.23|0.19267015705|Race/Ethnicity|White
05121|Port Angeles School District|217|181.780104695|0.837696335|2023|PREP - Tier 1|4 Year|0.24|0.2010471204|Race/Ethnicity|White
05121|Port Angeles School District|217|181.780104695|0.837696335|2023|PREP - Tier 1|Not Enrolled|0.53|0.60628272255|Race/Ethnicity|White
16050|Port Townsend School District|117|100.269|0.857|2023|PREP - Tier 1|2 Year / CTC|0.12|0.10284|All Students|All
16050|Port Townsend School District|117|100.269|0.857|2023|PREP - Tier 1|4 Year|0.32|0.27424|All Students|All
16050|Port Townsend School District|117|100.269|0.857|2023|PREP - Tier 1|Not Enrolled|0.56|0.62292|All Students|All
16050|Port Townsend School District|57|47.353846167|0.830769231|2023|PREP - Tier 1|2 Year / CTC|0.12|0.09969230772|Gender|Female
16050|Port Townsend School District|57|47.353846167|0.830769231|2023|PREP - Tier 1|4 Year|0.41|0.34061538471|Gender|Female
16050|Port Townsend School District|57|47.353846167|0.830769231|2023|PREP - Tier 1|Not Enrolled|0.47|0.55969230757|Gender|Female
16050|Port Townsend School District|60|54|0.9|2023|PREP - Tier 1|2 Year / CTC|0.12|0.108|Gender|Male
16050|Port Townsend School District|60|54|0.9|2023|PREP - Tier 1|4 Year|0.23|0.207|Gender|Male
16050|Port Townsend School District|60|54|0.9|2023|PREP - Tier 1|Not Enrolled|0.65|0.685|Gender|Male
16050|Port Townsend School District|57|45.6|0.8|2023|PREP - Tier 1|2 Year / CTC|0.13|0.104|FRPL|FRPL
16050|Port Townsend School District|57|45.6|0.8|2023|PREP - Tier 1|4 Year|0.23|0.184|FRPL|FRPL
16050|Port Townsend School District|57|45.6|0.8|2023|PREP - Tier 1|Not Enrolled|0.64|0.712|FRPL|FRPL
16050|Port Townsend School District|60|56.46|0.941|2023|PREP - Tier 1|2 Year / CTC|0.13|0.12233|FRPL|Not FRPL
16050|Port Townsend School District|60|56.46|0.941|2023|PREP - Tier 1|4 Year|0.5|0.4705|FRPL|Not FRPL
16050|Port Townsend School District|60|56.46|0.941|2023|PREP - Tier 1|Not Enrolled|0.37|0.40717|FRPL|Not FRPL
16050|Port Townsend School District|91|77.071428616|0.846938776|2023|PREP - Tier 1|2 Year / CTC|0.14|0.11857142864|Race/Ethnicity|White
16050|Port Townsend School District|91|77.071428616|0.846938776|2023|PREP - Tier 1|4 Year|0.38|0.32183673488|Race/Ethnicity|White
16050|Port Townsend School District|91|77.071428616|0.846938776|2023|PREP - Tier 1|Not Enrolled|0.48|0.55959183648|Race/Ethnicity|White
16048|Quilcene School District|22|19.25|0.875|2023|PREP - Tier 1|2 Year / CTC|0.1|0.0875|All Students|All
16048|Quilcene School District|22|19.25|0.875|2023|PREP - Tier 1|4 Year|0.23|0.20125|All Students|All
16048|Quilcene School District|22|19.25|0.875|2023|PREP - Tier 1|Not Enrolled|0.67|0.71125|All Students|All
16048|Quilcene School District|6|4.5|0.75|2023|PREP - Tier 1|2 Year / CTC|0.11|0.0825|Gender|Female
16048|Quilcene School District|6|4.5|0.75|2023|PREP - Tier 1|4 Year|0.31|0.2325|Gender|Female
16048|Quilcene School District|6|4.5|0.75|2023|PREP - Tier 1|Not Enrolled|0.58|0.685|Gender|Female
16048|Quilcene School District|16|12|0.75|2023|PREP - Tier 1|2 Year / CTC|0.05|0.0375|Gender|Male
16048|Quilcene School District|16|12|0.75|2023|PREP - Tier 1|4 Year|0.15|0.1125|Gender|Male
16048|Quilcene School District|16|12|0.75|2023|PREP - Tier 1|Not Enrolled|0.745|0.80875|Gender|Male
16048|Quilcene School District|13|10.218|0.786|2023|PREP - Tier 1|2 Year / CTC|0.05|0.0393|FRPL|FRPL
16048|Quilcene School District|13|10.218|0.786|2023|PREP - Tier 1|4 Year|0.245|0.19257|FRPL|FRPL
16048|Quilcene School District|13|10.218|0.786|2023|PREP - Tier 1|Not Enrolled|0.745|0.79957|FRPL|FRPL
16048|Quilcene School District|9|6.3|0.7|2023|PREP - Tier 1|2 Year / CTC|0.14|0.098|FRPL|Not FRPL
16048|Quilcene School District|9|6.3|0.7|2023|PREP - Tier 1|4 Year|0.24|0.168|FRPL|Not FRPL
16048|Quilcene School District|9|6.3|0.7|2023|PREP - Tier 1|Not Enrolled|0.62|0.734|FRPL|Not FRPL
16048|Quilcene School District|19|16.283|0.857|2023|PREP - Tier 1|2 Year / CTC|0.08|0.06856|Race/Ethnicity|White
16048|Quilcene School District|19|16.283|0.857|2023|PREP - Tier 1|4 Year|0.23|0.19711|Race/Ethnicity|White
16048|Quilcene School District|19|16.283|0.857|2023|PREP - Tier 1|Not Enrolled|0.7|0.7429|Race/Ethnicity|White
05323|Sequim School District|216|181.224|0.839|2023|PREP - Tier 1|2 Year / CTC|0.25|0.20975|All Students|All
05323|Sequim School District|216|181.224|0.839|2023|PREP - Tier 1|4 Year|0.24|0.20136|All Students|All
05323|Sequim School District|216|181.224|0.839|2023|PREP - Tier 1|Not Enrolled|0.51|0.58889|All Students|All
05323|Sequim School District|116|98.941176416|0.852941176|2023|PREP - Tier 1|2 Year / CTC|0.29|0.24735294104|Gender|Female
05323|Sequim School District|116|98.941176416|0.852941176|2023|PREP - Tier 1|4 Year|0.31|0.26441176456|Gender|Female
05323|Sequim School District|116|98.941176416|0.852941176|2023|PREP - Tier 1|Not Enrolled|0.41|0.49676470616|Gender|Female
05323|Sequim School District|99|81.18|0.82|2023|PREP - Tier 1|2 Year / CTC|0.21|0.1722|Gender|Male
05323|Sequim School District|99|81.18|0.82|2023|PREP - Tier 1|4 Year|0.16|0.1312|Gender|Male
05323|Sequim School District|99|81.18|0.82|2023|PREP - Tier 1|Not Enrolled|0.63|0.6966|Gender|Male
05323|Sequim School District|112|86.857142848|0.775510204|2023|PREP - Tier 1|2 Year / CTC|0.25|0.193877551|FRPL|FRPL
05323|Sequim School District|112|86.857142848|0.775510204|2023|PREP - Tier 1|4 Year|0.11|0.08530612244|FRPL|FRPL
05323|Sequim School District|112|86.857142848|0.775510204|2023|PREP - Tier 1|Not Enrolled|0.64|0.72081632656|FRPL|FRPL
05323|Sequim School District|104|94.64|0.91|2023|PREP - Tier 1|2 Year / CTC|0.26|0.2366|FRPL|Not FRPL
05323|Sequim School District|104|94.64|0.91|2023|PREP - Tier 1|4 Year|0.36|0.3276|FRPL|Not FRPL
05323|Sequim School District|104|94.64|0.91|2023|PREP - Tier 1|Not Enrolled|0.39|0.4449|FRPL|Not FRPL
05323|Sequim School District|26|23.01|0.885|2023|PREP - Tier 1|2 Year / CTC|0.3|0.2655|Race/Ethnicity|Hispanic or Latino of any race(s)
05323|Sequim School District|26|23.01|0.885|2023|PREP - Tier 1|4 Year|0.23|0.20355|Race/Ethnicity|Hispanic or Latino of any race(s)
05323|Sequim School District|26|23.01|0.885|2023|PREP - Tier 1|Not Enrolled|0.47|0.53095|Race/Ethnicity|Hispanic or Latino of any race(s)
05323|Sequim School District|165|135.535714215|0.821428571|2023|PREP - Tier 1|2 Year / CTC|0.2|0.1642857142|Race/Ethnicity|White
05323|Sequim School District|165|135.535714215|0.821428571|2023|PREP - Tier 1|4 Year|0.32|0.26285714272|Race/Ethnicity|White
05323|Sequim School District|165|135.535714215|0.821428571|2023|PREP - Tier 1|Not Enrolled|0.48|0.57285714308|Race/Ethnicity|White
18402|South Kitsap School District|657|566.334|0.862|2023|PREP - Tier 2|2 Year / CTC|0.19|0.16378|Section 504|Not Section 504
18402|South Kitsap School District|657|566.334|0.862|2023|PREP - Tier 2|4 Year|0.22|0.18964|Section 504|Not Section 504
18402|South Kitsap School District|657|566.334|0.862|2023|PREP - Tier 2|Not Enrolled|0.59|0.64658|Section 504|Not Section 504
18402|South Kitsap School District|82|72.16|0.88|2023|PREP - Tier 2|2 Year / CTC|0.2|0.176|Section 504|Section 504
18402|South Kitsap School District|82|72.16|0.88|2023|PREP - Tier 2|4 Year|0.12|0.1056|Section 504|Section 504
18402|South Kitsap School District|82|72.16|0.88|2023|PREP - Tier 2|Not Enrolled|0.68|0.7184|Section 504|Section 504
18402|South Kitsap School District|651|562|0.86328725|2023|PREP - Tier 2|2 Year / CTC|0.24|0.20718894|All Students|All
18402|South Kitsap School District|651|562|0.86328725|2023|PREP - Tier 2|4 Year|0.2|0.17265745|All Students|All
18402|South Kitsap School District|651|562|0.86328725|2023|PREP - Tier 2|Not Enrolled|0.56|0.62015361|All Students|All
18402|South Kitsap School District|351|315.549|0.899|2023|PREP - Tier 2|2 Year / CTC|0.27|0.24273|Gender|Female
18402|South Kitsap School District|351|315.549|0.899|2023|PREP - Tier 2|4 Year|0.25|0.22475|Gender|Female
18402|South Kitsap School District|351|315.549|0.899|2023|PREP - Tier 2|Not Enrolled|0.49|0.54151|Gender|Female
18402|South Kitsap School District|327|271|0.828746177|2023|PREP - Tier 2|2 Year / CTC|0.21|0.17403669717|Gender|Male
18402|South Kitsap School District|327|271|0.828746177|2023|PREP - Tier 2|4 Year|0.15|0.12431192655|Gender|Male
18402|South Kitsap School District|327|271|0.828746177|2023|PREP - Tier 2|Not Enrolled|0.64|0.70165137628|Gender|Male
18402|South Kitsap School District|314|247|0.786624204|2023|PREP - Tier 2|2 Year / CTC|0.15|0.1179936306|FRPL|FRPL
18402|South Kitsap School District|314|247|0.786624204|2023|PREP - Tier 2|4 Year|0.1|0.0786624204|FRPL|FRPL
18402|South Kitsap School District|314|247|0.786624204|2023|PREP - Tier 2|Not Enrolled|0.75|0.803343949|FRPL|FRPL
18402|South Kitsap School District|410|383.35|0.935|2023|PREP - Tier 2|2 Year / CTC|0.22|0.2057|FRPL|Not FRPL
18402|South Kitsap School District|410|383.35|0.935|2023|PREP - Tier 2|4 Year|0.28|0.2618|FRPL|Not FRPL
18402|South Kitsap School District|410|383.35|0.935|2023|PREP - Tier 2|Not Enrolled|0.5|0.5325|FRPL|Not FRPL
18402|South Kitsap School District|35|32.235|0.921|2023|PREP - Tier 2|2 Year / CTC|0.31|0.28551|Race/Ethnicity|Asian
18402|South Kitsap School District|35|32.235|0.921|2023|PREP - Tier 2|4 Year|0.46|0.42366|Race/Ethnicity|Asian
18402|South Kitsap School District|35|32.235|0.921|2023|PREP - Tier 2|Not Enrolled|0.23|0.29083|Race/Ethnicity|Asian
18402|South Kitsap School District|8|||2023|PREP - Tier 2|2 Year / CTC|0.17||Race/Ethnicity|Black or African American
18402|South Kitsap School District|8|||2023|PREP - Tier 2|4 Year|0.14||Race/Ethnicity|Black or African American
18402|South Kitsap School District|8|||2023|PREP - Tier 2|Not Enrolled|0.69||Race/Ethnicity|Black or African American
18402|South Kitsap School District|109|85.36144577|0.78313253|2023|PREP - Tier 2|2 Year / CTC|0.23|0.1801204819|Race/Ethnicity|Hispanic or Latino of any race(s)
18402|South Kitsap School District|109|85.36144577|0.78313253|2023|PREP - Tier 2|4 Year|0.14|0.1096385542|Race/Ethnicity|Hispanic or Latino of any race(s)
18402|South Kitsap School District|109|85.36144577|0.78313253|2023|PREP - Tier 2|Not Enrolled|0.63|0.7102409639|Race/Ethnicity|Hispanic or Latino of any race(s)
18402|South Kitsap School District|81|68.896551753|0.850574713|2023|PREP - Tier 2|2 Year / CTC|0.19|0.16160919547|Race/Ethnicity|Two or More Races
18402|South Kitsap School District|81|68.896551753|0.850574713|2023|PREP - Tier 2|4 Year|0.23|0.19563218399|Race/Ethnicity|Two or More Races
18402|South Kitsap School District|81|68.896551753|0.850574713|2023|PREP - Tier 2|Not Enrolled|0.59|0.65126436767|Race/Ethnicity|Two or More Races
18402|South Kitsap School District|420|370|0.880952381|2023|PREP - Tier 2|2 Year / CTC|0.19|0.16738095239|Race/Ethnicity|White
18402|South Kitsap School District|420|370|0.880952381|2023|PREP - Tier 2|4 Year|0.21|0.18500000001|Race/Ethnicity|White
18402|South Kitsap School District|420|370|0.880952381|2023|PREP - Tier 2|Not Enrolled|0.61|0.65642857141|Race/Ethnicity|White
30303|Stevenson-Carson School District|60|47.4|0.79|2023|ESD 112|2 Year / CTC|0.14|0.1106|All Students|All
30303|Stevenson-Carson School District|60|47.4|0.79|2023|ESD 112|4 Year|0.4|0.316|All Students|All
30303|Stevenson-Carson School District|60|47.4|0.79|2023|ESD 112|Not Enrolled|0.47|0.5813|All Students|All
30303|Stevenson-Carson School District|33|22.11|0.67|2023|ESD 112|2 Year / CTC|0.09|0.0603|Gender|Female
30303|Stevenson-Carson School District|33|22.11|0.67|2023|ESD 112|4 Year|0.36|0.2412|Gender|Female
30303|Stevenson-Carson School District|33|22.11|0.67|2023|ESD 112|Not Enrolled|0.55|0.6985|Gender|Female
30303|Stevenson-Carson School District|27|23.516129034|0.870967742|2023|ESD 112|2 Year / CTC|0.22|0.19161290324|Gender|Male
30303|Stevenson-Carson School District|27|23.516129034|0.870967742|2023|ESD 112|4 Year|0.23|0.20032258066|Gender|Male
30303|Stevenson-Carson School District|27|23.516129034|0.870967742|2023|ESD 112|Not Enrolled|0.56|0.61677419352|Gender|Male
30303|Stevenson-Carson School District|33|23.189189199|0.702702703|2023|ESD 112|2 Year / CTC|0.13|0.09135135139|FRPL|FRPL
30303|Stevenson-Carson School District|33|23.189189199|0.702702703|2023|ESD 112|4 Year|0.24|0.16864864872|FRPL|FRPL
30303|Stevenson-Carson School District|33|23.189189199|0.702702703|2023|ESD 112|Not Enrolled|0.64|0.74702702692|FRPL|FRPL
30303|Stevenson-Carson School District|27|21.6|0.8|2023|ESD 112|2 Year / CTC|0.19|0.152|FRPL|Not FRPL
30303|Stevenson-Carson School District|27|21.6|0.8|2023|ESD 112|4 Year|0.35|0.28|FRPL|Not FRPL
30303|Stevenson-Carson School District|27|21.6|0.8|2023|ESD 112|Not Enrolled|0.46|0.568|FRPL|Not FRPL
30303|Stevenson-Carson School District|45|33.21428571|0.738095238|2023|ESD 112|2 Year / CTC|0.17|0.12547619046|Race/Ethnicity|White
30303|Stevenson-Carson School District|45|33.21428571|0.738095238|2023|ESD 112|4 Year|0.3|0.2214285714|Race/Ethnicity|White
30303|Stevenson-Carson School District|45|33.21428571|0.738095238|2023|ESD 112|Not Enrolled|0.53|0.65309523814|Race/Ethnicity|White
20400|Trout Lake School District|18|13.842|0.769|2023|ESD 112|2 Year / CTC|0.025|0.019225|All Students|All
20400|Trout Lake School District|18|13.842|0.769|2023|ESD 112|4 Year|0.52|0.39988|All Students|All
20400|Trout Lake School District|18|13.842|0.769|2023|ESD 112|Not Enrolled|0.47|0.59243|All Students|All
20400|Trout Lake School District|13|||2023|ESD 112|2 Year / CTC|0.05||Race/Ethnicity|White
20400|Trout Lake School District|13|||2023|ESD 112|4 Year|0.545||Race/Ethnicity|White
20400|Trout Lake School District|13|||2023|ESD 112|Not Enrolled|0.445||Race/Ethnicity|White
17406|Tukwila School District|209|181|0.866028708|2023|Puget Sound ESD|2 Year / CTC|0.3|0.2598086124|All Students|All
17406|Tukwila School District|209|181|0.866028708|2023|Puget Sound ESD|4 Year|0.32|0.27712918656|All Students|All
17406|Tukwila School District|209|181|0.866028708|2023|Puget Sound ESD|Not Enrolled|0.39|0.47172248812|All Students|All
17406|Tukwila School District|71|58.22|0.82|2023|Puget Sound ESD|2 Year / CTC|0.35|0.287|Bilingual|Bilingual
17406|Tukwila School District|71|58.22|0.82|2023|Puget Sound ESD|4 Year|0.18|0.1476|Bilingual|Bilingual
17406|Tukwila School District|71|58.22|0.82|2023|Puget Sound ESD|Not Enrolled|0.47|0.5654|Bilingual|Bilingual
17406|Tukwila School District|127|112.790209776|0.888111888|2023|Puget Sound ESD|2 Year / CTC|0.22|0.19538461536|Bilingual|Not Bilingual
17406|Tukwila School District|127|112.790209776|0.888111888|2023|Puget Sound ESD|4 Year|0.36|0.31972027968|Bilingual|Not Bilingual
17406|Tukwila School District|127|112.790209776|0.888111888|2023|Puget Sound ESD|Not Enrolled|0.42|0.48489510496|Bilingual|Not Bilingual
17406|Tukwila School District|94|81.78|0.87|2023|Puget Sound ESD|2 Year / CTC|0.33|0.2871|Gender|Female
17406|Tukwila School District|94|81.78|0.87|2023|Puget Sound ESD|4 Year|0.36|0.3132|Gender|Female
17406|Tukwila School District|94|81.78|0.87|2023|Puget Sound ESD|Not Enrolled|0.31|0.3997|Gender|Female
17406|Tukwila School District|102|87.297297312|0.855855856|2023|Puget Sound ESD|2 Year / CTC|0.29|0.24819819824|Gender|Male
17406|Tukwila School District|102|87.297297312|0.855855856|2023|Puget Sound ESD|4 Year|0.28|0.23963963968|Gender|Male
17406|Tukwila School District|102|87.297297312|0.855855856|2023|Puget Sound ESD|Not Enrolled|0.44|0.52072072064|Gender|Male
17406|Tukwila School District|149|128.841176418|0.864705882|2023|Puget Sound ESD|2 Year / CTC|0.29|0.25076470578|FRPL|FRPL
17406|Tukwila School District|149|128.841176418|0.864705882|2023|Puget Sound ESD|4 Year|0.3|0.2594117646|FRPL|FRPL
17406|Tukwila School District|149|128.841176418|0.864705882|2023|Puget Sound ESD|Not Enrolled|0.41|0.48982352962|FRPL|FRPL
17406|Tukwila School District|49|42.63|0.87|2023|Puget Sound ESD|2 Year / CTC|0.35|0.3045|FRPL|Not FRPL
17406|Tukwila School District|49|42.63|0.87|2023|Puget Sound ESD|4 Year|0.38|0.3306|FRPL|Not FRPL
17406|Tukwila School District|49|42.63|0.87|2023|Puget Sound ESD|Not Enrolled|0.26|0.3562|FRPL|Not FRPL
17406|Tukwila School District|50|47.5|0.95|2023|Puget Sound ESD|2 Year / CTC|0.29|0.2755|Race/Ethnicity|Asian
17406|Tukwila School District|50|47.5|0.95|2023|Puget Sound ESD|4 Year|0.4|0.38|Race/Ethnicity|Asian
17406|Tukwila School District|50|47.5|0.95|2023|Puget Sound ESD|Not Enrolled|0.3|0.335|Race/Ethnicity|Asian
17406|Tukwila School District|50|43.1818182|0.863636364|2023|Puget Sound ESD|2 Year / CTC|0.42|0.36272727288|Race/Ethnicity|Black or African American
17406|Tukwila School District|50|43.1818182|0.863636364|2023|Puget Sound ESD|4 Year|0.25|0.215909091|Race/Ethnicity|Black or African American
17406|Tukwila School District|50|43.1818182|0.863636364|2023|Puget Sound ESD|Not Enrolled|0.33|0.42136363612|Race/Ethnicity|Black or African American
17406|Tukwila School District|70|53.06451612|0.758064516|2023|Puget Sound ESD|2 Year / CTC|0.18|0.13645161288|Race/Ethnicity|Hispanic or Latino of any race(s)
17406|Tukwila School District|70|53.06451612|0.758064516|2023|Puget Sound ESD|4 Year|0.23|0.17435483868|Race/Ethnicity|Hispanic or Latino of any race(s)
17406|Tukwila School District|70|53.06451612|0.758064516|2023|Puget Sound ESD|Not Enrolled|0.59|0.68919354844|Race/Ethnicity|Hispanic or Latino of any race(s)
17406|Tukwila School District|17|13.821|0.813|2023|Puget Sound ESD|2 Year / CTC|0.2|0.1626|Race/Ethnicity|White
17406|Tukwila School District|17|13.821|0.813|2023|Puget Sound ESD|4 Year|0.36|0.29268|Race/Ethnicity|White
17406|Tukwila School District|17|13.821|0.813|2023|Puget Sound ESD|Not Enrolled|0.45|0.55285|Race/Ethnicity|White
35200|Wahkiakum School District|44|41.008|0.932|2023|ESD 112|2 Year / CTC|0.14|0.13048|All Students|All
35200|Wahkiakum School District|44|41.008|0.932|2023|ESD 112|4 Year|0.16|0.14912|All Students|All
35200|Wahkiakum School District|44|41.008|0.932|2023|ESD 112|Not Enrolled|0.7|0.7204|All Students|All
35200|Wahkiakum School District|21|18.375|0.875|2023|ESD 112|2 Year / CTC|0.21|0.18375|Gender|Female
35200|Wahkiakum School District|21|18.375|0.875|2023|ESD 112|4 Year|0.18|0.1575|Gender|Female
35200|Wahkiakum School District|21|18.375|0.875|2023|ESD 112|Not Enrolled|0.61|0.65875|Gender|Female
35200|Wahkiakum School District|23|19.55|0.85|2023|ESD 112|2 Year / CTC|0.09|0.0765|Gender|Male
35200|Wahkiakum School District|23|19.55|0.85|2023|ESD 112|4 Year|0.14|0.119|Gender|Male
35200|Wahkiakum School District|23|19.55|0.85|2023|ESD 112|Not Enrolled|0.77|0.8045|Gender|Male
35200|Wahkiakum School District|22|19.932|0.906|2023|ESD 112|2 Year / CTC|0.1|0.0906|FRPL|FRPL
35200|Wahkiakum School District|22|19.932|0.906|2023|ESD 112|4 Year|0.17|0.15402|FRPL|FRPL
35200|Wahkiakum School District|22|19.932|0.906|2023|ESD 112|Not Enrolled|0.73|0.75538|FRPL|FRPL
35200|Wahkiakum School District|22|16.5|0.75|2023|ESD 112|2 Year / CTC|0.22|0.165|FRPL|Not FRPL
35200|Wahkiakum School District|22|16.5|0.75|2023|ESD 112|4 Year|0.14|0.105|FRPL|Not FRPL
35200|Wahkiakum School District|22|16.5|0.75|2023|ESD 112|Not Enrolled|0.64|0.73|FRPL|Not FRPL
35200|Wahkiakum School District|32|29.344|0.917|2023|ESD 112|2 Year / CTC|0.16|0.14672|Race/Ethnicity|White
35200|Wahkiakum School District|32|29.344|0.917|2023|ESD 112|4 Year|0.15|0.13755|Race/Ethnicity|White
35200|Wahkiakum School District|32|29.344|0.917|2023|ESD 112|Not Enrolled|0.7|0.7249|Race/Ethnicity|White
36140|Walla Walla Public Schools|533|512.213|0.961|2023|United Way of the Blue Mountains|2 Year / CTC|0.3|0.2883|Section 504|Not Section 504
36140|Walla Walla Public Schools|533|512.213|0.961|2023|United Way of the Blue Mountains|4 Year|0.28|0.26908|Section 504|Not Section 504
36140|Walla Walla Public Schools|533|512.213|0.961|2023|United Way of the Blue Mountains|Not Enrolled|0.42|0.44262|Section 504|Not Section 504
36140|Walla Walla Public Schools|47|43.663|0.929|2023|United Way of the Blue Mountains|2 Year / CTC|0.27|0.25083|Section 504|Section 504
36140|Walla Walla Public Schools|47|43.663|0.929|2023|United Way of the Blue Mountains|4 Year|0.31|0.28799|Section 504|Section 504
36140|Walla Walla Public Schools|47|43.663|0.929|2023|United Way of the Blue Mountains|Not Enrolled|0.43|0.47047|Section 504|Section 504
36140|Walla Walla Public Schools|427|412|0.964871194|2023|United Way of the Blue Mountains|2 Year / CTC|0.31|0.29911007014|All Students|All
36140|Walla Walla Public Schools|427|412|0.964871194|2023|United Way of the Blue Mountains|4 Year|0.28|0.27016393432|All Students|All
36140|Walla Walla Public Schools|427|412|0.964871194|2023|United Way of the Blue Mountains|Not Enrolled|0.41|0.43072599554|All Students|All
36140|Walla Walla Public Schools|45|42.12|0.936|2023|United Way of the Blue Mountains|2 Year / CTC|0.43|0.40248|Bilingual|Bilingual
36140|Walla Walla Public Schools|45|42.12|0.936|2023|United Way of the Blue Mountains|4 Year|0.05|0.0468|Bilingual|Bilingual
36140|Walla Walla Public Schools|45|42.12|0.936|2023|United Way of the Blue Mountains|Not Enrolled|0.52|0.55072|Bilingual|Bilingual
36140|Walla Walla Public Schools|535|515.205|0.963|2023|United Way of the Blue Mountains|2 Year / CTC|0.28|0.26964|Bilingual|Not Bilingual
36140|Walla Walla Public Schools|535|515.205|0.963|2023|United Way of the Blue Mountains|4 Year|0.31|0.29853|Bilingual|Not Bilingual
36140|Walla Walla Public Schools|535|515.205|0.963|2023|United Way of the Blue Mountains|Not Enrolled|0.41|0.43183|Bilingual|Not Bilingual
36140|Walla Walla Public Schools|252|242.490566052|0.962264151|2023|United Way of the Blue Mountains|2 Year / CTC|0.36|0.34641509436|Gender|Female
36140|Walla Walla Public Schools|252|242.490566052|0.962264151|2023|United Way of the Blue Mountains|4 Year|0.31|0.29830188681|Gender|Female
36140|Walla Walla Public Schools|252|242.490566052|0.962264151|2023|United Way of the Blue Mountains|Not Enrolled|0.33|0.35528301883|Gender|Female
36140|Walla Walla Public Schools|326|315.242|0.967|2023|United Way of the Blue Mountains|2 Year / CTC|0.27|0.26109|Gender|Male
36140|Walla Walla Public Schools|326|315.242|0.967|2023|United Way of the Blue Mountains|4 Year|0.26|0.25142|Gender|Male
36140|Walla Walla Public Schools|326|315.242|0.967|2023|United Way of the Blue Mountains|Not Enrolled|0.48|0.49716|Gender|Male
36140|Walla Walla Public Schools|387|371.907|0.961|2023|United Way of the Blue Mountains|2 Year / CTC|0.35|0.33635|FRPL|FRPL
36140|Walla Walla Public Schools|387|371.907|0.961|2023|United Way of the Blue Mountains|4 Year|0.15|0.14415|FRPL|FRPL
36140|Walla Walla Public Schools|387|371.907|0.961|2023|United Way of the Blue Mountains|Not Enrolled|0.5|0.5195|FRPL|FRPL
36140|Walla Walla Public Schools|193|187.403|0.971|2023|United Way of the Blue Mountains|2 Year / CTC|0.25|0.24275|FRPL|Not FRPL
36140|Walla Walla Public Schools|193|187.403|0.971|2023|United Way of the Blue Mountains|4 Year|0.48|0.46608|FRPL|Not FRPL
36140|Walla Walla Public Schools|193|187.403|0.971|2023|United Way of the Blue Mountains|Not Enrolled|0.27|0.29117|FRPL|Not FRPL
36140|Walla Walla Public Schools|242|236.168674588|0.975903614|2023|United Way of the Blue Mountains|2 Year / CTC|0.42|0.40987951788|Race/Ethnicity|Hispanic or Latino of any race(s)
36140|Walla Walla Public Schools|242|236.168674588|0.975903614|2023|United Way of the Blue Mountains|4 Year|0.15|0.1463855421|Race/Ethnicity|Hispanic or Latino of any race(s)
36140|Walla Walla Public Schools|242|236.168674588|0.975903614|2023|United Way of the Blue Mountains|Not Enrolled|0.42|0.43397590388|Race/Ethnicity|Hispanic or Latino of any race(s)
36140|Walla Walla Public Schools|231|221|0.956709957|2023|United Way of the Blue Mountains|2 Year / CTC|0.22|0.21047619054|Race/Ethnicity|White
36140|Walla Walla Public Schools|231|221|0.956709957|2023|United Way of the Blue Mountains|4 Year|0.36|0.34441558452|Race/Ethnicity|White
36140|Walla Walla Public Schools|231|221|0.956709957|2023|United Way of the Blue Mountains|Not Enrolled|0.42|0.44510822494|Race/Ethnicity|White
20405|White Salmon Valley School District|89|75.65|0.85|2023|ESD 112|2 Year / CTC|0.13|0.1105|All Students|All
20405|White Salmon Valley School District|89|75.65|0.85|2023|ESD 112|4 Year|0.26|0.221|All Students|All
20405|White Salmon Valley School District|89|75.65|0.85|2023|ESD 112|Not Enrolled|0.61|0.6685|All Students|All
20405|White Salmon Valley School District|32|24.64|0.77|2023|ESD 112|2 Year / CTC|0.16|0.1232|Gender|Female
20405|White Salmon Valley School District|32|24.64|0.77|2023|ESD 112|4 Year|0.23|0.1771|Gender|Female
20405|White Salmon Valley School District|32|24.64|0.77|2023|ESD 112|Not Enrolled|0.61|0.6997|Gender|Female
20405|White Salmon Valley School District|57|51.818181813|0.909090909|2023|ESD 112|2 Year / CTC|0.1|0.0909090909|Gender|Male
20405|White Salmon Valley School District|57|51.818181813|0.909090909|2023|ESD 112|4 Year|0.29|0.26363636361|Gender|Male
20405|White Salmon Valley School District|57|51.818181813|0.909090909|2023|ESD 112|Not Enrolled|0.61|0.64545454549|Gender|Male
20405|White Salmon Valley School District|41|34.44|0.84|2023|ESD 112|2 Year / CTC|0.08|0.0672|FRPL|FRPL
20405|White Salmon Valley School District|41|34.44|0.84|2023|ESD 112|4 Year|0.18|0.1512|FRPL|FRPL
20405|White Salmon Valley School District|41|34.44|0.84|2023|ESD 112|Not Enrolled|0.74|0.7816|FRPL|FRPL
20405|White Salmon Valley School District|48|40.975609776|0.853658537|2023|ESD 112|2 Year / CTC|0.09|0.07682926833|FRPL|Not FRPL
20405|White Salmon Valley School District|48|40.975609776|0.853658537|2023|ESD 112|4 Year|0.36|0.30731707332|FRPL|Not FRPL
20405|White Salmon Valley School District|48|40.975609776|0.853658537|2023|ESD 112|Not Enrolled|0.55|0.61585365835|FRPL|Not FRPL
20405|White Salmon Valley School District|36|31.86|0.885|2023|ESD 112|2 Year / CTC|0.13|0.11505|Race/Ethnicity|Hispanic or Latino of any race(s)
20405|White Salmon Valley School District|36|31.86|0.885|2023|ESD 112|4 Year|0.2|0.177|Race/Ethnicity|Hispanic or Latino of any race(s)
20405|White Salmon Valley School District|36|31.86|0.885|2023|ESD 112|Not Enrolled|0.68|0.7168|Race/Ethnicity|Hispanic or Latino of any race(s)
20405|White Salmon Valley School District|46|36.999999996|0.804347826|2023|ESD 112|2 Year / CTC|0.06|0.04826086956|Race/Ethnicity|White
20405|White Salmon Valley School District|46|36.999999996|0.804347826|2023|ESD 112|4 Year|0.31|0.24934782606|Race/Ethnicity|White
20405|White Salmon Valley School District|46|36.999999996|0.804347826|2023|ESD 112|Not Enrolled|0.63|0.70239130438|Race/Ethnicity|White
05402|Quillayute Valley School District|0|0||2023|PREP - Tier 1|2 Year / CTC|0.38||All Students|All
05402|Quillayute Valley School District|0|0||2023|PREP - Tier 1|4 Year|0.08||All Students|All
05402|Quillayute Valley School District|0|0||2023|PREP - Tier 1|Not Enrolled|0.53||All Students|All
05402|Quillayute Valley School District|0|0||2023|PREP - Tier 1|2 Year / CTC|0.34||Gender|Female
05402|Quillayute Valley School District|0|0||2023|PREP - Tier 1|4 Year|0.18||Gender|Female
05402|Quillayute Valley School District|0|0||2023|PREP - Tier 1|Not Enrolled|0.48||Gender|Female
05402|Quillayute Valley School District|0|0||2023|PREP - Tier 1|2 Year / CTC|0.4||Race/Ethnicity|Hispanic or Latino of any race(s)
05402|Quillayute Valley School District|0|0||2023|PREP - Tier 1|4 Year|0.07||Race/Ethnicity|Hispanic or Latino of any race(s)
05402|Quillayute Valley School District|0|0||2023|PREP - Tier 1|Not Enrolled|0.53||Race/Ethnicity|Hispanic or Latino of any race(s)
05402|Quillayute Valley School District|0|0||2023|PREP - Tier 1|2 Year / CTC|0.31||FRPL|FRPL
05402|Quillayute Valley School District|0|0||2023|PREP - Tier 1|4 Year|0.12||FRPL|FRPL
05402|Quillayute Valley School District|0|0||2023|PREP - Tier 1|Not Enrolled|0.57||FRPL|FRPL
05402|Quillayute Valley School District|0|0||2023|PREP - Tier 1|2 Year / CTC|0.34||Gender|Male
05402|Quillayute Valley School District|0|0||2023|PREP - Tier 1|4 Year|0.07||Gender|Male
05402|Quillayute Valley School District|0|0||2023|PREP - Tier 1|Not Enrolled|0.59||Gender|Male
05402|Quillayute Valley School District|0|0||2023|PREP - Tier 1|2 Year / CTC|0.42||FRPL|Not FRPL
05402|Quillayute Valley School District|0|0||2023|PREP - Tier 1|4 Year|0.13||FRPL|Not FRPL
05402|Quillayute Valley School District|0|0||2023|PREP - Tier 1|Not Enrolled|0.45||FRPL|Not FRPL
05402|Quillayute Valley School District|0|0||2023|PREP - Tier 1|2 Year / CTC|0.32||Race/Ethnicity|White
05402|Quillayute Valley School District|0|0||2023|PREP - Tier 1|4 Year|0.16||Race/Ethnicity|White
05402|Quillayute Valley School District|0|0||2023|PREP - Tier 1|Not Enrolled|0.52||Race/Ethnicity|White
18303|Bainbridge Island School District|265|254|0.958490566|2020|PREP - Tier 2|2 Year / CTC|0.12|0.11501886792|Section 504|Not Section 504
18303|Bainbridge Island School District|265|254|0.958490566|2020|PREP - Tier 2|4 Year|0.65|0.6230188679|Section 504|Not Section 504
18303|Bainbridge Island School District|265|254|0.958490566|2020|PREP - Tier 2|Not Enrolled|0.22|0.25237735852|Section 504|Not Section 504
18303|Bainbridge Island School District|249|239|0.959839357|2019|PREP - Tier 2|2 Year / CTC|0.07|0.06718875499|Section 504|Not Section 504
18303|Bainbridge Island School District|249|239|0.959839357|2019|PREP - Tier 2|4 Year|0.72|0.69108433704|Section 504|Not Section 504
18303|Bainbridge Island School District|249|239|0.959839357|2019|PREP - Tier 2|Not Enrolled|0.21|0.24172690797|Section 504|Not Section 504
18303|Bainbridge Island School District|251|242.717|0.967|2018|PREP - Tier 2|2 Year / CTC|0.11|0.10637|Section 504|Not Section 504
18303|Bainbridge Island School District|251|242.717|0.967|2018|PREP - Tier 2|4 Year|0.68|0.65756|Section 504|Not Section 504
18303|Bainbridge Island School District|251|242.717|0.967|2018|PREP - Tier 2|Not Enrolled|0.21|0.23607|Section 504|Not Section 504
18303|Bainbridge Island School District|324|309.096|0.954|2017|PREP - Tier 2|2 Year / CTC|0.1|0.0954|Section 504|Not Section 504
18303|Bainbridge Island School District|324|309.096|0.954|2017|PREP - Tier 2|4 Year|0.64|0.61056|Section 504|Not Section 504
18303|Bainbridge Island School District|324|309.096|0.954|2017|PREP - Tier 2|Not Enrolled|0.26|0.29404|Section 504|Not Section 504
18303|Bainbridge Island School District|293|285|0.972696246|2016|PREP - Tier 2|2 Year / CTC|0.14|0.13617747444|Section 504|Not Section 504
18303|Bainbridge Island School District|293|285|0.972696246|2016|PREP - Tier 2|4 Year|0.64|0.62252559744|Section 504|Not Section 504
18303|Bainbridge Island School District|293|285|0.972696246|2016|PREP - Tier 2|Not Enrolled|0.22|0.24129692812|Section 504|Not Section 504
18303|Bainbridge Island School District|296|287|0.969594595|2015|PREP - Tier 2|2 Year / CTC|0.12|0.1163513514|Section 504|Not Section 504
18303|Bainbridge Island School District|296|287|0.969594595|2015|PREP - Tier 2|4 Year|0.68|0.6593243246|Section 504|Not Section 504
18303|Bainbridge Island School District|296|287|0.969594595|2015|PREP - Tier 2|Not Enrolled|0.21|0.23402026995|Section 504|Not Section 504
18303|Bainbridge Island School District|302|289|0.956953642|2014|PREP - Tier 2|2 Year / CTC|0.09|0.08612582778|Section 504|Not Section 504
18303|Bainbridge Island School District|302|289|0.956953642|2014|PREP - Tier 2|4 Year|0.73|0.69857615866|Section 504|Not Section 504
18303|Bainbridge Island School District|302|289|0.956953642|2014|PREP - Tier 2|Not Enrolled|0.18|0.21529801356|Section 504|Not Section 504
18303|Bainbridge Island School District|95|90.25|0.95|2020|PREP - Tier 2|2 Year / CTC|0.15|0.1425|Section 504|Section 504
18303|Bainbridge Island School District|95|90.25|0.95|2020|PREP - Tier 2|4 Year|0.67|0.6365|Section 504|Section 504
18303|Bainbridge Island School District|95|90.25|0.95|2020|PREP - Tier 2|Not Enrolled|0.18|0.221|Section 504|Section 504
18303|Bainbridge Island School District|94|90.24|0.96|2019|PREP - Tier 2|2 Year / CTC|0.14|0.1344|Section 504|Section 504
18303|Bainbridge Island School District|94|90.24|0.96|2019|PREP - Tier 2|4 Year|0.58|0.5568|Section 504|Section 504
18303|Bainbridge Island School District|94|90.24|0.96|2019|PREP - Tier 2|Not Enrolled|0.28|0.3088|Section 504|Section 504
18303|Bainbridge Island School District|61|53|0.868852459|2018|PREP - Tier 2|2 Year / CTC|0.14|0.12163934426|Section 504|Section 504
18303|Bainbridge Island School District|61|53|0.868852459|2018|PREP - Tier 2|4 Year|0.65|0.56475409835|Section 504|Section 504
18303|Bainbridge Island School District|61|53|0.868852459|2018|PREP - Tier 2|Not Enrolled|0.22|0.32229508198|Section 504|Section 504
18303|Bainbridge Island School District|53|48.76|0.92|2017|PREP - Tier 2|2 Year / CTC|0.05|0.046|Section 504|Section 504
18303|Bainbridge Island School District|53|48.76|0.92|2017|PREP - Tier 2|4 Year|0.645|0.5934|Section 504|Section 504
18303|Bainbridge Island School District|53|48.76|0.92|2017|PREP - Tier 2|Not Enrolled|0.245|0.3054|Section 504|Section 504
18303|Bainbridge Island School District|38|33.06|0.87|2016|PREP - Tier 2|2 Year / CTC|0.22|0.1914|Section 504|Section 504
18303|Bainbridge Island School District|38|33.06|0.87|2016|PREP - Tier 2|4 Year|0.57|0.4959|Section 504|Section 504
18303|Bainbridge Island School District|38|33.06|0.87|2016|PREP - Tier 2|Not Enrolled|0.22|0.3214|Section 504|Section 504
18303|Bainbridge Island School District|52|45.76|0.88|2015|PREP - Tier 2|2 Year / CTC|0.14|0.1232|Section 504|Section 504
18303|Bainbridge Island School District|52|45.76|0.88|2015|PREP - Tier 2|4 Year|0.55|0.484|Section 504|Section 504
18303|Bainbridge Island School District|52|45.76|0.88|2015|PREP - Tier 2|Not Enrolled|0.31|0.3928|Section 504|Section 504
18303|Bainbridge Island School District|30|27.99|0.933|2014|PREP - Tier 2|2 Year / CTC|0.11|0.10263|Section 504|Section 504
18303|Bainbridge Island School District|30|27.99|0.933|2014|PREP - Tier 2|4 Year|0.76|0.70908|Section 504|Section 504
18303|Bainbridge Island School District|30|27.99|0.933|2014|PREP - Tier 2|Not Enrolled|0.13|0.18829|Section 504|Section 504
18303|Bainbridge Island School District|393|375.315|0.955|2020|PREP - Tier 2|2 Year / CTC|0.13|0.12415|All Students|All
18303|Bainbridge Island School District|393|375.315|0.955|2020|PREP - Tier 2|4 Year|0.66|0.6303|All Students|All
18303|Bainbridge Island School District|393|375.315|0.955|2020|PREP - Tier 2|Not Enrolled|0.21|0.24555|All Students|All
18303|Bainbridge Island School District|377|361.92|0.96|2019|PREP - Tier 2|2 Year / CTC|0.09|0.0864|All Students|All
18303|Bainbridge Island School District|377|361.92|0.96|2019|PREP - Tier 2|4 Year|0.69|0.6624|All Students|All
18303|Bainbridge Island School District|377|361.92|0.96|2019|PREP - Tier 2|Not Enrolled|0.22|0.2512|All Students|All
18303|Bainbridge Island School District|364|346|0.950549451|2018|PREP - Tier 2|2 Year / CTC|0.12|0.11406593412|All Students|All
18303|Bainbridge Island School District|364|346|0.950549451|2018|PREP - Tier 2|4 Year|0.67|0.63686813217|All Students|All
18303|Bainbridge Island School District|364|346|0.950549451|2018|PREP - Tier 2|Not Enrolled|0.21|0.24906593371|All Students|All
18303|Bainbridge Island School District|343|326|0.950437318|2017|PREP - Tier 2|2 Year / CTC|0.1|0.0950437318|All Students|All
18303|Bainbridge Island School District|343|326|0.950437318|2017|PREP - Tier 2|4 Year|0.64|0.60827988352|All Students|All
18303|Bainbridge Island School District|343|326|0.950437318|2017|PREP - Tier 2|Not Enrolled|0.26|0.29667638468|All Students|All
18303|Bainbridge Island School District|348|333|0.956896552|2016|PREP - Tier 2|2 Year / CTC|0.15|0.1435344828|All Students|All
18303|Bainbridge Island School District|348|333|0.956896552|2016|PREP - Tier 2|4 Year|0.63|0.60284482776|All Students|All
18303|Bainbridge Island School District|348|333|0.956896552|2016|PREP - Tier 2|Not Enrolled|0.22|0.25362068944|All Students|All
18303|Bainbridge Island School District|350|336|0.96|2015|PREP - Tier 2|2 Year / CTC|0.12|0.1152|All Students|All
18303|Bainbridge Island School District|350|336|0.96|2015|PREP - Tier 2|4 Year|0.67|0.6432|All Students|All
18303|Bainbridge Island School District|350|336|0.96|2015|PREP - Tier 2|Not Enrolled|0.21|0.2416|All Students|All
18303|Bainbridge Island School District|348|331.992|0.954|2014|PREP - Tier 2|2 Year / CTC|0.09|0.08586|All Students|All
18303|Bainbridge Island School District|348|331.992|0.954|2014|PREP - Tier 2|4 Year|0.74|0.70596|All Students|All
18303|Bainbridge Island School District|348|331.992|0.954|2014|PREP - Tier 2|Not Enrolled|0.17|0.20818|All Students|All
18303|Bainbridge Island School District|192|184.896|0.963|2020|PREP - Tier 2|2 Year / CTC|0.12|0.11556|Gender|Female
18303|Bainbridge Island School District|192|184.896|0.963|2020|PREP - Tier 2|4 Year|0.69|0.66447|Gender|Female
18303|Bainbridge Island School District|192|184.896|0.963|2020|PREP - Tier 2|Not Enrolled|0.19|0.21997|Gender|Female
18303|Bainbridge Island School District|167|161.489|0.967|2019|PREP - Tier 2|2 Year / CTC|0.09|0.08703|Gender|Female
18303|Bainbridge Island School District|167|161.489|0.967|2019|PREP - Tier 2|4 Year|0.7|0.6769|Gender|Female
18303|Bainbridge Island School District|167|161.489|0.967|2019|PREP - Tier 2|Not Enrolled|0.21|0.23607|Gender|Female
18303|Bainbridge Island School District|197|190|0.964467005|2018|PREP - Tier 2|2 Year / CTC|0.09|0.08680203045|Gender|Female
18303|Bainbridge Island School District|197|190|0.964467005|2018|PREP - Tier 2|4 Year|0.68|0.6558375634|Gender|Female
18303|Bainbridge Island School District|197|190|0.964467005|2018|PREP - Tier 2|Not Enrolled|0.22|0.2477157361|Gender|Female
18303|Bainbridge Island School District|157|148|0.942675159|2017|PREP - Tier 2|2 Year / CTC|0.05|0.04713375795|Gender|Female
18303|Bainbridge Island School District|157|148|0.942675159|2017|PREP - Tier 2|4 Year|0.7|0.6598726113|Gender|Female
18303|Bainbridge Island School District|157|148|0.942675159|2017|PREP - Tier 2|Not Enrolled|0.24|0.28356687916|Gender|Female
18303|Bainbridge Island School District|161|151.984|0.944|2016|PREP - Tier 2|2 Year / CTC|0.15|0.1416|Gender|Female
18303|Bainbridge Island School District|161|151.984|0.944|2016|PREP - Tier 2|4 Year|0.67|0.63248|Gender|Female
18303|Bainbridge Island School District|161|151.984|0.944|2016|PREP - Tier 2|Not Enrolled|0.19|0.23536|Gender|Female
18303|Bainbridge Island School District|169|164|0.970414201|2015|PREP - Tier 2|2 Year / CTC|0.09|0.08733727809|Gender|Female
18303|Bainbridge Island School District|169|164|0.970414201|2015|PREP - Tier 2|4 Year|0.71|0.68899408271|Gender|Female
18303|Bainbridge Island School District|169|164|0.970414201|2015|PREP - Tier 2|Not Enrolled|0.2|0.2236686392|Gender|Female
18303|Bainbridge Island School District|176|171|0.971590909|2014|PREP - Tier 2|2 Year / CTC|0.06|0.05829545454|Gender|Female
18303|Bainbridge Island School District|176|171|0.971590909|2014|PREP - Tier 2|4 Year|0.74|0.71897727266|Gender|Female
18303|Bainbridge Island School District|176|171|0.971590909|2014|PREP - Tier 2|Not Enrolled|0.2|0.2227272728|Gender|Female
18303|Bainbridge Island School District|196|186|0.948979592|2020|PREP - Tier 2|2 Year / CTC|0.14|0.13285714288|Gender|Male
18303|Bainbridge Island School District|196|186|0.948979592|2020|PREP - Tier 2|4 Year|0.63|0.59785714296|Gender|Male
18303|Bainbridge Island School District|196|186|0.948979592|2020|PREP - Tier 2|Not Enrolled|0.23|0.26928571416|Gender|Male
18303|Bainbridge Island School District|172|164|0.953488372|2019|PREP - Tier 2|2 Year / CTC|0.08|0.07627906976|Gender|Male
18303|Bainbridge Island School District|172|164|0.953488372|2019|PREP - Tier 2|4 Year|0.68|0.64837209296|Gender|Male
18303|Bainbridge Island School District|172|164|0.953488372|2019|PREP - Tier 2|Not Enrolled|0.24|0.27534883728|Gender|Male
18303|Bainbridge Island School District|173|161.582|0.934|2018|PREP - Tier 2|2 Year / CTC|0.14|0.13076|Gender|Male
18303|Bainbridge Island School District|173|161.582|0.934|2018|PREP - Tier 2|4 Year|0.66|0.61644|Gender|Male
18303|Bainbridge Island School District|173|161.582|0.934|2018|PREP - Tier 2|Not Enrolled|0.19|0.24346|Gender|Male
18303|Bainbridge Island School District|175|167.475|0.957|2017|PREP - Tier 2|2 Year / CTC|0.14|0.13398|Gender|Male
18303|Bainbridge Island School District|175|167.475|0.957|2017|PREP - Tier 2|4 Year|0.59|0.56463|Gender|Male
18303|Bainbridge Island School District|175|167.475|0.957|2017|PREP - Tier 2|Not Enrolled|0.27|0.30139|Gender|Male
18303|Bainbridge Island School District|187|181.577|0.971|2016|PREP - Tier 2|2 Year / CTC|0.15|0.14565|Gender|Male
18303|Bainbridge Island School District|187|181.577|0.971|2016|PREP - Tier 2|4 Year|0.59|0.57289|Gender|Male
18303|Bainbridge Island School District|187|181.577|0.971|2016|PREP - Tier 2|Not Enrolled|0.26|0.28146|Gender|Male
18303|Bainbridge Island School District|169|160.55|0.95|2015|PREP - Tier 2|2 Year / CTC|0.15|0.1425|Gender|Male
18303|Bainbridge Island School District|169|160.55|0.95|2015|PREP - Tier 2|4 Year|0.62|0.589|Gender|Male
18303|Bainbridge Island School District|169|160.55|0.95|2015|PREP - Tier 2|Not Enrolled|0.23|0.2685|Gender|Male
18303|Bainbridge Island School District|175|163.8|0.936|2014|PREP - Tier 2|2 Year / CTC|0.13|0.12168|Gender|Male
18303|Bainbridge Island School District|175|163.8|0.936|2014|PREP - Tier 2|4 Year|0.74|0.69264|Gender|Male
18303|Bainbridge Island School District|175|163.8|0.936|2014|PREP - Tier 2|Not Enrolled|0.14|0.19504|Gender|Male
18303|Bainbridge Island School District|36|30.24|0.84|2020|PREP - Tier 2|2 Year / CTC|0.22|0.1848|FRPL|FRPL
18303|Bainbridge Island School District|36|30.24|0.84|2020|PREP - Tier 2|4 Year|0.42|0.3528|FRPL|FRPL
18303|Bainbridge Island School District|36|30.24|0.84|2020|PREP - Tier 2|Not Enrolled|0.37|0.4708|FRPL|FRPL
18303|Bainbridge Island School District|32|26.88|0.84|2019|PREP - Tier 2|2 Year / CTC|0.23|0.1932|FRPL|FRPL
18303|Bainbridge Island School District|32|26.88|0.84|2019|PREP - Tier 2|4 Year|0.34|0.2856|FRPL|FRPL
18303|Bainbridge Island School District|32|26.88|0.84|2019|PREP - Tier 2|Not Enrolled|0.43|0.5212|FRPL|FRPL
18303|Bainbridge Island School District|19|17.651|0.929|2018|PREP - Tier 2|2 Year / CTC|0.25|0.23225|FRPL|FRPL
18303|Bainbridge Island School District|19|17.651|0.929|2018|PREP - Tier 2|4 Year|0.31|0.28799|FRPL|FRPL
18303|Bainbridge Island School District|19|17.651|0.929|2018|PREP - Tier 2|Not Enrolled|0.44|0.47976|FRPL|FRPL
18303|Bainbridge Island School District|31|25.73|0.83|2017|PREP - Tier 2|2 Year / CTC|0.24|0.1992|FRPL|FRPL
18303|Bainbridge Island School District|31|25.73|0.83|2017|PREP - Tier 2|4 Year|0.31|0.2573|FRPL|FRPL
18303|Bainbridge Island School District|31|25.73|0.83|2017|PREP - Tier 2|Not Enrolled|0.44|0.5352|FRPL|FRPL
18303|Bainbridge Island School District|24|21.744|0.906|2016|PREP - Tier 2|2 Year / CTC|0.22|0.19932|FRPL|FRPL
18303|Bainbridge Island School District|24|21.744|0.906|2016|PREP - Tier 2|4 Year|0.37|0.33522|FRPL|FRPL
18303|Bainbridge Island School District|24|21.744|0.906|2016|PREP - Tier 2|Not Enrolled|0.41|0.46546|FRPL|FRPL
18303|Bainbridge Island School District|23|19.09|0.83|2015|PREP - Tier 2|2 Year / CTC|0.2|0.166|FRPL|FRPL
18303|Bainbridge Island School District|23|19.09|0.83|2015|PREP - Tier 2|4 Year|0.42|0.3486|FRPL|FRPL
18303|Bainbridge Island School District|23|19.09|0.83|2015|PREP - Tier 2|Not Enrolled|0.38|0.4854|FRPL|FRPL
18303|Bainbridge Island School District|38|30.02|0.79|2014|PREP - Tier 2|2 Year / CTC|0.22|0.1738|FRPL|FRPL
18303|Bainbridge Island School District|38|30.02|0.79|2014|PREP - Tier 2|4 Year|0.45|0.3555|FRPL|FRPL
18303|Bainbridge Island School District|38|30.02|0.79|2014|PREP - Tier 2|Not Enrolled|0.34|0.4786|FRPL|FRPL
18303|Bainbridge Island School District|357|344.862|0.966|2020|PREP - Tier 2|2 Year / CTC|0.11|0.10626|FRPL|Not FRPL
18303|Bainbridge Island School District|357|344.862|0.966|2020|PREP - Tier 2|4 Year|0.69|0.66654|FRPL|Not FRPL
18303|Bainbridge Island School District|357|344.862|0.966|2020|PREP - Tier 2|Not Enrolled|0.2|0.2272|FRPL|Not FRPL
18303|Bainbridge Island School District|299|290|0.969899666|2019|PREP - Tier 2|2 Year / CTC|0.09|0.08729096994|FRPL|Not FRPL
18303|Bainbridge Island School District|299|290|0.969899666|2019|PREP - Tier 2|4 Year|0.69|0.66923076954|FRPL|Not FRPL
18303|Bainbridge Island School District|299|290|0.969899666|2019|PREP - Tier 2|Not Enrolled|0.22|0.24347826052|FRPL|Not FRPL
18303|Bainbridge Island School District|311|295.45|0.95|2018|PREP - Tier 2|2 Year / CTC|0.11|0.1045|FRPL|Not FRPL
18303|Bainbridge Island School District|311|295.45|0.95|2018|PREP - Tier 2|4 Year|0.67|0.6365|FRPL|Not FRPL
18303|Bainbridge Island School District|311|295.45|0.95|2018|PREP - Tier 2|Not Enrolled|0.21|0.2495|FRPL|Not FRPL
18303|Bainbridge Island School District|346|332.852|0.962|2017|PREP - Tier 2|2 Year / CTC|0.11|0.10582|FRPL|Not FRPL
18303|Bainbridge Island School District|346|332.852|0.962|2017|PREP - Tier 2|4 Year|0.67|0.64454|FRPL|Not FRPL
18303|Bainbridge Island School District|346|332.852|0.962|2017|PREP - Tier 2|Not Enrolled|0.22|0.24964|FRPL|Not FRPL
18303|Bainbridge Island School District|324|310.716|0.959|2016|PREP - Tier 2|2 Year / CTC|0.11|0.10549|FRPL|Not FRPL
18303|Bainbridge Island School District|324|310.716|0.959|2016|PREP - Tier 2|4 Year|0.7|0.6713|FRPL|Not FRPL
18303|Bainbridge Island School District|324|310.716|0.959|2016|PREP - Tier 2|Not Enrolled|0.19|0.22321|FRPL|Not FRPL
18303|Bainbridge Island School District|294|287|0.976190476|2015|PREP - Tier 2|2 Year / CTC|0.11|0.10738095236|FRPL|Not FRPL
18303|Bainbridge Island School District|294|287|0.976190476|2015|PREP - Tier 2|4 Year|0.72|0.70285714272|FRPL|Not FRPL
18303|Bainbridge Island School District|294|287|0.976190476|2015|PREP - Tier 2|Not Enrolled|0.17|0.18976190492|FRPL|Not FRPL
18303|Bainbridge Island School District|308|300|0.974025974|2014|PREP - Tier 2|2 Year / CTC|0.12|0.11688311688|FRPL|Not FRPL
18303|Bainbridge Island School District|308|300|0.974025974|2014|PREP - Tier 2|4 Year|0.72|0.70129870128|FRPL|Not FRPL
18303|Bainbridge Island School District|308|300|0.974025974|2014|PREP - Tier 2|Not Enrolled|0.16|0.18181818184|FRPL|Not FRPL
18303|Bainbridge Island School District|18|||2020|PREP - Tier 2|2 Year / CTC|0.16||Race/Ethnicity|Asian
18303|Bainbridge Island School District|18|||2020|PREP - Tier 2|4 Year|0.7||Race/Ethnicity|Asian
18303|Bainbridge Island School District|18|||2020|PREP - Tier 2|Not Enrolled|0.14||Race/Ethnicity|Asian
18303|Bainbridge Island School District|9|7.2|0.8|2019|PREP - Tier 2|2 Year / CTC|0.14|0.112|Race/Ethnicity|Asian
18303|Bainbridge Island School District|9|7.2|0.8|2019|PREP - Tier 2|4 Year|0.69|0.552|Race/Ethnicity|Asian
18303|Bainbridge Island School District|9|7.2|0.8|2019|PREP - Tier 2|Not Enrolled|0.17|0.336|Race/Ethnicity|Asian
18303|Bainbridge Island School District|15|11.79|0.786|2018|PREP - Tier 2|2 Year / CTC|0.24|0.18864|Race/Ethnicity|Asian
18303|Bainbridge Island School District|15|11.79|0.786|2018|PREP - Tier 2|4 Year|0.61|0.47946|Race/Ethnicity|Asian
18303|Bainbridge Island School District|15|11.79|0.786|2018|PREP - Tier 2|Not Enrolled|0.15|0.3319|Race/Ethnicity|Asian
18303|Bainbridge Island School District|14|11.2|0.8|2017|PREP - Tier 2|2 Year / CTC|0.2|0.16|Race/Ethnicity|Asian
18303|Bainbridge Island School District|14|11.2|0.8|2017|PREP - Tier 2|4 Year|0.6|0.48|Race/Ethnicity|Asian
18303|Bainbridge Island School District|14|11.2|0.8|2017|PREP - Tier 2|Not Enrolled|0.2|0.36|Race/Ethnicity|Asian
18303|Bainbridge Island School District|15|11.535|0.769|2016|PREP - Tier 2|2 Year / CTC|0.18|0.13842|Race/Ethnicity|Asian
18303|Bainbridge Island School District|15|11.535|0.769|2016|PREP - Tier 2|4 Year|0.61|0.46909|Race/Ethnicity|Asian
18303|Bainbridge Island School District|15|11.535|0.769|2016|PREP - Tier 2|Not Enrolled|0.21|0.39249|Race/Ethnicity|Asian
18303|Bainbridge Island School District|14|||2015|PREP - Tier 2|2 Year / CTC|0.16||Race/Ethnicity|Asian
18303|Bainbridge Island School District|14|||2015|PREP - Tier 2|4 Year|0.63||Race/Ethnicity|Asian
18303|Bainbridge Island School District|14|||2015|PREP - Tier 2|Not Enrolled|0.22||Race/Ethnicity|Asian
18303|Bainbridge Island School District|9|6.543|0.727|2014|PREP - Tier 2|2 Year / CTC|0.19|0.13813|Race/Ethnicity|Asian
18303|Bainbridge Island School District|9|6.543|0.727|2014|PREP - Tier 2|4 Year|0.62|0.45074|Race/Ethnicity|Asian
18303|Bainbridge Island School District|9|6.543|0.727|2014|PREP - Tier 2|Not Enrolled|0.19|0.41113|Race/Ethnicity|Asian
18303|Bainbridge Island School District|36|32.4|0.9|2020|PREP - Tier 2|2 Year / CTC|0.18|0.162|Race/Ethnicity|Hispanic or Latino of any race(s)
18303|Bainbridge Island School District|36|32.4|0.9|2020|PREP - Tier 2|4 Year|0.47|0.423|Race/Ethnicity|Hispanic or Latino of any race(s)
18303|Bainbridge Island School District|36|32.4|0.9|2020|PREP - Tier 2|Not Enrolled|0.34|0.406|Race/Ethnicity|Hispanic or Latino of any race(s)
18303|Bainbridge Island School District|35|30.8|0.88|2019|PREP - Tier 2|2 Year / CTC|0.16|0.1408|Race/Ethnicity|Hispanic or Latino of any race(s)
18303|Bainbridge Island School District|35|30.8|0.88|2019|PREP - Tier 2|4 Year|0.49|0.4312|Race/Ethnicity|Hispanic or Latino of any race(s)
18303|Bainbridge Island School District|35|30.8|0.88|2019|PREP - Tier 2|Not Enrolled|0.36|0.4368|Race/Ethnicity|Hispanic or Latino of any race(s)
18303|Bainbridge Island School District|25|22.225|0.889|2018|PREP - Tier 2|2 Year / CTC|0.21|0.18669|Race/Ethnicity|Hispanic or Latino of any race(s)
18303|Bainbridge Island School District|25|22.225|0.889|2018|PREP - Tier 2|4 Year|0.44|0.39116|Race/Ethnicity|Hispanic or Latino of any race(s)
18303|Bainbridge Island School District|25|22.225|0.889|2018|PREP - Tier 2|Not Enrolled|0.35|0.42215|Race/Ethnicity|Hispanic or Latino of any race(s)
18303|Bainbridge Island School District|27|23.76|0.88|2017|PREP - Tier 2|2 Year / CTC|0.23|0.2024|Race/Ethnicity|Hispanic or Latino of any race(s)
18303|Bainbridge Island School District|27|23.76|0.88|2017|PREP - Tier 2|4 Year|0.44|0.3872|Race/Ethnicity|Hispanic or Latino of any race(s)
18303|Bainbridge Island School District|27|23.76|0.88|2017|PREP - Tier 2|Not Enrolled|0.33|0.4104|Race/Ethnicity|Hispanic or Latino of any race(s)
18303|Bainbridge Island School District|25|20.325|0.813|2016|PREP - Tier 2|2 Year / CTC|0.28|0.22764|Race/Ethnicity|Hispanic or Latino of any race(s)
18303|Bainbridge Island School District|25|20.325|0.813|2016|PREP - Tier 2|4 Year|0.51|0.41463|Race/Ethnicity|Hispanic or Latino of any race(s)
18303|Bainbridge Island School District|25|20.325|0.813|2016|PREP - Tier 2|Not Enrolled|0.21|0.35773|Race/Ethnicity|Hispanic or Latino of any race(s)
18303|Bainbridge Island School District|13|10|0.769230769|2015|PREP - Tier 2|2 Year / CTC|0.24|0.18461538456|Race/Ethnicity|Hispanic or Latino of any race(s)
18303|Bainbridge Island School District|13|10|0.769230769|2015|PREP - Tier 2|4 Year|0.58|0.44615384602|Race/Ethnicity|Hispanic or Latino of any race(s)
18303|Bainbridge Island School District|13|10|0.769230769|2015|PREP - Tier 2|Not Enrolled|0.18|0.36923076942|Race/Ethnicity|Hispanic or Latino of any race(s)
18303|Bainbridge Island School District|20|17|0.85|2014|PREP - Tier 2|2 Year / CTC|0.18|0.153|Race/Ethnicity|Hispanic or Latino of any race(s)
18303|Bainbridge Island School District|20|17|0.85|2014|PREP - Tier 2|4 Year|0.64|0.544|Race/Ethnicity|Hispanic or Latino of any race(s)
18303|Bainbridge Island School District|20|17|0.85|2014|PREP - Tier 2|Not Enrolled|0.18|0.303|Race/Ethnicity|Hispanic or Latino of any race(s)
18303|Bainbridge Island School District|32|28.992|0.906|2020|PREP - Tier 2|2 Year / CTC|0.1|0.0906|Race/Ethnicity|Two or More Races
18303|Bainbridge Island School District|32|28.992|0.906|2020|PREP - Tier 2|4 Year|0.77|0.69762|Race/Ethnicity|Two or More Races
18303|Bainbridge Island School District|32|28.992|0.906|2020|PREP - Tier 2|Not Enrolled|0.13|0.21178|Race/Ethnicity|Two or More Races
18303|Bainbridge Island School District|35|31.115|0.889|2019|PREP - Tier 2|2 Year / CTC|0.1|0.0889|Race/Ethnicity|Two or More Races
18303|Bainbridge Island School District|35|31.115|0.889|2019|PREP - Tier 2|4 Year|0.77|0.68453|Race/Ethnicity|Two or More Races
18303|Bainbridge Island School District|35|31.115|0.889|2019|PREP - Tier 2|Not Enrolled|0.13|0.22657|Race/Ethnicity|Two or More Races
18303|Bainbridge Island School District|27|24.462|0.906|2018|PREP - Tier 2|2 Year / CTC|0.13|0.11778|Race/Ethnicity|Two or More Races
18303|Bainbridge Island School District|27|24.462|0.906|2018|PREP - Tier 2|4 Year|0.76|0.68856|Race/Ethnicity|Two or More Races
18303|Bainbridge Island School District|27|24.462|0.906|2018|PREP - Tier 2|Not Enrolled|0.11|0.19366|Race/Ethnicity|Two or More Races
18303|Bainbridge Island School District|33|28.875|0.875|2017|PREP - Tier 2|2 Year / CTC|0.13|0.11375|Race/Ethnicity|Two or More Races
18303|Bainbridge Island School District|33|28.875|0.875|2017|PREP - Tier 2|4 Year|0.7|0.6125|Race/Ethnicity|Two or More Races
18303|Bainbridge Island School District|33|28.875|0.875|2017|PREP - Tier 2|Not Enrolled|0.16|0.265|Race/Ethnicity|Two or More Races
18303|Bainbridge Island School District|22|18.524|0.842|2016|PREP - Tier 2|2 Year / CTC|0.11|0.09262|Race/Ethnicity|Two or More Races
18303|Bainbridge Island School District|22|18.524|0.842|2016|PREP - Tier 2|4 Year|0.72|0.60624|Race/Ethnicity|Two or More Races
18303|Bainbridge Island School District|22|18.524|0.842|2016|PREP - Tier 2|Not Enrolled|0.18|0.30956|Race/Ethnicity|Two or More Races
18303|Bainbridge Island School District|19|16.283|0.857|2015|PREP - Tier 2|2 Year / CTC|0.12|0.10284|Race/Ethnicity|Two or More Races
18303|Bainbridge Island School District|19|16.283|0.857|2015|PREP - Tier 2|4 Year|0.65|0.55705|Race/Ethnicity|Two or More Races
18303|Bainbridge Island School District|19|16.283|0.857|2015|PREP - Tier 2|Not Enrolled|0.22|0.33154|Race/Ethnicity|Two or More Races
18303|Bainbridge Island School District|21|17.304|0.824|2014|PREP - Tier 2|2 Year / CTC|0.05|0.0412|Race/Ethnicity|Two or More Races
18303|Bainbridge Island School District|21|17.304|0.824|2014|PREP - Tier 2|4 Year|0.645|0.53148|Race/Ethnicity|Two or More Races
18303|Bainbridge Island School District|21|17.304|0.824|2014|PREP - Tier 2|Not Enrolled|0.245|0.37788|Race/Ethnicity|Two or More Races
18303|Bainbridge Island School District|285|269|0.943859649|2020|PREP - Tier 2|2 Year / CTC|0.1|0.0943859649|Race/Ethnicity|White
18303|Bainbridge Island School District|285|269|0.943859649|2020|PREP - Tier 2|4 Year|0.68|0.64182456132|Race/Ethnicity|White
18303|Bainbridge Island School District|285|269|0.943859649|2020|PREP - Tier 2|Not Enrolled|0.22|0.26378947378|Race/Ethnicity|White
18303|Bainbridge Island School District|253|243|0.960474308|2019|PREP - Tier 2|2 Year / CTC|0.09|0.08644268772|Race/Ethnicity|White
18303|Bainbridge Island School District|253|243|0.960474308|2019|PREP - Tier 2|4 Year|0.67|0.64351778636|Race/Ethnicity|White
18303|Bainbridge Island School District|253|243|0.960474308|2019|PREP - Tier 2|Not Enrolled|0.23|0.26043478284|Race/Ethnicity|White
18303|Bainbridge Island School District|285|269|0.943859649|2018|PREP - Tier 2|2 Year / CTC|0.1|0.0943859649|Race/Ethnicity|White
18303|Bainbridge Island School District|285|269|0.943859649|2018|PREP - Tier 2|4 Year|0.66|0.62294736834|Race/Ethnicity|White
18303|Bainbridge Island School District|285|269|0.943859649|2018|PREP - Tier 2|Not Enrolled|0.23|0.27322807027|Race/Ethnicity|White
18303|Bainbridge Island School District|278|265|0.95323741|2017|PREP - Tier 2|2 Year / CTC|0.11|0.1048561151|Race/Ethnicity|White
18303|Bainbridge Island School District|278|265|0.95323741|2017|PREP - Tier 2|4 Year|0.66|0.6291366906|Race/Ethnicity|White
18303|Bainbridge Island School District|278|265|0.95323741|2017|PREP - Tier 2|Not Enrolled|0.23|0.2660071943|Race/Ethnicity|White
18303|Bainbridge Island School District|294|280|0.952380952|2016|PREP - Tier 2|2 Year / CTC|0.11|0.10476190472|Race/Ethnicity|White
18303|Bainbridge Island School District|294|280|0.952380952|2016|PREP - Tier 2|4 Year|0.69|0.65714285688|Race/Ethnicity|White
18303|Bainbridge Island School District|294|280|0.952380952|2016|PREP - Tier 2|Not Enrolled|0.2|0.2380952384|Race/Ethnicity|White
18303|Bainbridge Island School District|282|273|0.968085106|2015|PREP - Tier 2|2 Year / CTC|0.11|0.10648936166|Race/Ethnicity|White
18303|Bainbridge Island School District|282|273|0.968085106|2015|PREP - Tier 2|4 Year|0.71|0.68734042526|Race/Ethnicity|White
18303|Bainbridge Island School District|282|273|0.968085106|2015|PREP - Tier 2|Not Enrolled|0.18|0.20617021308|Race/Ethnicity|White
18303|Bainbridge Island School District|293|281|0.959044369|2014|PREP - Tier 2|2 Year / CTC|0.12|0.11508532428|Race/Ethnicity|White
18303|Bainbridge Island School District|293|281|0.959044369|2014|PREP - Tier 2|4 Year|0.71|0.68092150199|Race/Ethnicity|White
18303|Bainbridge Island School District|293|281|0.959044369|2014|PREP - Tier 2|Not Enrolled|0.17|0.20399317373|Race/Ethnicity|White
05401|Cape Flattery School District|44|38.72|0.88|2020|PREP - Tier 1|2 Year / CTC|0.2|0.176|All Students|All
05401|Cape Flattery School District|44|38.72|0.88|2020|PREP - Tier 1|4 Year|0.2|0.176|All Students|All
05401|Cape Flattery School District|44|38.72|0.88|2020|PREP - Tier 1|Not Enrolled|0.6|0.648|All Students|All
05401|Cape Flattery School District|27|24.462|0.906|2019|PREP - Tier 1|2 Year / CTC|0.23|0.20838|All Students|All
05401|Cape Flattery School District|27|24.462|0.906|2019|PREP - Tier 1|4 Year|0.23|0.20838|All Students|All
05401|Cape Flattery School District|27|24.462|0.906|2019|PREP - Tier 1|Not Enrolled|0.55|0.5923|All Students|All
05401|Cape Flattery School District|33|29.7|0.9|2018|PREP - Tier 1|2 Year / CTC|0.33|0.297|All Students|All
05401|Cape Flattery School District|33|29.7|0.9|2018|PREP - Tier 1|4 Year|0.19|0.171|All Students|All
05401|Cape Flattery School District|33|29.7|0.9|2018|PREP - Tier 1|Not Enrolled|0.47|0.523|All Students|All
05401|Cape Flattery School District|38|34.998|0.921|2017|PREP - Tier 1|2 Year / CTC|0.4|0.3684|All Students|All
05401|Cape Flattery School District|38|34.998|0.921|2017|PREP - Tier 1|4 Year|0.31|0.28551|All Students|All
05401|Cape Flattery School District|38|34.998|0.921|2017|PREP - Tier 1|Not Enrolled|0.29|0.34609|All Students|All
05401|Cape Flattery School District|35|32.095|0.917|2016|PREP - Tier 1|2 Year / CTC|0.26|0.23842|All Students|All
05401|Cape Flattery School District|35|32.095|0.917|2016|PREP - Tier 1|4 Year|0.16|0.14672|All Students|All
05401|Cape Flattery School District|35|32.095|0.917|2016|PREP - Tier 1|Not Enrolled|0.58|0.61486|All Students|All
05401|Cape Flattery School District|36|32.76|0.91|2015|PREP - Tier 1|2 Year / CTC|0.34|0.3094|All Students|All
05401|Cape Flattery School District|36|32.76|0.91|2015|PREP - Tier 1|4 Year|0.17|0.1547|All Students|All
05401|Cape Flattery School District|36|32.76|0.91|2015|PREP - Tier 1|Not Enrolled|0.49|0.5359|All Students|All
05401|Cape Flattery School District|41|34.85|0.85|2014|PREP - Tier 1|2 Year / CTC|0.36|0.306|All Students|All
05401|Cape Flattery School District|41|34.85|0.85|2014|PREP - Tier 1|4 Year|0.15|0.1275|All Students|All
05401|Cape Flattery School District|41|34.85|0.85|2014|PREP - Tier 1|Not Enrolled|0.48|0.558|All Students|All
05401|Cape Flattery School District|25|17.5|0.7|2020|PREP - Tier 1|2 Year / CTC|0.33|0.231|Gender|Female
05401|Cape Flattery School District|25|17.5|0.7|2020|PREP - Tier 1|4 Year|0.31|0.217|Gender|Female
05401|Cape Flattery School District|25|17.5|0.7|2020|PREP - Tier 1|Not Enrolled|0.37|0.559|Gender|Female
05401|Cape Flattery School District|10|8|0.8|2019|PREP - Tier 1|2 Year / CTC|0.31|0.248|Gender|Female
05401|Cape Flattery School District|10|8|0.8|2019|PREP - Tier 1|4 Year|0.31|0.248|Gender|Female
05401|Cape Flattery School District|10|8|0.8|2019|PREP - Tier 1|Not Enrolled|0.38|0.504|Gender|Female
05401|Cape Flattery School District|16|14.16|0.885|2018|PREP - Tier 1|2 Year / CTC|0.37|0.32745|Gender|Female
05401|Cape Flattery School District|16|14.16|0.885|2018|PREP - Tier 1|4 Year|0.27|0.23895|Gender|Female
05401|Cape Flattery School District|16|14.16|0.885|2018|PREP - Tier 1|Not Enrolled|0.37|0.44245|Gender|Female
05401|Cape Flattery School District|24|20.4|0.85|2017|PREP - Tier 1|2 Year / CTC|0.38|0.323|Gender|Female
05401|Cape Flattery School District|24|20.4|0.85|2017|PREP - Tier 1|4 Year|0.23|0.1955|Gender|Female
05401|Cape Flattery School District|24|20.4|0.85|2017|PREP - Tier 1|Not Enrolled|0.39|0.4815|Gender|Female
05401|Cape Flattery School District|18|14.634|0.813|2016|PREP - Tier 1|2 Year / CTC|0.4|0.3252|Gender|Female
05401|Cape Flattery School District|18|14.634|0.813|2016|PREP - Tier 1|4 Year|0.13|0.10569|Gender|Female
05401|Cape Flattery School District|18|14.634|0.813|2016|PREP - Tier 1|Not Enrolled|0.47|0.56911|Gender|Female
05401|Cape Flattery School District|17|14.569|0.857|2015|PREP - Tier 1|2 Year / CTC|0.49|0.41993|Gender|Female
05401|Cape Flattery School District|17|14.569|0.857|2015|PREP - Tier 1|4 Year|0.13|0.11141|Gender|Female
05401|Cape Flattery School District|17|14.569|0.857|2015|PREP - Tier 1|Not Enrolled|0.38|0.46866|Gender|Female
05401|Cape Flattery School District|20|||2014|PREP - Tier 1|2 Year / CTC|0.53||Gender|Female
05401|Cape Flattery School District|20|||2014|PREP - Tier 1|4 Year|0.18||Gender|Female
05401|Cape Flattery School District|20|||2014|PREP - Tier 1|Not Enrolled|0.29||Gender|Female
05401|Cape Flattery School District|19|15.2|0.8|2020|PREP - Tier 1|2 Year / CTC|0.19|0.152|Gender|Male
05401|Cape Flattery School District|19|15.2|0.8|2020|PREP - Tier 1|4 Year|0.09|0.072|Gender|Male
05401|Cape Flattery School District|19|15.2|0.8|2020|PREP - Tier 1|Not Enrolled|0.72|0.776|Gender|Male
05401|Cape Flattery School District|17|14.008|0.824|2019|PREP - Tier 1|2 Year / CTC|0.34|0.28016|Gender|Male
05401|Cape Flattery School District|17|14.008|0.824|2019|PREP - Tier 1|4 Year|0.16|0.13184|Gender|Male
05401|Cape Flattery School District|17|14.008|0.824|2019|PREP - Tier 1|Not Enrolled|0.5|0.588|Gender|Male
05401|Cape Flattery School District|17|13.6|0.8|2018|PREP - Tier 1|2 Year / CTC|0.29|0.232|Gender|Male
05401|Cape Flattery School District|17|13.6|0.8|2018|PREP - Tier 1|4 Year|0.16|0.128|Gender|Male
05401|Cape Flattery School District|17|13.6|0.8|2018|PREP - Tier 1|Not Enrolled|0.55|0.64|Gender|Male
05401|Cape Flattery School District|14|11.662|0.833|2017|PREP - Tier 1|2 Year / CTC|0.29|0.24157|Gender|Male
05401|Cape Flattery School District|14|11.662|0.833|2017|PREP - Tier 1|4 Year|0.19|0.15827|Gender|Male
05401|Cape Flattery School District|14|11.662|0.833|2017|PREP - Tier 1|Not Enrolled|0.52|0.60016|Gender|Male
05401|Cape Flattery School District|17|14.45|0.85|2016|PREP - Tier 1|2 Year / CTC|0.27|0.2295|Gender|Male
05401|Cape Flattery School District|17|14.45|0.85|2016|PREP - Tier 1|4 Year|0.18|0.153|Gender|Male
05401|Cape Flattery School District|17|14.45|0.85|2016|PREP - Tier 1|Not Enrolled|0.55|0.6175|Gender|Male
05401|Cape Flattery School District|26|22|0.846153846|2015|PREP - Tier 1|2 Year / CTC|0.29|0.24538461534|Gender|Male
05401|Cape Flattery School District|26|22|0.846153846|2015|PREP - Tier 1|4 Year|0.17|0.14384615382|Gender|Male
05401|Cape Flattery School District|26|22|0.846153846|2015|PREP - Tier 1|Not Enrolled|0.55|0.6192307693|Gender|Male
05401|Cape Flattery School District|21|17.85|0.85|2014|PREP - Tier 1|2 Year / CTC|0.26|0.221|Gender|Male
05401|Cape Flattery School District|21|17.85|0.85|2014|PREP - Tier 1|4 Year|0.19|0.1615|Gender|Male
05401|Cape Flattery School District|21|17.85|0.85|2014|PREP - Tier 1|Not Enrolled|0.54|0.609|Gender|Male
05401|Cape Flattery School District|29|25.23|0.87|2020|PREP - Tier 1|2 Year / CTC|0.27|0.2349|FRPL|FRPL
05401|Cape Flattery School District|29|25.23|0.87|2020|PREP - Tier 1|4 Year|0.16|0.1392|FRPL|FRPL
05401|Cape Flattery School District|29|25.23|0.87|2020|PREP - Tier 1|Not Enrolled|0.57|0.6259|FRPL|FRPL
05401|Cape Flattery School District|21|17.997|0.857|2019|PREP - Tier 1|2 Year / CTC|0.35|0.29995|FRPL|FRPL
05401|Cape Flattery School District|21|17.997|0.857|2019|PREP - Tier 1|4 Year|0.16|0.13712|FRPL|FRPL
05401|Cape Flattery School District|21|17.997|0.857|2019|PREP - Tier 1|Not Enrolled|0.49|0.56293|FRPL|FRPL
05401|Cape Flattery School District|31|28|0.903225806|2018|PREP - Tier 1|2 Year / CTC|0.31|0.27999999986|FRPL|FRPL
05401|Cape Flattery School District|31|28|0.903225806|2018|PREP - Tier 1|4 Year|0.15|0.1354838709|FRPL|FRPL
05401|Cape Flattery School District|31|28|0.903225806|2018|PREP - Tier 1|Not Enrolled|0.54|0.58451612924|FRPL|FRPL
05401|Cape Flattery School District|23|20.355|0.885|2017|PREP - Tier 1|2 Year / CTC|0.35|0.30975|FRPL|FRPL
05401|Cape Flattery School District|23|20.355|0.885|2017|PREP - Tier 1|4 Year|0.09|0.07965|FRPL|FRPL
05401|Cape Flattery School District|23|20.355|0.885|2017|PREP - Tier 1|Not Enrolled|0.55|0.60175|FRPL|FRPL
05401|Cape Flattery School District|20|17.94|0.897|2016|PREP - Tier 1|2 Year / CTC|0.27|0.24219|FRPL|FRPL
05401|Cape Flattery School District|20|17.94|0.897|2016|PREP - Tier 1|4 Year|0.025|0.022425|FRPL|FRPL
05401|Cape Flattery School District|20|17.94|0.897|2016|PREP - Tier 1|Not Enrolled|0.67|0.70399|FRPL|FRPL
05401|Cape Flattery School District|31|27|0.870967742|2015|PREP - Tier 1|2 Year / CTC|0.37|0.32225806454|FRPL|FRPL
05401|Cape Flattery School District|31|27|0.870967742|2015|PREP - Tier 1|4 Year|0.025|0.02177419355|FRPL|FRPL
05401|Cape Flattery School District|31|27|0.870967742|2015|PREP - Tier 1|Not Enrolled|0.62|0.66903225804|FRPL|FRPL
05401|Cape Flattery School District|23|18|0.782608696|2014|PREP - Tier 1|2 Year / CTC|0.3|0.2347826088|FRPL|FRPL
05401|Cape Flattery School District|23|18|0.782608696|2014|PREP - Tier 1|4 Year|0.09|0.07043478264|FRPL|FRPL
05401|Cape Flattery School District|23|18|0.782608696|2014|PREP - Tier 1|Not Enrolled|0.62|0.70260869552|FRPL|FRPL
05401|Cape Flattery School District|15|||2020|PREP - Tier 1|2 Year / CTC|0.25||FRPL|Not FRPL
05401|Cape Flattery School District|15|||2020|PREP - Tier 1|4 Year|0.28||FRPL|Not FRPL
05401|Cape Flattery School District|15|||2020|PREP - Tier 1|Not Enrolled|0.47||FRPL|Not FRPL
05401|Cape Flattery School District|6|4.362|0.727|2019|PREP - Tier 1|2 Year / CTC|0.29|0.21083|FRPL|Not FRPL
05401|Cape Flattery School District|6|4.362|0.727|2019|PREP - Tier 1|4 Year|0.36|0.26172|FRPL|Not FRPL
05401|Cape Flattery School District|6|4.362|0.727|2019|PREP - Tier 1|Not Enrolled|0.36|0.53472|FRPL|Not FRPL
05401|Cape Flattery School District|17|11.9|0.7|2018|PREP - Tier 1|2 Year / CTC|0.36|0.252|FRPL|Not FRPL
05401|Cape Flattery School District|17|11.9|0.7|2018|PREP - Tier 1|4 Year|0.33|0.231|FRPL|Not FRPL
05401|Cape Flattery School District|17|11.9|0.7|2018|PREP - Tier 1|Not Enrolled|0.31|0.517|FRPL|Not FRPL
05401|Cape Flattery School District|15|11.25|0.75|2017|PREP - Tier 1|2 Year / CTC|0.31|0.2325|FRPL|Not FRPL
05401|Cape Flattery School District|15|11.25|0.75|2017|PREP - Tier 1|4 Year|0.37|0.2775|FRPL|Not FRPL
05401|Cape Flattery School District|15|11.25|0.75|2017|PREP - Tier 1|Not Enrolled|0.33|0.4975|FRPL|Not FRPL
05401|Cape Flattery School District|15|||2016|PREP - Tier 1|2 Year / CTC|0.36||FRPL|Not FRPL
05401|Cape Flattery School District|15|||2016|PREP - Tier 1|4 Year|0.32||FRPL|Not FRPL
05401|Cape Flattery School District|15|||2016|PREP - Tier 1|Not Enrolled|0.32||FRPL|Not FRPL
05401|Cape Flattery School District|12|9.756|0.813|2015|PREP - Tier 1|2 Year / CTC|0.36|0.29268|FRPL|Not FRPL
05401|Cape Flattery School District|12|9.756|0.813|2015|PREP - Tier 1|4 Year|0.3|0.2439|FRPL|Not FRPL
05401|Cape Flattery School District|12|9.756|0.813|2015|PREP - Tier 1|Not Enrolled|0.34|0.46342|FRPL|Not FRPL
05401|Cape Flattery School District|20|14.54|0.727|2014|PREP - Tier 1|2 Year / CTC|0.43|0.31261|FRPL|Not FRPL
05401|Cape Flattery School District|20|14.54|0.727|2014|PREP - Tier 1|4 Year|0.3|0.2181|FRPL|Not FRPL
05401|Cape Flattery School District|20|14.54|0.727|2014|PREP - Tier 1|Not Enrolled|0.27|0.46929|FRPL|Not FRPL
05401|Cape Flattery School District|20|||2020|PREP - Tier 1|2 Year / CTC|0.23||Race/Ethnicity|American Indian or Alaska Native
05401|Cape Flattery School District|20|||2020|PREP - Tier 1|4 Year|0.14||Race/Ethnicity|American Indian or Alaska Native
05401|Cape Flattery School District|20|||2020|PREP - Tier 1|Not Enrolled|0.63||Race/Ethnicity|American Indian or Alaska Native
05401|Cape Flattery School District|10|8.13|0.813|2019|PREP - Tier 1|2 Year / CTC|0.39|0.31707|Race/Ethnicity|American Indian or Alaska Native
05401|Cape Flattery School District|10|8.13|0.813|2019|PREP - Tier 1|4 Year|0.11|0.08943|Race/Ethnicity|American Indian or Alaska Native
05401|Cape Flattery School District|10|8.13|0.813|2019|PREP - Tier 1|Not Enrolled|0.5|0.5935|Race/Ethnicity|American Indian or Alaska Native
05401|Cape Flattery School District|21|18|0.857142857|2018|PREP - Tier 1|2 Year / CTC|0.36|0.30857142852|Race/Ethnicity|American Indian or Alaska Native
05401|Cape Flattery School District|21|18|0.857142857|2018|PREP - Tier 1|4 Year|0.14|0.11999999998|Race/Ethnicity|American Indian or Alaska Native
05401|Cape Flattery School District|21|18|0.857142857|2018|PREP - Tier 1|Not Enrolled|0.5|0.5714285715|Race/Ethnicity|American Indian or Alaska Native
05401|Cape Flattery School District|17|13.073|0.769|2017|PREP - Tier 1|2 Year / CTC|0.45|0.34605|Race/Ethnicity|American Indian or Alaska Native
05401|Cape Flattery School District|17|13.073|0.769|2017|PREP - Tier 1|4 Year|0.13|0.09997|Race/Ethnicity|American Indian or Alaska Native
05401|Cape Flattery School District|17|13.073|0.769|2017|PREP - Tier 1|Not Enrolled|0.42|0.55398|Race/Ethnicity|American Indian or Alaska Native
05401|Cape Flattery School District|11|8.25|0.75|2016|PREP - Tier 1|2 Year / CTC|0.3|0.225|Race/Ethnicity|American Indian or Alaska Native
05401|Cape Flattery School District|11|8.25|0.75|2016|PREP - Tier 1|4 Year|0.17|0.1275|Race/Ethnicity|American Indian or Alaska Native
05401|Cape Flattery School District|11|8.25|0.75|2016|PREP - Tier 1|Not Enrolled|0.52|0.64|Race/Ethnicity|American Indian or Alaska Native
05401|Cape Flattery School District|12|9.756|0.813|2015|PREP - Tier 1|2 Year / CTC|0.38|0.30894|Race/Ethnicity|American Indian or Alaska Native
05401|Cape Flattery School District|12|9.756|0.813|2015|PREP - Tier 1|4 Year|0.12|0.09756|Race/Ethnicity|American Indian or Alaska Native
05401|Cape Flattery School District|12|9.756|0.813|2015|PREP - Tier 1|Not Enrolled|0.5|0.5935|Race/Ethnicity|American Indian or Alaska Native
05401|Cape Flattery School District|14|11.788|0.842|2014|PREP - Tier 1|2 Year / CTC|0.3|0.2526|Race/Ethnicity|American Indian or Alaska Native
05401|Cape Flattery School District|14|11.788|0.842|2014|PREP - Tier 1|4 Year|0.2|0.1684|Race/Ethnicity|American Indian or Alaska Native
05401|Cape Flattery School District|14|11.788|0.842|2014|PREP - Tier 1|Not Enrolled|0.5|0.579|Race/Ethnicity|American Indian or Alaska Native
08401|Castle Rock School District|109|97.228|0.892|2020|ESD 112|2 Year / CTC|0.23|0.20516|All Students|All
08401|Castle Rock School District|109|97.228|0.892|2020|ESD 112|4 Year|0.14|0.12488|All Students|All
08401|Castle Rock School District|109|97.228|0.892|2020|ESD 112|Not Enrolled|0.63|0.66996|All Students|All
08401|Castle Rock School District|132|118.272|0.896|2019|ESD 112|2 Year / CTC|0.33|0.29568|All Students|All
08401|Castle Rock School District|132|118.272|0.896|2019|ESD 112|4 Year|0.09|0.08064|All Students|All
08401|Castle Rock School District|132|118.272|0.896|2019|ESD 112|Not Enrolled|0.58|0.62368|All Students|All
08401|Castle Rock School District|111|92|0.828828829|2018|ESD 112|2 Year / CTC|0.28|0.23207207212|All Students|All
08401|Castle Rock School District|111|92|0.828828829|2018|ESD 112|4 Year|0.16|0.13261261264|All Students|All
08401|Castle Rock School District|111|92|0.828828829|2018|ESD 112|Not Enrolled|0.56|0.63531531524|All Students|All
08401|Castle Rock School District|102|83|0.81372549|2017|ESD 112|2 Year / CTC|0.34|0.2766666666|All Students|All
08401|Castle Rock School District|102|83|0.81372549|2017|ESD 112|4 Year|0.16|0.1301960784|All Students|All
08401|Castle Rock School District|102|83|0.81372549|2017|ESD 112|Not Enrolled|0.51|0.6012745099|All Students|All
08401|Castle Rock School District|87|66|0.75862069|2016|ESD 112|2 Year / CTC|0.32|0.2427586208|All Students|All
08401|Castle Rock School District|87|66|0.75862069|2016|ESD 112|4 Year|0.025|0.01896551725|All Students|All
08401|Castle Rock School District|87|66|0.75862069|2016|ESD 112|Not Enrolled|0.67|0.7496551723|All Students|All
08401|Castle Rock School District|109|93|0.853211009|2015|ESD 112|2 Year / CTC|0.3|0.2559633027|All Students|All
08401|Castle Rock School District|109|93|0.853211009|2015|ESD 112|4 Year|0.22|0.18770642198|All Students|All
08401|Castle Rock School District|109|93|0.853211009|2015|ESD 112|Not Enrolled|0.48|0.55633027532|All Students|All
08401|Castle Rock School District|114|87|0.763157895|2014|ESD 112|2 Year / CTC|0.22|0.1678947369|All Students|All
08401|Castle Rock School District|114|87|0.763157895|2014|ESD 112|4 Year|0.2|0.152631579|All Students|All
08401|Castle Rock School District|114|87|0.763157895|2014|ESD 112|Not Enrolled|0.58|0.6794736841|All Students|All
08401|Castle Rock School District|54|51.192|0.948|2020|ESD 112|2 Year / CTC|0.26|0.24648|Gender|Female
08401|Castle Rock School District|54|51.192|0.948|2020|ESD 112|4 Year|0.15|0.1422|Gender|Female
08401|Castle Rock School District|54|51.192|0.948|2020|ESD 112|Not Enrolled|0.58|0.60184|Gender|Female
08401|Castle Rock School District|53|47|0.886792453|2019|ESD 112|2 Year / CTC|0.33|0.29264150949|Gender|Female
08401|Castle Rock School District|53|47|0.886792453|2019|ESD 112|4 Year|0.17|0.15075471701|Gender|Female
08401|Castle Rock School District|53|47|0.886792453|2019|ESD 112|Not Enrolled|0.5|0.5566037735|Gender|Female
08401|Castle Rock School District|62|54.56|0.88|2018|ESD 112|2 Year / CTC|0.26|0.2288|Gender|Female
08401|Castle Rock School District|62|54.56|0.88|2018|ESD 112|4 Year|0.17|0.1496|Gender|Female
08401|Castle Rock School District|62|54.56|0.88|2018|ESD 112|Not Enrolled|0.57|0.6216|Gender|Female
08401|Castle Rock School District|54|44.28|0.82|2017|ESD 112|2 Year / CTC|0.45|0.369|Gender|Female
08401|Castle Rock School District|54|44.28|0.82|2017|ESD 112|4 Year|0.19|0.1558|Gender|Female
08401|Castle Rock School District|54|44.28|0.82|2017|ESD 112|Not Enrolled|0.36|0.4752|Gender|Female
08401|Castle Rock School District|35|28|0.8|2016|ESD 112|2 Year / CTC|0.245|0.196|Gender|Female
08401|Castle Rock School District|35|28|0.8|2016|ESD 112|4 Year|0.05|0.04|Gender|Female
08401|Castle Rock School District|35|28|0.8|2016|ESD 112|Not Enrolled|0.745|0.796|Gender|Female
08401|Castle Rock School District|56|47|0.839285714|2015|ESD 112|2 Year / CTC|0.28|0.23499999992|Gender|Female
08401|Castle Rock School District|56|47|0.839285714|2015|ESD 112|4 Year|0.22|0.18464285708|Gender|Female
08401|Castle Rock School District|56|47|0.839285714|2015|ESD 112|Not Enrolled|0.5|0.580357143|Gender|Female
08401|Castle Rock School District|53|39|0.735849057|2014|ESD 112|2 Year / CTC|0.31|0.22811320767|Gender|Female
08401|Castle Rock School District|53|39|0.735849057|2014|ESD 112|4 Year|0.26|0.19132075482|Gender|Female
08401|Castle Rock School District|53|39|0.735849057|2014|ESD 112|Not Enrolled|0.44|0.58792452808|Gender|Female
08401|Castle Rock School District|62|51|0.822580645|2020|ESD 112|2 Year / CTC|0.2|0.164516129|Gender|Male
08401|Castle Rock School District|62|51|0.822580645|2020|ESD 112|4 Year|0.14|0.1151612903|Gender|Male
08401|Castle Rock School District|62|51|0.822580645|2020|ESD 112|Not Enrolled|0.67|0.72854838715|Gender|Male
08401|Castle Rock School District|67|60.97|0.91|2019|ESD 112|2 Year / CTC|0.32|0.2912|Gender|Male
08401|Castle Rock School District|67|60.97|0.91|2019|ESD 112|4 Year|0.025|0.02275|Gender|Male
08401|Castle Rock School District|67|60.97|0.91|2019|ESD 112|Not Enrolled|0.67|0.6997|Gender|Male
08401|Castle Rock School District|64|50.56|0.79|2018|ESD 112|2 Year / CTC|0.29|0.2291|Gender|Male
08401|Castle Rock School District|64|50.56|0.79|2018|ESD 112|4 Year|0.15|0.1185|Gender|Male
08401|Castle Rock School District|64|50.56|0.79|2018|ESD 112|Not Enrolled|0.56|0.6524|Gender|Male
08401|Castle Rock School District|57|46|0.807017544|2017|ESD 112|2 Year / CTC|0.25|0.201754386|Gender|Male
08401|Castle Rock School District|57|46|0.807017544|2017|ESD 112|4 Year|0.13|0.10491228072|Gender|Male
08401|Castle Rock School District|57|46|0.807017544|2017|ESD 112|Not Enrolled|0.62|0.69333333328|Gender|Male
08401|Castle Rock School District|52|38|0.730769231|2016|ESD 112|2 Year / CTC|0.32|0.23384615392|Gender|Male
08401|Castle Rock School District|52|38|0.730769231|2016|ESD 112|4 Year|0.025|0.018269230775|Gender|Male
08401|Castle Rock School District|52|38|0.730769231|2016|ESD 112|Not Enrolled|0.62|0.72230769222|Gender|Male
08401|Castle Rock School District|58|50.46|0.87|2015|ESD 112|2 Year / CTC|0.33|0.2871|Gender|Male
08401|Castle Rock School District|58|50.46|0.87|2015|ESD 112|4 Year|0.21|0.1827|Gender|Male
08401|Castle Rock School District|58|50.46|0.87|2015|ESD 112|Not Enrolled|0.47|0.5389|Gender|Male
08401|Castle Rock School District|59|46.61|0.79|2014|ESD 112|2 Year / CTC|0.15|0.1185|Gender|Male
08401|Castle Rock School District|59|46.61|0.79|2014|ESD 112|4 Year|0.17|0.1343|Gender|Male
08401|Castle Rock School District|59|46.61|0.79|2014|ESD 112|Not Enrolled|0.69|0.7551|Gender|Male
08401|Castle Rock School District|72|60|0.833333333|2020|ESD 112|2 Year / CTC|0.22|0.18333333326|FRPL|FRPL
08401|Castle Rock School District|72|60|0.833333333|2020|ESD 112|4 Year|0.09|0.07499999997|FRPL|FRPL
08401|Castle Rock School District|72|60|0.833333333|2020|ESD 112|Not Enrolled|0.69|0.74166666677|FRPL|FRPL
08401|Castle Rock School District|61|52|0.852459016|2019|ESD 112|2 Year / CTC|0.25|0.213114754|FRPL|FRPL
08401|Castle Rock School District|61|52|0.852459016|2019|ESD 112|4 Year|0.09|0.07672131144|FRPL|FRPL
08401|Castle Rock School District|61|52|0.852459016|2019|ESD 112|Not Enrolled|0.66|0.71016393456|FRPL|FRPL
08401|Castle Rock School District|61|45.75|0.75|2018|ESD 112|2 Year / CTC|0.25|0.1875|FRPL|FRPL
08401|Castle Rock School District|61|45.75|0.75|2018|ESD 112|4 Year|0.07|0.0525|FRPL|FRPL
08401|Castle Rock School District|61|45.75|0.75|2018|ESD 112|Not Enrolled|0.68|0.76|FRPL|FRPL
08401|Castle Rock School District|53|38|0.716981132|2017|ESD 112|2 Year / CTC|0.24|0.17207547168|FRPL|FRPL
08401|Castle Rock School District|53|38|0.716981132|2017|ESD 112|4 Year|0.1|0.0716981132|FRPL|FRPL
08401|Castle Rock School District|53|38|0.716981132|2017|ESD 112|Not Enrolled|0.67|0.76339622644|FRPL|FRPL
08401|Castle Rock School District|53|36.57|0.69|2016|ESD 112|2 Year / CTC|0.21|0.1449|FRPL|FRPL
08401|Castle Rock School District|53|36.57|0.69|2016|ESD 112|4 Year|0.1|0.069|FRPL|FRPL
08401|Castle Rock School District|53|36.57|0.69|2016|ESD 112|Not Enrolled|0.69|0.7861|FRPL|FRPL
08401|Castle Rock School District|59|49|0.830508475|2015|ESD 112|2 Year / CTC|0.25|0.20762711875|FRPL|FRPL
08401|Castle Rock School District|59|49|0.830508475|2015|ESD 112|4 Year|0.13|0.10796610175|FRPL|FRPL
08401|Castle Rock School District|59|49|0.830508475|2015|ESD 112|Not Enrolled|0.61|0.67610169475|FRPL|FRPL
08401|Castle Rock School District|60|39|0.65|2014|ESD 112|2 Year / CTC|0.28|0.182|FRPL|FRPL
08401|Castle Rock School District|60|39|0.65|2014|ESD 112|4 Year|0.09|0.0585|FRPL|FRPL
08401|Castle Rock School District|60|39|0.65|2014|ESD 112|Not Enrolled|0.63|0.7595|FRPL|FRPL
08401|Castle Rock School District|57|53.466|0.938|2020|ESD 112|2 Year / CTC|0.33|0.30954|FRPL|Not FRPL
08401|Castle Rock School District|57|53.466|0.938|2020|ESD 112|4 Year|0.16|0.15008|FRPL|Not FRPL
08401|Castle Rock School District|57|53.466|0.938|2020|ESD 112|Not Enrolled|0.51|0.54038|FRPL|Not FRPL
08401|Castle Rock School District|69|64.377|0.933|2019|ESD 112|2 Year / CTC|0.37|0.34521|FRPL|Not FRPL
08401|Castle Rock School District|69|64.377|0.933|2019|ESD 112|4 Year|0.18|0.16794|FRPL|Not FRPL
08401|Castle Rock School District|69|64.377|0.933|2019|ESD 112|Not Enrolled|0.46|0.49618|FRPL|Not FRPL
08401|Castle Rock School District|65|60.385|0.929|2018|ESD 112|2 Year / CTC|0.35|0.32515|FRPL|Not FRPL
08401|Castle Rock School District|65|60.385|0.929|2018|ESD 112|4 Year|0.17|0.15793|FRPL|Not FRPL
08401|Castle Rock School District|65|60.385|0.929|2018|ESD 112|Not Enrolled|0.48|0.51692|FRPL|Not FRPL
08401|Castle Rock School District|55|50.6|0.92|2017|ESD 112|2 Year / CTC|0.37|0.3404|FRPL|Not FRPL
08401|Castle Rock School District|55|50.6|0.92|2017|ESD 112|4 Year|0.17|0.1564|FRPL|Not FRPL
08401|Castle Rock School District|55|50.6|0.92|2017|ESD 112|Not Enrolled|0.46|0.5032|FRPL|Not FRPL
08401|Castle Rock School District|66|58.938|0.893|2016|ESD 112|2 Year / CTC|0.31|0.27683|FRPL|Not FRPL
08401|Castle Rock School District|66|58.938|0.893|2016|ESD 112|4 Year|0.2|0.1786|FRPL|Not FRPL
08401|Castle Rock School District|66|58.938|0.893|2016|ESD 112|Not Enrolled|0.49|0.54457|FRPL|Not FRPL
08401|Castle Rock School District|53|46.64|0.88|2015|ESD 112|2 Year / CTC|0.37|0.3256|FRPL|Not FRPL
08401|Castle Rock School District|53|46.64|0.88|2015|ESD 112|4 Year|0.22|0.1936|FRPL|Not FRPL
08401|Castle Rock School District|53|46.64|0.88|2015|ESD 112|Not Enrolled|0.41|0.4808|FRPL|Not FRPL
08401|Castle Rock School District|67|59.63|0.89|2014|ESD 112|2 Year / CTC|0.38|0.3382|FRPL|Not FRPL
08401|Castle Rock School District|67|59.63|0.89|2014|ESD 112|4 Year|0.18|0.1602|FRPL|Not FRPL
08401|Castle Rock School District|67|59.63|0.89|2014|ESD 112|Not Enrolled|0.44|0.5016|FRPL|Not FRPL
08401|Castle Rock School District|94|83|0.882978723|2020|ESD 112|2 Year / CTC|0.27|0.23840425521|Race/Ethnicity|White
08401|Castle Rock School District|94|83|0.882978723|2020|ESD 112|4 Year|0.12|0.10595744676|Race/Ethnicity|White
08401|Castle Rock School District|94|83|0.882978723|2020|ESD 112|Not Enrolled|0.61|0.65563829803|Race/Ethnicity|White
08401|Castle Rock School District|83|76|0.915662651|2019|ESD 112|2 Year / CTC|0.31|0.28385542181|Race/Ethnicity|White
08401|Castle Rock School District|83|76|0.915662651|2019|ESD 112|4 Year|0.13|0.11903614463|Race/Ethnicity|White
08401|Castle Rock School District|83|76|0.915662651|2019|ESD 112|Not Enrolled|0.56|0.59710843356|Race/Ethnicity|White
08401|Castle Rock School District|87|70|0.804597701|2018|ESD 112|2 Year / CTC|0.3|0.2413793103|Race/Ethnicity|White
08401|Castle Rock School District|87|70|0.804597701|2018|ESD 112|4 Year|0.11|0.08850574711|Race/Ethnicity|White
08401|Castle Rock School District|87|70|0.804597701|2018|ESD 112|Not Enrolled|0.58|0.66206896558|Race/Ethnicity|White
08401|Castle Rock School District|85|72|0.847058824|2017|ESD 112|2 Year / CTC|0.31|0.26258823544|Race/Ethnicity|White
08401|Castle Rock School District|85|72|0.847058824|2017|ESD 112|4 Year|0.14|0.11858823536|Race/Ethnicity|White
08401|Castle Rock School District|85|72|0.847058824|2017|ESD 112|Not Enrolled|0.55|0.6188235292|Race/Ethnicity|White
08401|Castle Rock School District|75|56|0.746666667|2016|ESD 112|2 Year / CTC|0.26|0.19413333342|Race/Ethnicity|White
08401|Castle Rock School District|75|56|0.746666667|2016|ESD 112|4 Year|0.17|0.12693333339|Race/Ethnicity|White
08401|Castle Rock School District|75|56|0.746666667|2016|ESD 112|Not Enrolled|0.57|0.67893333319|Race/Ethnicity|White
08401|Castle Rock School District|91|75|0.824175824|2015|ESD 112|2 Year / CTC|0.32|0.26373626368|Race/Ethnicity|White
08401|Castle Rock School District|91|75|0.824175824|2015|ESD 112|4 Year|0.2|0.1648351648|Race/Ethnicity|White
08401|Castle Rock School District|91|75|0.824175824|2015|ESD 112|Not Enrolled|0.49|0.57967032976|Race/Ethnicity|White
08401|Castle Rock School District|96|71|0.739583333|2014|ESD 112|2 Year / CTC|0.33|0.24406249989|Race/Ethnicity|White
08401|Castle Rock School District|96|71|0.739583333|2014|ESD 112|4 Year|0.15|0.11093749995|Race/Ethnicity|White
08401|Castle Rock School District|96|71|0.739583333|2014|ESD 112|Not Enrolled|0.52|0.64500000016|Race/Ethnicity|White
18401|Central Kitsap School District|908|834.452|0.919|2020|PREP - Tier 2|2 Year / CTC|0.29|0.26651|Section 504|Not Section 504
18401|Central Kitsap School District|908|834.452|0.919|2020|PREP - Tier 2|4 Year|0.3|0.2757|Section 504|Not Section 504
18401|Central Kitsap School District|908|834.452|0.919|2020|PREP - Tier 2|Not Enrolled|0.41|0.45779|Section 504|Not Section 504
18401|Central Kitsap School District|880|808.72|0.919|2019|PREP - Tier 2|2 Year / CTC|0.31|0.28489|Section 504|Not Section 504
18401|Central Kitsap School District|880|808.72|0.919|2019|PREP - Tier 2|4 Year|0.29|0.26651|Section 504|Not Section 504
18401|Central Kitsap School District|880|808.72|0.919|2019|PREP - Tier 2|Not Enrolled|0.39|0.43941|Section 504|Not Section 504
18401|Central Kitsap School District|876|810.3|0.925|2018|PREP - Tier 2|2 Year / CTC|0.32|0.296|Section 504|Not Section 504
18401|Central Kitsap School District|876|810.3|0.925|2018|PREP - Tier 2|4 Year|0.27|0.24975|Section 504|Not Section 504
18401|Central Kitsap School District|876|810.3|0.925|2018|PREP - Tier 2|Not Enrolled|0.4|0.445|Section 504|Not Section 504
18401|Central Kitsap School District|859|774.818|0.902|2017|PREP - Tier 2|2 Year / CTC|0.32|0.28864|Section 504|Not Section 504
18401|Central Kitsap School District|859|774.818|0.902|2017|PREP - Tier 2|4 Year|0.27|0.24354|Section 504|Not Section 504
18401|Central Kitsap School District|859|774.818|0.902|2017|PREP - Tier 2|Not Enrolled|0.41|0.46782|Section 504|Not Section 504
18401|Central Kitsap School District|862|759.422|0.881|2016|PREP - Tier 2|2 Year / CTC|0.33|0.29073|Section 504|Not Section 504
18401|Central Kitsap School District|862|759.422|0.881|2016|PREP - Tier 2|4 Year|0.27|0.23787|Section 504|Not Section 504
18401|Central Kitsap School District|862|759.422|0.881|2016|PREP - Tier 2|Not Enrolled|0.4|0.4714|Section 504|Not Section 504
18401|Central Kitsap School District|868|793.352|0.914|2015|PREP - Tier 2|2 Year / CTC|0.34|0.31076|Section 504|Not Section 504
18401|Central Kitsap School District|868|793.352|0.914|2015|PREP - Tier 2|4 Year|0.28|0.25592|Section 504|Not Section 504
18401|Central Kitsap School District|868|793.352|0.914|2015|PREP - Tier 2|Not Enrolled|0.38|0.43332|Section 504|Not Section 504
18401|Central Kitsap School District|945|819.315|0.867|2014|PREP - Tier 2|2 Year / CTC|0.35|0.30345|Section 504|Not Section 504
18401|Central Kitsap School District|945|819.315|0.867|2014|PREP - Tier 2|4 Year|0.28|0.24276|Section 504|Not Section 504
18401|Central Kitsap School District|945|819.315|0.867|2014|PREP - Tier 2|Not Enrolled|0.37|0.45379|Section 504|Not Section 504
18401|Central Kitsap School District|53|49.82|0.94|2020|PREP - Tier 2|2 Year / CTC|0.38|0.3572|Section 504|Section 504
18401|Central Kitsap School District|53|49.82|0.94|2020|PREP - Tier 2|4 Year|0.19|0.1786|Section 504|Section 504
18401|Central Kitsap School District|53|49.82|0.94|2020|PREP - Tier 2|Not Enrolled|0.43|0.4642|Section 504|Section 504
18401|Central Kitsap School District|70|64.4|0.92|2019|PREP - Tier 2|2 Year / CTC|0.43|0.3956|Section 504|Section 504
18401|Central Kitsap School District|70|64.4|0.92|2019|PREP - Tier 2|4 Year|0.23|0.2116|Section 504|Section 504
18401|Central Kitsap School District|70|64.4|0.92|2019|PREP - Tier 2|Not Enrolled|0.35|0.402|Section 504|Section 504
18401|Central Kitsap School District|50|46.5|0.93|2018|PREP - Tier 2|2 Year / CTC|0.43|0.3999|Section 504|Section 504
18401|Central Kitsap School District|50|46.5|0.93|2018|PREP - Tier 2|4 Year|0.24|0.2232|Section 504|Section 504
18401|Central Kitsap School District|50|46.5|0.93|2018|PREP - Tier 2|Not Enrolled|0.33|0.3769|Section 504|Section 504
18401|Central Kitsap School District|64|56.32|0.88|2017|PREP - Tier 2|2 Year / CTC|0.43|0.3784|Section 504|Section 504
18401|Central Kitsap School District|64|56.32|0.88|2017|PREP - Tier 2|4 Year|0.22|0.1936|Section 504|Section 504
18401|Central Kitsap School District|64|56.32|0.88|2017|PREP - Tier 2|Not Enrolled|0.35|0.428|Section 504|Section 504
18401|Central Kitsap School District|51|48.45|0.95|2016|PREP - Tier 2|2 Year / CTC|0.47|0.4465|Section 504|Section 504
18401|Central Kitsap School District|51|48.45|0.95|2016|PREP - Tier 2|4 Year|0.2|0.19|Section 504|Section 504
18401|Central Kitsap School District|51|48.45|0.95|2016|PREP - Tier 2|Not Enrolled|0.33|0.3635|Section 504|Section 504
18401|Central Kitsap School District|52|44.2|0.85|2015|PREP - Tier 2|2 Year / CTC|0.51|0.4335|Section 504|Section 504
18401|Central Kitsap School District|52|44.2|0.85|2015|PREP - Tier 2|4 Year|0.18|0.153|Section 504|Section 504
18401|Central Kitsap School District|52|44.2|0.85|2015|PREP - Tier 2|Not Enrolled|0.32|0.422|Section 504|Section 504
18401|Central Kitsap School District|46|41.538|0.903|2014|PREP - Tier 2|2 Year / CTC|0.53|0.47859|Section 504|Section 504
18401|Central Kitsap School District|46|41.538|0.903|2014|PREP - Tier 2|4 Year|0.22|0.19866|Section 504|Section 504
18401|Central Kitsap School District|46|41.538|0.903|2014|PREP - Tier 2|Not Enrolled|0.26|0.33178|Section 504|Section 504
18401|Central Kitsap School District|903|832|0.9213732|2020|PREP - Tier 2|2 Year / CTC|0.23|0.211915836|All Students|All
18401|Central Kitsap School District|903|832|0.9213732|2020|PREP - Tier 2|4 Year|0.27|0.248770764|All Students|All
18401|Central Kitsap School District|903|832|0.9213732|2020|PREP - Tier 2|Not Enrolled|0.5|0.5393134|All Students|All
18401|Central Kitsap School District|848|779|0.918632075|2019|PREP - Tier 2|2 Year / CTC|0.31|0.28477594325|All Students|All
18401|Central Kitsap School District|848|779|0.918632075|2019|PREP - Tier 2|4 Year|0.32|0.293962264|All Students|All
18401|Central Kitsap School District|848|779|0.918632075|2019|PREP - Tier 2|Not Enrolled|0.38|0.4304481135|All Students|All
18401|Central Kitsap School District|846|783|0.925531915|2018|PREP - Tier 2|2 Year / CTC|0.34|0.3146808511|All Students|All
18401|Central Kitsap School District|846|783|0.925531915|2018|PREP - Tier 2|4 Year|0.29|0.26840425535|All Students|All
18401|Central Kitsap School District|846|783|0.925531915|2018|PREP - Tier 2|Not Enrolled|0.36|0.4076595744|All Students|All
18401|Central Kitsap School District|847|763|0.900826446|2017|PREP - Tier 2|2 Year / CTC|0.31|0.27925619826|All Students|All
18401|Central Kitsap School District|847|763|0.900826446|2017|PREP - Tier 2|4 Year|0.26|0.23421487596|All Students|All
18401|Central Kitsap School District|847|763|0.900826446|2017|PREP - Tier 2|Not Enrolled|0.42|0.47752066132|All Students|All
18401|Central Kitsap School District|871|771|0.885189437|2016|PREP - Tier 2|2 Year / CTC|0.34|0.30096440858|All Students|All
18401|Central Kitsap School District|871|771|0.885189437|2016|PREP - Tier 2|4 Year|0.26|0.23014925362|All Students|All
18401|Central Kitsap School District|871|771|0.885189437|2016|PREP - Tier 2|Not Enrolled|0.4|0.4688863378|All Students|All
18401|Central Kitsap School District|904|823|0.91039823|2015|PREP - Tier 2|2 Year / CTC|0.33|0.3004314159|All Students|All
18401|Central Kitsap School District|904|823|0.91039823|2015|PREP - Tier 2|4 Year|0.27|0.2458075221|All Students|All
18401|Central Kitsap School District|904|823|0.91039823|2015|PREP - Tier 2|Not Enrolled|0.39|0.4446570797|All Students|All
18401|Central Kitsap School District|956|832|0.870292887|2014|PREP - Tier 2|2 Year / CTC|0.34|0.29589958158|All Students|All
18401|Central Kitsap School District|956|832|0.870292887|2014|PREP - Tier 2|4 Year|0.26|0.22627615062|All Students|All
18401|Central Kitsap School District|956|832|0.870292887|2014|PREP - Tier 2|Not Enrolled|0.4|0.4778242678|All Students|All
18401|Central Kitsap School District|29|24.418|0.842|2020|PREP - Tier 2|2 Year / CTC|0.505|0.42521|Bilingual|Bilingual
18401|Central Kitsap School District|29|24.418|0.842|2020|PREP - Tier 2|4 Year|0.1|0.0842|Bilingual|Bilingual
18401|Central Kitsap School District|29|24.418|0.842|2020|PREP - Tier 2|Not Enrolled|0.505|0.58321|Bilingual|Bilingual
18401|Central Kitsap School District|25|16.75|0.67|2019|PREP - Tier 2|2 Year / CTC|0.705|0.47235|Bilingual|Bilingual
18401|Central Kitsap School District|25|16.75|0.67|2019|PREP - Tier 2|4 Year|0.1|0.067|Bilingual|Bilingual
18401|Central Kitsap School District|25|16.75|0.67|2019|PREP - Tier 2|Not Enrolled|0.305|0.53435|Bilingual|Bilingual
18401|Central Kitsap School District|13|9.997|0.769|2018|PREP - Tier 2|2 Year / CTC|0.305|0.234545|Bilingual|Bilingual
18401|Central Kitsap School District|13|9.997|0.769|2018|PREP - Tier 2|4 Year|0.1|0.0769|Bilingual|Bilingual
18401|Central Kitsap School District|13|9.997|0.769|2018|PREP - Tier 2|Not Enrolled|0.705|0.773145|Bilingual|Bilingual
18401|Central Kitsap School District|15|10.35|0.69|2017|PREP - Tier 2|2 Year / CTC|0.305|0.21045|Bilingual|Bilingual
18401|Central Kitsap School District|15|10.35|0.69|2017|PREP - Tier 2|4 Year|0.1|0.069|Bilingual|Bilingual
18401|Central Kitsap School District|15|10.35|0.69|2017|PREP - Tier 2|Not Enrolled|0.705|0.79645|Bilingual|Bilingual
18401|Central Kitsap School District|8|6.288|0.786|2016|PREP - Tier 2|2 Year / CTC|0.1|0.0786|Bilingual|Bilingual
18401|Central Kitsap School District|8|6.288|0.786|2016|PREP - Tier 2|4 Year|0.1|0.0786|Bilingual|Bilingual
18401|Central Kitsap School District|8|6.288|0.786|2016|PREP - Tier 2|Not Enrolled|0.9|0.9214|Bilingual|Bilingual
18401|Central Kitsap School District|10|8|0.8|2015|PREP - Tier 2|2 Year / CTC|0.305|0.244|Bilingual|Bilingual
18401|Central Kitsap School District|10|8|0.8|2015|PREP - Tier 2|4 Year|0.1|0.08|Bilingual|Bilingual
18401|Central Kitsap School District|10|8|0.8|2015|PREP - Tier 2|Not Enrolled|0.705|0.764|Bilingual|Bilingual
18401|Central Kitsap School District|10|7.6|0.76|2014|PREP - Tier 2|2 Year / CTC|0.305|0.2318|Bilingual|Bilingual
18401|Central Kitsap School District|10|7.6|0.76|2014|PREP - Tier 2|4 Year|0.1|0.076|Bilingual|Bilingual
18401|Central Kitsap School District|10|7.6|0.76|2014|PREP - Tier 2|Not Enrolled|0.705|0.7758|Bilingual|Bilingual
18401|Central Kitsap School District|932|859.304|0.922|2020|PREP - Tier 2|2 Year / CTC|0.29|0.26738|Bilingual|Not Bilingual
18401|Central Kitsap School District|932|859.304|0.922|2020|PREP - Tier 2|4 Year|0.3|0.2766|Bilingual|Not Bilingual
18401|Central Kitsap School District|932|859.304|0.922|2020|PREP - Tier 2|Not Enrolled|0.41|0.45602|Bilingual|Not Bilingual
18401|Central Kitsap School District|925|853.775|0.923|2019|PREP - Tier 2|2 Year / CTC|0.32|0.29536|Bilingual|Not Bilingual
18401|Central Kitsap School District|925|853.775|0.923|2019|PREP - Tier 2|4 Year|0.29|0.26767|Bilingual|Not Bilingual
18401|Central Kitsap School District|925|853.775|0.923|2019|PREP - Tier 2|Not Enrolled|0.39|0.43697|Bilingual|Not Bilingual
18401|Central Kitsap School District|913|846.351|0.927|2018|PREP - Tier 2|2 Year / CTC|0.33|0.30591|Bilingual|Not Bilingual
18401|Central Kitsap School District|913|846.351|0.927|2018|PREP - Tier 2|4 Year|0.27|0.25029|Bilingual|Not Bilingual
18401|Central Kitsap School District|913|846.351|0.927|2018|PREP - Tier 2|Not Enrolled|0.4|0.4438|Bilingual|Not Bilingual
18401|Central Kitsap School District|908|820.832|0.904|2017|PREP - Tier 2|2 Year / CTC|0.33|0.29832|Bilingual|Not Bilingual
18401|Central Kitsap School District|908|820.832|0.904|2017|PREP - Tier 2|4 Year|0.27|0.24408|Bilingual|Not Bilingual
18401|Central Kitsap School District|908|820.832|0.904|2017|PREP - Tier 2|Not Enrolled|0.4|0.4576|Bilingual|Not Bilingual
18401|Central Kitsap School District|905|802.735|0.887|2016|PREP - Tier 2|2 Year / CTC|0.34|0.30158|Bilingual|Not Bilingual
18401|Central Kitsap School District|905|802.735|0.887|2016|PREP - Tier 2|4 Year|0.27|0.23949|Bilingual|Not Bilingual
18401|Central Kitsap School District|905|802.735|0.887|2016|PREP - Tier 2|Not Enrolled|0.39|0.45893|Bilingual|Not Bilingual
18401|Central Kitsap School District|910|829.92|0.912|2015|PREP - Tier 2|2 Year / CTC|0.34|0.31008|Bilingual|Not Bilingual
18401|Central Kitsap School District|910|829.92|0.912|2015|PREP - Tier 2|4 Year|0.28|0.25536|Bilingual|Not Bilingual
18401|Central Kitsap School District|910|829.92|0.912|2015|PREP - Tier 2|Not Enrolled|0.38|0.43456|Bilingual|Not Bilingual
18401|Central Kitsap School District|981|855.432|0.872|2014|PREP - Tier 2|2 Year / CTC|0.35|0.3052|Bilingual|Not Bilingual
18401|Central Kitsap School District|981|855.432|0.872|2014|PREP - Tier 2|4 Year|0.28|0.24416|Bilingual|Not Bilingual
18401|Central Kitsap School District|981|855.432|0.872|2014|PREP - Tier 2|Not Enrolled|0.37|0.45064|Bilingual|Not Bilingual
18401|Central Kitsap School District|436|418|0.958715596|2020|PREP - Tier 2|2 Year / CTC|0.26|0.24926605496|Gender|Female
18401|Central Kitsap School District|436|418|0.958715596|2020|PREP - Tier 2|4 Year|0.34|0.32596330264|Gender|Female
18401|Central Kitsap School District|436|418|0.958715596|2020|PREP - Tier 2|Not Enrolled|0.4|0.4247706424|Gender|Female
18401|Central Kitsap School District|417|392|0.940047962|2019|PREP - Tier 2|2 Year / CTC|0.33|0.31021582746|Gender|Female
18401|Central Kitsap School District|417|392|0.940047962|2019|PREP - Tier 2|4 Year|0.37|0.34781774594|Gender|Female
18401|Central Kitsap School District|417|392|0.940047962|2019|PREP - Tier 2|Not Enrolled|0.29|0.33256594698|Gender|Female
18401|Central Kitsap School District|431|415|0.96287703|2018|PREP - Tier 2|2 Year / CTC|0.33|0.3177494199|Gender|Female
18401|Central Kitsap School District|431|415|0.96287703|2018|PREP - Tier 2|4 Year|0.37|0.3562645011|Gender|Female
18401|Central Kitsap School District|431|415|0.96287703|2018|PREP - Tier 2|Not Enrolled|0.3|0.325986079|Gender|Female
18401|Central Kitsap School District|409|376|0.919315403|2017|PREP - Tier 2|2 Year / CTC|0.33|0.30337408299|Gender|Female
18401|Central Kitsap School District|409|376|0.919315403|2017|PREP - Tier 2|4 Year|0.31|0.28498777493|Gender|Female
18401|Central Kitsap School District|409|376|0.919315403|2017|PREP - Tier 2|Not Enrolled|0.36|0.41163814208|Gender|Female
18401|Central Kitsap School District|372|333|0.89516129|2016|PREP - Tier 2|2 Year / CTC|0.34|0.3043548386|Gender|Female
18401|Central Kitsap School District|372|333|0.89516129|2016|PREP - Tier 2|4 Year|0.29|0.2595967741|Gender|Female
18401|Central Kitsap School District|372|333|0.89516129|2016|PREP - Tier 2|Not Enrolled|0.37|0.4360483873|Gender|Female
18401|Central Kitsap School District|455|428|0.940659341|2015|PREP - Tier 2|2 Year / CTC|0.34|0.31982417594|Gender|Female
18401|Central Kitsap School District|455|428|0.940659341|2015|PREP - Tier 2|4 Year|0.31|0.29160439571|Gender|Female
18401|Central Kitsap School District|455|428|0.940659341|2015|PREP - Tier 2|Not Enrolled|0.35|0.38857142835|Gender|Female
18401|Central Kitsap School District|457|393|0.859956236|2014|PREP - Tier 2|2 Year / CTC|0.36|0.30958424496|Gender|Female
18401|Central Kitsap School District|457|393|0.859956236|2014|PREP - Tier 2|4 Year|0.28|0.24078774608|Gender|Female
18401|Central Kitsap School District|457|393|0.859956236|2014|PREP - Tier 2|Not Enrolled|0.36|0.44962800896|Gender|Female
18401|Central Kitsap School District|467|414|0.886509636|2020|PREP - Tier 2|2 Year / CTC|0.2|0.1773019272|Gender|Male
18401|Central Kitsap School District|467|414|0.886509636|2020|PREP - Tier 2|4 Year|0.21|0.18616702356|Gender|Male
18401|Central Kitsap School District|467|414|0.886509636|2020|PREP - Tier 2|Not Enrolled|0.59|0.63653104924|Gender|Male
18401|Central Kitsap School District|431|387|0.897911833|2019|PREP - Tier 2|2 Year / CTC|0.28|0.25141531324|Gender|Male
18401|Central Kitsap School District|431|387|0.897911833|2019|PREP - Tier 2|4 Year|0.26|0.23345707658|Gender|Male
18401|Central Kitsap School District|431|387|0.897911833|2019|PREP - Tier 2|Not Enrolled|0.46|0.51512761018|Gender|Male
18401|Central Kitsap School District|415|368|0.886746988|2018|PREP - Tier 2|2 Year / CTC|0.35|0.3103614458|Gender|Male
18401|Central Kitsap School District|415|368|0.886746988|2018|PREP - Tier 2|4 Year|0.21|0.18621686748|Gender|Male
18401|Central Kitsap School District|415|368|0.886746988|2018|PREP - Tier 2|Not Enrolled|0.44|0.50342168672|Gender|Male
18401|Central Kitsap School District|438|387|0.883561644|2017|PREP - Tier 2|2 Year / CTC|0.3|0.2650684932|Gender|Male
18401|Central Kitsap School District|438|387|0.883561644|2017|PREP - Tier 2|4 Year|0.21|0.18554794524|Gender|Male
18401|Central Kitsap School District|438|387|0.883561644|2017|PREP - Tier 2|Not Enrolled|0.48|0.54054794512|Gender|Male
18401|Central Kitsap School District|499|438|0.877755511|2016|PREP - Tier 2|2 Year / CTC|0.33|0.28965931863|Gender|Male
18401|Central Kitsap School District|499|438|0.877755511|2016|PREP - Tier 2|4 Year|0.24|0.21066132264|Gender|Male
18401|Central Kitsap School District|499|438|0.877755511|2016|PREP - Tier 2|Not Enrolled|0.42|0.49090180362|Gender|Male
18401|Central Kitsap School District|449|395|0.879732739|2015|PREP - Tier 2|2 Year / CTC|0.32|0.28151447648|Gender|Male
18401|Central Kitsap School District|449|395|0.879732739|2015|PREP - Tier 2|4 Year|0.24|0.21113585736|Gender|Male
18401|Central Kitsap School District|449|395|0.879732739|2015|PREP - Tier 2|Not Enrolled|0.44|0.50734966616|Gender|Male
18401|Central Kitsap School District|499|439|0.879759519|2014|PREP - Tier 2|2 Year / CTC|0.32|0.28152304608|Gender|Male
18401|Central Kitsap School District|499|439|0.879759519|2014|PREP - Tier 2|4 Year|0.25|0.21993987975|Gender|Male
18401|Central Kitsap School District|499|439|0.879759519|2014|PREP - Tier 2|Not Enrolled|0.43|0.49853707417|Gender|Male
18401|Central Kitsap School District|386|340|0.880829016|2020|PREP - Tier 2|2 Year / CTC|0.19|0.16735751304|FRPL|FRPL
18401|Central Kitsap School District|386|340|0.880829016|2020|PREP - Tier 2|4 Year|0.13|0.11450777208|FRPL|FRPL
18401|Central Kitsap School District|386|340|0.880829016|2020|PREP - Tier 2|Not Enrolled|0.68|0.71813471488|FRPL|FRPL
18401|Central Kitsap School District|340|294|0.864705882|2019|PREP - Tier 2|2 Year / CTC|0.32|0.27670588224|FRPL|FRPL
18401|Central Kitsap School District|340|294|0.864705882|2019|PREP - Tier 2|4 Year|0.17|0.14699999994|FRPL|FRPL
18401|Central Kitsap School District|340|294|0.864705882|2019|PREP - Tier 2|Not Enrolled|0.51|0.57629411782|FRPL|FRPL
18401|Central Kitsap School District|319|275|0.862068966|2018|PREP - Tier 2|2 Year / CTC|0.35|0.3017241381|FRPL|FRPL
18401|Central Kitsap School District|319|275|0.862068966|2018|PREP - Tier 2|4 Year|0.13|0.11206896558|FRPL|FRPL
18401|Central Kitsap School District|319|275|0.862068966|2018|PREP - Tier 2|Not Enrolled|0.52|0.58620689632|FRPL|FRPL
18401|Central Kitsap School District|322|268|0.832298137|2017|PREP - Tier 2|2 Year / CTC|0.29|0.24136645973|FRPL|FRPL
18401|Central Kitsap School District|322|268|0.832298137|2017|PREP - Tier 2|4 Year|0.16|0.13316770192|FRPL|FRPL
18401|Central Kitsap School District|322|268|0.832298137|2017|PREP - Tier 2|Not Enrolled|0.55|0.62546583835|FRPL|FRPL
18401|Central Kitsap School District|347|275|0.792507205|2016|PREP - Tier 2|2 Year / CTC|0.3|0.2377521615|FRPL|FRPL
18401|Central Kitsap School District|347|275|0.792507205|2016|PREP - Tier 2|4 Year|0.14|0.1109510087|FRPL|FRPL
18401|Central Kitsap School District|347|275|0.792507205|2016|PREP - Tier 2|Not Enrolled|0.56|0.6512968298|FRPL|FRPL
18401|Central Kitsap School District|298|245|0.822147651|2015|PREP - Tier 2|2 Year / CTC|0.29|0.23842281879|FRPL|FRPL
18401|Central Kitsap School District|298|245|0.822147651|2015|PREP - Tier 2|4 Year|0.14|0.11510067114|FRPL|FRPL
18401|Central Kitsap School District|298|245|0.822147651|2015|PREP - Tier 2|Not Enrolled|0.58|0.65469798658|FRPL|FRPL
18401|Central Kitsap School District|350|287|0.82|2014|PREP - Tier 2|2 Year / CTC|0.32|0.2624|FRPL|FRPL
18401|Central Kitsap School District|350|287|0.82|2014|PREP - Tier 2|4 Year|0.08|0.0656|FRPL|FRPL
18401|Central Kitsap School District|350|287|0.82|2014|PREP - Tier 2|Not Enrolled|0.59|0.6638|FRPL|FRPL
18401|Central Kitsap School District|517|492|0.951644101|2020|PREP - Tier 2|2 Year / CTC|0.26|0.24742746626|FRPL|Not FRPL
18401|Central Kitsap School District|517|492|0.951644101|2020|PREP - Tier 2|4 Year|0.34|0.32355899434|FRPL|Not FRPL
18401|Central Kitsap School District|517|492|0.951644101|2020|PREP - Tier 2|Not Enrolled|0.4|0.4290135394|FRPL|Not FRPL
18401|Central Kitsap School District|508|485|0.954724409|2019|PREP - Tier 2|2 Year / CTC|0.3|0.2864173227|FRPL|Not FRPL
18401|Central Kitsap School District|508|485|0.954724409|2019|PREP - Tier 2|4 Year|0.39|0.37234251951|FRPL|Not FRPL
18401|Central Kitsap School District|508|485|0.954724409|2019|PREP - Tier 2|Not Enrolled|0.32|0.35078740188|FRPL|Not FRPL
18401|Central Kitsap School District|527|508|0.963946869|2018|PREP - Tier 2|2 Year / CTC|0.34|0.32774193546|FRPL|Not FRPL
18401|Central Kitsap School District|527|508|0.963946869|2018|PREP - Tier 2|4 Year|0.36|0.34702087284|FRPL|Not FRPL
18401|Central Kitsap School District|527|508|0.963946869|2018|PREP - Tier 2|Not Enrolled|0.3|0.3252371917|FRPL|Not FRPL
18401|Central Kitsap School District|525|495|0.942857143|2017|PREP - Tier 2|2 Year / CTC|0.32|0.30171428576|FRPL|Not FRPL
18401|Central Kitsap School District|525|495|0.942857143|2017|PREP - Tier 2|4 Year|0.28|0.26400000004|FRPL|Not FRPL
18401|Central Kitsap School District|525|495|0.942857143|2017|PREP - Tier 2|Not Enrolled|0.4|0.4342857142|FRPL|Not FRPL
18401|Central Kitsap School District|524|496|0.946564885|2016|PREP - Tier 2|2 Year / CTC|0.35|0.33129770975|FRPL|Not FRPL
18401|Central Kitsap School District|524|496|0.946564885|2016|PREP - Tier 2|4 Year|0.3|0.2839694655|FRPL|Not FRPL
18401|Central Kitsap School District|524|496|0.946564885|2016|PREP - Tier 2|Not Enrolled|0.35|0.38473282475|FRPL|Not FRPL
18401|Central Kitsap School District|606|578|0.95379538|2015|PREP - Tier 2|2 Year / CTC|0.35|0.333828383|FRPL|Not FRPL
18401|Central Kitsap School District|606|578|0.95379538|2015|PREP - Tier 2|4 Year|0.32|0.3052145216|FRPL|Not FRPL
18401|Central Kitsap School District|606|578|0.95379538|2015|PREP - Tier 2|Not Enrolled|0.33|0.3609570954|FRPL|Not FRPL
18401|Central Kitsap School District|606|545|0.899339934|2014|PREP - Tier 2|2 Year / CTC|0.35|0.3147689769|FRPL|Not FRPL
18401|Central Kitsap School District|606|545|0.899339934|2014|PREP - Tier 2|4 Year|0.33|0.29678217822|FRPL|Not FRPL
18401|Central Kitsap School District|606|545|0.899339934|2014|PREP - Tier 2|Not Enrolled|0.32|0.38844884488|FRPL|Not FRPL
18401|Central Kitsap School District|50|46|0.92|2020|PREP - Tier 2|2 Year / CTC|0.36|0.3312|Race/Ethnicity|Asian
18401|Central Kitsap School District|50|46|0.92|2020|PREP - Tier 2|4 Year|0.36|0.3312|Race/Ethnicity|Asian
18401|Central Kitsap School District|50|46|0.92|2020|PREP - Tier 2|Not Enrolled|0.28|0.3376|Race/Ethnicity|Asian
18401|Central Kitsap School District|65|60|0.923076923|2019|PREP - Tier 2|2 Year / CTC|0.38|0.35076923074|Race/Ethnicity|Asian
18401|Central Kitsap School District|65|60|0.923076923|2019|PREP - Tier 2|4 Year|0.35|0.32307692305|Race/Ethnicity|Asian
18401|Central Kitsap School District|65|60|0.923076923|2019|PREP - Tier 2|Not Enrolled|0.27|0.32615384621|Race/Ethnicity|Asian
18401|Central Kitsap School District|70|64.75|0.925|2018|PREP - Tier 2|2 Year / CTC|0.44|0.407|Race/Ethnicity|Asian
18401|Central Kitsap School District|70|64.75|0.925|2018|PREP - Tier 2|4 Year|0.28|0.259|Race/Ethnicity|Asian
18401|Central Kitsap School District|70|64.75|0.925|2018|PREP - Tier 2|Not Enrolled|0.29|0.34325|Race/Ethnicity|Asian
18401|Central Kitsap School District|45|42.525|0.945|2017|PREP - Tier 2|2 Year / CTC|0.4|0.378|Race/Ethnicity|Asian
18401|Central Kitsap School District|45|42.525|0.945|2017|PREP - Tier 2|4 Year|0.3|0.2835|Race/Ethnicity|Asian
18401|Central Kitsap School District|45|42.525|0.945|2017|PREP - Tier 2|Not Enrolled|0.31|0.34795|Race/Ethnicity|Asian
18401|Central Kitsap School District|53|49|0.924528302|2016|PREP - Tier 2|2 Year / CTC|0.43|0.39754716986|Race/Ethnicity|Asian
18401|Central Kitsap School District|53|49|0.924528302|2016|PREP - Tier 2|4 Year|0.28|0.25886792456|Race/Ethnicity|Asian
18401|Central Kitsap School District|53|49|0.924528302|2016|PREP - Tier 2|Not Enrolled|0.29|0.34358490558|Race/Ethnicity|Asian
18401|Central Kitsap School District|60|57.48|0.958|2015|PREP - Tier 2|2 Year / CTC|0.44|0.42152|Race/Ethnicity|Asian
18401|Central Kitsap School District|60|57.48|0.958|2015|PREP - Tier 2|4 Year|0.31|0.29698|Race/Ethnicity|Asian
18401|Central Kitsap School District|60|57.48|0.958|2015|PREP - Tier 2|Not Enrolled|0.25|0.2815|Race/Ethnicity|Asian
18401|Central Kitsap School District|61|57|0.93442623|2014|PREP - Tier 2|2 Year / CTC|0.42|0.3924590166|Race/Ethnicity|Asian
18401|Central Kitsap School District|61|57|0.93442623|2014|PREP - Tier 2|4 Year|0.34|0.3177049182|Race/Ethnicity|Asian
18401|Central Kitsap School District|61|57|0.93442623|2014|PREP - Tier 2|Not Enrolled|0.24|0.2898360652|Race/Ethnicity|Asian
18401|Central Kitsap School District|40|34|0.85|2020|PREP - Tier 2|2 Year / CTC|0.3|0.255|Race/Ethnicity|Black or African American
18401|Central Kitsap School District|40|34|0.85|2020|PREP - Tier 2|4 Year|0.27|0.2295|Race/Ethnicity|Black or African American
18401|Central Kitsap School District|40|34|0.85|2020|PREP - Tier 2|Not Enrolled|0.43|0.5155|Race/Ethnicity|Black or African American
18401|Central Kitsap School District|37|30.081|0.813|2019|PREP - Tier 2|2 Year / CTC|0.37|0.30081|Race/Ethnicity|Black or African American
18401|Central Kitsap School District|37|30.081|0.813|2019|PREP - Tier 2|4 Year|0.24|0.19512|Race/Ethnicity|Black or African American
18401|Central Kitsap School District|37|30.081|0.813|2019|PREP - Tier 2|Not Enrolled|0.4|0.5122|Race/Ethnicity|Black or African American
18401|Central Kitsap School District|26|22.1|0.85|2018|PREP - Tier 2|2 Year / CTC|0.37|0.3145|Race/Ethnicity|Black or African American
18401|Central Kitsap School District|26|22.1|0.85|2018|PREP - Tier 2|4 Year|0.24|0.204|Race/Ethnicity|Black or African American
18401|Central Kitsap School District|26|22.1|0.85|2018|PREP - Tier 2|Not Enrolled|0.39|0.4815|Race/Ethnicity|Black or African American
18401|Central Kitsap School District|29|25|0.862068966|2017|PREP - Tier 2|2 Year / CTC|0.37|0.31896551742|Race/Ethnicity|Black or African American
18401|Central Kitsap School District|29|25|0.862068966|2017|PREP - Tier 2|4 Year|0.24|0.20689655184|Race/Ethnicity|Black or African American
18401|Central Kitsap School District|29|25|0.862068966|2017|PREP - Tier 2|Not Enrolled|0.39|0.47413793074|Race/Ethnicity|Black or African American
18401|Central Kitsap School District|27|24.003|0.889|2016|PREP - Tier 2|2 Year / CTC|0.36|0.32004|Race/Ethnicity|Black or African American
18401|Central Kitsap School District|27|24.003|0.889|2016|PREP - Tier 2|4 Year|0.25|0.22225|Race/Ethnicity|Black or African American
18401|Central Kitsap School District|27|24.003|0.889|2016|PREP - Tier 2|Not Enrolled|0.39|0.45771|Race/Ethnicity|Black or African American
18401|Central Kitsap School District|28|24.892|0.889|2015|PREP - Tier 2|2 Year / CTC|0.41|0.36449|Race/Ethnicity|Black or African American
18401|Central Kitsap School District|28|24.892|0.889|2015|PREP - Tier 2|4 Year|0.25|0.22225|Race/Ethnicity|Black or African American
18401|Central Kitsap School District|28|24.892|0.889|2015|PREP - Tier 2|Not Enrolled|0.35|0.42215|Race/Ethnicity|Black or African American
18401|Central Kitsap School District|20|14|0.7|2014|PREP - Tier 2|2 Year / CTC|0.39|0.273|Race/Ethnicity|Black or African American
18401|Central Kitsap School District|20|14|0.7|2014|PREP - Tier 2|4 Year|0.24|0.168|Race/Ethnicity|Black or African American
18401|Central Kitsap School District|20|14|0.7|2014|PREP - Tier 2|Not Enrolled|0.37|0.559|Race/Ethnicity|Black or African American
18401|Central Kitsap School District|121|113|0.933884298|2020|PREP - Tier 2|2 Year / CTC|0.32|0.29884297536|Race/Ethnicity|Hispanic or Latino of any race(s)
18401|Central Kitsap School District|121|113|0.933884298|2020|PREP - Tier 2|4 Year|0.22|0.20545454556|Race/Ethnicity|Hispanic or Latino of any race(s)
18401|Central Kitsap School District|121|113|0.933884298|2020|PREP - Tier 2|Not Enrolled|0.46|0.49570247908|Race/Ethnicity|Hispanic or Latino of any race(s)
18401|Central Kitsap School District|129|112|0.868217054|2019|PREP - Tier 2|2 Year / CTC|0.35|0.3038759689|Race/Ethnicity|Hispanic or Latino of any race(s)
18401|Central Kitsap School District|129|112|0.868217054|2019|PREP - Tier 2|4 Year|0.22|0.19100775188|Race/Ethnicity|Hispanic or Latino of any race(s)
18401|Central Kitsap School District|129|112|0.868217054|2019|PREP - Tier 2|Not Enrolled|0.43|0.50511627922|Race/Ethnicity|Hispanic or Latino of any race(s)
18401|Central Kitsap School District|99|91|0.919191919|2018|PREP - Tier 2|2 Year / CTC|0.36|0.33090909084|Race/Ethnicity|Hispanic or Latino of any race(s)
18401|Central Kitsap School District|99|91|0.919191919|2018|PREP - Tier 2|4 Year|0.21|0.19303030299|Race/Ethnicity|Hispanic or Latino of any race(s)
18401|Central Kitsap School District|99|91|0.919191919|2018|PREP - Tier 2|Not Enrolled|0.43|0.47606060617|Race/Ethnicity|Hispanic or Latino of any race(s)
18401|Central Kitsap School District|80|73|0.9125|2017|PREP - Tier 2|2 Year / CTC|0.36|0.3285|Race/Ethnicity|Hispanic or Latino of any race(s)
18401|Central Kitsap School District|80|73|0.9125|2017|PREP - Tier 2|4 Year|0.21|0.191625|Race/Ethnicity|Hispanic or Latino of any race(s)
18401|Central Kitsap School District|80|73|0.9125|2017|PREP - Tier 2|Not Enrolled|0.43|0.479875|Race/Ethnicity|Hispanic or Latino of any race(s)
18401|Central Kitsap School District|88|81|0.920454545|2016|PREP - Tier 2|2 Year / CTC|0.35|0.32215909075|Race/Ethnicity|Hispanic or Latino of any race(s)
18401|Central Kitsap School District|88|81|0.920454545|2016|PREP - Tier 2|4 Year|0.23|0.21170454535|Race/Ethnicity|Hispanic or Latino of any race(s)
18401|Central Kitsap School District|88|81|0.920454545|2016|PREP - Tier 2|Not Enrolled|0.42|0.4661363639|Race/Ethnicity|Hispanic or Latino of any race(s)
18401|Central Kitsap School District|69|63|0.913043478|2015|PREP - Tier 2|2 Year / CTC|0.37|0.33782608686|Race/Ethnicity|Hispanic or Latino of any race(s)
18401|Central Kitsap School District|69|63|0.913043478|2015|PREP - Tier 2|4 Year|0.24|0.21913043472|Race/Ethnicity|Hispanic or Latino of any race(s)
18401|Central Kitsap School District|69|63|0.913043478|2015|PREP - Tier 2|Not Enrolled|0.39|0.44304347842|Race/Ethnicity|Hispanic or Latino of any race(s)
18401|Central Kitsap School District|95|74|0.778947368|2014|PREP - Tier 2|2 Year / CTC|0.4|0.3115789472|Race/Ethnicity|Hispanic or Latino of any race(s)
18401|Central Kitsap School District|95|74|0.778947368|2014|PREP - Tier 2|4 Year|0.23|0.17915789464|Race/Ethnicity|Hispanic or Latino of any race(s)
18401|Central Kitsap School District|95|74|0.778947368|2014|PREP - Tier 2|Not Enrolled|0.37|0.50926315816|Race/Ethnicity|Hispanic or Latino of any race(s)
18401|Central Kitsap School District|151|129|0.854304636|2017|PREP - Tier 2|2 Year / CTC|0.36|0.30754966896|Race/Ethnicity|Two or More Races
18401|Central Kitsap School District|151|129|0.854304636|2017|PREP - Tier 2|4 Year|0.25|0.213576159|Race/Ethnicity|Two or More Races
18401|Central Kitsap School District|151|129|0.854304636|2017|PREP - Tier 2|Not Enrolled|0.38|0.47033112568|Race/Ethnicity|Two or More Races
18401|Central Kitsap School District|177|165|0.93220339|2020|PREP - Tier 2|2 Year / CTC|0.3|0.279661017|Race/Ethnicity|Two or More Races
18401|Central Kitsap School District|177|165|0.93220339|2020|PREP - Tier 2|4 Year|0.29|0.2703389831|Race/Ethnicity|Two or More Races
18401|Central Kitsap School District|177|165|0.93220339|2020|PREP - Tier 2|Not Enrolled|0.41|0.4499999999|Race/Ethnicity|Two or More Races
18401|Central Kitsap School District|138|128|0.927536232|2019|PREP - Tier 2|2 Year / CTC|0.33|0.30608695656|Race/Ethnicity|Two or More Races
18401|Central Kitsap School District|138|128|0.927536232|2019|PREP - Tier 2|4 Year|0.31|0.28753623192|Race/Ethnicity|Two or More Races
18401|Central Kitsap School District|138|128|0.927536232|2019|PREP - Tier 2|Not Enrolled|0.37|0.41565217384|Race/Ethnicity|Two or More Races
18401|Central Kitsap School District|160|145|0.90625|2018|PREP - Tier 2|2 Year / CTC|0.35|0.3171875|Race/Ethnicity|Two or More Races
18401|Central Kitsap School District|160|145|0.90625|2018|PREP - Tier 2|4 Year|0.28|0.25375|Race/Ethnicity|Two or More Races
18401|Central Kitsap School District|160|145|0.90625|2018|PREP - Tier 2|Not Enrolled|0.37|0.4290625|Race/Ethnicity|Two or More Races
18401|Central Kitsap School District|127|107|0.842519685|2016|PREP - Tier 2|2 Year / CTC|0.37|0.31173228345|Race/Ethnicity|Two or More Races
18401|Central Kitsap School District|127|107|0.842519685|2016|PREP - Tier 2|4 Year|0.24|0.2022047244|Race/Ethnicity|Two or More Races
18401|Central Kitsap School District|127|107|0.842519685|2016|PREP - Tier 2|Not Enrolled|0.39|0.48606299215|Race/Ethnicity|Two or More Races
18401|Central Kitsap School District|150|131|0.873333333|2015|PREP - Tier 2|2 Year / CTC|0.38|0.33186666654|Race/Ethnicity|Two or More Races
18401|Central Kitsap School District|150|131|0.873333333|2015|PREP - Tier 2|4 Year|0.22|0.19213333326|Race/Ethnicity|Two or More Races
18401|Central Kitsap School District|150|131|0.873333333|2015|PREP - Tier 2|Not Enrolled|0.4|0.4760000002|Race/Ethnicity|Two or More Races
18401|Central Kitsap School District|153|140|0.91503268|2014|PREP - Tier 2|2 Year / CTC|0.38|0.3477124184|Race/Ethnicity|Two or More Races
18401|Central Kitsap School District|153|140|0.91503268|2014|PREP - Tier 2|4 Year|0.23|0.2104575164|Race/Ethnicity|Two or More Races
18401|Central Kitsap School District|153|140|0.91503268|2014|PREP - Tier 2|Not Enrolled|0.39|0.4418300652|Race/Ethnicity|Two or More Races
18401|Central Kitsap School District|503|466|0.926441352|2020|PREP - Tier 2|2 Year / CTC|0.28|0.25940357856|Race/Ethnicity|White
18401|Central Kitsap School District|503|466|0.926441352|2020|PREP - Tier 2|4 Year|0.31|0.28719681912|Race/Ethnicity|White
18401|Central Kitsap School District|503|466|0.926441352|2020|PREP - Tier 2|Not Enrolled|0.42|0.46266401584|Race/Ethnicity|White
18401|Central Kitsap School District|491|455|0.926680244|2019|PREP - Tier 2|2 Year / CTC|0.31|0.28727087564|Race/Ethnicity|White
18401|Central Kitsap School District|491|455|0.926680244|2019|PREP - Tier 2|4 Year|0.29|0.26873727076|Race/Ethnicity|White
18401|Central Kitsap School District|491|455|0.926680244|2019|PREP - Tier 2|Not Enrolled|0.4|0.4439918536|Race/Ethnicity|White
18401|Central Kitsap School District|517|479|0.926499033|2018|PREP - Tier 2|2 Year / CTC|0.31|0.28721470023|Race/Ethnicity|White
18401|Central Kitsap School District|517|479|0.926499033|2018|PREP - Tier 2|4 Year|0.28|0.25941972924|Race/Ethnicity|White
18401|Central Kitsap School District|517|479|0.926499033|2018|PREP - Tier 2|Not Enrolled|0.41|0.45336557053|Race/Ethnicity|White
18401|Central Kitsap School District|517|471|0.911025145|2017|PREP - Tier 2|2 Year / CTC|0.3|0.2733075435|Race/Ethnicity|White
18401|Central Kitsap School District|517|471|0.911025145|2017|PREP - Tier 2|4 Year|0.28|0.2550870406|Race/Ethnicity|White
18401|Central Kitsap School District|517|471|0.911025145|2017|PREP - Tier 2|Not Enrolled|0.42|0.4716054159|Race/Ethnicity|White
18401|Central Kitsap School District|558|496|0.888888889|2016|PREP - Tier 2|2 Year / CTC|0.32|0.28444444448|Race/Ethnicity|White
18401|Central Kitsap School District|558|496|0.888888889|2016|PREP - Tier 2|4 Year|0.28|0.24888888892|Race/Ethnicity|White
18401|Central Kitsap School District|558|496|0.888888889|2016|PREP - Tier 2|Not Enrolled|0.4|0.4666666666|Race/Ethnicity|White
18401|Central Kitsap School District|573|521|0.909249564|2015|PREP - Tier 2|2 Year / CTC|0.32|0.29095986048|Race/Ethnicity|White
18401|Central Kitsap School District|573|521|0.909249564|2015|PREP - Tier 2|4 Year|0.29|0.26368237356|Race/Ethnicity|White
18401|Central Kitsap School District|573|521|0.909249564|2015|PREP - Tier 2|Not Enrolled|0.39|0.44535776596|Race/Ethnicity|White
18401|Central Kitsap School District|614|536|0.872964169|2014|PREP - Tier 2|2 Year / CTC|0.33|0.28807817577|Race/Ethnicity|White
18401|Central Kitsap School District|614|536|0.872964169|2014|PREP - Tier 2|4 Year|0.29|0.25315960901|Race/Ethnicity|White
18401|Central Kitsap School District|614|536|0.872964169|2014|PREP - Tier 2|Not Enrolled|0.38|0.45876221522|Race/Ethnicity|White
36250|College Place School District|138|133.17|0.965|2020|United Way of the Blue Mountains|2 Year / CTC|0.32|0.3088|All Students|All
36250|College Place School District|138|133.17|0.965|2020|United Way of the Blue Mountains|4 Year|0.19|0.18335|All Students|All
36250|College Place School District|138|133.17|0.965|2020|United Way of the Blue Mountains|Not Enrolled|0.49|0.50785|All Students|All
36250|College Place School District|141|133.95|0.95|2019|United Way of the Blue Mountains|2 Year / CTC|0.53|0.5035|All Students|All
36250|College Place School District|141|133.95|0.95|2019|United Way of the Blue Mountains|4 Year|0.19|0.1805|All Students|All
36250|College Place School District|141|133.95|0.95|2019|United Way of the Blue Mountains|Not Enrolled|0.28|0.316|All Students|All
36250|College Place School District|95|90.25|0.95|2018|United Way of the Blue Mountains|2 Year / CTC|0.41|0.3895|All Students|All
36250|College Place School District|95|90.25|0.95|2018|United Way of the Blue Mountains|4 Year|0.23|0.2185|All Students|All
36250|College Place School District|95|90.25|0.95|2018|United Way of the Blue Mountains|Not Enrolled|0.36|0.392|All Students|All
36250|College Place School District|16|12.576|0.786|2020|United Way of the Blue Mountains|2 Year / CTC|0.445|0.34977|Bilingual|Bilingual
36250|College Place School District|16|12.576|0.786|2020|United Way of the Blue Mountains|4 Year|0.05|0.0393|Bilingual|Bilingual
36250|College Place School District|16|12.576|0.786|2020|United Way of the Blue Mountains|Not Enrolled|0.545|0.64237|Bilingual|Bilingual
36250|College Place School District|99|95|0.95959596|2020|United Way of the Blue Mountains|2 Year / CTC|0.41|0.3934343436|Bilingual|Not Bilingual
36250|College Place School District|99|95|0.95959596|2020|United Way of the Blue Mountains|4 Year|0.22|0.2111111112|Bilingual|Not Bilingual
36250|College Place School District|99|95|0.95959596|2020|United Way of the Blue Mountains|Not Enrolled|0.37|0.3954545452|Bilingual|Not Bilingual
36250|College Place School District|61|57.462|0.942|2020|United Way of the Blue Mountains|2 Year / CTC|0.37|0.34854|Gender|Female
36250|College Place School District|61|57.462|0.942|2020|United Way of the Blue Mountains|4 Year|0.31|0.29202|Gender|Female
36250|College Place School District|61|57.462|0.942|2020|United Way of the Blue Mountains|Not Enrolled|0.33|0.36886|Gender|Female
36250|College Place School District|64|59.072|0.923|2019|United Way of the Blue Mountains|2 Year / CTC|0.62|0.57226|Gender|Female
36250|College Place School District|64|59.072|0.923|2019|United Way of the Blue Mountains|4 Year|0.24|0.22152|Gender|Female
36250|College Place School District|64|59.072|0.923|2019|United Way of the Blue Mountains|Not Enrolled|0.14|0.20622|Gender|Female
36250|College Place School District|39|36.777|0.943|2018|United Way of the Blue Mountains|2 Year / CTC|0.35|0.33005|Gender|Female
36250|College Place School District|39|36.777|0.943|2018|United Way of the Blue Mountains|4 Year|0.33|0.31119|Gender|Female
36250|College Place School District|39|36.777|0.943|2018|United Way of the Blue Mountains|Not Enrolled|0.31|0.34933|Gender|Female
36250|College Place School District|77|73.227|0.951|2020|United Way of the Blue Mountains|2 Year / CTC|0.28|0.26628|Gender|Male
36250|College Place School District|77|73.227|0.951|2020|United Way of the Blue Mountains|4 Year|0.09|0.08559|Gender|Male
36250|College Place School District|77|73.227|0.951|2020|United Way of the Blue Mountains|Not Enrolled|0.63|0.64813|Gender|Male
36250|College Place School District|52|48|0.923076923|2019|United Way of the Blue Mountains|2 Year / CTC|0.46|0.42461538458|Gender|Male
36250|College Place School District|52|48|0.923076923|2019|United Way of the Blue Mountains|4 Year|0.15|0.13846153845|Gender|Male
36250|College Place School District|52|48|0.923076923|2019|United Way of the Blue Mountains|Not Enrolled|0.4|0.4461538462|Gender|Male
36250|College Place School District|56|52.248|0.933|2018|United Way of the Blue Mountains|2 Year / CTC|0.48|0.44784|Gender|Male
36250|College Place School District|56|52.248|0.933|2018|United Way of the Blue Mountains|4 Year|0.11|0.10263|Gender|Male
36250|College Place School District|56|52.248|0.933|2018|United Way of the Blue Mountains|Not Enrolled|0.41|0.44953|Gender|Male
36250|College Place School District|69|65.826|0.954|2020|United Way of the Blue Mountains|2 Year / CTC|0.31|0.29574|FRPL|FRPL
36250|College Place School District|69|65.826|0.954|2020|United Way of the Blue Mountains|4 Year|0.1|0.0954|FRPL|FRPL
36250|College Place School District|69|65.826|0.954|2020|United Way of the Blue Mountains|Not Enrolled|0.59|0.60886|FRPL|FRPL
36250|College Place School District|54|50|0.925925926|2019|United Way of the Blue Mountains|2 Year / CTC|0.56|0.51851851856|FRPL|FRPL
36250|College Place School District|54|50|0.925925926|2019|United Way of the Blue Mountains|4 Year|0.1|0.0925925926|FRPL|FRPL
36250|College Place School District|54|50|0.925925926|2019|United Way of the Blue Mountains|Not Enrolled|0.34|0.38888888884|FRPL|FRPL
36250|College Place School District|42|39.522|0.941|2018|United Way of the Blue Mountains|2 Year / CTC|0.38|0.35758|FRPL|FRPL
36250|College Place School District|42|39.522|0.941|2018|United Way of the Blue Mountains|4 Year|0.17|0.15997|FRPL|FRPL
36250|College Place School District|42|39.522|0.941|2018|United Way of the Blue Mountains|Not Enrolled|0.45|0.48245|FRPL|FRPL
36250|College Place School District|69|64.722|0.938|2020|United Way of the Blue Mountains|2 Year / CTC|0.33|0.30954|FRPL|Not FRPL
36250|College Place School District|69|64.722|0.938|2020|United Way of the Blue Mountains|4 Year|0.26|0.24388|FRPL|Not FRPL
36250|College Place School District|69|64.722|0.938|2020|United Way of the Blue Mountains|Not Enrolled|0.4|0.4372|FRPL|Not FRPL
36250|College Place School District|77|70.763|0.919|2019|United Way of the Blue Mountains|2 Year / CTC|0.5|0.4595|FRPL|Not FRPL
36250|College Place School District|77|70.763|0.919|2019|United Way of the Blue Mountains|4 Year|0.27|0.24813|FRPL|Not FRPL
36250|College Place School District|77|70.763|0.919|2019|United Way of the Blue Mountains|Not Enrolled|0.23|0.29237|FRPL|Not FRPL
36250|College Place School District|53|49.608|0.936|2018|United Way of the Blue Mountains|2 Year / CTC|0.44|0.41184|FRPL|Not FRPL
36250|College Place School District|53|49.608|0.936|2018|United Way of the Blue Mountains|4 Year|0.27|0.25272|FRPL|Not FRPL
36250|College Place School District|53|49.608|0.936|2018|United Way of the Blue Mountains|Not Enrolled|0.29|0.33544|FRPL|Not FRPL
36250|College Place School District|49|45.423|0.927|2020|United Way of the Blue Mountains|2 Year / CTC|0.5|0.4635|Race/Ethnicity|Hispanic or Latino of any race(s)
36250|College Place School District|49|45.423|0.927|2020|United Way of the Blue Mountains|4 Year|0.1|0.0927|Race/Ethnicity|Hispanic or Latino of any race(s)
36250|College Place School District|49|45.423|0.927|2020|United Way of the Blue Mountains|Not Enrolled|0.4|0.4438|Race/Ethnicity|Hispanic or Latino of any race(s)
36250|College Place School District|59|56|0.949152542|2020|United Way of the Blue Mountains|2 Year / CTC|0.39|0.37016949138|Race/Ethnicity|White
36250|College Place School District|59|56|0.949152542|2020|United Way of the Blue Mountains|4 Year|0.25|0.2372881355|Race/Ethnicity|White
36250|College Place School District|59|56|0.949152542|2020|United Way of the Blue Mountains|Not Enrolled|0.35|0.3830508477|Race/Ethnicity|White
36400|Columbia (Walla Walla) School District|49|44.59|0.91|2020|United Way of the Blue Mountains|2 Year / CTC|0.3|0.273|All Students|All
36400|Columbia (Walla Walla) School District|49|44.59|0.91|2020|United Way of the Blue Mountains|4 Year|0.17|0.1547|All Students|All
36400|Columbia (Walla Walla) School District|49|44.59|0.91|2020|United Way of the Blue Mountains|Not Enrolled|0.53|0.5723|All Students|All
36400|Columbia (Walla Walla) School District|59|46|0.779661017|2019|United Way of the Blue Mountains|2 Year / CTC|0.49|0.38203389833|All Students|All
36400|Columbia (Walla Walla) School District|59|46|0.779661017|2019|United Way of the Blue Mountains|4 Year|0.2|0.1559322034|All Students|All
36400|Columbia (Walla Walla) School District|59|46|0.779661017|2019|United Way of the Blue Mountains|Not Enrolled|0.31|0.46203389827|All Students|All
36400|Columbia (Walla Walla) School District|61|52|0.852459016|2018|United Way of the Blue Mountains|2 Year / CTC|0.3|0.2557377048|All Students|All
36400|Columbia (Walla Walla) School District|61|52|0.852459016|2018|United Way of the Blue Mountains|4 Year|0.28|0.23868852448|All Students|All
36400|Columbia (Walla Walla) School District|61|52|0.852459016|2018|United Way of the Blue Mountains|Not Enrolled|0.42|0.50557377072|All Students|All
36400|Columbia (Walla Walla) School District|54|45.9|0.85|2017|United Way of the Blue Mountains|2 Year / CTC|0.28|0.238|All Students|All
36400|Columbia (Walla Walla) School District|54|45.9|0.85|2017|United Way of the Blue Mountains|4 Year|0.33|0.2805|All Students|All
36400|Columbia (Walla Walla) School District|54|45.9|0.85|2017|United Way of the Blue Mountains|Not Enrolled|0.38|0.473|All Students|All
36400|Columbia (Walla Walla) School District|70|55.3|0.79|2016|United Way of the Blue Mountains|2 Year / CTC|0.4|0.316|All Students|All
36400|Columbia (Walla Walla) School District|70|55.3|0.79|2016|United Way of the Blue Mountains|4 Year|0.21|0.1659|All Students|All
36400|Columbia (Walla Walla) School District|70|55.3|0.79|2016|United Way of the Blue Mountains|Not Enrolled|0.38|0.5102|All Students|All
36400|Columbia (Walla Walla) School District|55|45.1|0.82|2015|United Way of the Blue Mountains|2 Year / CTC|0.38|0.3116|All Students|All
36400|Columbia (Walla Walla) School District|55|45.1|0.82|2015|United Way of the Blue Mountains|4 Year|0.23|0.1886|All Students|All
36400|Columbia (Walla Walla) School District|55|45.1|0.82|2015|United Way of the Blue Mountains|Not Enrolled|0.38|0.4916|All Students|All
36400|Columbia (Walla Walla) School District|73|63|0.863013699|2014|United Way of the Blue Mountains|2 Year / CTC|0.41|0.35383561659|All Students|All
36400|Columbia (Walla Walla) School District|73|63|0.863013699|2014|United Way of the Blue Mountains|4 Year|0.24|0.20712328776|All Students|All
36400|Columbia (Walla Walla) School District|73|63|0.863013699|2014|United Way of the Blue Mountains|Not Enrolled|0.34|0.43041095866|All Students|All
36400|Columbia (Walla Walla) School District|16|14.352|0.897|2020|United Way of the Blue Mountains|2 Year / CTC|0.42|0.37674|Gender|Female
36400|Columbia (Walla Walla) School District|16|14.352|0.897|2020|United Way of the Blue Mountains|4 Year|0.25|0.22425|Gender|Female
36400|Columbia (Walla Walla) School District|16|14.352|0.897|2020|United Way of the Blue Mountains|Not Enrolled|0.33|0.39901|Gender|Female
36400|Columbia (Walla Walla) School District|30|23.4|0.78|2019|United Way of the Blue Mountains|2 Year / CTC|0.4|0.312|Gender|Female
36400|Columbia (Walla Walla) School District|30|23.4|0.78|2019|United Way of the Blue Mountains|4 Year|0.33|0.2574|Gender|Female
36400|Columbia (Walla Walla) School District|30|23.4|0.78|2019|United Way of the Blue Mountains|Not Enrolled|0.27|0.4306|Gender|Female
36400|Columbia (Walla Walla) School District|35|32|0.914285714|2018|United Way of the Blue Mountains|2 Year / CTC|0.37|0.33828571418|Gender|Female
36400|Columbia (Walla Walla) School District|35|32|0.914285714|2018|United Way of the Blue Mountains|4 Year|0.36|0.32914285704|Gender|Female
36400|Columbia (Walla Walla) School District|35|32|0.914285714|2018|United Way of the Blue Mountains|Not Enrolled|0.27|0.33257142878|Gender|Female
36400|Columbia (Walla Walla) School District|36|32|0.888888889|2017|United Way of the Blue Mountains|2 Year / CTC|0.38|0.33777777782|Gender|Female
36400|Columbia (Walla Walla) School District|36|32|0.888888889|2017|United Way of the Blue Mountains|4 Year|0.36|0.32000000004|Gender|Female
36400|Columbia (Walla Walla) School District|36|32|0.888888889|2017|United Way of the Blue Mountains|Not Enrolled|0.26|0.34222222214|Gender|Female
36400|Columbia (Walla Walla) School District|27|22|0.814814815|2016|United Way of the Blue Mountains|2 Year / CTC|0.45|0.36666666675|Gender|Female
36400|Columbia (Walla Walla) School District|27|22|0.814814815|2016|United Way of the Blue Mountains|4 Year|0.28|0.2281481482|Gender|Female
36400|Columbia (Walla Walla) School District|27|22|0.814814815|2016|United Way of the Blue Mountains|Not Enrolled|0.28|0.4133333332|Gender|Female
36400|Columbia (Walla Walla) School District|25|21.25|0.85|2015|United Way of the Blue Mountains|2 Year / CTC|0.48|0.408|Gender|Female
36400|Columbia (Walla Walla) School District|25|21.25|0.85|2015|United Way of the Blue Mountains|4 Year|0.26|0.221|Gender|Female
36400|Columbia (Walla Walla) School District|25|21.25|0.85|2015|United Way of the Blue Mountains|Not Enrolled|0.27|0.3795|Gender|Female
36400|Columbia (Walla Walla) School District|34|31.076|0.914|2014|United Way of the Blue Mountains|2 Year / CTC|0.46|0.42044|Gender|Female
36400|Columbia (Walla Walla) School District|34|31.076|0.914|2014|United Way of the Blue Mountains|4 Year|0.26|0.23764|Gender|Female
36400|Columbia (Walla Walla) School District|34|31.076|0.914|2014|United Way of the Blue Mountains|Not Enrolled|0.27|0.33278|Gender|Female
36400|Columbia (Walla Walla) School District|33|29.205|0.885|2020|United Way of the Blue Mountains|2 Year / CTC|0.29|0.25665|Gender|Male
36400|Columbia (Walla Walla) School District|33|29.205|0.885|2020|United Way of the Blue Mountains|4 Year|0.18|0.1593|Gender|Male
36400|Columbia (Walla Walla) School District|33|29.205|0.885|2020|United Way of the Blue Mountains|Not Enrolled|0.53|0.58405|Gender|Male
36400|Columbia (Walla Walla) School District|36|28|0.777777778|2019|United Way of the Blue Mountains|2 Year / CTC|0.29|0.22555555562|Gender|Male
36400|Columbia (Walla Walla) School District|36|28|0.777777778|2019|United Way of the Blue Mountains|4 Year|0.22|0.17111111116|Gender|Male
36400|Columbia (Walla Walla) School District|36|28|0.777777778|2019|United Way of the Blue Mountains|Not Enrolled|0.49|0.60333333322|Gender|Male
36400|Columbia (Walla Walla) School District|30|23.1|0.77|2018|United Way of the Blue Mountains|2 Year / CTC|0.27|0.2079|Gender|Male
36400|Columbia (Walla Walla) School District|30|23.1|0.77|2018|United Way of the Blue Mountains|4 Year|0.18|0.1386|Gender|Male
36400|Columbia (Walla Walla) School District|30|23.1|0.77|2018|United Way of the Blue Mountains|Not Enrolled|0.55|0.6535|Gender|Male
36400|Columbia (Walla Walla) School District|22|17.6|0.8|2017|United Way of the Blue Mountains|2 Year / CTC|0.33|0.264|Gender|Male
36400|Columbia (Walla Walla) School District|22|17.6|0.8|2017|United Way of the Blue Mountains|4 Year|0.16|0.128|Gender|Male
36400|Columbia (Walla Walla) School District|22|17.6|0.8|2017|United Way of the Blue Mountains|Not Enrolled|0.51|0.608|Gender|Male
36400|Columbia (Walla Walla) School District|36|27.72|0.77|2016|United Way of the Blue Mountains|2 Year / CTC|0.35|0.2695|Gender|Male
36400|Columbia (Walla Walla) School District|36|27.72|0.77|2016|United Way of the Blue Mountains|4 Year|0.18|0.1386|Gender|Male
36400|Columbia (Walla Walla) School District|36|27.72|0.77|2016|United Way of the Blue Mountains|Not Enrolled|0.47|0.5919|Gender|Male
36400|Columbia (Walla Walla) School District|30|23.4|0.78|2015|United Way of the Blue Mountains|2 Year / CTC|0.38|0.2964|Gender|Male
36400|Columbia (Walla Walla) School District|30|23.4|0.78|2015|United Way of the Blue Mountains|4 Year|0.17|0.1326|Gender|Male
36400|Columbia (Walla Walla) School District|30|23.4|0.78|2015|United Way of the Blue Mountains|Not Enrolled|0.45|0.571|Gender|Male
36400|Columbia (Walla Walla) School District|38|30|0.789473684|2014|United Way of the Blue Mountains|2 Year / CTC|0.41|0.32368421044|Gender|Male
36400|Columbia (Walla Walla) School District|38|30|0.789473684|2014|United Way of the Blue Mountains|4 Year|0.17|0.13421052628|Gender|Male
36400|Columbia (Walla Walla) School District|38|30|0.789473684|2014|United Way of the Blue Mountains|Not Enrolled|0.42|0.54210526328|Gender|Male
36400|Columbia (Walla Walla) School District|30|25|0.833333333|2020|United Way of the Blue Mountains|2 Year / CTC|0.35|0.29166666655|FRPL|FRPL
36400|Columbia (Walla Walla) School District|30|25|0.833333333|2020|United Way of the Blue Mountains|4 Year|0.12|0.09999999996|FRPL|FRPL
36400|Columbia (Walla Walla) School District|30|25|0.833333333|2020|United Way of the Blue Mountains|Not Enrolled|0.53|0.60833333349|FRPL|FRPL
36400|Columbia (Walla Walla) School District|23|17.71|0.77|2019|United Way of the Blue Mountains|2 Year / CTC|0.32|0.2464|FRPL|FRPL
36400|Columbia (Walla Walla) School District|23|17.71|0.77|2019|United Way of the Blue Mountains|4 Year|0.2|0.154|FRPL|FRPL
36400|Columbia (Walla Walla) School District|23|17.71|0.77|2019|United Way of the Blue Mountains|Not Enrolled|0.48|0.5996|FRPL|FRPL
36400|Columbia (Walla Walla) School District|30|23|0.766666667|2018|United Way of the Blue Mountains|2 Year / CTC|0.28|0.21466666676|FRPL|FRPL
36400|Columbia (Walla Walla) School District|30|23|0.766666667|2018|United Way of the Blue Mountains|4 Year|0.19|0.14566666673|FRPL|FRPL
36400|Columbia (Walla Walla) School District|30|23|0.766666667|2018|United Way of the Blue Mountains|Not Enrolled|0.53|0.63966666651|FRPL|FRPL
36400|Columbia (Walla Walla) School District|40|31|0.775|2017|United Way of the Blue Mountains|2 Year / CTC|0.25|0.19375|FRPL|FRPL
36400|Columbia (Walla Walla) School District|40|31|0.775|2017|United Way of the Blue Mountains|4 Year|0.23|0.17825|FRPL|FRPL
36400|Columbia (Walla Walla) School District|40|31|0.775|2017|United Way of the Blue Mountains|Not Enrolled|0.53|0.63575|FRPL|FRPL
36400|Columbia (Walla Walla) School District|33|19.47|0.59|2016|United Way of the Blue Mountains|2 Year / CTC|0.28|0.1652|FRPL|FRPL
36400|Columbia (Walla Walla) School District|33|19.47|0.59|2016|United Way of the Blue Mountains|4 Year|0.21|0.1239|FRPL|FRPL
36400|Columbia (Walla Walla) School District|33|19.47|0.59|2016|United Way of the Blue Mountains|Not Enrolled|0.51|0.7109|FRPL|FRPL
36400|Columbia (Walla Walla) School District|9|6.12|0.68|2015|United Way of the Blue Mountains|2 Year / CTC|0.39|0.2652|FRPL|FRPL
36400|Columbia (Walla Walla) School District|9|6.12|0.68|2015|United Way of the Blue Mountains|4 Year|0.2|0.136|FRPL|FRPL
36400|Columbia (Walla Walla) School District|9|6.12|0.68|2015|United Way of the Blue Mountains|Not Enrolled|0.41|0.5988|FRPL|FRPL
36400|Columbia (Walla Walla) School District|27|21.06|0.78|2014|United Way of the Blue Mountains|2 Year / CTC|0.46|0.3588|FRPL|FRPL
36400|Columbia (Walla Walla) School District|27|21.06|0.78|2014|United Way of the Blue Mountains|4 Year|0.18|0.1404|FRPL|FRPL
36400|Columbia (Walla Walla) School District|27|21.06|0.78|2014|United Way of the Blue Mountains|Not Enrolled|0.36|0.5008|FRPL|FRPL
36400|Columbia (Walla Walla) School District|28|24.64|0.88|2020|United Way of the Blue Mountains|2 Year / CTC|0.36|0.3168|FRPL|Not FRPL
36400|Columbia (Walla Walla) School District|28|24.64|0.88|2020|United Way of the Blue Mountains|4 Year|0.28|0.2464|FRPL|Not FRPL
36400|Columbia (Walla Walla) School District|28|24.64|0.88|2020|United Way of the Blue Mountains|Not Enrolled|0.36|0.4368|FRPL|Not FRPL
36400|Columbia (Walla Walla) School District|33|26.07|0.79|2019|United Way of the Blue Mountains|2 Year / CTC|0.37|0.2923|FRPL|Not FRPL
36400|Columbia (Walla Walla) School District|33|26.07|0.79|2019|United Way of the Blue Mountains|4 Year|0.33|0.2607|FRPL|Not FRPL
36400|Columbia (Walla Walla) School District|33|26.07|0.79|2019|United Way of the Blue Mountains|Not Enrolled|0.31|0.4549|FRPL|Not FRPL
36400|Columbia (Walla Walla) School District|27|24.381|0.903|2018|United Way of the Blue Mountains|2 Year / CTC|0.35|0.31605|FRPL|Not FRPL
36400|Columbia (Walla Walla) School District|27|24.381|0.903|2018|United Way of the Blue Mountains|4 Year|0.32|0.28896|FRPL|Not FRPL
36400|Columbia (Walla Walla) School District|27|24.381|0.903|2018|United Way of the Blue Mountains|Not Enrolled|0.34|0.40402|FRPL|Not FRPL
36400|Columbia (Walla Walla) School District|35|31.605|0.903|2017|United Way of the Blue Mountains|2 Year / CTC|0.4|0.3612|FRPL|Not FRPL
36400|Columbia (Walla Walla) School District|35|31.605|0.903|2017|United Way of the Blue Mountains|4 Year|0.28|0.25284|FRPL|Not FRPL
36400|Columbia (Walla Walla) School District|35|31.605|0.903|2017|United Way of the Blue Mountains|Not Enrolled|0.32|0.38596|FRPL|Not FRPL
36400|Columbia (Walla Walla) School District|37|33.411|0.903|2016|United Way of the Blue Mountains|2 Year / CTC|0.45|0.40635|FRPL|Not FRPL
36400|Columbia (Walla Walla) School District|37|33.411|0.903|2016|United Way of the Blue Mountains|4 Year|0.24|0.21672|FRPL|Not FRPL
36400|Columbia (Walla Walla) School District|37|33.411|0.903|2016|United Way of the Blue Mountains|Not Enrolled|0.32|0.38596|FRPL|Not FRPL
36400|Columbia (Walla Walla) School District|46|41.814|0.909|2015|United Way of the Blue Mountains|2 Year / CTC|0.46|0.41814|FRPL|Not FRPL
36400|Columbia (Walla Walla) School District|46|41.814|0.909|2015|United Way of the Blue Mountains|4 Year|0.23|0.20907|FRPL|Not FRPL
36400|Columbia (Walla Walla) School District|46|41.814|0.909|2015|United Way of the Blue Mountains|Not Enrolled|0.32|0.38188|FRPL|Not FRPL
36400|Columbia (Walla Walla) School District|46|42.274|0.919|2014|United Way of the Blue Mountains|2 Year / CTC|0.42|0.38598|FRPL|Not FRPL
36400|Columbia (Walla Walla) School District|46|42.274|0.919|2014|United Way of the Blue Mountains|4 Year|0.25|0.22975|FRPL|Not FRPL
36400|Columbia (Walla Walla) School District|46|42.274|0.919|2014|United Way of the Blue Mountains|Not Enrolled|0.33|0.38427|FRPL|Not FRPL
36400|Columbia (Walla Walla) School District|15|11.79|0.786|2020|United Way of the Blue Mountains|2 Year / CTC|0.5|0.393|Race/Ethnicity|Hispanic or Latino of any race(s)
36400|Columbia (Walla Walla) School District|15|11.79|0.786|2020|United Way of the Blue Mountains|4 Year|0.17|0.13362|Race/Ethnicity|Hispanic or Latino of any race(s)
36400|Columbia (Walla Walla) School District|15|11.79|0.786|2020|United Way of the Blue Mountains|Not Enrolled|0.33|0.47338|Race/Ethnicity|Hispanic or Latino of any race(s)
36400|Columbia (Walla Walla) School District|15|10.2|0.68|2019|United Way of the Blue Mountains|2 Year / CTC|0.47|0.3196|Race/Ethnicity|Hispanic or Latino of any race(s)
36400|Columbia (Walla Walla) School District|15|10.2|0.68|2019|United Way of the Blue Mountains|4 Year|0.24|0.1632|Race/Ethnicity|Hispanic or Latino of any race(s)
36400|Columbia (Walla Walla) School District|15|10.2|0.68|2019|United Way of the Blue Mountains|Not Enrolled|0.29|0.5172|Race/Ethnicity|Hispanic or Latino of any race(s)
36400|Columbia (Walla Walla) School District|14|11.2|0.8|2018|United Way of the Blue Mountains|2 Year / CTC|0.47|0.376|Race/Ethnicity|Hispanic or Latino of any race(s)
36400|Columbia (Walla Walla) School District|14|11.2|0.8|2018|United Way of the Blue Mountains|4 Year|0.23|0.184|Race/Ethnicity|Hispanic or Latino of any race(s)
36400|Columbia (Walla Walla) School District|14|11.2|0.8|2018|United Way of the Blue Mountains|Not Enrolled|0.3|0.44|Race/Ethnicity|Hispanic or Latino of any race(s)
36400|Columbia (Walla Walla) School District|16|13.6|0.85|2017|United Way of the Blue Mountains|2 Year / CTC|0.44|0.374|Race/Ethnicity|Hispanic or Latino of any race(s)
36400|Columbia (Walla Walla) School District|16|13.6|0.85|2017|United Way of the Blue Mountains|4 Year|0.21|0.1785|Race/Ethnicity|Hispanic or Latino of any race(s)
36400|Columbia (Walla Walla) School District|16|13.6|0.85|2017|United Way of the Blue Mountains|Not Enrolled|0.35|0.4475|Race/Ethnicity|Hispanic or Latino of any race(s)
36400|Columbia (Walla Walla) School District|21|||2016|United Way of the Blue Mountains|2 Year / CTC|0.44||Race/Ethnicity|Hispanic or Latino of any race(s)
36400|Columbia (Walla Walla) School District|21|||2016|United Way of the Blue Mountains|4 Year|0.15||Race/Ethnicity|Hispanic or Latino of any race(s)
36400|Columbia (Walla Walla) School District|21|||2016|United Way of the Blue Mountains|Not Enrolled|0.41||Race/Ethnicity|Hispanic or Latino of any race(s)
36400|Columbia (Walla Walla) School District|7|4.69|0.67|2015|United Way of the Blue Mountains|2 Year / CTC|0.41|0.2747|Race/Ethnicity|Hispanic or Latino of any race(s)
36400|Columbia (Walla Walla) School District|7|4.69|0.67|2015|United Way of the Blue Mountains|4 Year|0.18|0.1206|Race/Ethnicity|Hispanic or Latino of any race(s)
36400|Columbia (Walla Walla) School District|7|4.69|0.67|2015|United Way of the Blue Mountains|Not Enrolled|0.41|0.6047|Race/Ethnicity|Hispanic or Latino of any race(s)
36400|Columbia (Walla Walla) School District|13|10.4|0.8|2014|United Way of the Blue Mountains|2 Year / CTC|0.4|0.32|Race/Ethnicity|Hispanic or Latino of any race(s)
36400|Columbia (Walla Walla) School District|13|10.4|0.8|2014|United Way of the Blue Mountains|4 Year|0.23|0.184|Race/Ethnicity|Hispanic or Latino of any race(s)
36400|Columbia (Walla Walla) School District|13|10.4|0.8|2014|United Way of the Blue Mountains|Not Enrolled|0.37|0.496|Race/Ethnicity|Hispanic or Latino of any race(s)
36400|Columbia (Walla Walla) School District|38|35|0.921052632|2020|United Way of the Blue Mountains|2 Year / CTC|0.29|0.26710526328|Race/Ethnicity|White
36400|Columbia (Walla Walla) School District|38|35|0.921052632|2020|United Way of the Blue Mountains|4 Year|0.26|0.23947368432|Race/Ethnicity|White
36400|Columbia (Walla Walla) School District|38|35|0.921052632|2020|United Way of the Blue Mountains|Not Enrolled|0.46|0.50263157872|Race/Ethnicity|White
36400|Columbia (Walla Walla) School District|35|30|0.857142857|2019|United Way of the Blue Mountains|2 Year / CTC|0.28|0.23999999996|Race/Ethnicity|White
36400|Columbia (Walla Walla) School District|35|30|0.857142857|2019|United Way of the Blue Mountains|4 Year|0.29|0.24857142853|Race/Ethnicity|White
36400|Columbia (Walla Walla) School District|35|30|0.857142857|2019|United Way of the Blue Mountains|Not Enrolled|0.43|0.51142857151|Race/Ethnicity|White
36400|Columbia (Walla Walla) School District|39|34|0.871794872|2018|United Way of the Blue Mountains|2 Year / CTC|0.26|0.22666666672|Race/Ethnicity|White
36400|Columbia (Walla Walla) School District|39|34|0.871794872|2018|United Way of the Blue Mountains|4 Year|0.29|0.25282051288|Race/Ethnicity|White
36400|Columbia (Walla Walla) School District|39|34|0.871794872|2018|United Way of the Blue Mountains|Not Enrolled|0.45|0.5205128204|Race/Ethnicity|White
36400|Columbia (Walla Walla) School District|45|36|0.8|2017|United Way of the Blue Mountains|2 Year / CTC|0.34|0.272|Race/Ethnicity|White
36400|Columbia (Walla Walla) School District|45|36|0.8|2017|United Way of the Blue Mountains|4 Year|0.27|0.216|Race/Ethnicity|White
36400|Columbia (Walla Walla) School District|45|36|0.8|2017|United Way of the Blue Mountains|Not Enrolled|0.39|0.512|Race/Ethnicity|White
36400|Columbia (Walla Walla) School District|43|35|0.813953488|2016|United Way of the Blue Mountains|2 Year / CTC|0.39|0.31744186032|Race/Ethnicity|White
36400|Columbia (Walla Walla) School District|43|35|0.813953488|2016|United Way of the Blue Mountains|4 Year|0.25|0.203488372|Race/Ethnicity|White
36400|Columbia (Walla Walla) School District|43|35|0.813953488|2016|United Way of the Blue Mountains|Not Enrolled|0.35|0.4709302328|Race/Ethnicity|White
36400|Columbia (Walla Walla) School District|53|44|0.830188679|2015|United Way of the Blue Mountains|2 Year / CTC|0.43|0.35698113197|Race/Ethnicity|White
36400|Columbia (Walla Walla) School District|53|44|0.830188679|2015|United Way of the Blue Mountains|4 Year|0.24|0.19924528296|Race/Ethnicity|White
36400|Columbia (Walla Walla) School District|53|44|0.830188679|2015|United Way of the Blue Mountains|Not Enrolled|0.33|0.44377358507|Race/Ethnicity|White
36400|Columbia (Walla Walla) School District|54|46|0.851851852|2014|United Way of the Blue Mountains|2 Year / CTC|0.44|0.37481481488|Race/Ethnicity|White
36400|Columbia (Walla Walla) School District|54|46|0.851851852|2014|United Way of the Blue Mountains|4 Year|0.22|0.18740740744|Race/Ethnicity|White
36400|Columbia (Walla Walla) School District|54|46|0.851851852|2014|United Way of the Blue Mountains|Not Enrolled|0.35|0.4462962962|Race/Ethnicity|White
05313|Crescent School District|14|11.998|0.857|2020|PREP - Tier 1|2 Year / CTC|0.37|0.31709|All Students|All
05313|Crescent School District|14|11.998|0.857|2020|PREP - Tier 1|4 Year|0.14|0.11998|All Students|All
05313|Crescent School District|14|11.998|0.857|2020|PREP - Tier 1|Not Enrolled|0.49|0.56293|All Students|All
05313|Crescent School District|21|17.493|0.833|2019|PREP - Tier 1|2 Year / CTC|0.42|0.34986|All Students|All
05313|Crescent School District|21|17.493|0.833|2019|PREP - Tier 1|4 Year|0.13|0.10829|All Students|All
05313|Crescent School District|21|17.493|0.833|2019|PREP - Tier 1|Not Enrolled|0.44|0.53352|All Students|All
05313|Crescent School District|15|12.495|0.833|2018|PREP - Tier 1|2 Year / CTC|0.45|0.37485|All Students|All
05313|Crescent School District|15|12.495|0.833|2018|PREP - Tier 1|4 Year|0.13|0.10829|All Students|All
05313|Crescent School District|15|12.495|0.833|2018|PREP - Tier 1|Not Enrolled|0.42|0.51686|All Students|All
05313|Crescent School District|19|15.447|0.813|2017|PREP - Tier 1|2 Year / CTC|0.35|0.28455|All Students|All
05313|Crescent School District|19|15.447|0.813|2017|PREP - Tier 1|4 Year|0.16|0.13008|All Students|All
05313|Crescent School District|19|15.447|0.813|2017|PREP - Tier 1|Not Enrolled|0.49|0.58537|All Students|All
05313|Crescent School District|15|9.15|0.61|2016|PREP - Tier 1|2 Year / CTC|0.3|0.183|All Students|All
05313|Crescent School District|15|9.15|0.61|2016|PREP - Tier 1|4 Year|0.23|0.1403|All Students|All
05313|Crescent School District|15|9.15|0.61|2016|PREP - Tier 1|Not Enrolled|0.47|0.6767|All Students|All
05313|Crescent School District|13|11.05|0.85|2015|PREP - Tier 1|2 Year / CTC|0.37|0.3145|All Students|All
05313|Crescent School District|13|11.05|0.85|2015|PREP - Tier 1|4 Year|0.2|0.17|All Students|All
05313|Crescent School District|13|11.05|0.85|2015|PREP - Tier 1|Not Enrolled|0.43|0.5155|All Students|All
05313|Crescent School District|18|14.634|0.813|2014|PREP - Tier 1|2 Year / CTC|0.49|0.39837|All Students|All
05313|Crescent School District|18|14.634|0.813|2014|PREP - Tier 1|4 Year|0.12|0.09756|All Students|All
05313|Crescent School District|18|14.634|0.813|2014|PREP - Tier 1|Not Enrolled|0.39|0.50407|All Students|All
05313|Crescent School District|14|11.382|0.813|2020|PREP - Tier 1|2 Year / CTC|0.44|0.35772|Race/Ethnicity|White
05313|Crescent School District|14|11.382|0.813|2020|PREP - Tier 1|4 Year|0.15|0.12195|Race/Ethnicity|White
05313|Crescent School District|14|11.382|0.813|2020|PREP - Tier 1|Not Enrolled|0.41|0.52033|Race/Ethnicity|White
05313|Crescent School District|15|12.15|0.81|2019|PREP - Tier 1|2 Year / CTC|0.46|0.3726|Race/Ethnicity|White
05313|Crescent School District|15|12.15|0.81|2019|PREP - Tier 1|4 Year|0.14|0.1134|Race/Ethnicity|White
05313|Crescent School District|15|12.15|0.81|2019|PREP - Tier 1|Not Enrolled|0.41|0.5221|Race/Ethnicity|White
05313|Crescent School District|14|11.004|0.786|2018|PREP - Tier 1|2 Year / CTC|0.5|0.393|Race/Ethnicity|White
05313|Crescent School District|14|11.004|0.786|2018|PREP - Tier 1|4 Year|0.13|0.10218|Race/Ethnicity|White
05313|Crescent School District|14|11.004|0.786|2018|PREP - Tier 1|Not Enrolled|0.38|0.51268|Race/Ethnicity|White
05313|Crescent School District|15|10.905|0.727|2017|PREP - Tier 1|2 Year / CTC|0.35|0.25445|Race/Ethnicity|White
05313|Crescent School District|15|10.905|0.727|2017|PREP - Tier 1|4 Year|0.19|0.13813|Race/Ethnicity|White
05313|Crescent School District|15|10.905|0.727|2017|PREP - Tier 1|Not Enrolled|0.46|0.60742|Race/Ethnicity|White
05313|Crescent School District|11|6.49|0.59|2016|PREP - Tier 1|2 Year / CTC|0.28|0.1652|Race/Ethnicity|White
05313|Crescent School District|11|6.49|0.59|2016|PREP - Tier 1|4 Year|0.26|0.1534|Race/Ethnicity|White
05313|Crescent School District|11|6.49|0.59|2016|PREP - Tier 1|Not Enrolled|0.46|0.6814|Race/Ethnicity|White
05313|Crescent School District|12|10.104|0.842|2015|PREP - Tier 1|2 Year / CTC|0.36|0.30312|Race/Ethnicity|White
05313|Crescent School District|12|10.104|0.842|2015|PREP - Tier 1|4 Year|0.22|0.18524|Race/Ethnicity|White
05313|Crescent School District|12|10.104|0.842|2015|PREP - Tier 1|Not Enrolled|0.42|0.51164|Race/Ethnicity|White
05313|Crescent School District|17|12.75|0.75|2014|PREP - Tier 1|2 Year / CTC|0.46|0.345|Race/Ethnicity|White
05313|Crescent School District|17|12.75|0.75|2014|PREP - Tier 1|4 Year|0.15|0.1125|Race/Ethnicity|White
05313|Crescent School District|17|12.75|0.75|2014|PREP - Tier 1|Not Enrolled|0.39|0.5425|Race/Ethnicity|White
07002|Dayton School District|16|11|0.6875|2018|United Way of the Blue Mountains|2 Year / CTC|0.31|0.213125|Gender|Male
07002|Dayton School District|16|11|0.6875|2018|United Way of the Blue Mountains|4 Year|0.19|0.130625|Gender|Male
07002|Dayton School District|16|11|0.6875|2018|United Way of the Blue Mountains|Not Enrolled|0.5|0.65625|Gender|Male
07002|Dayton School District|42|31.92|0.76|2020|United Way of the Blue Mountains|2 Year / CTC|0.39|0.2964|All Students|All
07002|Dayton School District|42|31.92|0.76|2020|United Way of the Blue Mountains|4 Year|0.29|0.2204|All Students|All
07002|Dayton School District|42|31.92|0.76|2020|United Way of the Blue Mountains|Not Enrolled|0.32|0.4832|All Students|All
07002|Dayton School District|28|24.64|0.88|2019|United Way of the Blue Mountains|2 Year / CTC|0.4|0.352|All Students|All
07002|Dayton School District|28|24.64|0.88|2019|United Way of the Blue Mountains|4 Year|0.27|0.2376|All Students|All
07002|Dayton School District|28|24.64|0.88|2019|United Way of the Blue Mountains|Not Enrolled|0.33|0.4104|All Students|All
07002|Dayton School District|27|20|0.740740741|2018|United Way of the Blue Mountains|2 Year / CTC|0.37|0.27407407417|All Students|All
07002|Dayton School District|27|20|0.740740741|2018|United Way of the Blue Mountains|4 Year|0.25|0.18518518525|All Students|All
07002|Dayton School District|27|20|0.740740741|2018|United Way of the Blue Mountains|Not Enrolled|0.38|0.54074074058|All Students|All
07002|Dayton School District|30|26.4|0.88|2017|United Way of the Blue Mountains|2 Year / CTC|0.31|0.2728|All Students|All
07002|Dayton School District|30|26.4|0.88|2017|United Way of the Blue Mountains|4 Year|0.28|0.2464|All Students|All
07002|Dayton School District|30|26.4|0.88|2017|United Way of the Blue Mountains|Not Enrolled|0.41|0.4808|All Students|All
07002|Dayton School District|41|36.08|0.88|2016|United Way of the Blue Mountains|2 Year / CTC|0.35|0.308|All Students|All
07002|Dayton School District|41|36.08|0.88|2016|United Way of the Blue Mountains|4 Year|0.26|0.2288|All Students|All
07002|Dayton School District|41|36.08|0.88|2016|United Way of the Blue Mountains|Not Enrolled|0.39|0.4632|All Students|All
07002|Dayton School District|29|26.651|0.919|2015|United Way of the Blue Mountains|2 Year / CTC|0.37|0.34003|All Students|All
07002|Dayton School District|29|26.651|0.919|2015|United Way of the Blue Mountains|4 Year|0.26|0.23894|All Students|All
07002|Dayton School District|29|26.651|0.919|2015|United Way of the Blue Mountains|Not Enrolled|0.37|0.42103|All Students|All
07002|Dayton School District|41|36.9|0.9|2014|United Way of the Blue Mountains|2 Year / CTC|0.54|0.486|All Students|All
07002|Dayton School District|41|36.9|0.9|2014|United Way of the Blue Mountains|4 Year|0.19|0.171|All Students|All
07002|Dayton School District|41|36.9|0.9|2014|United Way of the Blue Mountains|Not Enrolled|0.27|0.343|All Students|All
07002|Dayton School District|25|18.75|0.75|2020|United Way of the Blue Mountains|2 Year / CTC|0.42|0.315|Gender|Female
07002|Dayton School District|25|18.75|0.75|2020|United Way of the Blue Mountains|4 Year|0.3|0.225|Gender|Female
07002|Dayton School District|25|18.75|0.75|2020|United Way of the Blue Mountains|Not Enrolled|0.27|0.4525|Gender|Female
07002|Dayton School District|14|11.536|0.824|2019|United Way of the Blue Mountains|2 Year / CTC|0.44|0.36256|Gender|Female
07002|Dayton School District|14|11.536|0.824|2019|United Way of the Blue Mountains|4 Year|0.29|0.23896|Gender|Female
07002|Dayton School District|14|11.536|0.824|2019|United Way of the Blue Mountains|Not Enrolled|0.27|0.39848|Gender|Female
07002|Dayton School District|15|10.905|0.727|2018|United Way of the Blue Mountains|2 Year / CTC|0.42|0.30534|Gender|Female
07002|Dayton School District|15|10.905|0.727|2018|United Way of the Blue Mountains|4 Year|0.3|0.2181|Gender|Female
07002|Dayton School District|15|10.905|0.727|2018|United Way of the Blue Mountains|Not Enrolled|0.28|0.47656|Gender|Female
07002|Dayton School District|11|9.504|0.864|2017|United Way of the Blue Mountains|2 Year / CTC|0.35|0.3024|Gender|Female
07002|Dayton School District|11|9.504|0.864|2017|United Way of the Blue Mountains|4 Year|0.37|0.31968|Gender|Female
07002|Dayton School District|11|9.504|0.864|2017|United Way of the Blue Mountains|Not Enrolled|0.28|0.37792|Gender|Female
07002|Dayton School District|22|17.6|0.8|2016|United Way of the Blue Mountains|2 Year / CTC|0.33|0.264|Gender|Female
07002|Dayton School District|22|17.6|0.8|2016|United Way of the Blue Mountains|4 Year|0.35|0.28|Gender|Female
07002|Dayton School District|22|17.6|0.8|2016|United Way of the Blue Mountains|Not Enrolled|0.31|0.448|Gender|Female
07002|Dayton School District|20|17.14|0.857|2015|United Way of the Blue Mountains|2 Year / CTC|0.33|0.28281|Gender|Female
07002|Dayton School District|20|17.14|0.857|2015|United Way of the Blue Mountains|4 Year|0.36|0.30852|Gender|Female
07002|Dayton School District|20|17.14|0.857|2015|United Way of the Blue Mountains|Not Enrolled|0.31|0.40867|Gender|Female
07002|Dayton School District|24|19.512|0.813|2014|United Way of the Blue Mountains|2 Year / CTC|0.5|0.4065|Gender|Female
07002|Dayton School District|24|19.512|0.813|2014|United Way of the Blue Mountains|4 Year|0.21|0.17073|Gender|Female
07002|Dayton School District|24|19.512|0.813|2014|United Way of the Blue Mountains|Not Enrolled|0.29|0.42277|Gender|Female
07002|Dayton School District|17|||2020|United Way of the Blue Mountains|2 Year / CTC|0.36||Gender|Male
07002|Dayton School District|17|||2020|United Way of the Blue Mountains|4 Year|0.27||Gender|Male
07002|Dayton School District|17|||2020|United Way of the Blue Mountains|Not Enrolled|0.36||Gender|Male
07002|Dayton School District|14|11.536|0.824|2019|United Way of the Blue Mountains|2 Year / CTC|0.35|0.2884|Gender|Male
07002|Dayton School District|14|11.536|0.824|2019|United Way of the Blue Mountains|4 Year|0.25|0.206|Gender|Male
07002|Dayton School District|14|11.536|0.824|2019|United Way of the Blue Mountains|Not Enrolled|0.4|0.5056|Gender|Male
07002|Dayton School District|19|15.01|0.79|2017|United Way of the Blue Mountains|2 Year / CTC|0.25|0.1975|Gender|Male
07002|Dayton School District|19|15.01|0.79|2017|United Way of the Blue Mountains|4 Year|0.15|0.1185|Gender|Male
07002|Dayton School District|19|15.01|0.79|2017|United Way of the Blue Mountains|Not Enrolled|0.6|0.684|Gender|Male
07002|Dayton School District|19|13.3|0.7|2016|United Way of the Blue Mountains|2 Year / CTC|0.37|0.259|Gender|Male
07002|Dayton School District|19|13.3|0.7|2016|United Way of the Blue Mountains|4 Year|0.13|0.091|Gender|Male
07002|Dayton School District|19|13.3|0.7|2016|United Way of the Blue Mountains|Not Enrolled|0.5|0.65|Gender|Male
07002|Dayton School District|9|7.317|0.813|2015|United Way of the Blue Mountains|2 Year / CTC|0.4|0.3252|Gender|Male
07002|Dayton School District|9|7.317|0.813|2015|United Way of the Blue Mountains|4 Year|0.17|0.13821|Gender|Male
07002|Dayton School District|9|7.317|0.813|2015|United Way of the Blue Mountains|Not Enrolled|0.43|0.53659|Gender|Male
07002|Dayton School District|17|13.362|0.786|2014|United Way of the Blue Mountains|2 Year / CTC|0.57|0.44802|Gender|Male
07002|Dayton School District|17|13.362|0.786|2014|United Way of the Blue Mountains|4 Year|0.18|0.14148|Gender|Male
07002|Dayton School District|17|13.362|0.786|2014|United Way of the Blue Mountains|Not Enrolled|0.25|0.4105|Gender|Male
07002|Dayton School District|19|13.11|0.69|2020|United Way of the Blue Mountains|2 Year / CTC|0.41|0.2829|FRPL|FRPL
07002|Dayton School District|19|13.11|0.69|2020|United Way of the Blue Mountains|4 Year|0.15|0.1035|FRPL|FRPL
07002|Dayton School District|19|13.11|0.69|2020|United Way of the Blue Mountains|Not Enrolled|0.44|0.6136|FRPL|FRPL
07002|Dayton School District|18|14|0.777777778|2019|United Way of the Blue Mountains|2 Year / CTC|0.33|0.25666666674|FRPL|FRPL
07002|Dayton School District|18|14|0.777777778|2019|United Way of the Blue Mountains|4 Year|0.12|0.09333333336|FRPL|FRPL
07002|Dayton School District|18|14|0.777777778|2019|United Way of the Blue Mountains|Not Enrolled|0.55|0.6499999999|FRPL|FRPL
07002|Dayton School District|13|8.71|0.67|2018|United Way of the Blue Mountains|2 Year / CTC|0.24|0.1608|FRPL|FRPL
07002|Dayton School District|13|8.71|0.67|2018|United Way of the Blue Mountains|4 Year|0.18|0.1206|FRPL|FRPL
07002|Dayton School District|13|8.71|0.67|2018|United Way of the Blue Mountains|Not Enrolled|0.59|0.7253|FRPL|FRPL
07002|Dayton School District|21|17|0.80952381|2017|United Way of the Blue Mountains|2 Year / CTC|0.24|0.1942857144|FRPL|FRPL
07002|Dayton School District|21|17|0.80952381|2017|United Way of the Blue Mountains|4 Year|0.22|0.1780952382|FRPL|FRPL
07002|Dayton School District|21|17|0.80952381|2017|United Way of the Blue Mountains|Not Enrolled|0.53|0.6195238093|FRPL|FRPL
07002|Dayton School District|18|14.634|0.813|2016|United Way of the Blue Mountains|2 Year / CTC|0.3|0.2439|FRPL|FRPL
07002|Dayton School District|18|14.634|0.813|2016|United Way of the Blue Mountains|4 Year|0.22|0.17886|FRPL|FRPL
07002|Dayton School District|18|14.634|0.813|2016|United Way of the Blue Mountains|Not Enrolled|0.48|0.57724|FRPL|FRPL
07002|Dayton School District|18|15.75|0.875|2015|United Way of the Blue Mountains|2 Year / CTC|0.41|0.35875|FRPL|FRPL
07002|Dayton School District|18|15.75|0.875|2015|United Way of the Blue Mountains|4 Year|0.17|0.14875|FRPL|FRPL
07002|Dayton School District|18|15.75|0.875|2015|United Way of the Blue Mountains|Not Enrolled|0.41|0.48375|FRPL|FRPL
07002|Dayton School District|26|21.138|0.813|2014|United Way of the Blue Mountains|2 Year / CTC|0.545|0.443085|FRPL|FRPL
07002|Dayton School District|26|21.138|0.813|2014|United Way of the Blue Mountains|4 Year|0.15|0.12195|FRPL|FRPL
07002|Dayton School District|26|21.138|0.813|2014|United Way of the Blue Mountains|Not Enrolled|0.345|0.467485|FRPL|FRPL
07002|Dayton School District|23|||2020|United Way of the Blue Mountains|2 Year / CTC|0.38||FRPL|Not FRPL
07002|Dayton School District|23|||2020|United Way of the Blue Mountains|4 Year|0.38||FRPL|Not FRPL
07002|Dayton School District|23|||2020|United Way of the Blue Mountains|Not Enrolled|0.23||FRPL|Not FRPL
07002|Dayton School District|10|8.13|0.813|2019|United Way of the Blue Mountains|2 Year / CTC|0.44|0.35772|FRPL|Not FRPL
07002|Dayton School District|10|8.13|0.813|2019|United Way of the Blue Mountains|4 Year|0.37|0.30081|FRPL|Not FRPL
07002|Dayton School District|10|8.13|0.813|2019|United Way of the Blue Mountains|Not Enrolled|0.19|0.34147|FRPL|Not FRPL
07002|Dayton School District|19|||2018|United Way of the Blue Mountains|2 Year / CTC|0.47||FRPL|Not FRPL
07002|Dayton School District|19|||2018|United Way of the Blue Mountains|4 Year|0.31||FRPL|Not FRPL
07002|Dayton School District|19|||2018|United Way of the Blue Mountains|Not Enrolled|0.22||FRPL|Not FRPL
07002|Dayton School District|14|11.9|0.85|2017|United Way of the Blue Mountains|2 Year / CTC|0.38|0.323|FRPL|Not FRPL
07002|Dayton School District|14|11.9|0.85|2017|United Way of the Blue Mountains|4 Year|0.33|0.2805|FRPL|Not FRPL
07002|Dayton School District|14|11.9|0.85|2017|United Way of the Blue Mountains|Not Enrolled|0.29|0.3965|FRPL|Not FRPL
07002|Dayton School District|23|||2016|United Way of the Blue Mountains|2 Year / CTC|0.4||FRPL|Not FRPL
07002|Dayton School District|23|||2016|United Way of the Blue Mountains|4 Year|0.3||FRPL|Not FRPL
07002|Dayton School District|23|||2016|United Way of the Blue Mountains|Not Enrolled|0.3||FRPL|Not FRPL
07002|Dayton School District|11|8.459|0.769|2015|United Way of the Blue Mountains|2 Year / CTC|0.33|0.25377|FRPL|Not FRPL
07002|Dayton School District|11|8.459|0.769|2015|United Way of the Blue Mountains|4 Year|0.33|0.25377|FRPL|Not FRPL
07002|Dayton School District|11|8.459|0.769|2015|United Way of the Blue Mountains|Not Enrolled|0.33|0.48477|FRPL|Not FRPL
07002|Dayton School District|15|11.79|0.786|2014|United Way of the Blue Mountains|2 Year / CTC|0.54|0.42444|FRPL|Not FRPL
07002|Dayton School District|15|11.79|0.786|2014|United Way of the Blue Mountains|4 Year|0.22|0.17292|FRPL|Not FRPL
07002|Dayton School District|15|11.79|0.786|2014|United Way of the Blue Mountains|Not Enrolled|0.24|0.40264|FRPL|Not FRPL
07002|Dayton School District|32|25.6|0.8|2020|United Way of the Blue Mountains|2 Year / CTC|0.36|0.288|Race/Ethnicity|White
07002|Dayton School District|32|25.6|0.8|2020|United Way of the Blue Mountains|4 Year|0.32|0.256|Race/Ethnicity|White
07002|Dayton School District|32|25.6|0.8|2020|United Way of the Blue Mountains|Not Enrolled|0.32|0.456|Race/Ethnicity|White
07002|Dayton School District|20|17.86|0.893|2019|United Way of the Blue Mountains|2 Year / CTC|0.39|0.34827|Race/Ethnicity|White
07002|Dayton School District|20|17.86|0.893|2019|United Way of the Blue Mountains|4 Year|0.28|0.25004|Race/Ethnicity|White
07002|Dayton School District|20|17.86|0.893|2019|United Way of the Blue Mountains|Not Enrolled|0.33|0.40169|Race/Ethnicity|White
07002|Dayton School District|26|20.8|0.8|2018|United Way of the Blue Mountains|2 Year / CTC|0.39|0.312|Race/Ethnicity|White
07002|Dayton School District|26|20.8|0.8|2018|United Way of the Blue Mountains|4 Year|0.25|0.2|Race/Ethnicity|White
07002|Dayton School District|26|20.8|0.8|2018|United Way of the Blue Mountains|Not Enrolled|0.36|0.488|Race/Ethnicity|White
07002|Dayton School District|24|20.64|0.86|2017|United Way of the Blue Mountains|2 Year / CTC|0.34|0.2924|Race/Ethnicity|White
07002|Dayton School District|24|20.64|0.86|2017|United Way of the Blue Mountains|4 Year|0.27|0.2322|Race/Ethnicity|White
07002|Dayton School District|24|20.64|0.86|2017|United Way of the Blue Mountains|Not Enrolled|0.39|0.4754|Race/Ethnicity|White
07002|Dayton School District|36|30.312|0.842|2016|United Way of the Blue Mountains|2 Year / CTC|0.36|0.30312|Race/Ethnicity|White
07002|Dayton School District|36|30.312|0.842|2016|United Way of the Blue Mountains|4 Year|0.25|0.2105|Race/Ethnicity|White
07002|Dayton School District|36|30.312|0.842|2016|United Way of the Blue Mountains|Not Enrolled|0.39|0.48638|Race/Ethnicity|White
07002|Dayton School District|21|18.9|0.9|2015|United Way of the Blue Mountains|2 Year / CTC|0.36|0.324|Race/Ethnicity|White
07002|Dayton School District|21|18.9|0.9|2015|United Way of the Blue Mountains|4 Year|0.26|0.234|Race/Ethnicity|White
07002|Dayton School District|21|18.9|0.9|2015|United Way of the Blue Mountains|Not Enrolled|0.38|0.442|Race/Ethnicity|White
07002|Dayton School District|35|30.975|0.885|2014|United Way of the Blue Mountains|2 Year / CTC|0.52|0.4602|Race/Ethnicity|White
07002|Dayton School District|35|30.975|0.885|2014|United Way of the Blue Mountains|4 Year|0.19|0.16815|Race/Ethnicity|White
07002|Dayton School District|35|30.975|0.885|2014|United Way of the Blue Mountains|Not Enrolled|0.29|0.37165|Race/Ethnicity|White
17210|Federal Way School District|1786|1547.0332|0.8662|2020|Puget Sound ESD|2 Year / CTC|0.25|0.21655|Section 504|Not Section 504
17210|Federal Way School District|1786|1547.0332|0.8662|2020|Puget Sound ESD|4 Year|0.31|0.268522|Section 504|Not Section 504
17210|Federal Way School District|1786|1547.0332|0.8662|2020|Puget Sound ESD|Not Enrolled|0.44|0.514928|Section 504|Not Section 504
17210|Federal Way School District|1823|1612.2612|0.8844|2019|Puget Sound ESD|2 Year / CTC|0.26|0.229944|Section 504|Not Section 504
17210|Federal Way School District|1823|1612.2612|0.8844|2019|Puget Sound ESD|4 Year|0.33|0.291852|Section 504|Not Section 504
17210|Federal Way School District|1823|1612.2612|0.8844|2019|Puget Sound ESD|Not Enrolled|0.41|0.478204|Section 504|Not Section 504
17210|Federal Way School District|1934|1706.5616|0.8824|2018|Puget Sound ESD|2 Year / CTC|0.26|0.229424|Section 504|Not Section 504
17210|Federal Way School District|1934|1706.5616|0.8824|2018|Puget Sound ESD|4 Year|0.36|0.317664|Section 504|Not Section 504
17210|Federal Way School District|1934|1706.5616|0.8824|2018|Puget Sound ESD|Not Enrolled|0.39|0.461736|Section 504|Not Section 504
17210|Federal Way School District|1893|1647.2886|0.8702|2017|Puget Sound ESD|2 Year / CTC|0.26|0.226252|Section 504|Not Section 504
17210|Federal Way School District|1893|1647.2886|0.8702|2017|Puget Sound ESD|4 Year|0.37|0.321974|Section 504|Not Section 504
17210|Federal Way School District|1893|1647.2886|0.8702|2017|Puget Sound ESD|Not Enrolled|0.37|0.451774|Section 504|Not Section 504
17210|Federal Way School District|1967|1685.3256|0.8568|2016|Puget Sound ESD|2 Year / CTC|0.26|0.222768|Section 504|Not Section 504
17210|Federal Way School District|1967|1685.3256|0.8568|2016|Puget Sound ESD|4 Year|0.36|0.308448|Section 504|Not Section 504
17210|Federal Way School District|1967|1685.3256|0.8568|2016|Puget Sound ESD|Not Enrolled|0.38|0.468784|Section 504|Not Section 504
17210|Federal Way School District|1569|1305|0.831739962|2015|Puget Sound ESD|2 Year / CTC|0.27|0.22456978974|Section 504|Not Section 504
17210|Federal Way School District|1569|1305|0.831739962|2015|Puget Sound ESD|4 Year|0.34|0.28279158708|Section 504|Not Section 504
17210|Federal Way School District|1569|1305|0.831739962|2015|Puget Sound ESD|Not Enrolled|0.39|0.49263862318|Section 504|Not Section 504
17210|Federal Way School District|1834|1499.8452|0.8178|2014|Puget Sound ESD|2 Year / CTC|0.28|0.228984|Section 504|Not Section 504
17210|Federal Way School District|1834|1499.8452|0.8178|2014|Puget Sound ESD|4 Year|0.33|0.269874|Section 504|Not Section 504
17210|Federal Way School District|1834|1499.8452|0.8178|2014|Puget Sound ESD|Not Enrolled|0.39|0.501142|Section 504|Not Section 504
17210|Federal Way School District|79|71.1|0.9|2020|Puget Sound ESD|2 Year / CTC|0.24|0.216|Section 504|Section 504
17210|Federal Way School District|79|71.1|0.9|2020|Puget Sound ESD|4 Year|0.32|0.288|Section 504|Section 504
17210|Federal Way School District|79|71.1|0.9|2020|Puget Sound ESD|Not Enrolled|0.44|0.496|Section 504|Section 504
17210|Federal Way School District|52|45.76|0.88|2019|Puget Sound ESD|2 Year / CTC|0.22|0.1936|Section 504|Section 504
17210|Federal Way School District|52|45.76|0.88|2019|Puget Sound ESD|4 Year|0.33|0.2904|Section 504|Section 504
17210|Federal Way School District|52|45.76|0.88|2019|Puget Sound ESD|Not Enrolled|0.45|0.516|Section 504|Section 504
17210|Federal Way School District|59|51.92|0.88|2018|Puget Sound ESD|2 Year / CTC|0.23|0.2024|Section 504|Section 504
17210|Federal Way School District|59|51.92|0.88|2018|Puget Sound ESD|4 Year|0.35|0.308|Section 504|Section 504
17210|Federal Way School District|59|51.92|0.88|2018|Puget Sound ESD|Not Enrolled|0.43|0.4984|Section 504|Section 504
17210|Federal Way School District|64|55.68|0.87|2017|Puget Sound ESD|2 Year / CTC|0.28|0.2436|Section 504|Section 504
17210|Federal Way School District|64|55.68|0.87|2017|Puget Sound ESD|4 Year|0.29|0.2523|Section 504|Section 504
17210|Federal Way School District|64|55.68|0.87|2017|Puget Sound ESD|Not Enrolled|0.44|0.5128|Section 504|Section 504
17210|Federal Way School District|69|60.72|0.88|2016|Puget Sound ESD|2 Year / CTC|0.31|0.2728|Section 504|Section 504
17210|Federal Way School District|69|60.72|0.88|2016|Puget Sound ESD|4 Year|0.22|0.1936|Section 504|Section 504
17210|Federal Way School District|69|60.72|0.88|2016|Puget Sound ESD|Not Enrolled|0.47|0.5336|Section 504|Section 504
17210|Federal Way School District|57|43|0.754385965|2015|Puget Sound ESD|2 Year / CTC|0.29|0.21877192985|Section 504|Section 504
17210|Federal Way School District|57|43|0.754385965|2015|Puget Sound ESD|4 Year|0.25|0.18859649125|Section 504|Section 504
17210|Federal Way School District|57|43|0.754385965|2015|Puget Sound ESD|Not Enrolled|0.46|0.5926315789|Section 504|Section 504
17210|Federal Way School District|53|41.34|0.78|2014|Puget Sound ESD|2 Year / CTC|0.3|0.234|Section 504|Section 504
17210|Federal Way School District|53|41.34|0.78|2014|Puget Sound ESD|4 Year|0.24|0.1872|Section 504|Section 504
17210|Federal Way School District|53|41.34|0.78|2014|Puget Sound ESD|Not Enrolled|0.46|0.5788|Section 504|Section 504
17210|Federal Way School District|1647|1429|0.86763813|2020|Puget Sound ESD|2 Year / CTC|0.22|0.1908803886|All Students|All
17210|Federal Way School District|1647|1429|0.86763813|2020|Puget Sound ESD|4 Year|0.3|0.260291439|All Students|All
17210|Federal Way School District|1647|1429|0.86763813|2020|Puget Sound ESD|Not Enrolled|0.48|0.5488281724|All Students|All
17210|Federal Way School District|1601|1416|0.88444722|2019|Puget Sound ESD|2 Year / CTC|0.27|0.2388007494|All Students|All
17210|Federal Way School District|1601|1416|0.88444722|2019|Puget Sound ESD|4 Year|0.31|0.2741786382|All Students|All
17210|Federal Way School District|1601|1416|0.88444722|2019|Puget Sound ESD|Not Enrolled|0.42|0.4870206124|All Students|All
17210|Federal Way School District|1545|1363|0.882200647|2018|Puget Sound ESD|2 Year / CTC|0.26|0.22937216822|All Students|All
17210|Federal Way School District|1545|1363|0.882200647|2018|Puget Sound ESD|4 Year|0.33|0.29112621351|All Students|All
17210|Federal Way School District|1545|1363|0.882200647|2018|Puget Sound ESD|Not Enrolled|0.41|0.47950161827|All Students|All
17210|Federal Way School District|1626|1415|0.870233702|2017|Puget Sound ESD|2 Year / CTC|0.25|0.2175584255|All Students|All
17210|Federal Way School District|1626|1415|0.870233702|2017|Puget Sound ESD|4 Year|0.36|0.31328413272|All Students|All
17210|Federal Way School District|1626|1415|0.870233702|2017|Puget Sound ESD|Not Enrolled|0.39|0.46915744178|All Students|All
17210|Federal Way School District|1635|1402|0.857492355|2016|Puget Sound ESD|2 Year / CTC|0.26|0.2229480123|All Students|All
17210|Federal Way School District|1635|1402|0.857492355|2016|Puget Sound ESD|4 Year|0.38|0.3258470949|All Students|All
17210|Federal Way School District|1635|1402|0.857492355|2016|Puget Sound ESD|Not Enrolled|0.36|0.4512048928|All Students|All
17210|Federal Way School District|1626|1348|0.82902829|2015|Puget Sound ESD|2 Year / CTC|0.27|0.2238376383|All Students|All
17210|Federal Way School District|1626|1348|0.82902829|2015|Puget Sound ESD|4 Year|0.36|0.2984501844|All Students|All
17210|Federal Way School District|1626|1348|0.82902829|2015|Puget Sound ESD|Not Enrolled|0.37|0.4777121773|All Students|All
17210|Federal Way School District|1650|1347|0.816363636|2014|Puget Sound ESD|2 Year / CTC|0.25|0.204090909|All Students|All
17210|Federal Way School District|1650|1347|0.816363636|2014|Puget Sound ESD|4 Year|0.33|0.26939999988|All Students|All
17210|Federal Way School District|1650|1347|0.816363636|2014|Puget Sound ESD|Not Enrolled|0.42|0.52650909112|All Students|All
17210|Federal Way School District|241|194|0.804979253|2020|Puget Sound ESD|2 Year / CTC|0.29|0.23344398337|Bilingual|Bilingual
17210|Federal Way School District|241|194|0.804979253|2020|Puget Sound ESD|4 Year|0.05|0.04024896265|Bilingual|Bilingual
17210|Federal Way School District|241|194|0.804979253|2020|Puget Sound ESD|Not Enrolled|0.66|0.72630705398|Bilingual|Bilingual
17210|Federal Way School District|228|176.472|0.774|2019|Puget Sound ESD|2 Year / CTC|0.36|0.27864|Bilingual|Bilingual
17210|Federal Way School District|228|176.472|0.774|2019|Puget Sound ESD|4 Year|0.09|0.06966|Bilingual|Bilingual
17210|Federal Way School District|228|176.472|0.774|2019|Puget Sound ESD|Not Enrolled|0.55|0.6517|Bilingual|Bilingual
17210|Federal Way School District|189|142|0.751322751|2018|Puget Sound ESD|2 Year / CTC|0.35|0.26296296285|Bilingual|Bilingual
17210|Federal Way School District|189|142|0.751322751|2018|Puget Sound ESD|4 Year|0.1|0.0751322751|Bilingual|Bilingual
17210|Federal Way School District|189|142|0.751322751|2018|Puget Sound ESD|Not Enrolled|0.55|0.66190476205|Bilingual|Bilingual
17210|Federal Way School District|145|97|0.668965517|2017|Puget Sound ESD|2 Year / CTC|0.26|0.17393103442|Bilingual|Bilingual
17210|Federal Way School District|145|97|0.668965517|2017|Puget Sound ESD|4 Year|0.14|0.09365517238|Bilingual|Bilingual
17210|Federal Way School District|145|97|0.668965517|2017|Puget Sound ESD|Not Enrolled|0.6|0.7324137932|Bilingual|Bilingual
17210|Federal Way School District|91|63|0.692307692|2016|Puget Sound ESD|2 Year / CTC|0.445|0.30807692294|Bilingual|Bilingual
17210|Federal Way School District|91|63|0.692307692|2016|Puget Sound ESD|4 Year|0.05|0.0346153846|Bilingual|Bilingual
17210|Federal Way School District|91|63|0.692307692|2016|Puget Sound ESD|Not Enrolled|0.545|0.68500000014|Bilingual|Bilingual
17210|Federal Way School District|77|54.516|0.708|2015|Puget Sound ESD|2 Year / CTC|0.345|0.24426|Bilingual|Bilingual
17210|Federal Way School District|77|54.516|0.708|2015|Puget Sound ESD|4 Year|0.05|0.0354|Bilingual|Bilingual
17210|Federal Way School District|77|54.516|0.708|2015|Puget Sound ESD|Not Enrolled|0.545|0.67786|Bilingual|Bilingual
17210|Federal Way School District|122|73|0.598360656|2014|Puget Sound ESD|2 Year / CTC|0.25|0.149590164|Bilingual|Bilingual
17210|Federal Way School District|122|73|0.598360656|2014|Puget Sound ESD|4 Year|0.1|0.0598360656|Bilingual|Bilingual
17210|Federal Way School District|122|73|0.598360656|2014|Puget Sound ESD|Not Enrolled|0.65|0.7905737704|Bilingual|Bilingual
17210|Federal Way School District|1406|1235|0.878378378|2020|Puget Sound ESD|2 Year / CTC|0.21|0.18445945938|Bilingual|Not Bilingual
17210|Federal Way School District|1406|1235|0.878378378|2020|Puget Sound ESD|4 Year|0.33|0.28986486474|Bilingual|Not Bilingual
17210|Federal Way School District|1406|1235|0.878378378|2020|Puget Sound ESD|Not Enrolled|0.45|0.5168918921|Bilingual|Not Bilingual
17210|Federal Way School District|1647|1483.7823|0.9009|2019|Puget Sound ESD|2 Year / CTC|0.25|0.225225|Bilingual|Not Bilingual
17210|Federal Way School District|1647|1483.7823|0.9009|2019|Puget Sound ESD|4 Year|0.33|0.297297|Bilingual|Not Bilingual
17210|Federal Way School District|1647|1483.7823|0.9009|2019|Puget Sound ESD|Not Enrolled|0.41|0.468469|Bilingual|Not Bilingual
17210|Federal Way School District|1356|1221|0.900442478|2018|Puget Sound ESD|2 Year / CTC|0.25|0.2251106195|Bilingual|Not Bilingual
17210|Federal Way School District|1356|1221|0.900442478|2018|Puget Sound ESD|4 Year|0.35|0.3151548673|Bilingual|Not Bilingual
17210|Federal Way School District|1356|1221|0.900442478|2018|Puget Sound ESD|Not Enrolled|0.39|0.45073008842|Bilingual|Not Bilingual
17210|Federal Way School District|1481|1318|0.88993923|2017|Puget Sound ESD|2 Year / CTC|0.24|0.2135854152|Bilingual|Not Bilingual
17210|Federal Way School District|1481|1318|0.88993923|2017|Puget Sound ESD|4 Year|0.37|0.3292775151|Bilingual|Not Bilingual
17210|Federal Way School District|1481|1318|0.88993923|2017|Puget Sound ESD|Not Enrolled|0.39|0.4571370697|Bilingual|Not Bilingual
17210|Federal Way School District|1544|1339|0.867227979|2016|Puget Sound ESD|2 Year / CTC|0.26|0.22547927454|Bilingual|Not Bilingual
17210|Federal Way School District|1544|1339|0.867227979|2016|Puget Sound ESD|4 Year|0.38|0.32954663202|Bilingual|Not Bilingual
17210|Federal Way School District|1544|1339|0.867227979|2016|Puget Sound ESD|Not Enrolled|0.36|0.44497409344|Bilingual|Not Bilingual
17210|Federal Way School District|1968|1649.3808|0.8381|2015|Puget Sound ESD|2 Year / CTC|0.27|0.226287|Bilingual|Not Bilingual
17210|Federal Way School District|1968|1649.3808|0.8381|2015|Puget Sound ESD|4 Year|0.37|0.310097|Bilingual|Not Bilingual
17210|Federal Way School District|1968|1649.3808|0.8381|2015|Puget Sound ESD|Not Enrolled|0.37|0.471997|Bilingual|Not Bilingual
17210|Federal Way School District|1528|1274|0.833769634|2014|Puget Sound ESD|2 Year / CTC|0.25|0.2084424085|Bilingual|Not Bilingual
17210|Federal Way School District|1528|1274|0.833769634|2014|Puget Sound ESD|4 Year|0.34|0.28348167556|Bilingual|Not Bilingual
17210|Federal Way School District|1528|1274|0.833769634|2014|Puget Sound ESD|Not Enrolled|0.41|0.50807591594|Bilingual|Not Bilingual
17210|Federal Way School District|839|740|0.882002384|2020|Puget Sound ESD|2 Year / CTC|0.23|0.20286054832|Gender|Female
17210|Federal Way School District|839|740|0.882002384|2020|Puget Sound ESD|4 Year|0.32|0.28224076288|Gender|Female
17210|Federal Way School District|839|740|0.882002384|2020|Puget Sound ESD|Not Enrolled|0.45|0.5148986888|Gender|Female
17210|Federal Way School District|959|879.403|0.917|2019|Puget Sound ESD|2 Year / CTC|0.28|0.25676|Gender|Female
17210|Federal Way School District|959|879.403|0.917|2019|Puget Sound ESD|4 Year|0.38|0.34846|Gender|Female
17210|Federal Way School District|959|879.403|0.917|2019|Puget Sound ESD|Not Enrolled|0.34|0.39478|Gender|Female
17210|Federal Way School District|760|692|0.910526316|2018|Puget Sound ESD|2 Year / CTC|0.26|0.23673684216|Gender|Female
17210|Federal Way School District|760|692|0.910526316|2018|Puget Sound ESD|4 Year|0.39|0.35510526324|Gender|Female
17210|Federal Way School District|760|692|0.910526316|2018|Puget Sound ESD|Not Enrolled|0.35|0.4081578946|Gender|Female
17210|Federal Way School District|768|689|0.897135417|2017|Puget Sound ESD|2 Year / CTC|0.23|0.20634114591|Gender|Female
17210|Federal Way School District|768|689|0.897135417|2017|Puget Sound ESD|4 Year|0.42|0.37679687514|Gender|Female
17210|Federal Way School District|768|689|0.897135417|2017|Puget Sound ESD|Not Enrolled|0.35|0.41686197895|Gender|Female
17210|Federal Way School District|798|694|0.869674185|2016|Puget Sound ESD|2 Year / CTC|0.26|0.2261152881|Gender|Female
17210|Federal Way School District|798|694|0.869674185|2016|Puget Sound ESD|4 Year|0.41|0.35656641585|Gender|Female
17210|Federal Way School District|798|694|0.869674185|2016|Puget Sound ESD|Not Enrolled|0.33|0.41731829605|Gender|Female
17210|Federal Way School District|838|738|0.880668258|2015|Puget Sound ESD|2 Year / CTC|0.29|0.25539379482|Gender|Female
17210|Federal Way School District|838|738|0.880668258|2015|Puget Sound ESD|4 Year|0.38|0.33465393804|Gender|Female
17210|Federal Way School District|838|738|0.880668258|2015|Puget Sound ESD|Not Enrolled|0.33|0.40995226714|Gender|Female
17210|Federal Way School District|784|668|0.852040816|2014|Puget Sound ESD|2 Year / CTC|0.25|0.213010204|Gender|Female
17210|Federal Way School District|784|668|0.852040816|2014|Puget Sound ESD|4 Year|0.35|0.2982142856|Gender|Female
17210|Federal Way School District|784|668|0.852040816|2014|Puget Sound ESD|Not Enrolled|0.39|0.48025510224|Gender|Female
17210|Federal Way School District|944|805.232|0.853|2020|Puget Sound ESD|2 Year / CTC|0.22|0.18766|Gender|Male
17210|Federal Way School District|944|805.232|0.853|2020|Puget Sound ESD|4 Year|0.28|0.23884|Gender|Male
17210|Federal Way School District|944|805.232|0.853|2020|Puget Sound ESD|Not Enrolled|0.51|0.58203|Gender|Male
17210|Federal Way School District|801|682|0.851435705|2019|Puget Sound ESD|2 Year / CTC|0.25|0.21285892625|Gender|Male
17210|Federal Way School District|801|682|0.851435705|2019|Puget Sound ESD|4 Year|0.24|0.2043445692|Gender|Male
17210|Federal Way School District|801|682|0.851435705|2019|Puget Sound ESD|Not Enrolled|0.51|0.58279650455|Gender|Male
17210|Federal Way School District|785|671|0.85477707|2018|Puget Sound ESD|2 Year / CTC|0.26|0.2222420382|Gender|Male
17210|Federal Way School District|785|671|0.85477707|2018|Puget Sound ESD|4 Year|0.27|0.2307898089|Gender|Male
17210|Federal Way School District|785|671|0.85477707|2018|Puget Sound ESD|Not Enrolled|0.46|0.5384203822|Gender|Male
17210|Federal Way School District|858|726|0.846153846|2017|Puget Sound ESD|2 Year / CTC|0.26|0.21999999996|Gender|Male
17210|Federal Way School District|858|726|0.846153846|2017|Puget Sound ESD|4 Year|0.3|0.2538461538|Gender|Male
17210|Federal Way School District|858|726|0.846153846|2017|Puget Sound ESD|Not Enrolled|0.44|0.52615384624|Gender|Male
17210|Federal Way School District|837|708|0.845878136|2016|Puget Sound ESD|2 Year / CTC|0.26|0.21992831536|Gender|Male
17210|Federal Way School District|837|708|0.845878136|2016|Puget Sound ESD|4 Year|0.34|0.28759856624|Gender|Male
17210|Federal Way School District|837|708|0.845878136|2016|Puget Sound ESD|Not Enrolled|0.4|0.4924731184|Gender|Male
17210|Federal Way School District|788|610|0.774111675|2015|Puget Sound ESD|2 Year / CTC|0.24|0.185786802|Gender|Male
17210|Federal Way School District|788|610|0.774111675|2015|Puget Sound ESD|4 Year|0.33|0.25545685275|Gender|Male
17210|Federal Way School District|788|610|0.774111675|2015|Puget Sound ESD|Not Enrolled|0.42|0.5510152285|Gender|Male
17210|Federal Way School District|866|679|0.784064665|2014|Puget Sound ESD|2 Year / CTC|0.25|0.19601616625|Gender|Male
17210|Federal Way School District|866|679|0.784064665|2014|Puget Sound ESD|4 Year|0.3|0.2352193995|Gender|Male
17210|Federal Way School District|866|679|0.784064665|2014|Puget Sound ESD|Not Enrolled|0.45|0.56876443425|Gender|Male
17210|Federal Way School District|1055|883|0.836966825|2020|Puget Sound ESD|2 Year / CTC|0.18|0.1506540285|FRPL|FRPL
17210|Federal Way School District|1055|883|0.836966825|2020|Puget Sound ESD|4 Year|0.25|0.20924170625|FRPL|FRPL
17210|Federal Way School District|1055|883|0.836966825|2020|Puget Sound ESD|Not Enrolled|0.57|0.64010426525|FRPL|FRPL
17210|Federal Way School District|1060|909.692|0.8582|2019|Puget Sound ESD|2 Year / CTC|0.27|0.231714|FRPL|FRPL
17210|Federal Way School District|1060|909.692|0.8582|2019|Puget Sound ESD|4 Year|0.25|0.21455|FRPL|FRPL
17210|Federal Way School District|1060|909.692|0.8582|2019|Puget Sound ESD|Not Enrolled|0.48|0.553736|FRPL|FRPL
17210|Federal Way School District|957|820|0.856844305|2018|Puget Sound ESD|2 Year / CTC|0.27|0.23134796235|FRPL|FRPL
17210|Federal Way School District|957|820|0.856844305|2018|Puget Sound ESD|4 Year|0.23|0.19707419015|FRPL|FRPL
17210|Federal Way School District|957|820|0.856844305|2018|Puget Sound ESD|Not Enrolled|0.5|0.5715778475|FRPL|FRPL
17210|Federal Way School District|1055|887|0.840758294|2017|Puget Sound ESD|2 Year / CTC|0.24|0.20178199056|FRPL|FRPL
17210|Federal Way School District|1055|887|0.840758294|2017|Puget Sound ESD|4 Year|0.29|0.24381990526|FRPL|FRPL
17210|Federal Way School District|1055|887|0.840758294|2017|Puget Sound ESD|Not Enrolled|0.47|0.55439810418|FRPL|FRPL
17210|Federal Way School District|1015|824|0.81182266|2016|Puget Sound ESD|2 Year / CTC|0.26|0.2110738916|FRPL|FRPL
17210|Federal Way School District|1015|824|0.81182266|2016|Puget Sound ESD|4 Year|0.29|0.2354285714|FRPL|FRPL
17210|Federal Way School District|1015|824|0.81182266|2016|Puget Sound ESD|Not Enrolled|0.45|0.553497537|FRPL|FRPL
17210|Federal Way School District|1018|792|0.777996071|2015|Puget Sound ESD|2 Year / CTC|0.24|0.18671905704|FRPL|FRPL
17210|Federal Way School District|1018|792|0.777996071|2015|Puget Sound ESD|4 Year|0.3|0.2333988213|FRPL|FRPL
17210|Federal Way School District|1018|792|0.777996071|2015|Puget Sound ESD|Not Enrolled|0.46|0.57988212166|FRPL|FRPL
17210|Federal Way School District|1041|770.34|0.74|2014|Puget Sound ESD|2 Year / CTC|0.21|0.1554|FRPL|FRPL
17210|Federal Way School District|1041|770.34|0.74|2014|Puget Sound ESD|4 Year|0.25|0.185|FRPL|FRPL
17210|Federal Way School District|1041|770.34|0.74|2014|Puget Sound ESD|Not Enrolled|0.54|0.6596|FRPL|FRPL
17210|Federal Way School District|592|546|0.922297297|2020|Puget Sound ESD|2 Year / CTC|0.27|0.24902027019|FRPL|Not FRPL
17210|Federal Way School District|592|546|0.922297297|2020|Puget Sound ESD|4 Year|0.36|0.33202702692|FRPL|Not FRPL
17210|Federal Way School District|592|546|0.922297297|2020|Puget Sound ESD|Not Enrolled|0.37|0.41895270289|FRPL|Not FRPL
17210|Federal Way School District|815|762.84|0.936|2019|Puget Sound ESD|2 Year / CTC|0.26|0.24336|FRPL|Not FRPL
17210|Federal Way School District|815|762.84|0.936|2019|Puget Sound ESD|4 Year|0.38|0.35568|FRPL|Not FRPL
17210|Federal Way School District|815|762.84|0.936|2019|Puget Sound ESD|Not Enrolled|0.36|0.40096|FRPL|Not FRPL
17210|Federal Way School District|588|543|0.923469388|2018|Puget Sound ESD|2 Year / CTC|0.25|0.230867347|FRPL|Not FRPL
17210|Federal Way School District|588|543|0.923469388|2018|Puget Sound ESD|4 Year|0.44|0.40632653072|FRPL|Not FRPL
17210|Federal Way School District|588|543|0.923469388|2018|Puget Sound ESD|Not Enrolled|0.31|0.36280612228|FRPL|Not FRPL
17210|Federal Way School District|571|528|0.92469352|2017|Puget Sound ESD|2 Year / CTC|0.25|0.23117338|FRPL|Not FRPL
17210|Federal Way School District|571|528|0.92469352|2017|Puget Sound ESD|4 Year|0.43|0.3976182136|FRPL|Not FRPL
17210|Federal Way School District|571|528|0.92469352|2017|Puget Sound ESD|Not Enrolled|0.32|0.3712084064|FRPL|Not FRPL
17210|Federal Way School District|620|578|0.932258065|2016|Puget Sound ESD|2 Year / CTC|0.27|0.25170967755|FRPL|Not FRPL
17210|Federal Way School District|620|578|0.932258065|2016|Puget Sound ESD|4 Year|0.45|0.41951612925|FRPL|Not FRPL
17210|Federal Way School District|620|578|0.932258065|2016|Puget Sound ESD|Not Enrolled|0.28|0.3287741932|FRPL|Not FRPL
17210|Federal Way School District|608|556|0.914473684|2015|Puget Sound ESD|2 Year / CTC|0.29|0.26519736836|FRPL|Not FRPL
17210|Federal Way School District|608|556|0.914473684|2015|Puget Sound ESD|4 Year|0.42|0.38407894728|FRPL|Not FRPL
17210|Federal Way School District|608|556|0.914473684|2015|Puget Sound ESD|Not Enrolled|0.29|0.35072368436|FRPL|Not FRPL
17210|Federal Way School District|846|786.78|0.93|2014|Puget Sound ESD|2 Year / CTC|0.29|0.2697|FRPL|Not FRPL
17210|Federal Way School District|846|786.78|0.93|2014|Puget Sound ESD|4 Year|0.4|0.372|FRPL|Not FRPL
17210|Federal Way School District|846|786.78|0.93|2014|Puget Sound ESD|Not Enrolled|0.31|0.3583|FRPL|Not FRPL
17210|Federal Way School District|233|219|0.939914163|2020|Puget Sound ESD|2 Year / CTC|0.27|0.25377682401|Race/Ethnicity|Asian
17210|Federal Way School District|233|219|0.939914163|2020|Puget Sound ESD|4 Year|0.51|0.47935622313|Race/Ethnicity|Asian
17210|Federal Way School District|233|219|0.939914163|2020|Puget Sound ESD|Not Enrolled|0.22|0.26686695286|Race/Ethnicity|Asian
17210|Federal Way School District|252|240|0.952380952|2019|Puget Sound ESD|2 Year / CTC|0.23|0.21904761896|Race/Ethnicity|Asian
17210|Federal Way School District|252|240|0.952380952|2019|Puget Sound ESD|4 Year|0.55|0.5238095236|Race/Ethnicity|Asian
17210|Federal Way School District|252|240|0.952380952|2019|Puget Sound ESD|Not Enrolled|0.22|0.25714285744|Race/Ethnicity|Asian
17210|Federal Way School District|229|211|0.92139738|2018|Puget Sound ESD|2 Year / CTC|0.24|0.2211353712|Race/Ethnicity|Asian
17210|Federal Way School District|229|211|0.92139738|2018|Puget Sound ESD|4 Year|0.55|0.506768559|Race/Ethnicity|Asian
17210|Federal Way School District|229|211|0.92139738|2018|Puget Sound ESD|Not Enrolled|0.22|0.2813100436|Race/Ethnicity|Asian
17210|Federal Way School District|246|224|0.910569106|2017|Puget Sound ESD|2 Year / CTC|0.24|0.21853658544|Race/Ethnicity|Asian
17210|Federal Way School District|246|224|0.910569106|2017|Puget Sound ESD|4 Year|0.55|0.5008130083|Race/Ethnicity|Asian
17210|Federal Way School District|246|224|0.910569106|2017|Puget Sound ESD|Not Enrolled|0.22|0.28975609732|Race/Ethnicity|Asian
17210|Federal Way School District|257|233|0.906614786|2016|Puget Sound ESD|2 Year / CTC|0.25|0.2266536965|Race/Ethnicity|Asian
17210|Federal Way School District|257|233|0.906614786|2016|Puget Sound ESD|4 Year|0.54|0.48957198444|Race/Ethnicity|Asian
17210|Federal Way School District|257|233|0.906614786|2016|Puget Sound ESD|Not Enrolled|0.21|0.28377431906|Race/Ethnicity|Asian
17210|Federal Way School District|292|266|0.910958904|2015|Puget Sound ESD|2 Year / CTC|0.24|0.21863013696|Race/Ethnicity|Asian
17210|Federal Way School District|292|266|0.910958904|2015|Puget Sound ESD|4 Year|0.55|0.5010273972|Race/Ethnicity|Asian
17210|Federal Way School District|292|266|0.910958904|2015|Puget Sound ESD|Not Enrolled|0.21|0.28034246584|Race/Ethnicity|Asian
17210|Federal Way School District|272|235|0.863970588|2014|Puget Sound ESD|2 Year / CTC|0.26|0.22463235288|Race/Ethnicity|Asian
17210|Federal Way School District|272|235|0.863970588|2014|Puget Sound ESD|4 Year|0.54|0.46654411752|Race/Ethnicity|Asian
17210|Federal Way School District|272|235|0.863970588|2014|Puget Sound ESD|Not Enrolled|0.2|0.3088235296|Race/Ethnicity|Asian
17210|Federal Way School District|217|177|0.815668203|2020|Puget Sound ESD|2 Year / CTC|0.26|0.21207373278|Race/Ethnicity|Black or African American
17210|Federal Way School District|217|177|0.815668203|2020|Puget Sound ESD|4 Year|0.29|0.23654377887|Race/Ethnicity|Black or African American
17210|Federal Way School District|217|177|0.815668203|2020|Puget Sound ESD|Not Enrolled|0.46|0.55953917038|Race/Ethnicity|Black or African American
17210|Federal Way School District|235|212|0.90212766|2019|Puget Sound ESD|2 Year / CTC|0.27|0.2435744682|Race/Ethnicity|Black or African American
17210|Federal Way School District|235|212|0.90212766|2019|Puget Sound ESD|4 Year|0.32|0.2886808512|Race/Ethnicity|Black or African American
17210|Federal Way School District|235|212|0.90212766|2019|Puget Sound ESD|Not Enrolled|0.41|0.4677446806|Race/Ethnicity|Black or African American
17210|Federal Way School District|188|166|0.882978723|2018|Puget Sound ESD|2 Year / CTC|0.23|0.20308510629|Race/Ethnicity|Black or African American
17210|Federal Way School District|188|166|0.882978723|2018|Puget Sound ESD|4 Year|0.36|0.31787234028|Race/Ethnicity|Black or African American
17210|Federal Way School District|188|166|0.882978723|2018|Puget Sound ESD|Not Enrolled|0.41|0.47904255343|Race/Ethnicity|Black or African American
17210|Federal Way School District|216|183|0.847222222|2017|Puget Sound ESD|2 Year / CTC|0.22|0.18638888884|Race/Ethnicity|Black or African American
17210|Federal Way School District|216|183|0.847222222|2017|Puget Sound ESD|4 Year|0.39|0.33041666658|Race/Ethnicity|Black or African American
17210|Federal Way School District|216|183|0.847222222|2017|Puget Sound ESD|Not Enrolled|0.4|0.4916666668|Race/Ethnicity|Black or African American
17210|Federal Way School District|216|181|0.837962963|2016|Puget Sound ESD|2 Year / CTC|0.21|0.17597222223|Race/Ethnicity|Black or African American
17210|Federal Way School District|216|181|0.837962963|2016|Puget Sound ESD|4 Year|0.37|0.31004629631|Race/Ethnicity|Black or African American
17210|Federal Way School District|216|181|0.837962963|2016|Puget Sound ESD|Not Enrolled|0.42|0.51398148146|Race/Ethnicity|Black or African American
17210|Federal Way School District|216|181|0.837962963|2015|Puget Sound ESD|2 Year / CTC|0.23|0.19273148149|Race/Ethnicity|Black or African American
17210|Federal Way School District|216|181|0.837962963|2015|Puget Sound ESD|4 Year|0.34|0.28490740742|Race/Ethnicity|Black or African American
17210|Federal Way School District|216|181|0.837962963|2015|Puget Sound ESD|Not Enrolled|0.43|0.52236111109|Race/Ethnicity|Black or African American
17210|Federal Way School District|203|165|0.812807882|2014|Puget Sound ESD|2 Year / CTC|0.26|0.21133004932|Race/Ethnicity|Black or African American
17210|Federal Way School District|203|165|0.812807882|2014|Puget Sound ESD|4 Year|0.32|0.26009852224|Race/Ethnicity|Black or African American
17210|Federal Way School District|203|165|0.812807882|2014|Puget Sound ESD|Not Enrolled|0.42|0.52857142844|Race/Ethnicity|Black or African American
17210|Federal Way School District|431|377|0.874709977|2020|Puget Sound ESD|2 Year / CTC|0.24|0.20993039448|Race/Ethnicity|Hispanic or Latino of any race(s)
17210|Federal Way School District|431|377|0.874709977|2020|Puget Sound ESD|4 Year|0.3|0.2624129931|Race/Ethnicity|Hispanic or Latino of any race(s)
17210|Federal Way School District|431|377|0.874709977|2020|Puget Sound ESD|Not Enrolled|0.46|0.52765661242|Race/Ethnicity|Hispanic or Latino of any race(s)
17210|Federal Way School District|442|380|0.859728507|2019|Puget Sound ESD|2 Year / CTC|0.25|0.21493212675|Race/Ethnicity|Hispanic or Latino of any race(s)
17210|Federal Way School District|442|380|0.859728507|2019|Puget Sound ESD|4 Year|0.29|0.24932126703|Race/Ethnicity|Hispanic or Latino of any race(s)
17210|Federal Way School District|442|380|0.859728507|2019|Puget Sound ESD|Not Enrolled|0.46|0.53574660622|Race/Ethnicity|Hispanic or Latino of any race(s)
17210|Federal Way School District|368|307|0.83423913|2018|Puget Sound ESD|2 Year / CTC|0.25|0.2085597825|Race/Ethnicity|Hispanic or Latino of any race(s)
17210|Federal Way School District|368|307|0.83423913|2018|Puget Sound ESD|4 Year|0.26|0.2169021738|Race/Ethnicity|Hispanic or Latino of any race(s)
17210|Federal Way School District|368|307|0.83423913|2018|Puget Sound ESD|Not Enrolled|0.49|0.5745380437|Race/Ethnicity|Hispanic or Latino of any race(s)
17210|Federal Way School District|377|321|0.851458886|2017|Puget Sound ESD|2 Year / CTC|0.26|0.22137931036|Race/Ethnicity|Hispanic or Latino of any race(s)
17210|Federal Way School District|377|321|0.851458886|2017|Puget Sound ESD|4 Year|0.25|0.2128647215|Race/Ethnicity|Hispanic or Latino of any race(s)
17210|Federal Way School District|377|321|0.851458886|2017|Puget Sound ESD|Not Enrolled|0.49|0.56575596814|Race/Ethnicity|Hispanic or Latino of any race(s)
17210|Federal Way School District|358|283|0.790502793|2016|Puget Sound ESD|2 Year / CTC|0.25|0.19762569825|Race/Ethnicity|Hispanic or Latino of any race(s)
17210|Federal Way School District|358|283|0.790502793|2016|Puget Sound ESD|4 Year|0.23|0.18181564239|Race/Ethnicity|Hispanic or Latino of any race(s)
17210|Federal Way School District|358|283|0.790502793|2016|Puget Sound ESD|Not Enrolled|0.51|0.61265363143|Race/Ethnicity|Hispanic or Latino of any race(s)
17210|Federal Way School District|302|226|0.748344371|2015|Puget Sound ESD|2 Year / CTC|0.28|0.20953642388|Race/Ethnicity|Hispanic or Latino of any race(s)
17210|Federal Way School District|302|226|0.748344371|2015|Puget Sound ESD|4 Year|0.19|0.14218543049|Race/Ethnicity|Hispanic or Latino of any race(s)
17210|Federal Way School District|302|226|0.748344371|2015|Puget Sound ESD|Not Enrolled|0.53|0.64827814563|Race/Ethnicity|Hispanic or Latino of any race(s)
17210|Federal Way School District|322|226|0.701863354|2014|Puget Sound ESD|2 Year / CTC|0.3|0.2105590062|Race/Ethnicity|Hispanic or Latino of any race(s)
17210|Federal Way School District|322|226|0.701863354|2014|Puget Sound ESD|4 Year|0.17|0.11931677018|Race/Ethnicity|Hispanic or Latino of any race(s)
17210|Federal Way School District|322|226|0.701863354|2014|Puget Sound ESD|Not Enrolled|0.53|0.67012422362|Race/Ethnicity|Hispanic or Latino of any race(s)
17210|Federal Way School District|172|147|0.854651163|2020|Puget Sound ESD|2 Year / CTC|0.26|0.22220930238|Race/Ethnicity|Two or More Races
17210|Federal Way School District|172|147|0.854651163|2020|Puget Sound ESD|4 Year|0.29|0.24784883727|Race/Ethnicity|Two or More Races
17210|Federal Way School District|172|147|0.854651163|2020|Puget Sound ESD|Not Enrolled|0.45|0.52994186035|Race/Ethnicity|Two or More Races
17210|Federal Way School District|149|134|0.899328859|2019|Puget Sound ESD|2 Year / CTC|0.27|0.24281879193|Race/Ethnicity|Two or More Races
17210|Federal Way School District|149|134|0.899328859|2019|Puget Sound ESD|4 Year|0.29|0.26080536911|Race/Ethnicity|Two or More Races
17210|Federal Way School District|149|134|0.899328859|2019|Puget Sound ESD|Not Enrolled|0.44|0.49637583896|Race/Ethnicity|Two or More Races
17210|Federal Way School District|169|152|0.899408284|2018|Puget Sound ESD|2 Year / CTC|0.28|0.25183431952|Race/Ethnicity|Two or More Races
17210|Federal Way School District|169|152|0.899408284|2018|Puget Sound ESD|4 Year|0.31|0.27881656804|Race/Ethnicity|Two or More Races
17210|Federal Way School District|169|152|0.899408284|2018|Puget Sound ESD|Not Enrolled|0.41|0.46934911244|Race/Ethnicity|Two or More Races
17210|Federal Way School District|155|136|0.877419355|2017|Puget Sound ESD|2 Year / CTC|0.26|0.2281290323|Race/Ethnicity|Two or More Races
17210|Federal Way School District|155|136|0.877419355|2017|Puget Sound ESD|4 Year|0.35|0.30709677425|Race/Ethnicity|Two or More Races
17210|Federal Way School District|155|136|0.877419355|2017|Puget Sound ESD|Not Enrolled|0.39|0.46477419345|Race/Ethnicity|Two or More Races
17210|Federal Way School District|137|115|0.839416058|2016|Puget Sound ESD|2 Year / CTC|0.25|0.2098540145|Race/Ethnicity|Two or More Races
17210|Federal Way School District|137|115|0.839416058|2016|Puget Sound ESD|4 Year|0.34|0.28540145972|Race/Ethnicity|Two or More Races
17210|Federal Way School District|137|115|0.839416058|2016|Puget Sound ESD|Not Enrolled|0.41|0.50474452578|Race/Ethnicity|Two or More Races
17210|Federal Way School District|135|111|0.822222222|2015|Puget Sound ESD|2 Year / CTC|0.23|0.18911111106|Race/Ethnicity|Two or More Races
17210|Federal Way School District|135|111|0.822222222|2015|Puget Sound ESD|4 Year|0.33|0.27133333326|Race/Ethnicity|Two or More Races
17210|Federal Way School District|135|111|0.822222222|2015|Puget Sound ESD|Not Enrolled|0.44|0.53955555568|Race/Ethnicity|Two or More Races
17210|Federal Way School District|150|119|0.793333333|2014|Puget Sound ESD|2 Year / CTC|0.25|0.19833333325|Race/Ethnicity|Two or More Races
17210|Federal Way School District|150|119|0.793333333|2014|Puget Sound ESD|4 Year|0.29|0.23006666657|Race/Ethnicity|Two or More Races
17210|Federal Way School District|150|119|0.793333333|2014|Puget Sound ESD|Not Enrolled|0.45|0.56366666685|Race/Ethnicity|Two or More Races
17210|Federal Way School District|495|419|0.846464646|2020|Puget Sound ESD|2 Year / CTC|0.3|0.2539393938|Race/Ethnicity|White
17210|Federal Way School District|495|419|0.846464646|2020|Puget Sound ESD|4 Year|0.29|0.24547474734|Race/Ethnicity|White
17210|Federal Way School District|495|419|0.846464646|2020|Puget Sound ESD|Not Enrolled|0.41|0.50058585886|Race/Ethnicity|White
17210|Federal Way School District|443|381|0.860045147|2019|Puget Sound ESD|2 Year / CTC|0.29|0.24941309263|Race/Ethnicity|White
17210|Federal Way School District|443|381|0.860045147|2019|Puget Sound ESD|4 Year|0.33|0.28381489851|Race/Ethnicity|White
17210|Federal Way School District|443|381|0.860045147|2019|Puget Sound ESD|Not Enrolled|0.39|0.47537246033|Race/Ethnicity|White
17210|Federal Way School District|484|434|0.896694215|2018|Puget Sound ESD|2 Year / CTC|0.28|0.2510743802|Race/Ethnicity|White
17210|Federal Way School District|484|434|0.896694215|2018|Puget Sound ESD|4 Year|0.36|0.3228099174|Race/Ethnicity|White
17210|Federal Way School District|484|434|0.896694215|2018|Puget Sound ESD|Not Enrolled|0.36|0.4261157024|Race/Ethnicity|White
17210|Federal Way School District|560|496|0.885714286|2017|Puget Sound ESD|2 Year / CTC|0.29|0.25685714294|Race/Ethnicity|White
17210|Federal Way School District|560|496|0.885714286|2017|Puget Sound ESD|4 Year|0.35|0.3100000001|Race/Ethnicity|White
17210|Federal Way School District|560|496|0.885714286|2017|Puget Sound ESD|Not Enrolled|0.36|0.43314285696|Race/Ethnicity|White
17210|Federal Way School District|602|538|0.893687708|2016|Puget Sound ESD|2 Year / CTC|0.29|0.25916943532|Race/Ethnicity|White
17210|Federal Way School District|602|538|0.893687708|2016|Puget Sound ESD|4 Year|0.34|0.30385382072|Race/Ethnicity|White
17210|Federal Way School District|602|538|0.893687708|2016|Puget Sound ESD|Not Enrolled|0.37|0.43697674396|Race/Ethnicity|White
17210|Federal Way School District|585|495|0.846153846|2015|Puget Sound ESD|2 Year / CTC|0.3|0.2538461538|Race/Ethnicity|White
17210|Federal Way School District|585|495|0.846153846|2015|Puget Sound ESD|4 Year|0.32|0.27076923072|Race/Ethnicity|White
17210|Federal Way School District|585|495|0.846153846|2015|Puget Sound ESD|Not Enrolled|0.38|0.47538461548|Race/Ethnicity|White
17210|Federal Way School District|626|543|0.867412141|2014|Puget Sound ESD|2 Year / CTC|0.3|0.2602236423|Race/Ethnicity|White
17210|Federal Way School District|626|543|0.867412141|2014|Puget Sound ESD|4 Year|0.33|0.28624600653|Race/Ethnicity|White
17210|Federal Way School District|626|543|0.867412141|2014|Puget Sound ESD|Not Enrolled|0.38|0.46220447258|Race/Ethnicity|White
06098|Hockinson School District|85|80|0.941176471|2019|ESD 112|2 Year / CTC|0.2|0.1882352942|Gender|Male
06098|Hockinson School District|85|80|0.941176471|2019|ESD 112|4 Year|0.41|0.38588235311|Gender|Male
06098|Hockinson School District|85|80|0.941176471|2019|ESD 112|Not Enrolled|0.4|0.4352941174|Gender|Male
17401|Highline School District|1915|1680.604|0.8776|2020|Puget Sound ESD|2 Year / CTC|0.26|0.228176|Section 504|Not Section 504
17401|Highline School District|1915|1680.604|0.8776|2020|Puget Sound ESD|4 Year|0.31|0.272056|Section 504|Not Section 504
17401|Highline School District|1915|1680.604|0.8776|2020|Puget Sound ESD|Not Enrolled|0.43|0.499768|Section 504|Not Section 504
17401|Highline School District|1982|1709.0786|0.8623|2019|Puget Sound ESD|2 Year / CTC|0.27|0.232821|Section 504|Not Section 504
17401|Highline School District|1982|1709.0786|0.8623|2019|Puget Sound ESD|4 Year|0.32|0.275936|Section 504|Not Section 504
17401|Highline School District|1982|1709.0786|0.8623|2019|Puget Sound ESD|Not Enrolled|0.41|0.491243|Section 504|Not Section 504
17401|Highline School District|1664|1424.384|0.856|2018|Puget Sound ESD|2 Year / CTC|0.26|0.22256|Section 504|Not Section 504
17401|Highline School District|1664|1424.384|0.856|2018|Puget Sound ESD|4 Year|0.33|0.28248|Section 504|Not Section 504
17401|Highline School District|1664|1424.384|0.856|2018|Puget Sound ESD|Not Enrolled|0.41|0.49496|Section 504|Not Section 504
17401|Highline School District|1861|1553.935|0.835|2017|Puget Sound ESD|2 Year / CTC|0.27|0.22545|Section 504|Not Section 504
17401|Highline School District|1861|1553.935|0.835|2017|Puget Sound ESD|4 Year|0.32|0.2672|Section 504|Not Section 504
17401|Highline School District|1861|1553.935|0.835|2017|Puget Sound ESD|Not Enrolled|0.41|0.50735|Section 504|Not Section 504
17401|Highline School District|1102|892|0.809437387|2016|Puget Sound ESD|2 Year / CTC|0.28|0.22664246836|Section 504|Not Section 504
17401|Highline School District|1102|892|0.809437387|2016|Puget Sound ESD|4 Year|0.32|0.25901996384|Section 504|Not Section 504
17401|Highline School District|1102|892|0.809437387|2016|Puget Sound ESD|Not Enrolled|0.4|0.5143375678|Section 504|Not Section 504
17401|Highline School District|1158|908|0.784110535|2015|Puget Sound ESD|2 Year / CTC|0.29|0.22739205515|Section 504|Not Section 504
17401|Highline School District|1158|908|0.784110535|2015|Puget Sound ESD|4 Year|0.3|0.2352331605|Section 504|Not Section 504
17401|Highline School District|1158|908|0.784110535|2015|Puget Sound ESD|Not Enrolled|0.41|0.53737478435|Section 504|Not Section 504
17401|Highline School District|1261|904|0.716891356|2014|Puget Sound ESD|2 Year / CTC|0.31|0.22223632036|Section 504|Not Section 504
17401|Highline School District|1261|904|0.716891356|2014|Puget Sound ESD|4 Year|0.28|0.20072957968|Section 504|Not Section 504
17401|Highline School District|1261|904|0.716891356|2014|Puget Sound ESD|Not Enrolled|0.42|0.58420301352|Section 504|Not Section 504
17401|Highline School District|0|0|0.88|2020|Puget Sound ESD|2 Year / CTC|0.29|0.2552|Section 504|Section 504
17401|Highline School District|0|0|0.88|2020|Puget Sound ESD|4 Year|0.32|0.2816|Section 504|Section 504
17401|Highline School District|0|0|0.88|2020|Puget Sound ESD|Not Enrolled|0.38|0.4544|Section 504|Section 504
17401|Highline School District|0|0|0.92|2019|Puget Sound ESD|2 Year / CTC|0.32|0.2944|Section 504|Section 504
17401|Highline School District|0|0|0.92|2019|Puget Sound ESD|4 Year|0.29|0.2668|Section 504|Section 504
17401|Highline School District|0|0|0.92|2019|Puget Sound ESD|Not Enrolled|0.38|0.4296|Section 504|Section 504
17401|Highline School District|73|66.43|0.91|2018|Puget Sound ESD|2 Year / CTC|0.34|0.3094|Section 504|Section 504
17401|Highline School District|73|66.43|0.91|2018|Puget Sound ESD|4 Year|0.32|0.2912|Section 504|Section 504
17401|Highline School District|73|66.43|0.91|2018|Puget Sound ESD|Not Enrolled|0.34|0.3994|Section 504|Section 504
17401|Highline School District|63|59.85|0.95|2017|Puget Sound ESD|2 Year / CTC|0.31|0.2945|Section 504|Section 504
17401|Highline School District|63|59.85|0.95|2017|Puget Sound ESD|4 Year|0.31|0.2945|Section 504|Section 504
17401|Highline School District|63|59.85|0.95|2017|Puget Sound ESD|Not Enrolled|0.38|0.411|Section 504|Section 504
17401|Highline School District|122|104|0.852459016|2016|Puget Sound ESD|2 Year / CTC|0.32|0.27278688512|Section 504|Section 504
17401|Highline School District|122|104|0.852459016|2016|Puget Sound ESD|4 Year|0.32|0.27278688512|Section 504|Section 504
17401|Highline School District|122|104|0.852459016|2016|Puget Sound ESD|Not Enrolled|0.36|0.45442622976|Section 504|Section 504
17401|Highline School District|103|89|0.86407767|2015|Puget Sound ESD|2 Year / CTC|0.28|0.2419417476|Section 504|Section 504
17401|Highline School District|103|89|0.86407767|2015|Puget Sound ESD|4 Year|0.34|0.2937864078|Section 504|Section 504
17401|Highline School District|103|89|0.86407767|2015|Puget Sound ESD|Not Enrolled|0.38|0.4642718446|Section 504|Section 504
17401|Highline School District|100|80|0.8|2014|Puget Sound ESD|2 Year / CTC|0.31|0.248|Section 504|Section 504
17401|Highline School District|100|80|0.8|2014|Puget Sound ESD|4 Year|0.33|0.264|Section 504|Section 504
17401|Highline School District|100|80|0.8|2014|Puget Sound ESD|Not Enrolled|0.36|0.488|Section 504|Section 504
17401|Highline School District|1359|1193|0.877851361|2020|Puget Sound ESD|2 Year / CTC|0.26|0.22824135386|All Students|All
17401|Highline School District|1359|1193|0.877851361|2020|Puget Sound ESD|4 Year|0.27|0.23701986747|All Students|All
17401|Highline School District|1359|1193|0.877851361|2020|Puget Sound ESD|Not Enrolled|0.47|0.53473877867|All Students|All
17401|Highline School District|1291|1117|0.865220759|2019|Puget Sound ESD|2 Year / CTC|0.28|0.24226181252|All Students|All
17401|Highline School District|1291|1117|0.865220759|2019|Puget Sound ESD|4 Year|0.31|0.26821843529|All Students|All
17401|Highline School District|1291|1117|0.865220759|2019|Puget Sound ESD|Not Enrolled|0.4|0.4808675446|All Students|All
17401|Highline School District|1383|1187|0.858279103|2018|Puget Sound ESD|2 Year / CTC|0.25|0.21456977575|All Students|All
17401|Highline School District|1383|1187|0.858279103|2018|Puget Sound ESD|4 Year|0.34|0.29181489502|All Students|All
17401|Highline School District|1383|1187|0.858279103|2018|Puget Sound ESD|Not Enrolled|0.41|0.49361532923|All Students|All
17401|Highline School District|1280|1076|0.840625|2017|Puget Sound ESD|2 Year / CTC|0.28|0.235375|All Students|All
17401|Highline School District|1280|1076|0.840625|2017|Puget Sound ESD|4 Year|0.31|0.26059375|All Students|All
17401|Highline School District|1280|1076|0.840625|2017|Puget Sound ESD|Not Enrolled|0.42|0.5124375|All Students|All
17401|Highline School District|1224|996|0.81372549|2016|Puget Sound ESD|2 Year / CTC|0.27|0.2197058823|All Students|All
17401|Highline School District|1224|996|0.81372549|2016|Puget Sound ESD|4 Year|0.35|0.2848039215|All Students|All
17401|Highline School District|1224|996|0.81372549|2016|Puget Sound ESD|Not Enrolled|0.39|0.5036274511|All Students|All
17401|Highline School District|1261|997|0.790642347|2015|Puget Sound ESD|2 Year / CTC|0.27|0.21347343369|All Students|All
17401|Highline School District|1261|997|0.790642347|2015|Puget Sound ESD|4 Year|0.31|0.24509912757|All Students|All
17401|Highline School District|1261|997|0.790642347|2015|Puget Sound ESD|Not Enrolled|0.42|0.54142743874|All Students|All
17401|Highline School District|1361|984|0.722997796|2014|Puget Sound ESD|2 Year / CTC|0.31|0.22412931676|All Students|All
17401|Highline School District|1361|984|0.722997796|2014|Puget Sound ESD|4 Year|0.32|0.23135929472|All Students|All
17401|Highline School District|1361|984|0.722997796|2014|Puget Sound ESD|Not Enrolled|0.38|0.55174136648|All Students|All
17401|Highline School District|336|236|0.702380952|2020|Puget Sound ESD|2 Year / CTC|0.32|0.22476190464|Bilingual|Bilingual
17401|Highline School District|336|236|0.702380952|2020|Puget Sound ESD|4 Year|0.05|0.0351190476|Bilingual|Bilingual
17401|Highline School District|336|236|0.702380952|2020|Puget Sound ESD|Not Enrolled|0.63|0.74011904776|Bilingual|Bilingual
17401|Highline School District|265|177|0.667924528|2019|Puget Sound ESD|2 Year / CTC|0.42|0.28052830176|Bilingual|Bilingual
17401|Highline School District|265|177|0.667924528|2019|Puget Sound ESD|4 Year|0.1|0.0667924528|Bilingual|Bilingual
17401|Highline School District|265|177|0.667924528|2019|Puget Sound ESD|Not Enrolled|0.48|0.65267924544|Bilingual|Bilingual
17401|Highline School District|266|193|0.72556391|2018|Puget Sound ESD|2 Year / CTC|0.34|0.2466917294|Bilingual|Bilingual
17401|Highline School District|266|193|0.72556391|2018|Puget Sound ESD|4 Year|0.1|0.072556391|Bilingual|Bilingual
17401|Highline School District|266|193|0.72556391|2018|Puget Sound ESD|Not Enrolled|0.57|0.6880075187|Bilingual|Bilingual
17401|Highline School District|233|158|0.678111588|2017|Puget Sound ESD|2 Year / CTC|0.46|0.31193133048|Bilingual|Bilingual
17401|Highline School District|233|158|0.678111588|2017|Puget Sound ESD|4 Year|0.06|0.04068669528|Bilingual|Bilingual
17401|Highline School District|233|158|0.678111588|2017|Puget Sound ESD|Not Enrolled|0.48|0.64738197424|Bilingual|Bilingual
17401|Highline School District|191|123|0.643979058|2016|Puget Sound ESD|2 Year / CTC|0.42|0.27047120436|Bilingual|Bilingual
17401|Highline School District|191|123|0.643979058|2016|Puget Sound ESD|4 Year|0.12|0.07727748696|Bilingual|Bilingual
17401|Highline School District|191|123|0.643979058|2016|Puget Sound ESD|Not Enrolled|0.45|0.6458115181|Bilingual|Bilingual
17401|Highline School District|200|128|0.64|2015|Puget Sound ESD|2 Year / CTC|0.46|0.2944|Bilingual|Bilingual
17401|Highline School District|200|128|0.64|2015|Puget Sound ESD|4 Year|0.06|0.0384|Bilingual|Bilingual
17401|Highline School District|200|128|0.64|2015|Puget Sound ESD|Not Enrolled|0.47|0.6608|Bilingual|Bilingual
17401|Highline School District|233|131|0.56223176|2014|Puget Sound ESD|2 Year / CTC|0.55|0.309227468|Bilingual|Bilingual
17401|Highline School District|233|131|0.56223176|2014|Puget Sound ESD|4 Year|0.09|0.0506008584|Bilingual|Bilingual
17401|Highline School District|233|131|0.56223176|2014|Puget Sound ESD|Not Enrolled|0.36|0.6401716736|Bilingual|Bilingual
17401|Highline School District|1023|957|0.935483871|2020|Puget Sound ESD|2 Year / CTC|0.25|0.23387096775|Bilingual|Not Bilingual
17401|Highline School District|1023|957|0.935483871|2020|Puget Sound ESD|4 Year|0.31|0.29000000001|Bilingual|Not Bilingual
17401|Highline School District|1023|957|0.935483871|2020|Puget Sound ESD|Not Enrolled|0.44|0.47612903224|Bilingual|Not Bilingual
17401|Highline School District|1026|940|0.916179337|2019|Puget Sound ESD|2 Year / CTC|0.26|0.23820662762|Bilingual|Not Bilingual
17401|Highline School District|1026|940|0.916179337|2019|Puget Sound ESD|4 Year|0.35|0.32066276795|Bilingual|Not Bilingual
17401|Highline School District|1026|940|0.916179337|2019|Puget Sound ESD|Not Enrolled|0.39|0.44113060443|Bilingual|Not Bilingual
17401|Highline School District|1117|994|0.889883617|2018|Puget Sound ESD|2 Year / CTC|0.24|0.21357206808|Bilingual|Not Bilingual
17401|Highline School District|1117|994|0.889883617|2018|Puget Sound ESD|4 Year|0.37|0.32925693829|Bilingual|Not Bilingual
17401|Highline School District|1117|994|0.889883617|2018|Puget Sound ESD|Not Enrolled|0.39|0.45717099363|Bilingual|Not Bilingual
17401|Highline School District|1047|918|0.876790831|2017|Puget Sound ESD|2 Year / CTC|0.26|0.22796561606|Bilingual|Not Bilingual
17401|Highline School District|1047|918|0.876790831|2017|Puget Sound ESD|4 Year|0.33|0.28934097423|Bilingual|Not Bilingual
17401|Highline School District|1047|918|0.876790831|2017|Puget Sound ESD|Not Enrolled|0.41|0.48269340971|Bilingual|Not Bilingual
17401|Highline School District|1033|873|0.845111326|2016|Puget Sound ESD|2 Year / CTC|0.25|0.2112778315|Bilingual|Not Bilingual
17401|Highline School District|1033|873|0.845111326|2016|Puget Sound ESD|4 Year|0.36|0.30424007736|Bilingual|Not Bilingual
17401|Highline School District|1033|873|0.845111326|2016|Puget Sound ESD|Not Enrolled|0.38|0.47603097788|Bilingual|Not Bilingual
17401|Highline School District|1061|869|0.819038643|2015|Puget Sound ESD|2 Year / CTC|0.26|0.21295004718|Bilingual|Not Bilingual
17401|Highline School District|1061|869|0.819038643|2015|Puget Sound ESD|4 Year|0.33|0.27028275219|Bilingual|Not Bilingual
17401|Highline School District|1061|869|0.819038643|2015|Puget Sound ESD|Not Enrolled|0.41|0.51676720063|Bilingual|Not Bilingual
17401|Highline School District|1128|853|0.756205674|2014|Puget Sound ESD|2 Year / CTC|0.29|0.21929964546|Bilingual|Not Bilingual
17401|Highline School District|1128|853|0.756205674|2014|Puget Sound ESD|4 Year|0.33|0.24954787242|Bilingual|Not Bilingual
17401|Highline School District|1128|853|0.756205674|2014|Puget Sound ESD|Not Enrolled|0.38|0.53115248212|Bilingual|Not Bilingual
17401|Highline School District|913|825.352|0.904|2020|Puget Sound ESD|2 Year / CTC|0.3|0.2712|Gender|Female
17401|Highline School District|913|825.352|0.904|2020|Puget Sound ESD|4 Year|0.29|0.26216|Gender|Female
17401|Highline School District|913|825.352|0.904|2020|Puget Sound ESD|Not Enrolled|0.41|0.46664|Gender|Female
17401|Highline School District|629|562|0.893481717|2019|Puget Sound ESD|2 Year / CTC|0.28|0.25017488076|Gender|Female
17401|Highline School District|629|562|0.893481717|2019|Puget Sound ESD|4 Year|0.39|0.34845786963|Gender|Female
17401|Highline School District|629|562|0.893481717|2019|Puget Sound ESD|Not Enrolled|0.33|0.40136724961|Gender|Female
17401|Highline School District|658|585|0.889057751|2018|Puget Sound ESD|2 Year / CTC|0.24|0.21337386024|Gender|Female
17401|Highline School District|658|585|0.889057751|2018|Puget Sound ESD|4 Year|0.38|0.33784194538|Gender|Female
17401|Highline School District|658|585|0.889057751|2018|Puget Sound ESD|Not Enrolled|0.38|0.44878419438|Gender|Female
17401|Highline School District|589|530|0.899830221|2017|Puget Sound ESD|2 Year / CTC|0.28|0.25195246188|Gender|Female
17401|Highline School District|589|530|0.899830221|2017|Puget Sound ESD|4 Year|0.33|0.29694397293|Gender|Female
17401|Highline School District|589|530|0.899830221|2017|Puget Sound ESD|Not Enrolled|0.39|0.45110356519|Gender|Female
17401|Highline School District|590|497|0.842372881|2016|Puget Sound ESD|2 Year / CTC|0.27|0.22744067787|Gender|Female
17401|Highline School District|590|497|0.842372881|2016|Puget Sound ESD|4 Year|0.37|0.31167796597|Gender|Female
17401|Highline School District|590|497|0.842372881|2016|Puget Sound ESD|Not Enrolled|0.36|0.46088135616|Gender|Female
17401|Highline School District|610|506|0.829508197|2015|Puget Sound ESD|2 Year / CTC|0.28|0.23226229516|Gender|Female
17401|Highline School District|610|506|0.829508197|2015|Puget Sound ESD|4 Year|0.34|0.28203278698|Gender|Female
17401|Highline School District|610|506|0.829508197|2015|Puget Sound ESD|Not Enrolled|0.39|0.49399999983|Gender|Female
17401|Highline School District|650|511|0.786153846|2014|Puget Sound ESD|2 Year / CTC|0.31|0.24370769226|Gender|Female
17401|Highline School District|650|511|0.786153846|2014|Puget Sound ESD|4 Year|0.34|0.26729230764|Gender|Female
17401|Highline School District|650|511|0.786153846|2014|Puget Sound ESD|Not Enrolled|0.35|0.4890000001|Gender|Female
17401|Highline School District|724|620|0.856353591|2020|Puget Sound ESD|2 Year / CTC|0.23|0.19696132593|Gender|Male
17401|Highline School District|724|620|0.856353591|2020|Puget Sound ESD|4 Year|0.25|0.21408839775|Gender|Male
17401|Highline School District|724|620|0.856353591|2020|Puget Sound ESD|Not Enrolled|0.52|0.58895027632|Gender|Male
17401|Highline School District|662|555|0.83836858|2019|Puget Sound ESD|2 Year / CTC|0.29|0.2431268882|Gender|Male
17401|Highline School District|662|555|0.83836858|2019|Puget Sound ESD|4 Year|0.24|0.2012084592|Gender|Male
17401|Highline School District|662|555|0.83836858|2019|Puget Sound ESD|Not Enrolled|0.47|0.5556646526|Gender|Male
17401|Highline School District|725|602|0.830344828|2018|Puget Sound ESD|2 Year / CTC|0.26|0.21588965528|Gender|Male
17401|Highline School District|725|602|0.830344828|2018|Puget Sound ESD|4 Year|0.3|0.2491034484|Gender|Male
17401|Highline School District|725|602|0.830344828|2018|Puget Sound ESD|Not Enrolled|0.44|0.53500689632|Gender|Male
17401|Highline School District|691|546|0.79015919|2017|Puget Sound ESD|2 Year / CTC|0.27|0.2133429813|Gender|Male
17401|Highline School District|691|546|0.79015919|2017|Puget Sound ESD|4 Year|0.28|0.2212445732|Gender|Male
17401|Highline School District|691|546|0.79015919|2017|Puget Sound ESD|Not Enrolled|0.44|0.5575108536|Gender|Male
17401|Highline School District|634|499|0.787066246|2016|Puget Sound ESD|2 Year / CTC|0.26|0.20463722396|Gender|Male
17401|Highline School District|634|499|0.787066246|2016|Puget Sound ESD|4 Year|0.32|0.25186119872|Gender|Male
17401|Highline School District|634|499|0.787066246|2016|Puget Sound ESD|Not Enrolled|0.41|0.53563091486|Gender|Male
17401|Highline School District|651|491|0.75422427|2015|Puget Sound ESD|2 Year / CTC|0.27|0.2036405529|Gender|Male
17401|Highline School District|651|491|0.75422427|2015|Puget Sound ESD|4 Year|0.27|0.2036405529|Gender|Male
17401|Highline School District|651|491|0.75422427|2015|Puget Sound ESD|Not Enrolled|0.45|0.5851766515|Gender|Male
17401|Highline School District|711|473|0.665260197|2014|Puget Sound ESD|2 Year / CTC|0.3|0.1995780591|Gender|Male
17401|Highline School District|711|473|0.665260197|2014|Puget Sound ESD|4 Year|0.29|0.19292545713|Gender|Male
17401|Highline School District|711|473|0.665260197|2014|Puget Sound ESD|Not Enrolled|0.4|0.6008438818|Gender|Male
17401|Highline School District|1005|856|0.851741294|2020|Puget Sound ESD|2 Year / CTC|0.25|0.2129353235|FRPL|FRPL
17401|Highline School District|1005|856|0.851741294|2020|Puget Sound ESD|4 Year|0.23|0.19590049762|FRPL|FRPL
17401|Highline School District|1005|856|0.851741294|2020|Puget Sound ESD|Not Enrolled|0.52|0.59116417888|FRPL|FRPL
17401|Highline School District|1146|952.326|0.831|2019|Puget Sound ESD|2 Year / CTC|0.29|0.24099|FRPL|FRPL
17401|Highline School District|1146|952.326|0.831|2019|Puget Sound ESD|4 Year|0.26|0.21606|FRPL|FRPL
17401|Highline School District|1146|952.326|0.831|2019|Puget Sound ESD|Not Enrolled|0.45|0.54295|FRPL|FRPL
17401|Highline School District|973|812|0.834532374|2018|Puget Sound ESD|2 Year / CTC|0.26|0.21697841724|FRPL|FRPL
17401|Highline School District|973|812|0.834532374|2018|Puget Sound ESD|4 Year|0.28|0.23366906472|FRPL|FRPL
17401|Highline School District|973|812|0.834532374|2018|Puget Sound ESD|Not Enrolled|0.46|0.54935251804|FRPL|FRPL
17401|Highline School District|892|727|0.815022422|2017|Puget Sound ESD|2 Year / CTC|0.27|0.22005605394|FRPL|FRPL
17401|Highline School District|892|727|0.815022422|2017|Puget Sound ESD|4 Year|0.25|0.2037556055|FRPL|FRPL
17401|Highline School District|892|727|0.815022422|2017|Puget Sound ESD|Not Enrolled|0.47|0.56803811634|FRPL|FRPL
17401|Highline School District|865|674|0.779190751|2016|Puget Sound ESD|2 Year / CTC|0.27|0.21038150277|FRPL|FRPL
17401|Highline School District|865|674|0.779190751|2016|Puget Sound ESD|4 Year|0.29|0.22596531779|FRPL|FRPL
17401|Highline School District|865|674|0.779190751|2016|Puget Sound ESD|Not Enrolled|0.44|0.56365317944|FRPL|FRPL
17401|Highline School District|888|657|0.739864865|2015|Puget Sound ESD|2 Year / CTC|0.31|0.22935810815|FRPL|FRPL
17401|Highline School District|888|657|0.739864865|2015|Puget Sound ESD|4 Year|0.24|0.1775675676|FRPL|FRPL
17401|Highline School District|888|657|0.739864865|2015|Puget Sound ESD|Not Enrolled|0.45|0.59307432425|FRPL|FRPL
17401|Highline School District|973|657|0.675231244|2014|Puget Sound ESD|2 Year / CTC|0.29|0.19581706076|FRPL|FRPL
17401|Highline School District|973|657|0.675231244|2014|Puget Sound ESD|4 Year|0.26|0.17556012344|FRPL|FRPL
17401|Highline School District|973|657|0.675231244|2014|Puget Sound ESD|Not Enrolled|0.45|0.6286228158|FRPL|FRPL
17401|Highline School District|354|337|0.951977401|2020|Puget Sound ESD|2 Year / CTC|0.29|0.27607344629|FRPL|Not FRPL
17401|Highline School District|354|337|0.951977401|2020|Puget Sound ESD|4 Year|0.35|0.33319209035|FRPL|Not FRPL
17401|Highline School District|354|337|0.951977401|2020|Puget Sound ESD|Not Enrolled|0.36|0.39073446336|FRPL|Not FRPL
17401|Highline School District|836|791.692|0.947|2019|Puget Sound ESD|2 Year / CTC|0.27|0.25569|FRPL|Not FRPL
17401|Highline School District|836|791.692|0.947|2019|Puget Sound ESD|4 Year|0.4|0.3788|FRPL|Not FRPL
17401|Highline School District|836|791.692|0.947|2019|Puget Sound ESD|Not Enrolled|0.34|0.37498|FRPL|Not FRPL
17401|Highline School District|410|375|0.914634146|2018|Puget Sound ESD|2 Year / CTC|0.23|0.21036585358|FRPL|Not FRPL
17401|Highline School District|410|375|0.914634146|2018|Puget Sound ESD|4 Year|0.42|0.38414634132|FRPL|Not FRPL
17401|Highline School District|410|375|0.914634146|2018|Puget Sound ESD|Not Enrolled|0.35|0.4054878051|FRPL|Not FRPL
17401|Highline School District|388|349|0.899484536|2017|Puget Sound ESD|2 Year / CTC|0.28|0.25185567008|FRPL|Not FRPL
17401|Highline School District|388|349|0.899484536|2017|Puget Sound ESD|4 Year|0.38|0.34180412368|FRPL|Not FRPL
17401|Highline School District|388|349|0.899484536|2017|Puget Sound ESD|Not Enrolled|0.34|0.40634020624|FRPL|Not FRPL
17401|Highline School District|359|322|0.896935933|2016|Puget Sound ESD|2 Year / CTC|0.26|0.23320334258|FRPL|Not FRPL
17401|Highline School District|359|322|0.896935933|2016|Puget Sound ESD|4 Year|0.43|0.38568245119|FRPL|Not FRPL
17401|Highline School District|359|322|0.896935933|2016|Puget Sound ESD|Not Enrolled|0.31|0.38111420623|FRPL|Not FRPL
17401|Highline School District|373|340|0.91152815|2015|Puget Sound ESD|2 Year / CTC|0.22|0.200536193|FRPL|Not FRPL
17401|Highline School District|373|340|0.91152815|2015|Puget Sound ESD|4 Year|0.41|0.3737265415|FRPL|Not FRPL
17401|Highline School District|373|340|0.91152815|2015|Puget Sound ESD|Not Enrolled|0.37|0.4257372655|FRPL|Not FRPL
17401|Highline School District|388|327|0.842783505|2014|Puget Sound ESD|2 Year / CTC|0.33|0.27811855665|FRPL|Not FRPL
17401|Highline School District|388|327|0.842783505|2014|Puget Sound ESD|4 Year|0.4|0.337113402|FRPL|Not FRPL
17401|Highline School District|388|327|0.842783505|2014|Puget Sound ESD|Not Enrolled|0.27|0.38476804135|FRPL|Not FRPL
17401|Highline School District|22|15.4|0.7|2020|Puget Sound ESD|2 Year / CTC|0.15|0.105|Race/Ethnicity|American Indian or Alaska Native
17401|Highline School District|22|15.4|0.7|2020|Puget Sound ESD|4 Year|0.05|0.035|Race/Ethnicity|American Indian or Alaska Native
17401|Highline School District|22|15.4|0.7|2020|Puget Sound ESD|Not Enrolled|0.745|0.8215|Race/Ethnicity|American Indian or Alaska Native
17401|Highline School District|25|13.25|0.53|2019|Puget Sound ESD|2 Year / CTC|0.305|0.16165|Race/Ethnicity|American Indian or Alaska Native
17401|Highline School District|25|13.25|0.53|2019|Puget Sound ESD|4 Year|0.1|0.053|Race/Ethnicity|American Indian or Alaska Native
17401|Highline School District|25|13.25|0.53|2019|Puget Sound ESD|Not Enrolled|0.705|0.84365|Race/Ethnicity|American Indian or Alaska Native
17401|Highline School District|19|||2018|Puget Sound ESD|2 Year / CTC|0.26||Race/Ethnicity|American Indian or Alaska Native
17401|Highline School District|19|||2018|Puget Sound ESD|4 Year|0.17||Race/Ethnicity|American Indian or Alaska Native
17401|Highline School District|19|||2018|Puget Sound ESD|Not Enrolled|0.57||Race/Ethnicity|American Indian or Alaska Native
17401|Highline School District|14|||2017|Puget Sound ESD|2 Year / CTC|0.23||Race/Ethnicity|American Indian or Alaska Native
17401|Highline School District|14|||2017|Puget Sound ESD|4 Year|0.15||Race/Ethnicity|American Indian or Alaska Native
17401|Highline School District|14|||2017|Puget Sound ESD|Not Enrolled|0.62||Race/Ethnicity|American Indian or Alaska Native
17401|Highline School District|16|9.6|0.6|2016|Puget Sound ESD|2 Year / CTC|0.15|0.09|Race/Ethnicity|American Indian or Alaska Native
17401|Highline School District|16|9.6|0.6|2016|Puget Sound ESD|4 Year|0.245|0.147|Race/Ethnicity|American Indian or Alaska Native
17401|Highline School District|16|9.6|0.6|2016|Puget Sound ESD|Not Enrolled|0.645|0.787|Race/Ethnicity|American Indian or Alaska Native
17401|Highline School District|13|8.19|0.63|2015|Puget Sound ESD|2 Year / CTC|0.17|0.1071|Race/Ethnicity|American Indian or Alaska Native
17401|Highline School District|13|8.19|0.63|2015|Puget Sound ESD|4 Year|0.17|0.1071|Race/Ethnicity|American Indian or Alaska Native
17401|Highline School District|13|8.19|0.63|2015|Puget Sound ESD|Not Enrolled|0.67|0.7921|Race/Ethnicity|American Indian or Alaska Native
17401|Highline School District|14|4.34|0.31|2014|Puget Sound ESD|2 Year / CTC|0.1|0.031|Race/Ethnicity|American Indian or Alaska Native
17401|Highline School District|14|4.34|0.31|2014|Puget Sound ESD|4 Year|0.305|0.09455|Race/Ethnicity|American Indian or Alaska Native
17401|Highline School District|14|4.34|0.31|2014|Puget Sound ESD|Not Enrolled|0.705|0.90855|Race/Ethnicity|American Indian or Alaska Native
17401|Highline School District|246|226|0.918699187|2020|Puget Sound ESD|2 Year / CTC|0.33|0.30317073171|Race/Ethnicity|Asian
17401|Highline School District|246|226|0.918699187|2020|Puget Sound ESD|4 Year|0.41|0.37666666667|Race/Ethnicity|Asian
17401|Highline School District|246|226|0.918699187|2020|Puget Sound ESD|Not Enrolled|0.26|0.32016260162|Race/Ethnicity|Asian
17401|Highline School District|237|216|0.911392405|2019|Puget Sound ESD|2 Year / CTC|0.35|0.31898734175|Race/Ethnicity|Asian
17401|Highline School District|237|216|0.911392405|2019|Puget Sound ESD|4 Year|0.38|0.3463291139|Race/Ethnicity|Asian
17401|Highline School District|237|216|0.911392405|2019|Puget Sound ESD|Not Enrolled|0.27|0.33468354435|Race/Ethnicity|Asian
17401|Highline School District|235|214|0.910638298|2018|Puget Sound ESD|2 Year / CTC|0.3|0.2731914894|Race/Ethnicity|Asian
17401|Highline School District|235|214|0.910638298|2018|Puget Sound ESD|4 Year|0.41|0.37336170218|Race/Ethnicity|Asian
17401|Highline School District|235|214|0.910638298|2018|Puget Sound ESD|Not Enrolled|0.29|0.35344680842|Race/Ethnicity|Asian
17401|Highline School District|220|185|0.840909091|2017|Puget Sound ESD|2 Year / CTC|0.33|0.27750000003|Race/Ethnicity|Asian
17401|Highline School District|220|185|0.840909091|2017|Puget Sound ESD|4 Year|0.38|0.31954545458|Race/Ethnicity|Asian
17401|Highline School District|220|185|0.840909091|2017|Puget Sound ESD|Not Enrolled|0.3|0.4113636363|Race/Ethnicity|Asian
17401|Highline School District|186|166|0.892473118|2016|Puget Sound ESD|2 Year / CTC|0.34|0.30344086012|Race/Ethnicity|Asian
17401|Highline School District|186|166|0.892473118|2016|Puget Sound ESD|4 Year|0.39|0.34806451602|Race/Ethnicity|Asian
17401|Highline School District|186|166|0.892473118|2016|Puget Sound ESD|Not Enrolled|0.27|0.34849462386|Race/Ethnicity|Asian
17401|Highline School District|196|178|0.908163265|2015|Puget Sound ESD|2 Year / CTC|0.39|0.35418367335|Race/Ethnicity|Asian
17401|Highline School District|196|178|0.908163265|2015|Puget Sound ESD|4 Year|0.36|0.3269387754|Race/Ethnicity|Asian
17401|Highline School District|196|178|0.908163265|2015|Puget Sound ESD|Not Enrolled|0.25|0.31887755125|Race/Ethnicity|Asian
17401|Highline School District|257|221.277|0.861|2014|Puget Sound ESD|2 Year / CTC|0.4|0.3444|Race/Ethnicity|Asian
17401|Highline School District|257|221.277|0.861|2014|Puget Sound ESD|4 Year|0.36|0.30996|Race/Ethnicity|Asian
17401|Highline School District|257|221.277|0.861|2014|Puget Sound ESD|Not Enrolled|0.24|0.34564|Race/Ethnicity|Asian
17401|Highline School District|173|163|0.942196532|2020|Puget Sound ESD|2 Year / CTC|0.33|0.31092485556|Race/Ethnicity|Black or African American
17401|Highline School District|173|163|0.942196532|2020|Puget Sound ESD|4 Year|0.34|0.32034682088|Race/Ethnicity|Black or African American
17401|Highline School District|173|163|0.942196532|2020|Puget Sound ESD|Not Enrolled|0.33|0.36872832356|Race/Ethnicity|Black or African American
17401|Highline School District|150|125|0.833333333|2019|Puget Sound ESD|2 Year / CTC|0.35|0.29166666655|Race/Ethnicity|Black or African American
17401|Highline School District|150|125|0.833333333|2019|Puget Sound ESD|4 Year|0.35|0.29166666655|Race/Ethnicity|Black or African American
17401|Highline School District|150|125|0.833333333|2019|Puget Sound ESD|Not Enrolled|0.3|0.4166666669|Race/Ethnicity|Black or African American
17401|Highline School District|168|146|0.869047619|2018|Puget Sound ESD|2 Year / CTC|0.37|0.32154761903|Race/Ethnicity|Black or African American
17401|Highline School District|168|146|0.869047619|2018|Puget Sound ESD|4 Year|0.33|0.28678571427|Race/Ethnicity|Black or African American
17401|Highline School District|168|146|0.869047619|2018|Puget Sound ESD|Not Enrolled|0.3|0.3916666667|Race/Ethnicity|Black or African American
17401|Highline School District|151|125|0.82781457|2017|Puget Sound ESD|2 Year / CTC|0.37|0.3062913909|Race/Ethnicity|Black or African American
17401|Highline School District|151|125|0.82781457|2017|Puget Sound ESD|4 Year|0.32|0.2649006624|Race/Ethnicity|Black or African American
17401|Highline School District|151|125|0.82781457|2017|Puget Sound ESD|Not Enrolled|0.31|0.4288079467|Race/Ethnicity|Black or African American
17401|Highline School District|138|114|0.826086957|2016|Puget Sound ESD|2 Year / CTC|0.38|0.31391304366|Race/Ethnicity|Black or African American
17401|Highline School District|138|114|0.826086957|2016|Puget Sound ESD|4 Year|0.33|0.27260869581|Race/Ethnicity|Black or African American
17401|Highline School District|138|114|0.826086957|2016|Puget Sound ESD|Not Enrolled|0.3|0.4217391301|Race/Ethnicity|Black or African American
17401|Highline School District|124|91|0.733870968|2015|Puget Sound ESD|2 Year / CTC|0.34|0.24951612912|Race/Ethnicity|Black or African American
17401|Highline School District|124|91|0.733870968|2015|Puget Sound ESD|4 Year|0.32|0.23483870976|Race/Ethnicity|Black or African American
17401|Highline School District|124|91|0.733870968|2015|Puget Sound ESD|Not Enrolled|0.35|0.5229838708|Race/Ethnicity|Black or African American
17401|Highline School District|161|108.192|0.672|2014|Puget Sound ESD|2 Year / CTC|0.34|0.22848|Race/Ethnicity|Black or African American
17401|Highline School District|161|108.192|0.672|2014|Puget Sound ESD|4 Year|0.31|0.20832|Race/Ethnicity|Black or African American
17401|Highline School District|161|108.192|0.672|2014|Puget Sound ESD|Not Enrolled|0.35|0.5632|Race/Ethnicity|Black or African American
17401|Highline School District|532|431|0.810150376|2020|Puget Sound ESD|2 Year / CTC|0.26|0.21063909776|Race/Ethnicity|Hispanic or Latino of any race(s)
17401|Highline School District|532|431|0.810150376|2020|Puget Sound ESD|4 Year|0.24|0.19443609024|Race/Ethnicity|Hispanic or Latino of any race(s)
17401|Highline School District|532|431|0.810150376|2020|Puget Sound ESD|Not Enrolled|0.5|0.594924812|Race/Ethnicity|Hispanic or Latino of any race(s)
17401|Highline School District|456|373|0.817982456|2019|Puget Sound ESD|2 Year / CTC|0.26|0.21267543856|Race/Ethnicity|Hispanic or Latino of any race(s)
17401|Highline School District|456|373|0.817982456|2019|Puget Sound ESD|4 Year|0.26|0.21267543856|Race/Ethnicity|Hispanic or Latino of any race(s)
17401|Highline School District|456|373|0.817982456|2019|Puget Sound ESD|Not Enrolled|0.48|0.57464912288|Race/Ethnicity|Hispanic or Latino of any race(s)
17401|Highline School District|455|362|0.795604396|2018|Puget Sound ESD|2 Year / CTC|0.26|0.20685714296|Race/Ethnicity|Hispanic or Latino of any race(s)
17401|Highline School District|455|362|0.795604396|2018|Puget Sound ESD|4 Year|0.25|0.198901099|Race/Ethnicity|Hispanic or Latino of any race(s)
17401|Highline School District|455|362|0.795604396|2018|Puget Sound ESD|Not Enrolled|0.49|0.59424175804|Race/Ethnicity|Hispanic or Latino of any race(s)
17401|Highline School District|394|323|0.819796954|2017|Puget Sound ESD|2 Year / CTC|0.27|0.22134517758|Race/Ethnicity|Hispanic or Latino of any race(s)
17401|Highline School District|394|323|0.819796954|2017|Puget Sound ESD|4 Year|0.22|0.18035532988|Race/Ethnicity|Hispanic or Latino of any race(s)
17401|Highline School District|394|323|0.819796954|2017|Puget Sound ESD|Not Enrolled|0.5|0.590101523|Race/Ethnicity|Hispanic or Latino of any race(s)
17401|Highline School District|377|291|0.771883289|2016|Puget Sound ESD|2 Year / CTC|0.29|0.22384615381|Race/Ethnicity|Hispanic or Latino of any race(s)
17401|Highline School District|377|291|0.771883289|2016|Puget Sound ESD|4 Year|0.22|0.16981432358|Race/Ethnicity|Hispanic or Latino of any race(s)
17401|Highline School District|377|291|0.771883289|2016|Puget Sound ESD|Not Enrolled|0.5|0.6140583555|Race/Ethnicity|Hispanic or Latino of any race(s)
17401|Highline School District|391|290|0.74168798|2015|Puget Sound ESD|2 Year / CTC|0.3|0.222506394|Race/Ethnicity|Hispanic or Latino of any race(s)
17401|Highline School District|391|290|0.74168798|2015|Puget Sound ESD|4 Year|0.18|0.1335038364|Race/Ethnicity|Hispanic or Latino of any race(s)
17401|Highline School District|391|290|0.74168798|2015|Puget Sound ESD|Not Enrolled|0.52|0.6439897696|Race/Ethnicity|Hispanic or Latino of any race(s)
17401|Highline School District|497|320.068|0.644|2014|Puget Sound ESD|2 Year / CTC|0.3|0.1932|Race/Ethnicity|Hispanic or Latino of any race(s)
17401|Highline School District|497|320.068|0.644|2014|Puget Sound ESD|4 Year|0.18|0.11592|Race/Ethnicity|Hispanic or Latino of any race(s)
17401|Highline School District|497|320.068|0.644|2014|Puget Sound ESD|Not Enrolled|0.52|0.69088|Race/Ethnicity|Hispanic or Latino of any race(s)
17401|Highline School District|53|43|0.811320755|2020|Puget Sound ESD|2 Year / CTC|0.14|0.1135849057|Race/Ethnicity|Native Hawaiian and Other Pacific Islander
17401|Highline School District|53|43|0.811320755|2020|Puget Sound ESD|4 Year|0.15|0.12169811325|Race/Ethnicity|Native Hawaiian and Other Pacific Islander
17401|Highline School District|53|43|0.811320755|2020|Puget Sound ESD|Not Enrolled|0.71|0.76471698105|Race/Ethnicity|Native Hawaiian and Other Pacific Islander
17401|Highline School District|43|35|0.813953488|2019|Puget Sound ESD|2 Year / CTC|0.13|0.10581395344|Race/Ethnicity|Native Hawaiian and Other Pacific Islander
17401|Highline School District|43|35|0.813953488|2019|Puget Sound ESD|4 Year|0.19|0.15465116272|Race/Ethnicity|Native Hawaiian and Other Pacific Islander
17401|Highline School District|43|35|0.813953488|2019|Puget Sound ESD|Not Enrolled|0.68|0.73953488384|Race/Ethnicity|Native Hawaiian and Other Pacific Islander
17401|Highline School District|56|44.8|0.8|2018|Puget Sound ESD|2 Year / CTC|0.12|0.096|Race/Ethnicity|Native Hawaiian and Other Pacific Islander
17401|Highline School District|56|44.8|0.8|2018|Puget Sound ESD|4 Year|0.21|0.168|Race/Ethnicity|Native Hawaiian and Other Pacific Islander
17401|Highline School District|56|44.8|0.8|2018|Puget Sound ESD|Not Enrolled|0.67|0.736|Race/Ethnicity|Native Hawaiian and Other Pacific Islander
17401|Highline School District|55|46|0.836363636|2017|Puget Sound ESD|2 Year / CTC|0.15|0.1254545454|Race/Ethnicity|Native Hawaiian and Other Pacific Islander
17401|Highline School District|55|46|0.836363636|2017|Puget Sound ESD|4 Year|0.23|0.19236363628|Race/Ethnicity|Native Hawaiian and Other Pacific Islander
17401|Highline School District|55|46|0.836363636|2017|Puget Sound ESD|Not Enrolled|0.62|0.68218181832|Race/Ethnicity|Native Hawaiian and Other Pacific Islander
17401|Highline School District|41|28|0.682926829|2016|Puget Sound ESD|2 Year / CTC|0.13|0.08878048777|Race/Ethnicity|Native Hawaiian and Other Pacific Islander
17401|Highline School District|41|28|0.682926829|2016|Puget Sound ESD|4 Year|0.19|0.12975609751|Race/Ethnicity|Native Hawaiian and Other Pacific Islander
17401|Highline School District|41|28|0.682926829|2016|Puget Sound ESD|Not Enrolled|0.69|0.78829268301|Race/Ethnicity|Native Hawaiian and Other Pacific Islander
17401|Highline School District|36|21|0.583333333|2015|Puget Sound ESD|2 Year / CTC|0.12|0.06999999996|Race/Ethnicity|Native Hawaiian and Other Pacific Islander
17401|Highline School District|36|21|0.583333333|2015|Puget Sound ESD|4 Year|0.2|0.1166666666|Race/Ethnicity|Native Hawaiian and Other Pacific Islander
17401|Highline School District|36|21|0.583333333|2015|Puget Sound ESD|Not Enrolled|0.68|0.81333333344|Race/Ethnicity|Native Hawaiian and Other Pacific Islander
17401|Highline School District|49|26.95|0.55|2014|Puget Sound ESD|2 Year / CTC|0.17|0.0935|Race/Ethnicity|Native Hawaiian and Other Pacific Islander
17401|Highline School District|49|26.95|0.55|2014|Puget Sound ESD|4 Year|0.16|0.088|Race/Ethnicity|Native Hawaiian and Other Pacific Islander
17401|Highline School District|49|26.95|0.55|2014|Puget Sound ESD|Not Enrolled|0.67|0.8185|Race/Ethnicity|Native Hawaiian and Other Pacific Islander
17401|Highline School District|125|119.25|0.954|2020|Puget Sound ESD|2 Year / CTC|0.23|0.21942|Race/Ethnicity|Two or More Races
17401|Highline School District|125|119.25|0.954|2020|Puget Sound ESD|4 Year|0.32|0.30528|Race/Ethnicity|Two or More Races
17401|Highline School District|125|119.25|0.954|2020|Puget Sound ESD|Not Enrolled|0.45|0.4753|Race/Ethnicity|Two or More Races
17401|Highline School District|74|69|0.932432432|2019|Puget Sound ESD|2 Year / CTC|0.2|0.1864864864|Race/Ethnicity|Two or More Races
17401|Highline School District|74|69|0.932432432|2019|Puget Sound ESD|4 Year|0.35|0.3263513512|Race/Ethnicity|Two or More Races
17401|Highline School District|74|69|0.932432432|2019|Puget Sound ESD|Not Enrolled|0.46|0.49648648672|Race/Ethnicity|Two or More Races
17401|Highline School District|72|62|0.861111111|2018|Puget Sound ESD|2 Year / CTC|0.21|0.18083333331|Race/Ethnicity|Two or More Races
17401|Highline School District|72|62|0.861111111|2018|Puget Sound ESD|4 Year|0.32|0.27555555552|Race/Ethnicity|Two or More Races
17401|Highline School District|72|62|0.861111111|2018|Puget Sound ESD|Not Enrolled|0.47|0.54361111117|Race/Ethnicity|Two or More Races
17401|Highline School District|108|84.24|0.78|2017|Puget Sound ESD|2 Year / CTC|0.21|0.1638|Race/Ethnicity|Two or More Races
17401|Highline School District|108|84.24|0.78|2017|Puget Sound ESD|4 Year|0.33|0.2574|Race/Ethnicity|Two or More Races
17401|Highline School District|108|84.24|0.78|2017|Puget Sound ESD|Not Enrolled|0.46|0.5788|Race/Ethnicity|Two or More Races
17401|Highline School District|98|80|0.816326531|2016|Puget Sound ESD|2 Year / CTC|0.26|0.21224489806|Race/Ethnicity|Two or More Races
17401|Highline School District|98|80|0.816326531|2016|Puget Sound ESD|4 Year|0.31|0.25306122461|Race/Ethnicity|Two or More Races
17401|Highline School District|98|80|0.816326531|2016|Puget Sound ESD|Not Enrolled|0.43|0.53469387733|Race/Ethnicity|Two or More Races
17401|Highline School District|121|102|0.842975207|2015|Puget Sound ESD|2 Year / CTC|0.26|0.21917355382|Race/Ethnicity|Two or More Races
17401|Highline School District|121|102|0.842975207|2015|Puget Sound ESD|4 Year|0.31|0.26132231417|Race/Ethnicity|Two or More Races
17401|Highline School District|121|102|0.842975207|2015|Puget Sound ESD|Not Enrolled|0.44|0.52793388408|Race/Ethnicity|Two or More Races
17401|Highline School District|141|107.301|0.761|2014|Puget Sound ESD|2 Year / CTC|0.29|0.22069|Race/Ethnicity|Two or More Races
17401|Highline School District|141|107.301|0.761|2014|Puget Sound ESD|4 Year|0.28|0.21308|Race/Ethnicity|Two or More Races
17401|Highline School District|141|107.301|0.761|2014|Puget Sound ESD|Not Enrolled|0.43|0.56623|Race/Ethnicity|Two or More Races
17401|Highline School District|280|261|0.932142857|2020|Puget Sound ESD|2 Year / CTC|0.23|0.21439285711|Race/Ethnicity|White
17401|Highline School District|280|261|0.932142857|2020|Puget Sound ESD|4 Year|0.36|0.33557142852|Race/Ethnicity|White
17401|Highline School District|280|261|0.932142857|2020|Puget Sound ESD|Not Enrolled|0.41|0.45003571437|Race/Ethnicity|White
17401|Highline School District|316|291|0.920886076|2019|Puget Sound ESD|2 Year / CTC|0.23|0.21180379748|Race/Ethnicity|White
17401|Highline School District|316|291|0.920886076|2019|Puget Sound ESD|4 Year|0.37|0.34072784812|Race/Ethnicity|White
17401|Highline School District|316|291|0.920886076|2019|Puget Sound ESD|Not Enrolled|0.4|0.4474683544|Race/Ethnicity|White
17401|Highline School District|389|352|0.904884319|2018|Puget Sound ESD|2 Year / CTC|0.24|0.21717223656|Race/Ethnicity|White
17401|Highline School District|389|352|0.904884319|2018|Puget Sound ESD|4 Year|0.38|0.34385604122|Race/Ethnicity|White
17401|Highline School District|389|352|0.904884319|2018|Puget Sound ESD|Not Enrolled|0.38|0.43897172222|Race/Ethnicity|White
17401|Highline School District|397|348|0.876574307|2017|Puget Sound ESD|2 Year / CTC|0.24|0.21037783368|Race/Ethnicity|White
17401|Highline School District|397|348|0.876574307|2017|Puget Sound ESD|4 Year|0.39|0.34186397973|Race/Ethnicity|White
17401|Highline School District|397|348|0.876574307|2017|Puget Sound ESD|Not Enrolled|0.37|0.44775818659|Race/Ethnicity|White
17401|Highline School District|374|311|0.831550802|2016|Puget Sound ESD|2 Year / CTC|0.23|0.19125668446|Race/Ethnicity|White
17401|Highline School District|374|311|0.831550802|2016|Puget Sound ESD|4 Year|0.41|0.34093582882|Race/Ethnicity|White
17401|Highline School District|374|311|0.831550802|2016|Puget Sound ESD|Not Enrolled|0.36|0.46780748672|Race/Ethnicity|White
17401|Highline School District|374|303|0.810160428|2015|Puget Sound ESD|2 Year / CTC|0.25|0.202540107|Race/Ethnicity|White
17401|Highline School District|374|303|0.810160428|2015|Puget Sound ESD|4 Year|0.38|0.30786096264|Race/Ethnicity|White
17401|Highline School District|374|303|0.810160428|2015|Puget Sound ESD|Not Enrolled|0.38|0.49770053464|Race/Ethnicity|White
17401|Highline School District|428|330.844|0.773|2014|Puget Sound ESD|2 Year / CTC|0.27|0.20871|Race/Ethnicity|White
17401|Highline School District|428|330.844|0.773|2014|Puget Sound ESD|4 Year|0.32|0.24736|Race/Ethnicity|White
17401|Highline School District|428|330.844|0.773|2014|Puget Sound ESD|Not Enrolled|0.41|0.54393|Race/Ethnicity|White
06098|Hockinson School District|159|152.004|0.956|2020|ESD 112|2 Year / CTC|0.27|0.25812|All Students|All
06098|Hockinson School District|159|152.004|0.956|2020|ESD 112|4 Year|0.33|0.31548|All Students|All
06098|Hockinson School District|159|152.004|0.956|2020|ESD 112|Not Enrolled|0.4|0.4264|All Students|All
06098|Hockinson School District|187|178.211|0.953|2019|ESD 112|2 Year / CTC|0.22|0.20966|All Students|All
06098|Hockinson School District|187|178.211|0.953|2019|ESD 112|4 Year|0.49|0.46697|All Students|All
06098|Hockinson School District|187|178.211|0.953|2019|ESD 112|Not Enrolled|0.3|0.3329|All Students|All
06098|Hockinson School District|183|175|0.956284153|2018|ESD 112|2 Year / CTC|0.24|0.22950819672|All Students|All
06098|Hockinson School District|183|175|0.956284153|2018|ESD 112|4 Year|0.34|0.32513661202|All Students|All
06098|Hockinson School District|183|175|0.956284153|2018|ESD 112|Not Enrolled|0.42|0.44535519126|All Students|All
06098|Hockinson School District|198|190.278|0.961|2017|ESD 112|2 Year / CTC|0.35|0.33635|All Students|All
06098|Hockinson School District|198|190.278|0.961|2017|ESD 112|4 Year|0.38|0.36518|All Students|All
06098|Hockinson School District|198|190.278|0.961|2017|ESD 112|Not Enrolled|0.27|0.29847|All Students|All
06098|Hockinson School District|139|131.216|0.944|2016|ESD 112|2 Year / CTC|0.29|0.27376|All Students|All
06098|Hockinson School District|139|131.216|0.944|2016|ESD 112|4 Year|0.44|0.41536|All Students|All
06098|Hockinson School District|139|131.216|0.944|2016|ESD 112|Not Enrolled|0.27|0.31088|All Students|All
06098|Hockinson School District|184|176.088|0.957|2015|ESD 112|2 Year / CTC|0.25|0.23925|All Students|All
06098|Hockinson School District|184|176.088|0.957|2015|ESD 112|4 Year|0.45|0.43065|All Students|All
06098|Hockinson School District|184|176.088|0.957|2015|ESD 112|Not Enrolled|0.29|0.32053|All Students|All
06098|Hockinson School District|176|162.096|0.921|2014|ESD 112|2 Year / CTC|0.23|0.21183|All Students|All
06098|Hockinson School District|176|162.096|0.921|2014|ESD 112|4 Year|0.46|0.42366|All Students|All
06098|Hockinson School District|176|162.096|0.921|2014|ESD 112|Not Enrolled|0.31|0.36451|All Students|All
06098|Hockinson School District|76|72.2|0.95|2020|ESD 112|2 Year / CTC|0.27|0.2565|Gender|Female
06098|Hockinson School District|76|72.2|0.95|2020|ESD 112|4 Year|0.37|0.3515|Gender|Female
06098|Hockinson School District|76|72.2|0.95|2020|ESD 112|Not Enrolled|0.36|0.392|Gender|Female
06098|Hockinson School District|87|82.911|0.953|2019|ESD 112|2 Year / CTC|0.25|0.23825|Gender|Female
06098|Hockinson School District|87|82.911|0.953|2019|ESD 112|4 Year|0.59|0.56227|Gender|Female
06098|Hockinson School District|87|82.911|0.953|2019|ESD 112|Not Enrolled|0.16|0.19948|Gender|Female
06098|Hockinson School District|67|64.521|0.963|2018|ESD 112|2 Year / CTC|0.26|0.25038|Gender|Female
06098|Hockinson School District|67|64.521|0.963|2018|ESD 112|4 Year|0.38|0.36594|Gender|Female
06098|Hockinson School District|67|64.521|0.963|2018|ESD 112|Not Enrolled|0.36|0.38368|Gender|Female
06098|Hockinson School District|93|87.885|0.945|2017|ESD 112|2 Year / CTC|0.38|0.3591|Gender|Female
06098|Hockinson School District|93|87.885|0.945|2017|ESD 112|4 Year|0.43|0.40635|Gender|Female
06098|Hockinson School District|93|87.885|0.945|2017|ESD 112|Not Enrolled|0.19|0.23455|Gender|Female
06098|Hockinson School District|61|58.926|0.966|2016|ESD 112|2 Year / CTC|0.25|0.2415|Gender|Female
06098|Hockinson School District|61|58.926|0.966|2016|ESD 112|4 Year|0.52|0.50232|Gender|Female
06098|Hockinson School District|61|58.926|0.966|2016|ESD 112|Not Enrolled|0.23|0.25618|Gender|Female
06098|Hockinson School District|92|87.4|0.95|2015|ESD 112|2 Year / CTC|0.2|0.19|Gender|Female
06098|Hockinson School District|92|87.4|0.95|2015|ESD 112|4 Year|0.51|0.4845|Gender|Female
06098|Hockinson School District|92|87.4|0.95|2015|ESD 112|Not Enrolled|0.29|0.3255|Gender|Female
06098|Hockinson School District|79|75.84|0.96|2014|ESD 112|2 Year / CTC|0.21|0.2016|Gender|Female
06098|Hockinson School District|79|75.84|0.96|2014|ESD 112|4 Year|0.5|0.48|Gender|Female
06098|Hockinson School District|79|75.84|0.96|2014|ESD 112|Not Enrolled|0.29|0.3184|Gender|Female
06098|Hockinson School District|95|91|0.957894737|2020|ESD 112|2 Year / CTC|0.26|0.24905263162|Gender|Male
06098|Hockinson School District|95|91|0.957894737|2020|ESD 112|4 Year|0.29|0.27778947373|Gender|Male
06098|Hockinson School District|95|91|0.957894737|2020|ESD 112|Not Enrolled|0.45|0.47315789465|Gender|Male
06098|Hockinson School District|102|96|0.941176471|2018|ESD 112|2 Year / CTC|0.23|0.21647058833|Gender|Male
06098|Hockinson School District|102|96|0.941176471|2018|ESD 112|4 Year|0.3|0.2823529413|Gender|Male
06098|Hockinson School District|102|96|0.941176471|2018|ESD 112|Not Enrolled|0.47|0.50117647037|Gender|Male
06098|Hockinson School District|105|100.695|0.959|2017|ESD 112|2 Year / CTC|0.34|0.32606|Gender|Male
06098|Hockinson School District|105|100.695|0.959|2017|ESD 112|4 Year|0.34|0.32606|Gender|Male
06098|Hockinson School District|105|100.695|0.959|2017|ESD 112|Not Enrolled|0.32|0.34788|Gender|Male
06098|Hockinson School District|90|83|0.922222222|2016|ESD 112|2 Year / CTC|0.32|0.29511111104|Gender|Male
06098|Hockinson School District|90|83|0.922222222|2016|ESD 112|4 Year|0.36|0.33199999992|Gender|Male
06098|Hockinson School District|90|83|0.922222222|2016|ESD 112|Not Enrolled|0.32|0.37288888904|Gender|Male
06098|Hockinson School District|84|81|0.964285714|2015|ESD 112|2 Year / CTC|0.3|0.2892857142|Gender|Male
06098|Hockinson School District|84|81|0.964285714|2015|ESD 112|4 Year|0.41|0.39535714274|Gender|Male
06098|Hockinson School District|84|81|0.964285714|2015|ESD 112|Not Enrolled|0.29|0.31535714306|Gender|Male
06098|Hockinson School District|90|80|0.888888889|2014|ESD 112|2 Year / CTC|0.24|0.21333333336|Gender|Male
06098|Hockinson School District|90|80|0.888888889|2014|ESD 112|4 Year|0.43|0.38222222227|Gender|Male
06098|Hockinson School District|90|80|0.888888889|2014|ESD 112|Not Enrolled|0.33|0.40444444437|Gender|Male
06098|Hockinson School District|16|14.08|0.88|2020|ESD 112|2 Year / CTC|0.11|0.0968|FRPL|FRPL
06098|Hockinson School District|16|14.08|0.88|2020|ESD 112|4 Year|0.32|0.2816|FRPL|FRPL
06098|Hockinson School District|16|14.08|0.88|2020|ESD 112|Not Enrolled|0.57|0.6216|FRPL|FRPL
06098|Hockinson School District|24|21.744|0.906|2019|ESD 112|2 Year / CTC|0.22|0.19932|FRPL|FRPL
06098|Hockinson School District|24|21.744|0.906|2019|ESD 112|4 Year|0.22|0.19932|FRPL|FRPL
06098|Hockinson School District|24|21.744|0.906|2019|ESD 112|Not Enrolled|0.56|0.60136|FRPL|FRPL
06098|Hockinson School District|24|21.12|0.88|2018|ESD 112|2 Year / CTC|0.28|0.2464|FRPL|FRPL
06098|Hockinson School District|24|21.12|0.88|2018|ESD 112|4 Year|0.22|0.1936|FRPL|FRPL
06098|Hockinson School District|24|21.12|0.88|2018|ESD 112|Not Enrolled|0.5|0.56|FRPL|FRPL
06098|Hockinson School District|32|28.16|0.88|2017|ESD 112|2 Year / CTC|0.31|0.2728|FRPL|FRPL
06098|Hockinson School District|32|28.16|0.88|2017|ESD 112|4 Year|0.23|0.2024|FRPL|FRPL
06098|Hockinson School District|32|28.16|0.88|2017|ESD 112|Not Enrolled|0.46|0.5248|FRPL|FRPL
06098|Hockinson School District|23|19.78|0.86|2016|ESD 112|2 Year / CTC|0.25|0.215|FRPL|FRPL
06098|Hockinson School District|23|19.78|0.86|2016|ESD 112|4 Year|0.25|0.215|FRPL|FRPL
06098|Hockinson School District|23|19.78|0.86|2016|ESD 112|Not Enrolled|0.49|0.5614|FRPL|FRPL
06098|Hockinson School District|35|30.8|0.88|2015|ESD 112|2 Year / CTC|0.26|0.2288|FRPL|FRPL
06098|Hockinson School District|35|30.8|0.88|2015|ESD 112|4 Year|0.22|0.1936|FRPL|FRPL
06098|Hockinson School District|35|30.8|0.88|2015|ESD 112|Not Enrolled|0.52|0.5776|FRPL|FRPL
06098|Hockinson School District|36|28.8|0.8|2014|ESD 112|2 Year / CTC|0.38|0.304|FRPL|FRPL
06098|Hockinson School District|36|28.8|0.8|2014|ESD 112|4 Year|0.2|0.16|FRPL|FRPL
06098|Hockinson School District|36|28.8|0.8|2014|ESD 112|Not Enrolled|0.42|0.536|FRPL|FRPL
06098|Hockinson School District|148|144|0.972972973|2020|ESD 112|2 Year / CTC|0.27|0.26270270271|FRPL|Not FRPL
06098|Hockinson School District|148|144|0.972972973|2020|ESD 112|4 Year|0.39|0.37945945947|FRPL|Not FRPL
06098|Hockinson School District|148|144|0.972972973|2020|ESD 112|Not Enrolled|0.35|0.36756756755|FRPL|Not FRPL
06098|Hockinson School District|117|112|0.957264957|2019|ESD 112|2 Year / CTC|0.28|0.26803418796|FRPL|Not FRPL
06098|Hockinson School District|117|112|0.957264957|2019|ESD 112|4 Year|0.43|0.41162393151|FRPL|Not FRPL
06098|Hockinson School District|117|112|0.957264957|2019|ESD 112|Not Enrolled|0.3|0.3299145301|FRPL|Not FRPL
06098|Hockinson School District|135|132.1245|0.9787|2018|ESD 112|2 Year / CTC|0.29|0.283823|FRPL|Not FRPL
06098|Hockinson School District|135|132.1245|0.9787|2018|ESD 112|4 Year|0.41|0.401267|FRPL|Not FRPL
06098|Hockinson School District|135|132.1245|0.9787|2018|ESD 112|Not Enrolled|0.3|0.31491|FRPL|Not FRPL
06098|Hockinson School District|166|160.854|0.969|2017|ESD 112|2 Year / CTC|0.29|0.28101|FRPL|Not FRPL
06098|Hockinson School District|166|160.854|0.969|2017|ESD 112|4 Year|0.47|0.45543|FRPL|Not FRPL
06098|Hockinson School District|166|160.854|0.969|2017|ESD 112|Not Enrolled|0.24|0.26356|FRPL|Not FRPL
06098|Hockinson School District|116|113.2856|0.9766|2016|ESD 112|2 Year / CTC|0.26|0.253916|FRPL|Not FRPL
06098|Hockinson School District|116|113.2856|0.9766|2016|ESD 112|4 Year|0.49|0.478534|FRPL|Not FRPL
06098|Hockinson School District|116|113.2856|0.9766|2016|ESD 112|Not Enrolled|0.25|0.26755|FRPL|Not FRPL
06098|Hockinson School District|149|145.3048|0.9752|2015|ESD 112|2 Year / CTC|0.25|0.2438|FRPL|Not FRPL
06098|Hockinson School District|149|145.3048|0.9752|2015|ESD 112|4 Year|0.51|0.497352|FRPL|Not FRPL
06098|Hockinson School District|149|145.3048|0.9752|2015|ESD 112|Not Enrolled|0.23|0.249096|FRPL|Not FRPL
06098|Hockinson School District|119|115|0.966386555|2014|ESD 112|2 Year / CTC|0.29|0.28025210095|FRPL|Not FRPL
06098|Hockinson School District|119|115|0.966386555|2014|ESD 112|4 Year|0.51|0.49285714305|FRPL|Not FRPL
06098|Hockinson School District|119|115|0.966386555|2014|ESD 112|Not Enrolled|0.2|0.226890756|FRPL|Not FRPL
06098|Hockinson School District|154|141|0.915584416|2014|ESD 112|2 Year / CTC|0.32|0.29298701312|Race/Ethnicity|White
06098|Hockinson School District|154|141|0.915584416|2014|ESD 112|4 Year|0.44|0.40285714304|Race/Ethnicity|White
06098|Hockinson School District|154|141|0.915584416|2014|ESD 112|Not Enrolled|0.24|0.30415584384|Race/Ethnicity|White
06098|Hockinson School District|158|154|0.974683544|2020|ESD 112|2 Year / CTC|0.23|0.22417721512|Race/Ethnicity|White
06098|Hockinson School District|158|154|0.974683544|2020|ESD 112|4 Year|0.38|0.37037974672|Race/Ethnicity|White
06098|Hockinson School District|158|154|0.974683544|2020|ESD 112|Not Enrolled|0.39|0.40544303816|Race/Ethnicity|White
06098|Hockinson School District|137|131|0.95620438|2019|ESD 112|2 Year / CTC|0.26|0.2486131388|Race/Ethnicity|White
06098|Hockinson School District|137|131|0.95620438|2019|ESD 112|4 Year|0.4|0.382481752|Race/Ethnicity|White
06098|Hockinson School District|137|131|0.95620438|2019|ESD 112|Not Enrolled|0.34|0.3689051092|Race/Ethnicity|White
06098|Hockinson School District|160|153|0.95625|2018|ESD 112|2 Year / CTC|0.28|0.26775|Race/Ethnicity|White
06098|Hockinson School District|160|153|0.95625|2018|ESD 112|4 Year|0.38|0.363375|Race/Ethnicity|White
06098|Hockinson School District|160|153|0.95625|2018|ESD 112|Not Enrolled|0.33|0.3593125|Race/Ethnicity|White
06098|Hockinson School District|119|116|0.974789916|2017|ESD 112|2 Year / CTC|0.28|0.27294117648|Race/Ethnicity|White
06098|Hockinson School District|119|116|0.974789916|2017|ESD 112|4 Year|0.43|0.41915966388|Race/Ethnicity|White
06098|Hockinson School District|119|116|0.974789916|2017|ESD 112|Not Enrolled|0.29|0.30789915964|Race/Ethnicity|White
06098|Hockinson School District|158|149|0.943037975|2016|ESD 112|2 Year / CTC|0.25|0.23575949375|Race/Ethnicity|White
06098|Hockinson School District|158|149|0.943037975|2016|ESD 112|4 Year|0.45|0.42436708875|Race/Ethnicity|White
06098|Hockinson School District|158|149|0.943037975|2016|ESD 112|Not Enrolled|0.3|0.3398734175|Race/Ethnicity|White
06098|Hockinson School District|164|156.456|0.954|2015|ESD 112|2 Year / CTC|0.26|0.24804|Race/Ethnicity|White
06098|Hockinson School District|164|156.456|0.954|2015|ESD 112|4 Year|0.45|0.4293|Race/Ethnicity|White
06098|Hockinson School District|164|156.456|0.954|2015|ESD 112|Not Enrolled|0.29|0.32266|Race/Ethnicity|White
08402|Kalama School District|84|80.808|0.962|2020|ESD 112|2 Year / CTC|0.29|0.27898|All Students|All
08402|Kalama School District|84|80.808|0.962|2020|ESD 112|4 Year|0.1|0.0962|All Students|All
08402|Kalama School District|84|80.808|0.962|2020|ESD 112|Not Enrolled|0.61|0.62482|All Students|All
08402|Kalama School District|87|77.43|0.89|2019|ESD 112|2 Year / CTC|0.25|0.2225|All Students|All
08402|Kalama School District|87|77.43|0.89|2019|ESD 112|4 Year|0.19|0.1691|All Students|All
08402|Kalama School District|87|77.43|0.89|2019|ESD 112|Not Enrolled|0.56|0.6084|All Students|All
08402|Kalama School District|84|74.76|0.89|2018|ESD 112|2 Year / CTC|0.32|0.2848|All Students|All
08402|Kalama School District|84|74.76|0.89|2018|ESD 112|4 Year|0.28|0.2492|All Students|All
08402|Kalama School District|84|74.76|0.89|2018|ESD 112|Not Enrolled|0.39|0.4571|All Students|All
08402|Kalama School District|86|81.7|0.95|2017|ESD 112|2 Year / CTC|0.33|0.3135|All Students|All
08402|Kalama School District|86|81.7|0.95|2017|ESD 112|4 Year|0.32|0.304|All Students|All
08402|Kalama School District|86|81.7|0.95|2017|ESD 112|Not Enrolled|0.35|0.3825|All Students|All
08402|Kalama School District|70|64.4|0.92|2016|ESD 112|2 Year / CTC|0.4|0.368|All Students|All
08402|Kalama School District|70|64.4|0.92|2016|ESD 112|4 Year|0.15|0.138|All Students|All
08402|Kalama School District|70|64.4|0.92|2016|ESD 112|Not Enrolled|0.45|0.494|All Students|All
08402|Kalama School District|83|74.7|0.9|2015|ESD 112|2 Year / CTC|0.25|0.225|All Students|All
08402|Kalama School District|83|74.7|0.9|2015|ESD 112|4 Year|0.24|0.216|All Students|All
08402|Kalama School District|83|74.7|0.9|2015|ESD 112|Not Enrolled|0.51|0.559|All Students|All
08402|Kalama School District|69|62.1|0.9|2014|ESD 112|2 Year / CTC|0.27|0.243|All Students|All
08402|Kalama School District|69|62.1|0.9|2014|ESD 112|4 Year|0.16|0.144|All Students|All
08402|Kalama School District|69|62.1|0.9|2014|ESD 112|Not Enrolled|0.57|0.613|All Students|All
08402|Kalama School District|30|27.27|0.909|2020|ESD 112|2 Year / CTC|0.38|0.34542|Gender|Female
08402|Kalama School District|30|27.27|0.909|2020|ESD 112|4 Year|0.27|0.24543|Gender|Female
08402|Kalama School District|30|27.27|0.909|2020|ESD 112|Not Enrolled|0.36|0.41824|Gender|Female
08402|Kalama School District|35|31.255|0.893|2019|ESD 112|2 Year / CTC|0.34|0.30362|Gender|Female
08402|Kalama School District|35|31.255|0.893|2019|ESD 112|4 Year|0.34|0.30362|Gender|Female
08402|Kalama School District|35|31.255|0.893|2019|ESD 112|Not Enrolled|0.31|0.38383|Gender|Female
08402|Kalama School District|34|31.178|0.917|2018|ESD 112|2 Year / CTC|0.38|0.34846|Gender|Female
08402|Kalama School District|34|31.178|0.917|2018|ESD 112|4 Year|0.29|0.26593|Gender|Female
08402|Kalama School District|34|31.178|0.917|2018|ESD 112|Not Enrolled|0.33|0.38561|Gender|Female
08402|Kalama School District|40|36.76|0.919|2017|ESD 112|2 Year / CTC|0.37|0.34003|Gender|Female
08402|Kalama School District|40|36.76|0.919|2017|ESD 112|4 Year|0.26|0.23894|Gender|Female
08402|Kalama School District|40|36.76|0.919|2017|ESD 112|Not Enrolled|0.37|0.42103|Gender|Female
08402|Kalama School District|40|35.2|0.88|2016|ESD 112|2 Year / CTC|0.4|0.352|Gender|Female
08402|Kalama School District|40|35.2|0.88|2016|ESD 112|4 Year|0.21|0.1848|Gender|Female
08402|Kalama School District|40|35.2|0.88|2016|ESD 112|Not Enrolled|0.39|0.4632|Gender|Female
08402|Kalama School District|47|43|0.914893617|2015|ESD 112|2 Year / CTC|0.38|0.34765957446|Gender|Female
08402|Kalama School District|47|43|0.914893617|2015|ESD 112|4 Year|0.23|0.21042553191|Gender|Female
08402|Kalama School District|47|43|0.914893617|2015|ESD 112|Not Enrolled|0.4|0.4510638298|Gender|Female
08402|Kalama School District|47|43.569|0.927|2014|ESD 112|2 Year / CTC|0.39|0.36153|Gender|Female
08402|Kalama School District|47|43.569|0.927|2014|ESD 112|4 Year|0.19|0.17613|Gender|Female
08402|Kalama School District|47|43.569|0.927|2014|ESD 112|Not Enrolled|0.42|0.46234|Gender|Female
08402|Kalama School District|54|50.382|0.933|2020|ESD 112|2 Year / CTC|0.23|0.21459|Gender|Male
08402|Kalama School District|54|50.382|0.933|2020|ESD 112|4 Year|0.13|0.12129|Gender|Male
08402|Kalama School District|54|50.382|0.933|2020|ESD 112|Not Enrolled|0.64|0.66412|Gender|Male
08402|Kalama School District|44|38|0.863636364|2019|ESD 112|2 Year / CTC|0.27|0.23318181828|Gender|Male
08402|Kalama School District|44|38|0.863636364|2019|ESD 112|4 Year|0.2|0.1727272728|Gender|Male
08402|Kalama School District|44|38|0.863636364|2019|ESD 112|Not Enrolled|0.53|0.59409090892|Gender|Male
08402|Kalama School District|46|39|0.847826087|2018|ESD 112|2 Year / CTC|0.32|0.27130434784|Gender|Male
08402|Kalama School District|46|39|0.847826087|2018|ESD 112|4 Year|0.21|0.17804347827|Gender|Male
08402|Kalama School District|46|39|0.847826087|2018|ESD 112|Not Enrolled|0.47|0.55065217389|Gender|Male
08402|Kalama School District|46|40.894|0.889|2017|ESD 112|2 Year / CTC|0.28|0.24892|Gender|Male
08402|Kalama School District|46|40.894|0.889|2017|ESD 112|4 Year|0.19|0.16891|Gender|Male
08402|Kalama School District|46|40.894|0.889|2017|ESD 112|Not Enrolled|0.52|0.57328|Gender|Male
08402|Kalama School District|30|27.75|0.925|2016|ESD 112|2 Year / CTC|0.2|0.185|Gender|Male
08402|Kalama School District|30|27.75|0.925|2016|ESD 112|4 Year|0.14|0.1295|Gender|Male
08402|Kalama School District|30|27.75|0.925|2016|ESD 112|Not Enrolled|0.65|0.67625|Gender|Male
08402|Kalama School District|43|37.84|0.88|2015|ESD 112|2 Year / CTC|0.26|0.2288|Gender|Male
08402|Kalama School District|43|37.84|0.88|2015|ESD 112|4 Year|0.15|0.132|Gender|Male
08402|Kalama School District|43|37.84|0.88|2015|ESD 112|Not Enrolled|0.59|0.6392|Gender|Male
08402|Kalama School District|22|18.7|0.85|2014|ESD 112|2 Year / CTC|0.31|0.2635|Gender|Male
08402|Kalama School District|22|18.7|0.85|2014|ESD 112|4 Year|0.15|0.1275|Gender|Male
08402|Kalama School District|22|18.7|0.85|2014|ESD 112|Not Enrolled|0.54|0.609|Gender|Male
08402|Kalama School District|40|37|0.925|2020|ESD 112|2 Year / CTC|0.28|0.259|FRPL|FRPL
08402|Kalama School District|40|37|0.925|2020|ESD 112|4 Year|0.09|0.08325|FRPL|FRPL
08402|Kalama School District|40|37|0.925|2020|ESD 112|Not Enrolled|0.64|0.667|FRPL|FRPL
08402|Kalama School District|36|31.32|0.87|2019|ESD 112|2 Year / CTC|0.3|0.261|FRPL|FRPL
08402|Kalama School District|36|31.32|0.87|2019|ESD 112|4 Year|0.13|0.1131|FRPL|FRPL
08402|Kalama School District|36|31.32|0.87|2019|ESD 112|Not Enrolled|0.57|0.6259|FRPL|FRPL
08402|Kalama School District|27|21.06|0.78|2018|ESD 112|2 Year / CTC|0.32|0.2496|FRPL|FRPL
08402|Kalama School District|27|21.06|0.78|2018|ESD 112|4 Year|0.16|0.1248|FRPL|FRPL
08402|Kalama School District|27|21.06|0.78|2018|ESD 112|Not Enrolled|0.53|0.6334|FRPL|FRPL
08402|Kalama School District|22|19.734|0.897|2017|ESD 112|2 Year / CTC|0.29|0.26013|FRPL|FRPL
08402|Kalama School District|22|19.734|0.897|2017|ESD 112|4 Year|0.14|0.12558|FRPL|FRPL
08402|Kalama School District|22|19.734|0.897|2017|ESD 112|Not Enrolled|0.58|0.62326|FRPL|FRPL
08402|Kalama School District|24|21.12|0.88|2016|ESD 112|2 Year / CTC|0.27|0.2376|FRPL|FRPL
08402|Kalama School District|24|21.12|0.88|2016|ESD 112|4 Year|0.09|0.0792|FRPL|FRPL
08402|Kalama School District|24|21.12|0.88|2016|ESD 112|Not Enrolled|0.64|0.6832|FRPL|FRPL
08402|Kalama School District|27|24.03|0.89|2015|ESD 112|2 Year / CTC|0.28|0.2492|FRPL|FRPL
08402|Kalama School District|27|24.03|0.89|2015|ESD 112|4 Year|0.09|0.0801|FRPL|FRPL
08402|Kalama School District|27|24.03|0.89|2015|ESD 112|Not Enrolled|0.62|0.6618|FRPL|FRPL
08402|Kalama School District|30|24.6|0.82|2014|ESD 112|2 Year / CTC|0.37|0.3034|FRPL|FRPL
08402|Kalama School District|30|24.6|0.82|2014|ESD 112|4 Year|0.08|0.0656|FRPL|FRPL
08402|Kalama School District|30|24.6|0.82|2014|ESD 112|Not Enrolled|0.55|0.631|FRPL|FRPL
08402|Kalama School District|57|52.497|0.921|2020|ESD 112|2 Year / CTC|0.3|0.2763|FRPL|Not FRPL
08402|Kalama School District|57|52.497|0.921|2020|ESD 112|4 Year|0.24|0.22104|FRPL|Not FRPL
08402|Kalama School District|57|52.497|0.921|2020|ESD 112|Not Enrolled|0.46|0.50266|FRPL|Not FRPL
08402|Kalama School District|42|38|0.904761905|2019|ESD 112|2 Year / CTC|0.31|0.28047619055|FRPL|Not FRPL
08402|Kalama School District|42|38|0.904761905|2019|ESD 112|4 Year|0.32|0.2895238096|FRPL|Not FRPL
08402|Kalama School District|42|38|0.904761905|2019|ESD 112|Not Enrolled|0.37|0.42999999985|FRPL|Not FRPL
08402|Kalama School District|57|53.58|0.94|2018|ESD 112|2 Year / CTC|0.37|0.3478|FRPL|Not FRPL
08402|Kalama School District|57|53.58|0.94|2018|ESD 112|4 Year|0.28|0.2632|FRPL|Not FRPL
08402|Kalama School District|57|53.58|0.94|2018|ESD 112|Not Enrolled|0.35|0.389|FRPL|Not FRPL
08402|Kalama School District|64|58.496|0.914|2017|ESD 112|2 Year / CTC|0.35|0.3199|FRPL|Not FRPL
08402|Kalama School District|64|58.496|0.914|2017|ESD 112|4 Year|0.28|0.25592|FRPL|Not FRPL
08402|Kalama School District|64|58.496|0.914|2017|ESD 112|Not Enrolled|0.37|0.42418|FRPL|Not FRPL
08402|Kalama School District|46|42.55|0.925|2016|ESD 112|2 Year / CTC|0.33|0.30525|FRPL|Not FRPL
08402|Kalama School District|46|42.55|0.925|2016|ESD 112|4 Year|0.23|0.21275|FRPL|Not FRPL
08402|Kalama School District|46|42.55|0.925|2016|ESD 112|Not Enrolled|0.44|0.482|FRPL|Not FRPL
08402|Kalama School District|37|34|0.918918919|2015|ESD 112|2 Year / CTC|0.35|0.32162162165|FRPL|Not FRPL
08402|Kalama School District|37|34|0.918918919|2015|ESD 112|4 Year|0.24|0.22054054056|FRPL|Not FRPL
08402|Kalama School District|37|34|0.918918919|2015|ESD 112|Not Enrolled|0.41|0.45783783779|FRPL|Not FRPL
08402|Kalama School District|39|36.231|0.929|2014|ESD 112|2 Year / CTC|0.35|0.32515|FRPL|Not FRPL
08402|Kalama School District|39|36.231|0.929|2014|ESD 112|4 Year|0.21|0.19509|FRPL|Not FRPL
08402|Kalama School District|39|36.231|0.929|2014|ESD 112|Not Enrolled|0.45|0.48905|FRPL|Not FRPL
08402|Kalama School District|76|72.58|0.955|2020|ESD 112|2 Year / CTC|0.28|0.2674|Race/Ethnicity|White
08402|Kalama School District|76|72.58|0.955|2020|ESD 112|4 Year|0.19|0.18145|Race/Ethnicity|White
08402|Kalama School District|76|72.58|0.955|2020|ESD 112|Not Enrolled|0.53|0.55115|Race/Ethnicity|White
08402|Kalama School District|59|51|0.86440678|2019|ESD 112|2 Year / CTC|0.3|0.259322034|Race/Ethnicity|White
08402|Kalama School District|59|51|0.86440678|2019|ESD 112|4 Year|0.27|0.2333898306|Race/Ethnicity|White
08402|Kalama School District|59|51|0.86440678|2019|ESD 112|Not Enrolled|0.43|0.5072881354|Race/Ethnicity|White
08402|Kalama School District|66|60|0.909090909|2018|ESD 112|2 Year / CTC|0.34|0.30909090906|Race/Ethnicity|White
08402|Kalama School District|66|60|0.909090909|2018|ESD 112|4 Year|0.25|0.22727272725|Race/Ethnicity|White
08402|Kalama School District|66|60|0.909090909|2018|ESD 112|Not Enrolled|0.4|0.4545454546|Race/Ethnicity|White
08402|Kalama School District|71|66.811|0.941|2017|ESD 112|2 Year / CTC|0.31|0.29171|Race/Ethnicity|White
08402|Kalama School District|71|66.811|0.941|2017|ESD 112|4 Year|0.24|0.22584|Race/Ethnicity|White
08402|Kalama School District|71|66.811|0.941|2017|ESD 112|Not Enrolled|0.45|0.48245|Race/Ethnicity|White
08402|Kalama School District|56|51.52|0.92|2016|ESD 112|2 Year / CTC|0.31|0.2852|Race/Ethnicity|White
08402|Kalama School District|56|51.52|0.92|2016|ESD 112|4 Year|0.17|0.1564|Race/Ethnicity|White
08402|Kalama School District|56|51.52|0.92|2016|ESD 112|Not Enrolled|0.52|0.5584|Race/Ethnicity|White
08402|Kalama School District|74|67.34|0.91|2015|ESD 112|2 Year / CTC|0.32|0.2912|Race/Ethnicity|White
08402|Kalama School District|74|67.34|0.91|2015|ESD 112|4 Year|0.19|0.1729|Race/Ethnicity|White
08402|Kalama School District|74|67.34|0.91|2015|ESD 112|Not Enrolled|0.49|0.5359|Race/Ethnicity|White
08402|Kalama School District|64|56.96|0.89|2014|ESD 112|2 Year / CTC|0.36|0.3204|Race/Ethnicity|White
08402|Kalama School District|64|56.96|0.89|2014|ESD 112|4 Year|0.16|0.1424|Race/Ethnicity|White
08402|Kalama School District|64|56.96|0.89|2014|ESD 112|Not Enrolled|0.49|0.5461|Race/Ethnicity|White
20406|Lyle School District|14|||2020|ESD 112|2 Year / CTC|0.13||All Students|All
20406|Lyle School District|14|||2020|ESD 112|4 Year|0.31||All Students|All
20406|Lyle School District|14|||2020|ESD 112|Not Enrolled|0.56||All Students|All
20406|Lyle School District|22|14.74|0.67|2019|ESD 112|2 Year / CTC|0.17|0.1139|All Students|All
20406|Lyle School District|22|14.74|0.67|2019|ESD 112|4 Year|0.26|0.1742|All Students|All
20406|Lyle School District|22|14.74|0.67|2019|ESD 112|Not Enrolled|0.57|0.7119|All Students|All
20406|Lyle School District|21|18.27|0.87|2018|ESD 112|2 Year / CTC|0.22|0.1914|All Students|All
20406|Lyle School District|21|18.27|0.87|2018|ESD 112|4 Year|0.17|0.1479|All Students|All
20406|Lyle School District|21|18.27|0.87|2018|ESD 112|Not Enrolled|0.6|0.652|All Students|All
20406|Lyle School District|24|18.48|0.77|2017|ESD 112|2 Year / CTC|0.28|0.2156|All Students|All
20406|Lyle School District|24|18.48|0.77|2017|ESD 112|4 Year|0.11|0.0847|All Students|All
20406|Lyle School District|24|18.48|0.77|2017|ESD 112|Not Enrolled|0.62|0.7074|All Students|All
20406|Lyle School District|17|14.314|0.842|2016|ESD 112|2 Year / CTC|0.29|0.24418|All Students|All
20406|Lyle School District|17|14.314|0.842|2016|ESD 112|4 Year|0.13|0.10946|All Students|All
20406|Lyle School District|17|14.314|0.842|2016|ESD 112|Not Enrolled|0.58|0.64636|All Students|All
20406|Lyle School District|20|15.6|0.78|2015|ESD 112|2 Year / CTC|0.27|0.2106|All Students|All
20406|Lyle School District|20|15.6|0.78|2015|ESD 112|4 Year|0.13|0.1014|All Students|All
20406|Lyle School District|20|15.6|0.78|2015|ESD 112|Not Enrolled|0.6|0.688|All Students|All
20406|Lyle School District|13|9.75|0.75|2014|ESD 112|2 Year / CTC|0.28|0.21|All Students|All
20406|Lyle School District|13|9.75|0.75|2014|ESD 112|4 Year|0.15|0.1125|All Students|All
20406|Lyle School District|13|9.75|0.75|2014|ESD 112|Not Enrolled|0.57|0.6775|All Students|All
20406|Lyle School District|10|||2020|ESD 112|2 Year / CTC|0.15||Race/Ethnicity|White
20406|Lyle School District|10|||2020|ESD 112|4 Year|0.245||Race/Ethnicity|White
20406|Lyle School District|10|||2020|ESD 112|Not Enrolled|0.645||Race/Ethnicity|White
20406|Lyle School District|12|9.6|0.8|2019|ESD 112|2 Year / CTC|0.19|0.152|Race/Ethnicity|White
20406|Lyle School District|12|9.6|0.8|2019|ESD 112|4 Year|0.22|0.176|Race/Ethnicity|White
20406|Lyle School District|12|9.6|0.8|2019|ESD 112|Not Enrolled|0.58|0.664|Race/Ethnicity|White
20406|Lyle School District|14|10.766|0.769|2018|ESD 112|2 Year / CTC|0.31|0.23839|Race/Ethnicity|White
20406|Lyle School District|14|10.766|0.769|2018|ESD 112|4 Year|0.13|0.09997|Race/Ethnicity|White
20406|Lyle School District|14|10.766|0.769|2018|ESD 112|Not Enrolled|0.56|0.66164|Race/Ethnicity|White
20406|Lyle School District|14|11.2|0.8|2017|ESD 112|2 Year / CTC|0.345|0.276|Race/Ethnicity|White
20406|Lyle School District|14|11.2|0.8|2017|ESD 112|4 Year|0.05|0.04|Race/Ethnicity|White
20406|Lyle School District|14|11.2|0.8|2017|ESD 112|Not Enrolled|0.545|0.636|Race/Ethnicity|White
20406|Lyle School District|13|9.997|0.769|2016|ESD 112|2 Year / CTC|0.29|0.22301|Race/Ethnicity|White
20406|Lyle School District|13|9.997|0.769|2016|ESD 112|4 Year|0.15|0.11535|Race/Ethnicity|White
20406|Lyle School District|13|9.997|0.769|2016|ESD 112|Not Enrolled|0.56|0.66164|Race/Ethnicity|White
20406|Lyle School District|15|11.55|0.77|2015|ESD 112|2 Year / CTC|0.21|0.1617|Race/Ethnicity|White
20406|Lyle School District|15|11.55|0.77|2015|ESD 112|4 Year|0.16|0.1232|Race/Ethnicity|White
20406|Lyle School District|15|11.55|0.77|2015|ESD 112|Not Enrolled|0.63|0.7151|Race/Ethnicity|White
20406|Lyle School District|10|7.7|0.77|2014|ESD 112|2 Year / CTC|0.2|0.154|Race/Ethnicity|White
20406|Lyle School District|10|7.7|0.77|2014|ESD 112|4 Year|0.17|0.1309|Race/Ethnicity|White
20406|Lyle School District|10|7.7|0.77|2014|ESD 112|Not Enrolled|0.63|0.7151|Race/Ethnicity|White
25155|Naselle-Grays River Valley School District|68|60.18|0.885|2020|ESD 112|2 Year / CTC|0.36|0.3186|All Students|All
25155|Naselle-Grays River Valley School District|68|60.18|0.885|2020|ESD 112|4 Year|0.17|0.15045|All Students|All
25155|Naselle-Grays River Valley School District|68|60.18|0.885|2020|ESD 112|Not Enrolled|0.47|0.53095|All Students|All
25155|Naselle-Grays River Valley School District|74|64.75|0.875|2019|ESD 112|2 Year / CTC|0.35|0.30625|All Students|All
25155|Naselle-Grays River Valley School District|74|64.75|0.875|2019|ESD 112|4 Year|0.23|0.20125|All Students|All
25155|Naselle-Grays River Valley School District|74|64.75|0.875|2019|ESD 112|Not Enrolled|0.42|0.4925|All Students|All
25155|Naselle-Grays River Valley School District|85|70.805|0.833|2018|ESD 112|2 Year / CTC|0.29|0.24157|All Students|All
25155|Naselle-Grays River Valley School District|85|70.805|0.833|2018|ESD 112|4 Year|0.21|0.17493|All Students|All
25155|Naselle-Grays River Valley School District|85|70.805|0.833|2018|ESD 112|Not Enrolled|0.5|0.5835|All Students|All
25155|Naselle-Grays River Valley School District|67|58.96|0.88|2017|ESD 112|2 Year / CTC|0.3|0.264|All Students|All
25155|Naselle-Grays River Valley School District|67|58.96|0.88|2017|ESD 112|4 Year|0.27|0.2376|All Students|All
25155|Naselle-Grays River Valley School District|67|58.96|0.88|2017|ESD 112|Not Enrolled|0.42|0.4896|All Students|All
25155|Naselle-Grays River Valley School District|72|63|0.875|2016|ESD 112|2 Year / CTC|0.36|0.315|All Students|All
25155|Naselle-Grays River Valley School District|72|63|0.875|2016|ESD 112|4 Year|0.25|0.21875|All Students|All
25155|Naselle-Grays River Valley School District|72|63|0.875|2016|ESD 112|Not Enrolled|0.39|0.46625|All Students|All
25155|Naselle-Grays River Valley School District|59|49.678|0.842|2015|ESD 112|2 Year / CTC|0.37|0.31154|All Students|All
25155|Naselle-Grays River Valley School District|59|49.678|0.842|2015|ESD 112|4 Year|0.34|0.28628|All Students|All
25155|Naselle-Grays River Valley School District|59|49.678|0.842|2015|ESD 112|Not Enrolled|0.29|0.40218|All Students|All
25155|Naselle-Grays River Valley School District|57|49.875|0.875|2014|ESD 112|2 Year / CTC|0.43|0.37625|All Students|All
25155|Naselle-Grays River Valley School District|57|49.875|0.875|2014|ESD 112|4 Year|0.31|0.27125|All Students|All
25155|Naselle-Grays River Valley School District|57|49.875|0.875|2014|ESD 112|Not Enrolled|0.26|0.3525|All Students|All
25155|Naselle-Grays River Valley School District|9|6.3|0.7|2020|ESD 112|2 Year / CTC|0.39|0.273|Gender|Female
25155|Naselle-Grays River Valley School District|9|6.3|0.7|2020|ESD 112|4 Year|0.21|0.147|Gender|Female
25155|Naselle-Grays River Valley School District|9|6.3|0.7|2020|ESD 112|Not Enrolled|0.39|0.573|Gender|Female
25155|Naselle-Grays River Valley School District|10|7.27|0.727|2019|ESD 112|2 Year / CTC|0.34|0.24718|Gender|Female
25155|Naselle-Grays River Valley School District|10|7.27|0.727|2019|ESD 112|4 Year|0.31|0.22537|Gender|Female
25155|Naselle-Grays River Valley School District|10|7.27|0.727|2019|ESD 112|Not Enrolled|0.34|0.52018|Gender|Female
25155|Naselle-Grays River Valley School District|12|||2018|ESD 112|2 Year / CTC|0.34||Gender|Female
25155|Naselle-Grays River Valley School District|12|||2018|ESD 112|4 Year|0.28||Gender|Female
25155|Naselle-Grays River Valley School District|12|||2018|ESD 112|Not Enrolled|0.38||Gender|Female
25155|Naselle-Grays River Valley School District|7|5.768|0.824|2017|ESD 112|2 Year / CTC|0.31|0.25544|Gender|Female
25155|Naselle-Grays River Valley School District|7|5.768|0.824|2017|ESD 112|4 Year|0.4|0.3296|Gender|Female
25155|Naselle-Grays River Valley School District|7|5.768|0.824|2017|ESD 112|Not Enrolled|0.29|0.41496|Gender|Female
25155|Naselle-Grays River Valley School District|17|12.359|0.727|2016|ESD 112|2 Year / CTC|0.39|0.28353|Gender|Female
25155|Naselle-Grays River Valley School District|17|12.359|0.727|2016|ESD 112|4 Year|0.39|0.28353|Gender|Female
25155|Naselle-Grays River Valley School District|17|12.359|0.727|2016|ESD 112|Not Enrolled|0.23|0.44021|Gender|Female
25155|Naselle-Grays River Valley School District|9|||2015|ESD 112|2 Year / CTC|0.39||Gender|Female
25155|Naselle-Grays River Valley School District|9|||2015|ESD 112|4 Year|0.39||Gender|Female
25155|Naselle-Grays River Valley School District|9|||2015|ESD 112|Not Enrolled|0.22||Gender|Female
25155|Naselle-Grays River Valley School District|10|7.69|0.769|2014|ESD 112|2 Year / CTC|0.44|0.33836|Gender|Female
25155|Naselle-Grays River Valley School District|10|7.69|0.769|2014|ESD 112|4 Year|0.31|0.23839|Gender|Female
25155|Naselle-Grays River Valley School District|10|7.69|0.769|2014|ESD 112|Not Enrolled|0.25|0.42325|Gender|Female
25155|Naselle-Grays River Valley School District|59|47.967|0.813|2020|ESD 112|2 Year / CTC|0.34|0.27642|Gender|Male
25155|Naselle-Grays River Valley School District|59|47.967|0.813|2020|ESD 112|4 Year|0.13|0.10569|Gender|Male
25155|Naselle-Grays River Valley School District|59|47.967|0.813|2020|ESD 112|Not Enrolled|0.53|0.61789|Gender|Male
25155|Naselle-Grays River Valley School District|64|49.216|0.769|2019|ESD 112|2 Year / CTC|0.37|0.28453|Gender|Male
25155|Naselle-Grays River Valley School District|64|49.216|0.769|2019|ESD 112|4 Year|0.13|0.09997|Gender|Male
25155|Naselle-Grays River Valley School District|64|49.216|0.769|2019|ESD 112|Not Enrolled|0.5|0.6155|Gender|Male
25155|Naselle-Grays River Valley School District|73|||2018|ESD 112|2 Year / CTC|0.23||Gender|Male
25155|Naselle-Grays River Valley School District|73|||2018|ESD 112|4 Year|0.13||Gender|Male
25155|Naselle-Grays River Valley School District|73|||2018|ESD 112|Not Enrolled|0.63||Gender|Male
25155|Naselle-Grays River Valley School District|60|||2017|ESD 112|2 Year / CTC|0.29||Gender|Male
25155|Naselle-Grays River Valley School District|60|||2017|ESD 112|4 Year|0.13||Gender|Male
25155|Naselle-Grays River Valley School District|60|||2017|ESD 112|Not Enrolled|0.58||Gender|Male
25155|Naselle-Grays River Valley School District|55|42.295|0.769|2016|ESD 112|2 Year / CTC|0.33|0.25377|Gender|Male
25155|Naselle-Grays River Valley School District|55|42.295|0.769|2016|ESD 112|4 Year|0.12|0.09228|Gender|Male
25155|Naselle-Grays River Valley School District|55|42.295|0.769|2016|ESD 112|Not Enrolled|0.55|0.65395|Gender|Male
25155|Naselle-Grays River Valley School District|50|36.35|0.727|2015|ESD 112|2 Year / CTC|0.34|0.24718|Gender|Male
25155|Naselle-Grays River Valley School District|50|36.35|0.727|2015|ESD 112|4 Year|0.28|0.20356|Gender|Male
25155|Naselle-Grays River Valley School District|50|36.35|0.727|2015|ESD 112|Not Enrolled|0.38|0.54926|Gender|Male
25155|Naselle-Grays River Valley School District|47|34.169|0.727|2014|ESD 112|2 Year / CTC|0.41|0.29807|Gender|Male
25155|Naselle-Grays River Valley School District|47|34.169|0.727|2014|ESD 112|4 Year|0.32|0.23264|Gender|Male
25155|Naselle-Grays River Valley School District|47|34.169|0.727|2014|ESD 112|Not Enrolled|0.26|0.46202|Gender|Male
25155|Naselle-Grays River Valley School District|32|26.656|0.833|2020|ESD 112|2 Year / CTC|0.32|0.26656|FRPL|FRPL
25155|Naselle-Grays River Valley School District|32|26.656|0.833|2020|ESD 112|4 Year|0.21|0.17493|FRPL|FRPL
25155|Naselle-Grays River Valley School District|32|26.656|0.833|2020|ESD 112|Not Enrolled|0.47|0.55851|FRPL|FRPL
25155|Naselle-Grays River Valley School District|36|29.268|0.813|2019|ESD 112|2 Year / CTC|0.34|0.27642|FRPL|FRPL
25155|Naselle-Grays River Valley School District|36|29.268|0.813|2019|ESD 112|4 Year|0.24|0.19512|FRPL|FRPL
25155|Naselle-Grays River Valley School District|36|29.268|0.813|2019|ESD 112|Not Enrolled|0.41|0.52033|FRPL|FRPL
25155|Naselle-Grays River Valley School District|24|17.448|0.727|2018|ESD 112|2 Year / CTC|0.27|0.19629|FRPL|FRPL
25155|Naselle-Grays River Valley School District|24|17.448|0.727|2018|ESD 112|4 Year|0.2|0.1454|FRPL|FRPL
25155|Naselle-Grays River Valley School District|24|17.448|0.727|2018|ESD 112|Not Enrolled|0.53|0.65831|FRPL|FRPL
25155|Naselle-Grays River Valley School District|26|21.658|0.833|2017|ESD 112|2 Year / CTC|0.29|0.24157|FRPL|FRPL
25155|Naselle-Grays River Valley School District|26|21.658|0.833|2017|ESD 112|4 Year|0.23|0.19159|FRPL|FRPL
25155|Naselle-Grays River Valley School District|26|21.658|0.833|2017|ESD 112|Not Enrolled|0.48|0.56684|FRPL|FRPL
25155|Naselle-Grays River Valley School District|24|19.992|0.833|2016|ESD 112|2 Year / CTC|0.36|0.29988|FRPL|FRPL
25155|Naselle-Grays River Valley School District|24|19.992|0.833|2016|ESD 112|4 Year|0.19|0.15827|FRPL|FRPL
25155|Naselle-Grays River Valley School District|24|19.992|0.833|2016|ESD 112|Not Enrolled|0.44|0.53352|FRPL|FRPL
25155|Naselle-Grays River Valley School District|38|||2015|ESD 112|2 Year / CTC|0.35||FRPL|FRPL
25155|Naselle-Grays River Valley School District|38|||2015|ESD 112|4 Year|0.26||FRPL|FRPL
25155|Naselle-Grays River Valley School District|38|||2015|ESD 112|Not Enrolled|0.38||FRPL|FRPL
25155|Naselle-Grays River Valley School District|15|12.195|0.813|2014|ESD 112|2 Year / CTC|0.43|0.34959|FRPL|FRPL
25155|Naselle-Grays River Valley School District|15|12.195|0.813|2014|ESD 112|4 Year|0.2|0.1626|FRPL|FRPL
25155|Naselle-Grays River Valley School District|15|12.195|0.813|2014|ESD 112|Not Enrolled|0.37|0.48781|FRPL|FRPL
25155|Naselle-Grays River Valley School District|36|||2020|ESD 112|2 Year / CTC|0.41||FRPL|Not FRPL
25155|Naselle-Grays River Valley School District|36|||2020|ESD 112|4 Year|0.13||FRPL|Not FRPL
25155|Naselle-Grays River Valley School District|36|||2020|ESD 112|Not Enrolled|0.47||FRPL|Not FRPL
25155|Naselle-Grays River Valley School District|38|||2019|ESD 112|2 Year / CTC|0.36||FRPL|Not FRPL
25155|Naselle-Grays River Valley School District|38|||2019|ESD 112|4 Year|0.22||FRPL|Not FRPL
25155|Naselle-Grays River Valley School District|38|||2019|ESD 112|Not Enrolled|0.42||FRPL|Not FRPL
25155|Naselle-Grays River Valley School District|61|||2018|ESD 112|2 Year / CTC|0.31||FRPL|Not FRPL
25155|Naselle-Grays River Valley School District|61|||2018|ESD 112|4 Year|0.22||FRPL|Not FRPL
25155|Naselle-Grays River Valley School District|61|||2018|ESD 112|Not Enrolled|0.47||FRPL|Not FRPL
25155|Naselle-Grays River Valley School District|41|||2017|ESD 112|2 Year / CTC|0.31||FRPL|Not FRPL
25155|Naselle-Grays River Valley School District|41|||2017|ESD 112|4 Year|0.31||FRPL|Not FRPL
25155|Naselle-Grays River Valley School District|41|||2017|ESD 112|Not Enrolled|0.37||FRPL|Not FRPL
25155|Naselle-Grays River Valley School District|48|||2016|ESD 112|2 Year / CTC|0.36||FRPL|Not FRPL
25155|Naselle-Grays River Valley School District|48|||2016|ESD 112|4 Year|0.32||FRPL|Not FRPL
25155|Naselle-Grays River Valley School District|48|||2016|ESD 112|Not Enrolled|0.32||FRPL|Not FRPL
25155|Naselle-Grays River Valley School District|21|15.267|0.727|2015|ESD 112|2 Year / CTC|0.38|0.27626|FRPL|Not FRPL
25155|Naselle-Grays River Valley School District|21|15.267|0.727|2015|ESD 112|4 Year|0.41|0.29807|FRPL|Not FRPL
25155|Naselle-Grays River Valley School District|21|15.267|0.727|2015|ESD 112|Not Enrolled|0.21|0.42567|FRPL|Not FRPL
25155|Naselle-Grays River Valley School District|42|||2014|ESD 112|2 Year / CTC|0.43||FRPL|Not FRPL
25155|Naselle-Grays River Valley School District|42|||2014|ESD 112|4 Year|0.43||FRPL|Not FRPL
25155|Naselle-Grays River Valley School District|42|||2014|ESD 112|Not Enrolled|0.14||FRPL|Not FRPL
25155|Naselle-Grays River Valley School District|31|26.567|0.857|2020|ESD 112|2 Year / CTC|0.37|0.31709|Race/Ethnicity|White
25155|Naselle-Grays River Valley School District|31|26.567|0.857|2020|ESD 112|4 Year|0.19|0.16283|Race/Ethnicity|White
25155|Naselle-Grays River Valley School District|31|26.567|0.857|2020|ESD 112|Not Enrolled|0.44|0.52008|Race/Ethnicity|White
25155|Naselle-Grays River Valley School District|36|30.312|0.842|2019|ESD 112|2 Year / CTC|0.36|0.30312|Race/Ethnicity|White
25155|Naselle-Grays River Valley School District|36|30.312|0.842|2019|ESD 112|4 Year|0.25|0.2105|Race/Ethnicity|White
25155|Naselle-Grays River Valley School District|36|30.312|0.842|2019|ESD 112|Not Enrolled|0.4|0.4948|Race/Ethnicity|White
25155|Naselle-Grays River Valley School District|44|35.2|0.8|2018|ESD 112|2 Year / CTC|0.3|0.24|Race/Ethnicity|White
25155|Naselle-Grays River Valley School District|44|35.2|0.8|2018|ESD 112|4 Year|0.2|0.16|Race/Ethnicity|White
25155|Naselle-Grays River Valley School District|44|35.2|0.8|2018|ESD 112|Not Enrolled|0.5|0.6|Race/Ethnicity|White
25155|Naselle-Grays River Valley School District|30|25.71|0.857|2017|ESD 112|2 Year / CTC|0.29|0.24853|Race/Ethnicity|White
25155|Naselle-Grays River Valley School District|30|25.71|0.857|2017|ESD 112|4 Year|0.29|0.24853|Race/Ethnicity|White
25155|Naselle-Grays River Valley School District|30|25.71|0.857|2017|ESD 112|Not Enrolled|0.42|0.50294|Race/Ethnicity|White
25155|Naselle-Grays River Valley School District|42|36.54|0.87|2016|ESD 112|2 Year / CTC|0.31|0.2697|Race/Ethnicity|White
25155|Naselle-Grays River Valley School District|42|36.54|0.87|2016|ESD 112|4 Year|0.29|0.2523|Race/Ethnicity|White
25155|Naselle-Grays River Valley School District|42|36.54|0.87|2016|ESD 112|Not Enrolled|0.39|0.4693|Race/Ethnicity|White
25155|Naselle-Grays River Valley School District|37|28.453|0.769|2015|ESD 112|2 Year / CTC|0.35|0.26915|Race/Ethnicity|White
25155|Naselle-Grays River Valley School District|37|28.453|0.769|2015|ESD 112|4 Year|0.38|0.29222|Race/Ethnicity|White
25155|Naselle-Grays River Valley School District|37|28.453|0.769|2015|ESD 112|Not Enrolled|0.27|0.43863|Race/Ethnicity|White
25155|Naselle-Grays River Valley School District|31|25.544|0.824|2014|ESD 112|2 Year / CTC|0.4|0.3296|Race/Ethnicity|White
25155|Naselle-Grays River Valley School District|31|25.544|0.824|2014|ESD 112|4 Year|0.36|0.29664|Race/Ethnicity|White
25155|Naselle-Grays River Valley School District|31|25.544|0.824|2014|ESD 112|Not Enrolled|0.24|0.37376|Race/Ethnicity|White
18400|North Kitsap School District|456|418.152|0.917|2020|PREP - Tier 2|2 Year / CTC|0.25|0.22925|Section 504|Not Section 504
18400|North Kitsap School District|456|418.152|0.917|2020|PREP - Tier 2|4 Year|0.36|0.33012|Section 504|Not Section 504
18400|North Kitsap School District|456|418.152|0.917|2020|PREP - Tier 2|Not Enrolled|0.4|0.4498|Section 504|Not Section 504
18400|North Kitsap School District|458|437.848|0.956|2019|PREP - Tier 2|2 Year / CTC|0.27|0.25812|Section 504|Not Section 504
18400|North Kitsap School District|458|437.848|0.956|2019|PREP - Tier 2|4 Year|0.36|0.34416|Section 504|Not Section 504
18400|North Kitsap School District|458|437.848|0.956|2019|PREP - Tier 2|Not Enrolled|0.37|0.39772|Section 504|Not Section 504
18400|North Kitsap School District|538|497.65|0.925|2018|PREP - Tier 2|2 Year / CTC|0.28|0.259|Section 504|Not Section 504
18400|North Kitsap School District|538|497.65|0.925|2018|PREP - Tier 2|4 Year|0.36|0.333|Section 504|Not Section 504
18400|North Kitsap School District|538|497.65|0.925|2018|PREP - Tier 2|Not Enrolled|0.36|0.408|Section 504|Not Section 504
18400|North Kitsap School District|495|456.885|0.923|2017|PREP - Tier 2|2 Year / CTC|0.29|0.26767|Section 504|Not Section 504
18400|North Kitsap School District|495|456.885|0.923|2017|PREP - Tier 2|4 Year|0.38|0.35074|Section 504|Not Section 504
18400|North Kitsap School District|495|456.885|0.923|2017|PREP - Tier 2|Not Enrolled|0.33|0.38159|Section 504|Not Section 504
18400|North Kitsap School District|503|453.706|0.902|2016|PREP - Tier 2|2 Year / CTC|0.29|0.26158|Section 504|Not Section 504
18400|North Kitsap School District|503|453.706|0.902|2016|PREP - Tier 2|4 Year|0.37|0.33374|Section 504|Not Section 504
18400|North Kitsap School District|503|453.706|0.902|2016|PREP - Tier 2|Not Enrolled|0.35|0.4137|Section 504|Not Section 504
18400|North Kitsap School District|509|458.609|0.901|2015|PREP - Tier 2|2 Year / CTC|0.3|0.2703|Section 504|Not Section 504
18400|North Kitsap School District|509|458.609|0.901|2015|PREP - Tier 2|4 Year|0.37|0.33337|Section 504|Not Section 504
18400|North Kitsap School District|509|458.609|0.901|2015|PREP - Tier 2|Not Enrolled|0.33|0.39633|Section 504|Not Section 504
18400|North Kitsap School District|528|460.416|0.872|2014|PREP - Tier 2|2 Year / CTC|0.3|0.2616|Section 504|Not Section 504
18400|North Kitsap School District|528|460.416|0.872|2014|PREP - Tier 2|4 Year|0.35|0.3052|Section 504|Not Section 504
18400|North Kitsap School District|528|460.416|0.872|2014|PREP - Tier 2|Not Enrolled|0.35|0.4332|Section 504|Not Section 504
18400|North Kitsap School District|27|23.76|0.88|2020|PREP - Tier 2|2 Year / CTC|0.26|0.2288|Section 504|Section 504
18400|North Kitsap School District|27|23.76|0.88|2020|PREP - Tier 2|4 Year|0.31|0.2728|Section 504|Section 504
18400|North Kitsap School District|27|23.76|0.88|2020|PREP - Tier 2|Not Enrolled|0.44|0.5072|Section 504|Section 504
18400|North Kitsap School District|20|17.7|0.885|2019|PREP - Tier 2|2 Year / CTC|0.22|0.1947|Section 504|Section 504
18400|North Kitsap School District|20|17.7|0.885|2019|PREP - Tier 2|4 Year|0.3|0.2655|Section 504|Section 504
18400|North Kitsap School District|20|17.7|0.885|2019|PREP - Tier 2|Not Enrolled|0.48|0.5398|Section 504|Section 504
18400|North Kitsap School District|24|18|0.75|2018|PREP - Tier 2|2 Year / CTC|0.24|0.18|Section 504|Section 504
18400|North Kitsap School District|24|18|0.75|2018|PREP - Tier 2|4 Year|0.27|0.2025|Section 504|Section 504
18400|North Kitsap School District|24|18|0.75|2018|PREP - Tier 2|Not Enrolled|0.49|0.6175|Section 504|Section 504
18400|North Kitsap School District|15|11.4|0.76|2017|PREP - Tier 2|2 Year / CTC|0.24|0.1824|Section 504|Section 504
18400|North Kitsap School District|15|11.4|0.76|2017|PREP - Tier 2|4 Year|0.32|0.2432|Section 504|Section 504
18400|North Kitsap School District|15|11.4|0.76|2017|PREP - Tier 2|Not Enrolled|0.43|0.5668|Section 504|Section 504
18400|North Kitsap School District|21|16.59|0.79|2016|PREP - Tier 2|2 Year / CTC|0.33|0.2607|Section 504|Section 504
18400|North Kitsap School District|21|16.59|0.79|2016|PREP - Tier 2|4 Year|0.33|0.2607|Section 504|Section 504
18400|North Kitsap School District|21|16.59|0.79|2016|PREP - Tier 2|Not Enrolled|0.33|0.4707|Section 504|Section 504
18400|North Kitsap School District|19|14.611|0.769|2015|PREP - Tier 2|2 Year / CTC|0.4|0.3076|Section 504|Section 504
18400|North Kitsap School District|19|14.611|0.769|2015|PREP - Tier 2|4 Year|0.35|0.26915|Section 504|Section 504
18400|North Kitsap School District|19|14.611|0.769|2015|PREP - Tier 2|Not Enrolled|0.25|0.42325|Section 504|Section 504
18400|North Kitsap School District|11|6.16|0.56|2014|PREP - Tier 2|2 Year / CTC|0.45|0.252|Section 504|Section 504
18400|North Kitsap School District|11|6.16|0.56|2014|PREP - Tier 2|4 Year|0.21|0.1176|Section 504|Section 504
18400|North Kitsap School District|11|6.16|0.56|2014|PREP - Tier 2|Not Enrolled|0.34|0.6304|Section 504|Section 504
18400|North Kitsap School District|431|394|0.914153132|2020|PREP - Tier 2|2 Year / CTC|0.2|0.1828306264|All Students|All
18400|North Kitsap School District|431|394|0.914153132|2020|PREP - Tier 2|4 Year|0.37|0.33823665884|All Students|All
18400|North Kitsap School District|431|394|0.914153132|2020|PREP - Tier 2|Not Enrolled|0.42|0.46979118344|All Students|All
18400|North Kitsap School District|502|478|0.952191235|2019|PREP - Tier 2|2 Year / CTC|0.26|0.2475697211|All Students|All
18400|North Kitsap School District|502|478|0.952191235|2019|PREP - Tier 2|4 Year|0.34|0.3237450199|All Students|All
18400|North Kitsap School District|502|478|0.952191235|2019|PREP - Tier 2|Not Enrolled|0.4|0.428685259|All Students|All
18400|North Kitsap School District|442|406|0.918552036|2018|PREP - Tier 2|2 Year / CTC|0.27|0.24800904972|All Students|All
18400|North Kitsap School District|442|406|0.918552036|2018|PREP - Tier 2|4 Year|0.35|0.3214932126|All Students|All
18400|North Kitsap School District|442|406|0.918552036|2018|PREP - Tier 2|Not Enrolled|0.38|0.43049773768|All Students|All
18400|North Kitsap School District|467|427|0.914346895|2017|PREP - Tier 2|2 Year / CTC|0.27|0.24687366165|All Students|All
18400|North Kitsap School District|467|427|0.914346895|2017|PREP - Tier 2|4 Year|0.4|0.365738758|All Students|All
18400|North Kitsap School District|467|427|0.914346895|2017|PREP - Tier 2|Not Enrolled|0.34|0.3965310493|All Students|All
18400|North Kitsap School District|468|420|0.897435897|2016|PREP - Tier 2|2 Year / CTC|0.3|0.2692307691|All Students|All
18400|North Kitsap School District|468|420|0.897435897|2016|PREP - Tier 2|4 Year|0.33|0.29615384601|All Students|All
18400|North Kitsap School District|468|420|0.897435897|2016|PREP - Tier 2|Not Enrolled|0.37|0.43461538489|All Students|All
18400|North Kitsap School District|480|432|0.9|2015|PREP - Tier 2|2 Year / CTC|0.3|0.27|All Students|All
18400|North Kitsap School District|480|432|0.9|2015|PREP - Tier 2|4 Year|0.4|0.36|All Students|All
18400|North Kitsap School District|480|432|0.9|2015|PREP - Tier 2|Not Enrolled|0.3|0.37|All Students|All
18400|North Kitsap School District|492|424|0.861788618|2014|PREP - Tier 2|2 Year / CTC|0.27|0.23268292686|All Students|All
18400|North Kitsap School District|492|424|0.861788618|2014|PREP - Tier 2|4 Year|0.36|0.31024390248|All Students|All
18400|North Kitsap School District|492|424|0.861788618|2014|PREP - Tier 2|Not Enrolled|0.37|0.45707317066|All Students|All
18400|North Kitsap School District|250|232.75|0.931|2020|PREP - Tier 2|2 Year / CTC|0.25|0.23275|Gender|Female
18400|North Kitsap School District|250|232.75|0.931|2020|PREP - Tier 2|4 Year|0.41|0.38171|Gender|Female
18400|North Kitsap School District|250|232.75|0.931|2020|PREP - Tier 2|Not Enrolled|0.33|0.37623|Gender|Female
18400|North Kitsap School District|254|245.11|0.965|2019|PREP - Tier 2|2 Year / CTC|0.28|0.2702|Gender|Female
18400|North Kitsap School District|254|245.11|0.965|2019|PREP - Tier 2|4 Year|0.38|0.3667|Gender|Female
18400|North Kitsap School District|254|245.11|0.965|2019|PREP - Tier 2|Not Enrolled|0.34|0.3631|Gender|Female
18400|North Kitsap School District|213|200|0.938967136|2018|PREP - Tier 2|2 Year / CTC|0.29|0.27230046944|Gender|Female
18400|North Kitsap School District|213|200|0.938967136|2018|PREP - Tier 2|4 Year|0.37|0.34741784032|Gender|Female
18400|North Kitsap School District|213|200|0.938967136|2018|PREP - Tier 2|Not Enrolled|0.34|0.38028169024|Gender|Female
18400|North Kitsap School District|249|232.566|0.934|2017|PREP - Tier 2|2 Year / CTC|0.3|0.2802|Gender|Female
18400|North Kitsap School District|249|232.566|0.934|2017|PREP - Tier 2|4 Year|0.42|0.39228|Gender|Female
18400|North Kitsap School District|249|232.566|0.934|2017|PREP - Tier 2|Not Enrolled|0.28|0.32752|Gender|Female
18400|North Kitsap School District|229|214|0.934497817|2016|PREP - Tier 2|2 Year / CTC|0.33|0.30838427961|Gender|Female
18400|North Kitsap School District|229|214|0.934497817|2016|PREP - Tier 2|4 Year|0.35|0.32707423595|Gender|Female
18400|North Kitsap School District|229|214|0.934497817|2016|PREP - Tier 2|Not Enrolled|0.33|0.37388646261|Gender|Female
18400|North Kitsap School District|261|238.815|0.915|2015|PREP - Tier 2|2 Year / CTC|0.31|0.28365|Gender|Female
18400|North Kitsap School District|261|238.815|0.915|2015|PREP - Tier 2|4 Year|0.42|0.3843|Gender|Female
18400|North Kitsap School District|261|238.815|0.915|2015|PREP - Tier 2|Not Enrolled|0.27|0.33205|Gender|Female
18400|North Kitsap School District|251|221.633|0.883|2014|PREP - Tier 2|2 Year / CTC|0.33|0.29139|Gender|Female
18400|North Kitsap School District|251|221.633|0.883|2014|PREP - Tier 2|4 Year|0.37|0.32671|Gender|Female
18400|North Kitsap School District|251|221.633|0.883|2014|PREP - Tier 2|Not Enrolled|0.3|0.3819|Gender|Female
18400|North Kitsap School District|199|178|0.894472362|2020|PREP - Tier 2|2 Year / CTC|0.14|0.12522613068|Gender|Male
18400|North Kitsap School District|199|178|0.894472362|2020|PREP - Tier 2|4 Year|0.32|0.28623115584|Gender|Male
18400|North Kitsap School District|199|178|0.894472362|2020|PREP - Tier 2|Not Enrolled|0.53|0.57959798986|Gender|Male
18400|North Kitsap School District|224|210.336|0.939|2019|PREP - Tier 2|2 Year / CTC|0.24|0.22536|Gender|Male
18400|North Kitsap School District|224|210.336|0.939|2019|PREP - Tier 2|4 Year|0.29|0.27231|Gender|Male
18400|North Kitsap School District|224|210.336|0.939|2019|PREP - Tier 2|Not Enrolled|0.47|0.50233|Gender|Male
18400|North Kitsap School District|229|206|0.899563319|2018|PREP - Tier 2|2 Year / CTC|0.25|0.22489082975|Gender|Male
18400|North Kitsap School District|229|206|0.899563319|2018|PREP - Tier 2|4 Year|0.33|0.29685589527|Gender|Male
18400|North Kitsap School District|229|206|0.899563319|2018|PREP - Tier 2|Not Enrolled|0.42|0.47825327498|Gender|Male
18400|North Kitsap School District|261|233.595|0.895|2017|PREP - Tier 2|2 Year / CTC|0.23|0.20585|Gender|Male
18400|North Kitsap School District|261|233.595|0.895|2017|PREP - Tier 2|4 Year|0.37|0.33115|Gender|Male
18400|North Kitsap School District|261|233.595|0.895|2017|PREP - Tier 2|Not Enrolled|0.39|0.45405|Gender|Male
18400|North Kitsap School District|239|206|0.861924686|2016|PREP - Tier 2|2 Year / CTC|0.27|0.23271966522|Gender|Male
18400|North Kitsap School District|239|206|0.861924686|2016|PREP - Tier 2|4 Year|0.32|0.27581589952|Gender|Male
18400|North Kitsap School District|239|206|0.861924686|2016|PREP - Tier 2|Not Enrolled|0.42|0.50008368212|Gender|Male
18400|North Kitsap School District|267|236.562|0.886|2015|PREP - Tier 2|2 Year / CTC|0.29|0.25694|Gender|Male
18400|North Kitsap School District|267|236.562|0.886|2015|PREP - Tier 2|4 Year|0.38|0.33668|Gender|Male
18400|North Kitsap School District|267|236.562|0.886|2015|PREP - Tier 2|Not Enrolled|0.33|0.40638|Gender|Male
18400|North Kitsap School District|288|242.496|0.842|2014|PREP - Tier 2|2 Year / CTC|0.22|0.18524|Gender|Male
18400|North Kitsap School District|288|242.496|0.842|2014|PREP - Tier 2|4 Year|0.35|0.2947|Gender|Male
18400|North Kitsap School District|288|242.496|0.842|2014|PREP - Tier 2|Not Enrolled|0.44|0.52848|Gender|Male
18400|North Kitsap School District|126|105.588|0.838|2020|PREP - Tier 2|2 Year / CTC|0.24|0.20112|FRPL|FRPL
18400|North Kitsap School District|126|105.588|0.838|2020|PREP - Tier 2|4 Year|0.2|0.1676|FRPL|FRPL
18400|North Kitsap School District|126|105.588|0.838|2020|PREP - Tier 2|Not Enrolled|0.57|0.63966|FRPL|FRPL
18400|North Kitsap School District|165|146|0.884848485|2019|PREP - Tier 2|2 Year / CTC|0.28|0.2477575758|FRPL|FRPL
18400|North Kitsap School District|165|146|0.884848485|2019|PREP - Tier 2|4 Year|0.18|0.1592727273|FRPL|FRPL
18400|North Kitsap School District|165|146|0.884848485|2019|PREP - Tier 2|Not Enrolled|0.54|0.5929696969|FRPL|FRPL
18400|North Kitsap School District|147|127.743|0.869|2018|PREP - Tier 2|2 Year / CTC|0.28|0.24332|FRPL|FRPL
18400|North Kitsap School District|147|127.743|0.869|2018|PREP - Tier 2|4 Year|0.19|0.16511|FRPL|FRPL
18400|North Kitsap School District|147|127.743|0.869|2018|PREP - Tier 2|Not Enrolled|0.53|0.59157|FRPL|FRPL
18400|North Kitsap School District|193|163|0.844559585|2017|PREP - Tier 2|2 Year / CTC|0.24|0.2026943004|FRPL|FRPL
18400|North Kitsap School District|193|163|0.844559585|2017|PREP - Tier 2|4 Year|0.25|0.21113989625|FRPL|FRPL
18400|North Kitsap School District|193|163|0.844559585|2017|PREP - Tier 2|Not Enrolled|0.5|0.5777202075|FRPL|FRPL
18400|North Kitsap School District|138|110.4|0.8|2016|PREP - Tier 2|2 Year / CTC|0.31|0.248|FRPL|FRPL
18400|North Kitsap School District|138|110.4|0.8|2016|PREP - Tier 2|4 Year|0.2|0.16|FRPL|FRPL
18400|North Kitsap School District|138|110.4|0.8|2016|PREP - Tier 2|Not Enrolled|0.49|0.592|FRPL|FRPL
18400|North Kitsap School District|132|108.108|0.819|2015|PREP - Tier 2|2 Year / CTC|0.31|0.25389|FRPL|FRPL
18400|North Kitsap School District|132|108.108|0.819|2015|PREP - Tier 2|4 Year|0.21|0.17199|FRPL|FRPL
18400|North Kitsap School District|132|108.108|0.819|2015|PREP - Tier 2|Not Enrolled|0.48|0.57412|FRPL|FRPL
18400|North Kitsap School District|198|150|0.757575758|2014|PREP - Tier 2|2 Year / CTC|0.24|0.18181818192|FRPL|FRPL
18400|North Kitsap School District|198|150|0.757575758|2014|PREP - Tier 2|4 Year|0.24|0.18181818192|FRPL|FRPL
18400|North Kitsap School District|198|150|0.757575758|2014|PREP - Tier 2|Not Enrolled|0.52|0.63636363616|FRPL|FRPL
18400|North Kitsap School District|283|270|0.954063604|2020|PREP - Tier 2|2 Year / CTC|0.19|0.18127208476|FRPL|Not FRPL
18400|North Kitsap School District|283|270|0.954063604|2020|PREP - Tier 2|4 Year|0.43|0.41024734972|FRPL|Not FRPL
18400|North Kitsap School District|283|270|0.954063604|2020|PREP - Tier 2|Not Enrolled|0.38|0.40848056552|FRPL|Not FRPL
18400|North Kitsap School District|340|334.9|0.985|2019|PREP - Tier 2|2 Year / CTC|0.25|0.24625|FRPL|Not FRPL
18400|North Kitsap School District|340|334.9|0.985|2019|PREP - Tier 2|4 Year|0.39|0.38415|FRPL|Not FRPL
18400|North Kitsap School District|340|334.9|0.985|2019|PREP - Tier 2|Not Enrolled|0.35|0.35975|FRPL|Not FRPL
18400|North Kitsap School District|415|391.345|0.943|2018|PREP - Tier 2|2 Year / CTC|0.27|0.25461|FRPL|Not FRPL
18400|North Kitsap School District|415|391.345|0.943|2018|PREP - Tier 2|4 Year|0.4|0.3772|FRPL|Not FRPL
18400|North Kitsap School District|415|391.345|0.943|2018|PREP - Tier 2|Not Enrolled|0.33|0.36819|FRPL|Not FRPL
18400|North Kitsap School District|391|376.924|0.964|2017|PREP - Tier 2|2 Year / CTC|0.27|0.26028|FRPL|Not FRPL
18400|North Kitsap School District|391|376.924|0.964|2017|PREP - Tier 2|4 Year|0.45|0.4338|FRPL|Not FRPL
18400|North Kitsap School District|391|376.924|0.964|2017|PREP - Tier 2|Not Enrolled|0.28|0.30592|FRPL|Not FRPL
18400|North Kitsap School District|386|366.7|0.95|2016|PREP - Tier 2|2 Year / CTC|0.29|0.2755|FRPL|Not FRPL
18400|North Kitsap School District|386|366.7|0.95|2016|PREP - Tier 2|4 Year|0.37|0.3515|FRPL|Not FRPL
18400|North Kitsap School District|386|366.7|0.95|2016|PREP - Tier 2|Not Enrolled|0.34|0.373|FRPL|Not FRPL
18400|North Kitsap School District|309|292|0.944983819|2015|PREP - Tier 2|2 Year / CTC|0.3|0.2834951457|FRPL|Not FRPL
18400|North Kitsap School District|309|292|0.944983819|2015|PREP - Tier 2|4 Year|0.46|0.43469255674|FRPL|Not FRPL
18400|North Kitsap School District|309|292|0.944983819|2015|PREP - Tier 2|Not Enrolled|0.24|0.28181229756|FRPL|Not FRPL
18400|North Kitsap School District|294|274|0.931972789|2014|PREP - Tier 2|2 Year / CTC|0.28|0.26095238092|FRPL|Not FRPL
18400|North Kitsap School District|294|274|0.931972789|2014|PREP - Tier 2|4 Year|0.41|0.38210884349|FRPL|Not FRPL
18400|North Kitsap School District|294|274|0.931972789|2014|PREP - Tier 2|Not Enrolled|0.31|0.35693877559|FRPL|Not FRPL
18400|North Kitsap School District|16|13.6|0.85|2020|PREP - Tier 2|2 Year / CTC|0.34|0.289|Race/Ethnicity|American Indian or Alaska Native
18400|North Kitsap School District|16|13.6|0.85|2020|PREP - Tier 2|4 Year|0.16|0.136|Race/Ethnicity|American Indian or Alaska Native
18400|North Kitsap School District|16|13.6|0.85|2020|PREP - Tier 2|Not Enrolled|0.5|0.575|Race/Ethnicity|American Indian or Alaska Native
18400|North Kitsap School District|23|18.952|0.824|2019|PREP - Tier 2|2 Year / CTC|0.29|0.23896|Race/Ethnicity|American Indian or Alaska Native
18400|North Kitsap School District|23|18.952|0.824|2019|PREP - Tier 2|4 Year|0.15|0.1236|Race/Ethnicity|American Indian or Alaska Native
18400|North Kitsap School District|23|18.952|0.824|2019|PREP - Tier 2|Not Enrolled|0.56|0.63744|Race/Ethnicity|American Indian or Alaska Native
18400|North Kitsap School District|17|13.6|0.8|2018|PREP - Tier 2|2 Year / CTC|0.29|0.232|Race/Ethnicity|American Indian or Alaska Native
18400|North Kitsap School District|17|13.6|0.8|2018|PREP - Tier 2|4 Year|0.15|0.12|Race/Ethnicity|American Indian or Alaska Native
18400|North Kitsap School District|17|13.6|0.8|2018|PREP - Tier 2|Not Enrolled|0.56|0.648|Race/Ethnicity|American Indian or Alaska Native
18400|North Kitsap School District|18|14.994|0.833|2017|PREP - Tier 2|2 Year / CTC|0.345|0.287385|Race/Ethnicity|American Indian or Alaska Native
18400|North Kitsap School District|18|14.994|0.833|2017|PREP - Tier 2|4 Year|0.05|0.04165|Race/Ethnicity|American Indian or Alaska Native
18400|North Kitsap School District|18|14.994|0.833|2017|PREP - Tier 2|Not Enrolled|0.645|0.704285|Race/Ethnicity|American Indian or Alaska Native
18400|North Kitsap School District|22|18.326|0.833|2016|PREP - Tier 2|2 Year / CTC|0.445|0.370685|Race/Ethnicity|American Indian or Alaska Native
18400|North Kitsap School District|22|18.326|0.833|2016|PREP - Tier 2|4 Year|0.05|0.04165|Race/Ethnicity|American Indian or Alaska Native
18400|North Kitsap School District|22|18.326|0.833|2016|PREP - Tier 2|Not Enrolled|0.545|0.620985|Race/Ethnicity|American Indian or Alaska Native
18400|North Kitsap School District|19|10.26|0.54|2015|PREP - Tier 2|2 Year / CTC|0.345|0.1863|Race/Ethnicity|American Indian or Alaska Native
18400|North Kitsap School District|19|10.26|0.54|2015|PREP - Tier 2|4 Year|0.05|0.027|Race/Ethnicity|American Indian or Alaska Native
18400|North Kitsap School District|19|10.26|0.54|2015|PREP - Tier 2|Not Enrolled|0.545|0.7543|Race/Ethnicity|American Indian or Alaska Native
18400|North Kitsap School District|17|11|0.647058824|2014|PREP - Tier 2|2 Year / CTC|0.37|0.23941176488|Race/Ethnicity|American Indian or Alaska Native
18400|North Kitsap School District|17|11|0.647058824|2014|PREP - Tier 2|4 Year|0.075|0.0485294118|Race/Ethnicity|American Indian or Alaska Native
18400|North Kitsap School District|17|11|0.647058824|2014|PREP - Tier 2|Not Enrolled|0.57|0.72176470568|Race/Ethnicity|American Indian or Alaska Native
18400|North Kitsap School District|21|16.506|0.786|2020|PREP - Tier 2|2 Year / CTC|0.22|0.17292|Race/Ethnicity|Asian
18400|North Kitsap School District|21|16.506|0.786|2020|PREP - Tier 2|4 Year|0.41|0.32226|Race/Ethnicity|Asian
18400|North Kitsap School District|21|16.506|0.786|2020|PREP - Tier 2|Not Enrolled|0.38|0.51268|Race/Ethnicity|Asian
18400|North Kitsap School District|18|13.842|0.769|2019|PREP - Tier 2|2 Year / CTC|0.2|0.1538|Race/Ethnicity|Asian
18400|North Kitsap School District|18|13.842|0.769|2019|PREP - Tier 2|4 Year|0.44|0.33836|Race/Ethnicity|Asian
18400|North Kitsap School District|18|13.842|0.769|2019|PREP - Tier 2|Not Enrolled|0.37|0.51553|Race/Ethnicity|Asian
18400|North Kitsap School District|17|13.073|0.769|2018|PREP - Tier 2|2 Year / CTC|0.24|0.18456|Race/Ethnicity|Asian
18400|North Kitsap School District|17|13.073|0.769|2018|PREP - Tier 2|4 Year|0.39|0.29991|Race/Ethnicity|Asian
18400|North Kitsap School District|17|13.073|0.769|2018|PREP - Tier 2|Not Enrolled|0.37|0.51553|Race/Ethnicity|Asian
18400|North Kitsap School District|17|14.314|0.842|2017|PREP - Tier 2|2 Year / CTC|0.33|0.27786|Race/Ethnicity|Asian
18400|North Kitsap School District|17|14.314|0.842|2017|PREP - Tier 2|4 Year|0.39|0.32838|Race/Ethnicity|Asian
18400|North Kitsap School District|17|14.314|0.842|2017|PREP - Tier 2|Not Enrolled|0.28|0.39376|Race/Ethnicity|Asian
18400|North Kitsap School District|23|||2016|PREP - Tier 2|2 Year / CTC|0.41||Race/Ethnicity|Asian
18400|North Kitsap School District|23|||2016|PREP - Tier 2|4 Year|0.32||Race/Ethnicity|Asian
18400|North Kitsap School District|23|||2016|PREP - Tier 2|Not Enrolled|0.27||Race/Ethnicity|Asian
18400|North Kitsap School District|13|11.141|0.857|2015|PREP - Tier 2|2 Year / CTC|0.44|0.37708|Race/Ethnicity|Asian
18400|North Kitsap School District|13|11.141|0.857|2015|PREP - Tier 2|4 Year|0.32|0.27424|Race/Ethnicity|Asian
18400|North Kitsap School District|13|11.141|0.857|2015|PREP - Tier 2|Not Enrolled|0.24|0.34868|Race/Ethnicity|Asian
18400|North Kitsap School District|23|17.687|0.769|2014|PREP - Tier 2|2 Year / CTC|0.39|0.29991|Race/Ethnicity|Asian
18400|North Kitsap School District|23|17.687|0.769|2014|PREP - Tier 2|4 Year|0.29|0.22301|Race/Ethnicity|Asian
18400|North Kitsap School District|23|17.687|0.769|2014|PREP - Tier 2|Not Enrolled|0.32|0.47708|Race/Ethnicity|Asian
18400|North Kitsap School District|45|41|0.911111111|2020|PREP - Tier 2|2 Year / CTC|0.38|0.34622222218|Race/Ethnicity|Hispanic or Latino of any race(s)
18400|North Kitsap School District|45|41|0.911111111|2020|PREP - Tier 2|4 Year|0.27|0.24599999997|Race/Ethnicity|Hispanic or Latino of any race(s)
18400|North Kitsap School District|45|41|0.911111111|2020|PREP - Tier 2|Not Enrolled|0.34|0.39866666674|Race/Ethnicity|Hispanic or Latino of any race(s)
18400|North Kitsap School District|53|48|0.905660377|2019|PREP - Tier 2|2 Year / CTC|0.39|0.35320754703|Race/Ethnicity|Hispanic or Latino of any race(s)
18400|North Kitsap School District|53|48|0.905660377|2019|PREP - Tier 2|4 Year|0.26|0.23547169802|Race/Ethnicity|Hispanic or Latino of any race(s)
18400|North Kitsap School District|53|48|0.905660377|2019|PREP - Tier 2|Not Enrolled|0.35|0.41132075495|Race/Ethnicity|Hispanic or Latino of any race(s)
18400|North Kitsap School District|47|43|0.914893617|2018|PREP - Tier 2|2 Year / CTC|0.34|0.31106382978|Race/Ethnicity|Hispanic or Latino of any race(s)
18400|North Kitsap School District|47|43|0.914893617|2018|PREP - Tier 2|4 Year|0.26|0.23787234042|Race/Ethnicity|Hispanic or Latino of any race(s)
18400|North Kitsap School District|47|43|0.914893617|2018|PREP - Tier 2|Not Enrolled|0.39|0.44191489363|Race/Ethnicity|Hispanic or Latino of any race(s)
18400|North Kitsap School District|55|50|0.909090909|2017|PREP - Tier 2|2 Year / CTC|0.35|0.31818181815|Race/Ethnicity|Hispanic or Latino of any race(s)
18400|North Kitsap School District|55|50|0.909090909|2017|PREP - Tier 2|4 Year|0.24|0.21818181816|Race/Ethnicity|Hispanic or Latino of any race(s)
18400|North Kitsap School District|55|50|0.909090909|2017|PREP - Tier 2|Not Enrolled|0.41|0.46363636369|Race/Ethnicity|Hispanic or Latino of any race(s)
18400|North Kitsap School District|53|49|0.924528302|2016|PREP - Tier 2|2 Year / CTC|0.39|0.36056603778|Race/Ethnicity|Hispanic or Latino of any race(s)
18400|North Kitsap School District|53|49|0.924528302|2016|PREP - Tier 2|4 Year|0.23|0.21264150946|Race/Ethnicity|Hispanic or Latino of any race(s)
18400|North Kitsap School District|53|49|0.924528302|2016|PREP - Tier 2|Not Enrolled|0.38|0.42679245276|Race/Ethnicity|Hispanic or Latino of any race(s)
18400|North Kitsap School District|51|44|0.862745098|2015|PREP - Tier 2|2 Year / CTC|0.43|0.37098039214|Race/Ethnicity|Hispanic or Latino of any race(s)
18400|North Kitsap School District|51|44|0.862745098|2015|PREP - Tier 2|4 Year|0.24|0.20705882352|Race/Ethnicity|Hispanic or Latino of any race(s)
18400|North Kitsap School District|51|44|0.862745098|2015|PREP - Tier 2|Not Enrolled|0.33|0.42196078434|Race/Ethnicity|Hispanic or Latino of any race(s)
18400|North Kitsap School District|37|34|0.918918919|2014|PREP - Tier 2|2 Year / CTC|0.44|0.40432432436|Race/Ethnicity|Hispanic or Latino of any race(s)
18400|North Kitsap School District|37|34|0.918918919|2014|PREP - Tier 2|4 Year|0.26|0.23891891894|Race/Ethnicity|Hispanic or Latino of any race(s)
18400|North Kitsap School District|37|34|0.918918919|2014|PREP - Tier 2|Not Enrolled|0.3|0.3567567567|Race/Ethnicity|Hispanic or Latino of any race(s)
18400|North Kitsap School District|50|46.9|0.938|2020|PREP - Tier 2|2 Year / CTC|0.23|0.21574|Race/Ethnicity|Two or More Races
18400|North Kitsap School District|50|46.9|0.938|2020|PREP - Tier 2|4 Year|0.34|0.31892|Race/Ethnicity|Two or More Races
18400|North Kitsap School District|50|46.9|0.938|2020|PREP - Tier 2|Not Enrolled|0.44|0.47472|Race/Ethnicity|Two or More Races
18400|North Kitsap School District|49|46.305|0.945|2019|PREP - Tier 2|2 Year / CTC|0.25|0.23625|Race/Ethnicity|Two or More Races
18400|North Kitsap School District|49|46.305|0.945|2019|PREP - Tier 2|4 Year|0.33|0.31185|Race/Ethnicity|Two or More Races
18400|North Kitsap School District|49|46.305|0.945|2019|PREP - Tier 2|Not Enrolled|0.42|0.4519|Race/Ethnicity|Two or More Races
18400|North Kitsap School District|58|53.65|0.925|2018|PREP - Tier 2|2 Year / CTC|0.27|0.24975|Race/Ethnicity|Two or More Races
18400|North Kitsap School District|58|53.65|0.925|2018|PREP - Tier 2|4 Year|0.29|0.26825|Race/Ethnicity|Two or More Races
18400|North Kitsap School District|58|53.65|0.925|2018|PREP - Tier 2|Not Enrolled|0.44|0.482|Race/Ethnicity|Two or More Races
18400|North Kitsap School District|42|39.186|0.933|2017|PREP - Tier 2|2 Year / CTC|0.31|0.28923|Race/Ethnicity|Two or More Races
18400|North Kitsap School District|42|39.186|0.933|2017|PREP - Tier 2|4 Year|0.31|0.28923|Race/Ethnicity|Two or More Races
18400|North Kitsap School District|42|39.186|0.933|2017|PREP - Tier 2|Not Enrolled|0.39|0.43087|Race/Ethnicity|Two or More Races
18400|North Kitsap School District|51|46.359|0.909|2016|PREP - Tier 2|2 Year / CTC|0.31|0.28179|Race/Ethnicity|Two or More Races
18400|North Kitsap School District|51|46.359|0.909|2016|PREP - Tier 2|4 Year|0.29|0.26361|Race/Ethnicity|Two or More Races
18400|North Kitsap School District|51|46.359|0.909|2016|PREP - Tier 2|Not Enrolled|0.41|0.46369|Race/Ethnicity|Two or More Races
18400|North Kitsap School District|41|38.212|0.932|2015|PREP - Tier 2|2 Year / CTC|0.36|0.33552|Race/Ethnicity|Two or More Races
18400|North Kitsap School District|41|38.212|0.932|2015|PREP - Tier 2|4 Year|0.26|0.24232|Race/Ethnicity|Two or More Races
18400|North Kitsap School District|41|38.212|0.932|2015|PREP - Tier 2|Not Enrolled|0.38|0.42216|Race/Ethnicity|Two or More Races
18400|North Kitsap School District|48|40|0.833333333|2014|PREP - Tier 2|2 Year / CTC|0.39|0.32499999987|Race/Ethnicity|Two or More Races
18400|North Kitsap School District|48|40|0.833333333|2014|PREP - Tier 2|4 Year|0.27|0.22499999991|Race/Ethnicity|Two or More Races
18400|North Kitsap School District|48|40|0.833333333|2014|PREP - Tier 2|Not Enrolled|0.34|0.45000000022|Race/Ethnicity|Two or More Races
18400|North Kitsap School District|302|272|0.900662252|2020|PREP - Tier 2|2 Year / CTC|0.23|0.20715231796|Race/Ethnicity|White
18400|North Kitsap School District|302|272|0.900662252|2020|PREP - Tier 2|4 Year|0.38|0.34225165576|Race/Ethnicity|White
18400|North Kitsap School District|302|272|0.900662252|2020|PREP - Tier 2|Not Enrolled|0.4|0.4596026488|Race/Ethnicity|White
18400|North Kitsap School District|356|340|0.95505618|2019|PREP - Tier 2|2 Year / CTC|0.25|0.238764045|Race/Ethnicity|White
18400|North Kitsap School District|356|340|0.95505618|2019|PREP - Tier 2|4 Year|0.39|0.3724719102|Race/Ethnicity|White
18400|North Kitsap School District|356|340|0.95505618|2019|PREP - Tier 2|Not Enrolled|0.36|0.3887640448|Race/Ethnicity|White
18400|North Kitsap School District|322|292|0.906832298|2018|PREP - Tier 2|2 Year / CTC|0.27|0.24484472046|Race/Ethnicity|White
18400|North Kitsap School District|322|292|0.906832298|2018|PREP - Tier 2|4 Year|0.4|0.3627329192|Race/Ethnicity|White
18400|North Kitsap School District|322|292|0.906832298|2018|PREP - Tier 2|Not Enrolled|0.34|0.40149068332|Race/Ethnicity|White
18400|North Kitsap School District|326|298|0.914110429|2017|PREP - Tier 2|2 Year / CTC|0.27|0.24680981583|Race/Ethnicity|White
18400|North Kitsap School District|326|298|0.914110429|2017|PREP - Tier 2|4 Year|0.42|0.38392638018|Race/Ethnicity|White
18400|North Kitsap School District|326|298|0.914110429|2017|PREP - Tier 2|Not Enrolled|0.31|0.36926380399|Race/Ethnicity|White
18400|North Kitsap School District|350|312|0.891428571|2016|PREP - Tier 2|2 Year / CTC|0.26|0.23177142846|Race/Ethnicity|White
18400|North Kitsap School District|350|312|0.891428571|2016|PREP - Tier 2|4 Year|0.41|0.36548571411|Race/Ethnicity|White
18400|North Kitsap School District|350|312|0.891428571|2016|PREP - Tier 2|Not Enrolled|0.33|0.40274285743|Race/Ethnicity|White
18400|North Kitsap School District|346|314|0.907514451|2015|PREP - Tier 2|2 Year / CTC|0.26|0.23595375726|Race/Ethnicity|White
18400|North Kitsap School District|346|314|0.907514451|2015|PREP - Tier 2|4 Year|0.42|0.38115606942|Race/Ethnicity|White
18400|North Kitsap School District|346|314|0.907514451|2015|PREP - Tier 2|Not Enrolled|0.32|0.38289017332|Race/Ethnicity|White
18400|North Kitsap School District|372|322|0.865591398|2014|PREP - Tier 2|2 Year / CTC|0.27|0.23370967746|Race/Ethnicity|White
18400|North Kitsap School District|372|322|0.865591398|2014|PREP - Tier 2|4 Year|0.38|0.32892473124|Race/Ethnicity|White
18400|North Kitsap School District|372|322|0.865591398|2014|PREP - Tier 2|Not Enrolled|0.35|0.4373655913|Race/Ethnicity|White
23403|North Mason School District|199|168.553|0.847|2020|PREP - Tier 1|2 Year / CTC|0.26|0.22022|Section 504|Not Section 504
23403|North Mason School District|199|168.553|0.847|2020|PREP - Tier 1|4 Year|0.17|0.14399|Section 504|Not Section 504
23403|North Mason School District|199|168.553|0.847|2020|PREP - Tier 1|Not Enrolled|0.57|0.63579|Section 504|Not Section 504
23403|North Mason School District|186|157|0.844086022|2019|PREP - Tier 1|2 Year / CTC|0.27|0.22790322594|Section 504|Not Section 504
23403|North Mason School District|186|157|0.844086022|2019|PREP - Tier 1|4 Year|0.16|0.13505376352|Section 504|Not Section 504
23403|North Mason School District|186|157|0.844086022|2019|PREP - Tier 1|Not Enrolled|0.57|0.63704301054|Section 504|Not Section 504
23403|North Mason School District|206|172.216|0.836|2018|PREP - Tier 1|2 Year / CTC|0.27|0.22572|Section 504|Not Section 504
23403|North Mason School District|206|172.216|0.836|2018|PREP - Tier 1|4 Year|0.17|0.14212|Section 504|Not Section 504
23403|North Mason School District|206|172.216|0.836|2018|PREP - Tier 1|Not Enrolled|0.56|0.63216|Section 504|Not Section 504
23403|North Mason School District|206|158.002|0.767|2017|PREP - Tier 1|2 Year / CTC|0.26|0.19942|Section 504|Not Section 504
23403|North Mason School District|206|158.002|0.767|2017|PREP - Tier 1|4 Year|0.19|0.14573|Section 504|Not Section 504
23403|North Mason School District|206|158.002|0.767|2017|PREP - Tier 1|Not Enrolled|0.55|0.65485|Section 504|Not Section 504
23403|North Mason School District|204|164.832|0.808|2016|PREP - Tier 1|2 Year / CTC|0.28|0.22624|Section 504|Not Section 504
23403|North Mason School District|204|164.832|0.808|2016|PREP - Tier 1|4 Year|0.18|0.14544|Section 504|Not Section 504
23403|North Mason School District|204|164.832|0.808|2016|PREP - Tier 1|Not Enrolled|0.54|0.62832|Section 504|Not Section 504
23403|North Mason School District|205|155|0.756097561|2015|PREP - Tier 1|2 Year / CTC|0.27|0.20414634147|Section 504|Not Section 504
23403|North Mason School District|205|155|0.756097561|2015|PREP - Tier 1|4 Year|0.19|0.14365853659|Section 504|Not Section 504
23403|North Mason School District|205|155|0.756097561|2015|PREP - Tier 1|Not Enrolled|0.54|0.65219512194|Section 504|Not Section 504
23403|North Mason School District|221|172.601|0.781|2014|PREP - Tier 1|2 Year / CTC|0.3|0.2343|Section 504|Not Section 504
23403|North Mason School District|221|172.601|0.781|2014|PREP - Tier 1|4 Year|0.16|0.12496|Section 504|Not Section 504
23403|North Mason School District|221|172.601|0.781|2014|PREP - Tier 1|Not Enrolled|0.53|0.63293|Section 504|Not Section 504
23403|North Mason School District|16|12.8|0.8|2020|PREP - Tier 1|2 Year / CTC|0.26|0.208|Section 504|Section 504
23403|North Mason School District|16|12.8|0.8|2020|PREP - Tier 1|4 Year|0.15|0.12|Section 504|Section 504
23403|North Mason School District|16|12.8|0.8|2020|PREP - Tier 1|Not Enrolled|0.59|0.672|Section 504|Section 504
23403|North Mason School District|14|10.178|0.727|2019|PREP - Tier 1|2 Year / CTC|0.345|0.250815|Section 504|Section 504
23403|North Mason School District|14|10.178|0.727|2019|PREP - Tier 1|4 Year|0.05|0.03635|Section 504|Section 504
23403|North Mason School District|14|10.178|0.727|2019|PREP - Tier 1|Not Enrolled|0.545|0.669215|Section 504|Section 504
23403|North Mason School District|12|9.6|0.8|2018|PREP - Tier 1|2 Year / CTC|0.34|0.272|Section 504|Section 504
23403|North Mason School District|12|9.6|0.8|2018|PREP - Tier 1|4 Year|0.14|0.112|Section 504|Section 504
23403|North Mason School District|12|9.6|0.8|2018|PREP - Tier 1|Not Enrolled|0.52|0.616|Section 504|Section 504
23403|North Mason School District|13|||2017|PREP - Tier 1|2 Year / CTC|0.29||Section 504|Section 504
23403|North Mason School District|13|||2017|PREP - Tier 1|4 Year|0.14||Section 504|Section 504
23403|North Mason School District|13|||2017|PREP - Tier 1|Not Enrolled|0.57||Section 504|Section 504
23403|North Mason School District|10|7.5|0.75|2016|PREP - Tier 1|2 Year / CTC|0.25|0.1875|Section 504|Section 504
23403|North Mason School District|10|7.5|0.75|2016|PREP - Tier 1|4 Year|0.18|0.135|Section 504|Section 504
23403|North Mason School District|10|7.5|0.75|2016|PREP - Tier 1|Not Enrolled|0.57|0.6775|Section 504|Section 504
23403|North Mason School District|16|12|0.75|2015|PREP - Tier 1|2 Year / CTC|0.245|0.18375|Section 504|Section 504
23403|North Mason School District|16|12|0.75|2015|PREP - Tier 1|4 Year|0.15|0.1125|Section 504|Section 504
23403|North Mason School District|16|12|0.75|2015|PREP - Tier 1|Not Enrolled|0.545|0.65875|Section 504|Section 504
23403|North Mason School District|12|||2014|PREP - Tier 1|2 Year / CTC|0.345||Section 504|Section 504
23403|North Mason School District|12|||2014|PREP - Tier 1|4 Year|0.15||Section 504|Section 504
23403|North Mason School District|12|||2014|PREP - Tier 1|Not Enrolled|0.545||Section 504|Section 504
23403|North Mason School District|201|169|0.84079602|2020|PREP - Tier 1|2 Year / CTC|0.22|0.1849751244|All Students|All
23403|North Mason School District|201|169|0.84079602|2020|PREP - Tier 1|4 Year|0.19|0.1597512438|All Students|All
23403|North Mason School District|201|169|0.84079602|2020|PREP - Tier 1|Not Enrolled|0.59|0.6552736318|All Students|All
23403|North Mason School District|214|181.472|0.848|2019|PREP - Tier 1|2 Year / CTC|0.28|0.23744|All Students|All
23403|North Mason School District|214|181.472|0.848|2019|PREP - Tier 1|4 Year|0.15|0.1272|All Students|All
23403|North Mason School District|214|181.472|0.848|2019|PREP - Tier 1|Not Enrolled|0.57|0.63536|All Students|All
23403|North Mason School District|209|174|0.832535885|2018|PREP - Tier 1|2 Year / CTC|0.29|0.24143540665|All Students|All
23403|North Mason School District|209|174|0.832535885|2018|PREP - Tier 1|4 Year|0.15|0.12488038275|All Students|All
23403|North Mason School District|209|174|0.832535885|2018|PREP - Tier 1|Not Enrolled|0.56|0.6336842106|All Students|All
23403|North Mason School District|198|154|0.777777778|2017|PREP - Tier 1|2 Year / CTC|0.25|0.1944444445|All Students|All
23403|North Mason School District|198|154|0.777777778|2017|PREP - Tier 1|4 Year|0.17|0.13222222226|All Students|All
23403|North Mason School District|198|154|0.777777778|2017|PREP - Tier 1|Not Enrolled|0.58|0.67333333324|All Students|All
23403|North Mason School District|189|153|0.80952381|2016|PREP - Tier 1|2 Year / CTC|0.28|0.2266666668|All Students|All
23403|North Mason School District|189|153|0.80952381|2016|PREP - Tier 1|4 Year|0.17|0.1376190477|All Students|All
23403|North Mason School District|189|153|0.80952381|2016|PREP - Tier 1|Not Enrolled|0.54|0.6276190474|All Students|All
23403|North Mason School District|212|160.272|0.756|2015|PREP - Tier 1|2 Year / CTC|0.25|0.189|All Students|All
23403|North Mason School District|212|160.272|0.756|2015|PREP - Tier 1|4 Year|0.22|0.16632|All Students|All
23403|North Mason School District|212|160.272|0.756|2015|PREP - Tier 1|Not Enrolled|0.53|0.64468|All Students|All
23403|North Mason School District|233|183.138|0.786|2014|PREP - Tier 1|2 Year / CTC|0.29|0.22794|All Students|All
23403|North Mason School District|233|183.138|0.786|2014|PREP - Tier 1|4 Year|0.16|0.12576|All Students|All
23403|North Mason School District|233|183.138|0.786|2014|PREP - Tier 1|Not Enrolled|0.55|0.6463|All Students|All
23403|North Mason School District|90|82.8|0.92|2020|PREP - Tier 1|2 Year / CTC|0.29|0.2668|Gender|Female
23403|North Mason School District|90|82.8|0.92|2020|PREP - Tier 1|4 Year|0.21|0.1932|Gender|Female
23403|North Mason School District|90|82.8|0.92|2020|PREP - Tier 1|Not Enrolled|0.5|0.54|Gender|Female
23403|North Mason School District|97|82.45|0.85|2019|PREP - Tier 1|2 Year / CTC|0.29|0.2465|Gender|Female
23403|North Mason School District|97|82.45|0.85|2019|PREP - Tier 1|4 Year|0.21|0.1785|Gender|Female
23403|North Mason School District|97|82.45|0.85|2019|PREP - Tier 1|Not Enrolled|0.5|0.575|Gender|Female
23403|North Mason School District|92|80.96|0.88|2018|PREP - Tier 1|2 Year / CTC|0.27|0.2376|Gender|Female
23403|North Mason School District|92|80.96|0.88|2018|PREP - Tier 1|4 Year|0.23|0.2024|Gender|Female
23403|North Mason School District|92|80.96|0.88|2018|PREP - Tier 1|Not Enrolled|0.5|0.56|Gender|Female
23403|North Mason School District|92|74.52|0.81|2017|PREP - Tier 1|2 Year / CTC|0.26|0.2106|Gender|Female
23403|North Mason School District|92|74.52|0.81|2017|PREP - Tier 1|4 Year|0.26|0.2106|Gender|Female
23403|North Mason School District|92|74.52|0.81|2017|PREP - Tier 1|Not Enrolled|0.48|0.5788|Gender|Female
23403|North Mason School District|96|79|0.822916667|2016|PREP - Tier 1|2 Year / CTC|0.29|0.23864583343|Gender|Female
23403|North Mason School District|96|79|0.822916667|2016|PREP - Tier 1|4 Year|0.24|0.19750000008|Gender|Female
23403|North Mason School District|96|79|0.822916667|2016|PREP - Tier 1|Not Enrolled|0.48|0.57208333316|Gender|Female
23403|North Mason School District|113|91|0.805309735|2015|PREP - Tier 1|2 Year / CTC|0.3|0.2415929205|Gender|Female
23403|North Mason School District|113|91|0.805309735|2015|PREP - Tier 1|4 Year|0.24|0.1932743364|Gender|Female
23403|North Mason School District|113|91|0.805309735|2015|PREP - Tier 1|Not Enrolled|0.46|0.5651327431|Gender|Female
23403|North Mason School District|117|95.94|0.82|2014|PREP - Tier 1|2 Year / CTC|0.35|0.287|Gender|Female
23403|North Mason School District|117|95.94|0.82|2014|PREP - Tier 1|4 Year|0.21|0.1722|Gender|Female
23403|North Mason School District|117|95.94|0.82|2014|PREP - Tier 1|Not Enrolled|0.44|0.5408|Gender|Female
23403|North Mason School District|124|95.356|0.769|2020|PREP - Tier 1|2 Year / CTC|0.24|0.18456|Gender|Male
23403|North Mason School District|124|95.356|0.769|2020|PREP - Tier 1|4 Year|0.12|0.09228|Gender|Male
23403|North Mason School District|124|95.356|0.769|2020|PREP - Tier 1|Not Enrolled|0.64|0.72316|Gender|Male
23403|North Mason School District|104|88|0.846153846|2019|PREP - Tier 1|2 Year / CTC|0.26|0.21999999996|Gender|Male
23403|North Mason School District|104|88|0.846153846|2019|PREP - Tier 1|4 Year|0.11|0.09307692306|Gender|Male
23403|North Mason School District|104|88|0.846153846|2019|PREP - Tier 1|Not Enrolled|0.64|0.69538461544|Gender|Male
23403|North Mason School District|126|101.052|0.802|2018|PREP - Tier 1|2 Year / CTC|0.27|0.21654|Gender|Male
23403|North Mason School District|126|101.052|0.802|2018|PREP - Tier 1|4 Year|0.1|0.0802|Gender|Male
23403|North Mason School District|126|101.052|0.802|2018|PREP - Tier 1|Not Enrolled|0.62|0.69524|Gender|Male
23403|North Mason School District|127|94.996|0.748|2017|PREP - Tier 1|2 Year / CTC|0.26|0.19448|Gender|Male
23403|North Mason School District|127|94.996|0.748|2017|PREP - Tier 1|4 Year|0.11|0.08228|Gender|Male
23403|North Mason School District|127|94.996|0.748|2017|PREP - Tier 1|Not Enrolled|0.63|0.72324|Gender|Male
23403|North Mason School District|93|74|0.795698925|2016|PREP - Tier 1|2 Year / CTC|0.26|0.2068817205|Gender|Male
23403|North Mason School District|93|74|0.795698925|2016|PREP - Tier 1|4 Year|0.13|0.10344086025|Gender|Male
23403|North Mason School District|93|74|0.795698925|2016|PREP - Tier 1|Not Enrolled|0.6|0.68172043|Gender|Male
23403|North Mason School District|110|77.44|0.704|2015|PREP - Tier 1|2 Year / CTC|0.24|0.16896|Gender|Male
23403|North Mason School District|110|77.44|0.704|2015|PREP - Tier 1|4 Year|0.13|0.09152|Gender|Male
23403|North Mason School District|110|77.44|0.704|2015|PREP - Tier 1|Not Enrolled|0.63|0.73952|Gender|Male
23403|North Mason School District|108|82|0.759259259|2014|PREP - Tier 1|2 Year / CTC|0.25|0.18981481475|Gender|Male
23403|North Mason School District|108|82|0.759259259|2014|PREP - Tier 1|4 Year|0.12|0.09111111108|Gender|Male
23403|North Mason School District|108|82|0.759259259|2014|PREP - Tier 1|Not Enrolled|0.63|0.71907407417|Gender|Male
23403|North Mason School District|116|88|0.75862069|2020|PREP - Tier 1|2 Year / CTC|0.2|0.151724138|FRPL|FRPL
23403|North Mason School District|116|88|0.75862069|2020|PREP - Tier 1|4 Year|0.12|0.0910344828|FRPL|FRPL
23403|North Mason School District|116|88|0.75862069|2020|PREP - Tier 1|Not Enrolled|0.68|0.7572413792|FRPL|FRPL
23403|North Mason School District|99|78|0.787878788|2019|PREP - Tier 1|2 Year / CTC|0.22|0.17333333336|FRPL|FRPL
23403|North Mason School District|99|78|0.787878788|2019|PREP - Tier 1|4 Year|0.11|0.08666666668|FRPL|FRPL
23403|North Mason School District|99|78|0.787878788|2019|PREP - Tier 1|Not Enrolled|0.67|0.73999999996|FRPL|FRPL
23403|North Mason School District|101|75.144|0.744|2018|PREP - Tier 1|2 Year / CTC|0.21|0.15624|FRPL|FRPL
23403|North Mason School District|101|75.144|0.744|2018|PREP - Tier 1|4 Year|0.12|0.08928|FRPL|FRPL
23403|North Mason School District|101|75.144|0.744|2018|PREP - Tier 1|Not Enrolled|0.66|0.74704|FRPL|FRPL
23403|North Mason School District|108|74.952|0.694|2017|PREP - Tier 1|2 Year / CTC|0.22|0.15268|FRPL|FRPL
23403|North Mason School District|108|74.952|0.694|2017|PREP - Tier 1|4 Year|0.13|0.09022|FRPL|FRPL
23403|North Mason School District|108|74.952|0.694|2017|PREP - Tier 1|Not Enrolled|0.65|0.7571|FRPL|FRPL
23403|North Mason School District|107|74.686|0.698|2016|PREP - Tier 1|2 Year / CTC|0.26|0.18148|FRPL|FRPL
23403|North Mason School District|107|74.686|0.698|2016|PREP - Tier 1|4 Year|0.11|0.07678|FRPL|FRPL
23403|North Mason School District|107|74.686|0.698|2016|PREP - Tier 1|Not Enrolled|0.64|0.74872|FRPL|FRPL
23403|North Mason School District|119|76|0.638655462|2015|PREP - Tier 1|2 Year / CTC|0.25|0.1596638655|FRPL|FRPL
23403|North Mason School District|119|76|0.638655462|2015|PREP - Tier 1|4 Year|0.12|0.07663865544|FRPL|FRPL
23403|North Mason School District|119|76|0.638655462|2015|PREP - Tier 1|Not Enrolled|0.64|0.77008403368|FRPL|FRPL
23403|North Mason School District|110|80|0.727272727|2014|PREP - Tier 1|2 Year / CTC|0.27|0.19636363629|FRPL|FRPL
23403|North Mason School District|110|80|0.727272727|2014|PREP - Tier 1|4 Year|0.1|0.0727272727|FRPL|FRPL
23403|North Mason School District|110|80|0.727272727|2014|PREP - Tier 1|Not Enrolled|0.63|0.73090909101|FRPL|FRPL
23403|North Mason School District|101|95.95|0.95|2020|PREP - Tier 1|2 Year / CTC|0.31|0.2945|FRPL|Not FRPL
23403|North Mason School District|101|95.95|0.95|2020|PREP - Tier 1|4 Year|0.19|0.1805|FRPL|Not FRPL
23403|North Mason School District|101|95.95|0.95|2020|PREP - Tier 1|Not Enrolled|0.5|0.525|FRPL|Not FRPL
23403|North Mason School District|109|99.19|0.91|2019|PREP - Tier 1|2 Year / CTC|0.31|0.2821|FRPL|Not FRPL
23403|North Mason School District|109|99.19|0.91|2019|PREP - Tier 1|4 Year|0.19|0.1729|FRPL|Not FRPL
23403|North Mason School District|109|99.19|0.91|2019|PREP - Tier 1|Not Enrolled|0.5|0.545|FRPL|Not FRPL
23403|North Mason School District|117|112.32|0.96|2018|PREP - Tier 1|2 Year / CTC|0.31|0.2976|FRPL|Not FRPL
23403|North Mason School District|117|112.32|0.96|2018|PREP - Tier 1|4 Year|0.19|0.1824|FRPL|Not FRPL
23403|North Mason School District|117|112.32|0.96|2018|PREP - Tier 1|Not Enrolled|0.49|0.5104|FRPL|Not FRPL
23403|North Mason School District|111|98.79|0.89|2017|PREP - Tier 1|2 Year / CTC|0.29|0.2581|FRPL|Not FRPL
23403|North Mason School District|111|98.79|0.89|2017|PREP - Tier 1|4 Year|0.23|0.2047|FRPL|Not FRPL
23403|North Mason School District|111|98.79|0.89|2017|PREP - Tier 1|Not Enrolled|0.48|0.5372|FRPL|Not FRPL
23403|North Mason School District|107|101.65|0.95|2016|PREP - Tier 1|2 Year / CTC|0.29|0.2755|FRPL|Not FRPL
23403|North Mason School District|107|101.65|0.95|2016|PREP - Tier 1|4 Year|0.24|0.228|FRPL|Not FRPL
23403|North Mason School District|107|101.65|0.95|2016|PREP - Tier 1|Not Enrolled|0.47|0.4965|FRPL|Not FRPL
23403|North Mason School District|113|100.796|0.892|2015|PREP - Tier 1|2 Year / CTC|0.29|0.25868|FRPL|Not FRPL
23403|North Mason School District|113|100.796|0.892|2015|PREP - Tier 1|4 Year|0.23|0.20516|FRPL|Not FRPL
23403|North Mason School District|113|100.796|0.892|2015|PREP - Tier 1|Not Enrolled|0.48|0.53616|FRPL|Not FRPL
23403|North Mason School District|122|104.92|0.86|2014|PREP - Tier 1|2 Year / CTC|0.32|0.2752|FRPL|Not FRPL
23403|North Mason School District|122|104.92|0.86|2014|PREP - Tier 1|4 Year|0.21|0.1806|FRPL|Not FRPL
23403|North Mason School District|122|104.92|0.86|2014|PREP - Tier 1|Not Enrolled|0.47|0.5442|FRPL|Not FRPL
23403|North Mason School District|34|20|0.588235294|2020|PREP - Tier 1|2 Year / CTC|0.32|0.18823529408|Race/Ethnicity|Hispanic or Latino of any race(s)
23403|North Mason School District|34|20|0.588235294|2020|PREP - Tier 1|4 Year|0.12|0.07058823528|Race/Ethnicity|Hispanic or Latino of any race(s)
23403|North Mason School District|34|20|0.588235294|2020|PREP - Tier 1|Not Enrolled|0.56|0.74117647064|Race/Ethnicity|Hispanic or Latino of any race(s)
23403|North Mason School District|35|26.25|0.75|2019|PREP - Tier 1|2 Year / CTC|0.28|0.21|Race/Ethnicity|Hispanic or Latino of any race(s)
23403|North Mason School District|35|26.25|0.75|2019|PREP - Tier 1|4 Year|0.13|0.0975|Race/Ethnicity|Hispanic or Latino of any race(s)
23403|North Mason School District|35|26.25|0.75|2019|PREP - Tier 1|Not Enrolled|0.58|0.685|Race/Ethnicity|Hispanic or Latino of any race(s)
23403|North Mason School District|19|14|0.736842105|2018|PREP - Tier 1|2 Year / CTC|0.17|0.12526315785|Race/Ethnicity|Hispanic or Latino of any race(s)
23403|North Mason School District|19|14|0.736842105|2018|PREP - Tier 1|4 Year|0.075|0.055263157875|Race/Ethnicity|Hispanic or Latino of any race(s)
23403|North Mason School District|19|14|0.736842105|2018|PREP - Tier 1|Not Enrolled|0.72|0.7936842106|Race/Ethnicity|Hispanic or Latino of any race(s)
23403|North Mason School District|22|9|0.409090909|2017|PREP - Tier 1|2 Year / CTC|0.22|0.08999999998|Race/Ethnicity|Hispanic or Latino of any race(s)
23403|North Mason School District|22|9|0.409090909|2017|PREP - Tier 1|4 Year|0.11|0.04499999999|Race/Ethnicity|Hispanic or Latino of any race(s)
23403|North Mason School District|22|9|0.409090909|2017|PREP - Tier 1|Not Enrolled|0.68|0.86909090912|Race/Ethnicity|Hispanic or Latino of any race(s)
23403|North Mason School District|21|14|0.666666667|2016|PREP - Tier 1|2 Year / CTC|0.25|0.16666666675|Race/Ethnicity|Hispanic or Latino of any race(s)
23403|North Mason School District|21|14|0.666666667|2016|PREP - Tier 1|4 Year|0.11|0.07333333337|Race/Ethnicity|Hispanic or Latino of any race(s)
23403|North Mason School District|21|14|0.666666667|2016|PREP - Tier 1|Not Enrolled|0.64|0.75999999988|Race/Ethnicity|Hispanic or Latino of any race(s)
23403|North Mason School District|27|11|0.407407407|2015|PREP - Tier 1|2 Year / CTC|0.25|0.10185185175|Race/Ethnicity|Hispanic or Latino of any race(s)
23403|North Mason School District|27|11|0.407407407|2015|PREP - Tier 1|4 Year|0.11|0.04481481477|Race/Ethnicity|Hispanic or Latino of any race(s)
23403|North Mason School District|27|11|0.407407407|2015|PREP - Tier 1|Not Enrolled|0.64|0.85333333348|Race/Ethnicity|Hispanic or Latino of any race(s)
23403|North Mason School District|18|12|0.666666667|2014|PREP - Tier 1|2 Year / CTC|0.33|0.22000000011|Race/Ethnicity|Hispanic or Latino of any race(s)
23403|North Mason School District|18|12|0.666666667|2014|PREP - Tier 1|4 Year|0.1|0.0666666667|Race/Ethnicity|Hispanic or Latino of any race(s)
23403|North Mason School District|18|12|0.666666667|2014|PREP - Tier 1|Not Enrolled|0.57|0.71333333319|Race/Ethnicity|Hispanic or Latino of any race(s)
23403|North Mason School District|14|||2020|PREP - Tier 1|2 Year / CTC|0.345||Race/Ethnicity|Two or More Races
23403|North Mason School District|14|||2020|PREP - Tier 1|4 Year|0.05||Race/Ethnicity|Two or More Races
23403|North Mason School District|14|||2020|PREP - Tier 1|Not Enrolled|0.545||Race/Ethnicity|Two or More Races
23403|North Mason School District|9|||2019|PREP - Tier 1|2 Year / CTC|0.345||Race/Ethnicity|Two or More Races
23403|North Mason School District|9|||2019|PREP - Tier 1|4 Year|0.05||Race/Ethnicity|Two or More Races
23403|North Mason School District|9|||2019|PREP - Tier 1|Not Enrolled|0.645||Race/Ethnicity|Two or More Races
23403|North Mason School District|2|1.538|0.769|2018|PREP - Tier 1|2 Year / CTC|0.33|0.25377|Race/Ethnicity|Two or More Races
23403|North Mason School District|2|1.538|0.769|2018|PREP - Tier 1|4 Year|0.12|0.09228|Race/Ethnicity|Two or More Races
23403|North Mason School District|2|1.538|0.769|2018|PREP - Tier 1|Not Enrolled|0.55|0.65395|Race/Ethnicity|Two or More Races
23403|North Mason School District|12|9.996|0.833|2017|PREP - Tier 1|2 Year / CTC|0.27|0.22491|Race/Ethnicity|Two or More Races
23403|North Mason School District|12|9.996|0.833|2017|PREP - Tier 1|4 Year|0.14|0.11662|Race/Ethnicity|Two or More Races
23403|North Mason School District|12|9.996|0.833|2017|PREP - Tier 1|Not Enrolled|0.59|0.65847|Race/Ethnicity|Two or More Races
23403|North Mason School District|20|16.66|0.833|2016|PREP - Tier 1|2 Year / CTC|0.34|0.28322|Race/Ethnicity|Two or More Races
23403|North Mason School District|20|16.66|0.833|2016|PREP - Tier 1|4 Year|0.11|0.09163|Race/Ethnicity|Two or More Races
23403|North Mason School District|20|16.66|0.833|2016|PREP - Tier 1|Not Enrolled|0.55|0.62515|Race/Ethnicity|Two or More Races
23403|North Mason School District|16|13|0.8125|2015|PREP - Tier 1|2 Year / CTC|0.29|0.235625|Race/Ethnicity|Two or More Races
23403|North Mason School District|16|13|0.8125|2015|PREP - Tier 1|4 Year|0.14|0.11375|Race/Ethnicity|Two or More Races
23403|North Mason School District|16|13|0.8125|2015|PREP - Tier 1|Not Enrolled|0.56|0.6425|Race/Ethnicity|Two or More Races
23403|North Mason School District|27|22|0.814814815|2014|PREP - Tier 1|2 Year / CTC|0.33|0.26888888895|Race/Ethnicity|Two or More Races
23403|North Mason School District|27|22|0.814814815|2014|PREP - Tier 1|4 Year|0.16|0.1303703704|Race/Ethnicity|Two or More Races
23403|North Mason School District|27|22|0.814814815|2014|PREP - Tier 1|Not Enrolled|0.51|0.60074074065|Race/Ethnicity|Two or More Races
23403|North Mason School District|151|135|0.894039735|2020|PREP - Tier 1|2 Year / CTC|0.26|0.2324503311|Race/Ethnicity|White
23403|North Mason School District|151|135|0.894039735|2020|PREP - Tier 1|4 Year|0.17|0.15198675495|Race/Ethnicity|White
23403|North Mason School District|151|135|0.894039735|2020|PREP - Tier 1|Not Enrolled|0.57|0.61556291395|Race/Ethnicity|White
23403|North Mason School District|146|128|0.876712329|2019|PREP - Tier 1|2 Year / CTC|0.27|0.23671232883|Race/Ethnicity|White
23403|North Mason School District|146|128|0.876712329|2019|PREP - Tier 1|4 Year|0.17|0.14904109593|Race/Ethnicity|White
23403|North Mason School District|146|128|0.876712329|2019|PREP - Tier 1|Not Enrolled|0.56|0.61424657524|Race/Ethnicity|White
23403|North Mason School District|168|141|0.839285714|2018|PREP - Tier 1|2 Year / CTC|0.28|0.23499999992|Race/Ethnicity|White
23403|North Mason School District|168|141|0.839285714|2018|PREP - Tier 1|4 Year|0.17|0.14267857138|Race/Ethnicity|White
23403|North Mason School District|168|141|0.839285714|2018|PREP - Tier 1|Not Enrolled|0.55|0.6223214287|Race/Ethnicity|White
23403|North Mason School District|150|122|0.813333333|2017|PREP - Tier 1|2 Year / CTC|0.26|0.21146666658|Race/Ethnicity|White
23403|North Mason School District|150|122|0.813333333|2017|PREP - Tier 1|4 Year|0.2|0.1626666666|Race/Ethnicity|White
23403|North Mason School District|150|122|0.813333333|2017|PREP - Tier 1|Not Enrolled|0.54|0.62586666682|Race/Ethnicity|White
23403|North Mason School District|140|114|0.814285714|2016|PREP - Tier 1|2 Year / CTC|0.27|0.21985714278|Race/Ethnicity|White
23403|North Mason School District|140|114|0.814285714|2016|PREP - Tier 1|4 Year|0.2|0.1628571428|Race/Ethnicity|White
23403|North Mason School District|140|114|0.814285714|2016|PREP - Tier 1|Not Enrolled|0.53|0.61728571442|Race/Ethnicity|White
23403|North Mason School District|168|136|0.80952381|2015|PREP - Tier 1|2 Year / CTC|0.27|0.2185714287|Race/Ethnicity|White
23403|North Mason School District|168|136|0.80952381|2015|PREP - Tier 1|4 Year|0.19|0.1538095239|Race/Ethnicity|White
23403|North Mason School District|168|136|0.80952381|2015|PREP - Tier 1|Not Enrolled|0.54|0.6276190474|Race/Ethnicity|White
23403|North Mason School District|140|112|0.8|2014|PREP - Tier 1|2 Year / CTC|0.29|0.232|Race/Ethnicity|White
23403|North Mason School District|140|112|0.8|2014|PREP - Tier 1|4 Year|0.17|0.136|Race/Ethnicity|White
23403|North Mason School District|140|112|0.8|2014|PREP - Tier 1|Not Enrolled|0.54|0.632|Race/Ethnicity|White
25101|Ocean Beach School District|80|69.6|0.87|2020|ESD 112|2 Year / CTC|0.15|0.1305|All Students|All
25101|Ocean Beach School District|80|69.6|0.87|2020|ESD 112|4 Year|0.31|0.2697|All Students|All
25101|Ocean Beach School District|80|69.6|0.87|2020|ESD 112|Not Enrolled|0.54|0.5998|All Students|All
25101|Ocean Beach School District|89|73.87|0.83|2019|ESD 112|2 Year / CTC|0.16|0.1328|All Students|All
25101|Ocean Beach School District|89|73.87|0.83|2019|ESD 112|4 Year|0.38|0.3154|All Students|All
25101|Ocean Beach School District|89|73.87|0.83|2019|ESD 112|Not Enrolled|0.46|0.5518|All Students|All
25101|Ocean Beach School District|75|65|0.866666667|2018|ESD 112|2 Year / CTC|0.26|0.22533333342|All Students|All
25101|Ocean Beach School District|75|65|0.866666667|2018|ESD 112|4 Year|0.26|0.22533333342|All Students|All
25101|Ocean Beach School District|75|65|0.866666667|2018|ESD 112|Not Enrolled|0.48|0.54933333316|All Students|All
25101|Ocean Beach School District|76|61.56|0.81|2017|ESD 112|2 Year / CTC|0.15|0.1215|All Students|All
25101|Ocean Beach School District|76|61.56|0.81|2017|ESD 112|4 Year|0.41|0.3321|All Students|All
25101|Ocean Beach School District|76|61.56|0.81|2017|ESD 112|Not Enrolled|0.44|0.5464|All Students|All
25101|Ocean Beach School District|65|52|0.8|2016|ESD 112|2 Year / CTC|0.18|0.144|All Students|All
25101|Ocean Beach School District|65|52|0.8|2016|ESD 112|4 Year|0.26|0.208|All Students|All
25101|Ocean Beach School District|65|52|0.8|2016|ESD 112|Not Enrolled|0.55|0.64|All Students|All
25101|Ocean Beach School District|76|66.12|0.87|2015|ESD 112|2 Year / CTC|0.27|0.2349|All Students|All
25101|Ocean Beach School District|76|66.12|0.87|2015|ESD 112|4 Year|0.18|0.1566|All Students|All
25101|Ocean Beach School District|76|66.12|0.87|2015|ESD 112|Not Enrolled|0.55|0.6085|All Students|All
25101|Ocean Beach School District|69|56.58|0.82|2014|ESD 112|2 Year / CTC|0.3|0.246|All Students|All
25101|Ocean Beach School District|69|56.58|0.82|2014|ESD 112|4 Year|0.18|0.1476|All Students|All
25101|Ocean Beach School District|69|56.58|0.82|2014|ESD 112|Not Enrolled|0.52|0.6064|All Students|All
25101|Ocean Beach School District|47|42|0.893617021|2020|ESD 112|2 Year / CTC|0.22|0.19659574462|Gender|Female
25101|Ocean Beach School District|47|42|0.893617021|2020|ESD 112|4 Year|0.41|0.36638297861|Gender|Female
25101|Ocean Beach School District|47|42|0.893617021|2020|ESD 112|Not Enrolled|0.37|0.43702127677|Gender|Female
25101|Ocean Beach School District|46|39.1|0.85|2019|ESD 112|2 Year / CTC|0.21|0.1785|Gender|Female
25101|Ocean Beach School District|46|39.1|0.85|2019|ESD 112|4 Year|0.41|0.3485|Gender|Female
25101|Ocean Beach School District|46|39.1|0.85|2019|ESD 112|Not Enrolled|0.38|0.473|Gender|Female
25101|Ocean Beach School District|38|32|0.842105263|2018|ESD 112|2 Year / CTC|0.24|0.20210526312|Gender|Female
25101|Ocean Beach School District|38|32|0.842105263|2018|ESD 112|4 Year|0.38|0.31999999994|Gender|Female
25101|Ocean Beach School District|38|32|0.842105263|2018|ESD 112|Not Enrolled|0.38|0.47789473694|Gender|Female
25101|Ocean Beach School District|35|29.75|0.85|2017|ESD 112|2 Year / CTC|0.24|0.204|Gender|Female
25101|Ocean Beach School District|35|29.75|0.85|2017|ESD 112|4 Year|0.29|0.2465|Gender|Female
25101|Ocean Beach School District|35|29.75|0.85|2017|ESD 112|Not Enrolled|0.46|0.541|Gender|Female
25101|Ocean Beach School District|23|19.32|0.84|2016|ESD 112|2 Year / CTC|0.27|0.2268|Gender|Female
25101|Ocean Beach School District|23|19.32|0.84|2016|ESD 112|4 Year|0.26|0.2184|Gender|Female
25101|Ocean Beach School District|23|19.32|0.84|2016|ESD 112|Not Enrolled|0.47|0.5548|Gender|Female
25101|Ocean Beach School District|31|27.807|0.897|2015|ESD 112|2 Year / CTC|0.3|0.2691|Gender|Female
25101|Ocean Beach School District|31|27.807|0.897|2015|ESD 112|4 Year|0.24|0.21528|Gender|Female
25101|Ocean Beach School District|31|27.807|0.897|2015|ESD 112|Not Enrolled|0.45|0.50665|Gender|Female
25101|Ocean Beach School District|32|27.84|0.87|2014|ESD 112|2 Year / CTC|0.27|0.2349|Gender|Female
25101|Ocean Beach School District|32|27.84|0.87|2014|ESD 112|4 Year|0.24|0.2088|Gender|Female
25101|Ocean Beach School District|32|27.84|0.87|2014|ESD 112|Not Enrolled|0.49|0.5563|Gender|Female
25101|Ocean Beach School District|40|33.6|0.84|2020|ESD 112|2 Year / CTC|0.15|0.126|Gender|Male
25101|Ocean Beach School District|40|33.6|0.84|2020|ESD 112|4 Year|0.22|0.1848|Gender|Male
25101|Ocean Beach School District|40|33.6|0.84|2020|ESD 112|Not Enrolled|0.63|0.6892|Gender|Male
25101|Ocean Beach School District|35|28|0.8|2019|ESD 112|2 Year / CTC|0.18|0.144|Gender|Male
25101|Ocean Beach School District|35|28|0.8|2019|ESD 112|4 Year|0.29|0.232|Gender|Male
25101|Ocean Beach School District|35|28|0.8|2019|ESD 112|Not Enrolled|0.53|0.624|Gender|Male
25101|Ocean Beach School District|32|28.48|0.89|2018|ESD 112|2 Year / CTC|0.17|0.1513|Gender|Male
25101|Ocean Beach School District|32|28.48|0.89|2018|ESD 112|4 Year|0.25|0.2225|Gender|Male
25101|Ocean Beach School District|32|28.48|0.89|2018|ESD 112|Not Enrolled|0.57|0.6173|Gender|Male
25101|Ocean Beach School District|43|34|0.790697674|2017|ESD 112|2 Year / CTC|0.18|0.14232558132|Gender|Male
25101|Ocean Beach School District|43|34|0.790697674|2017|ESD 112|4 Year|0.27|0.21348837198|Gender|Male
25101|Ocean Beach School District|43|34|0.790697674|2017|ESD 112|Not Enrolled|0.56|0.65209302344|Gender|Male
25101|Ocean Beach School District|49|38|0.775510204|2016|ESD 112|2 Year / CTC|0.23|0.17836734692|Gender|Male
25101|Ocean Beach School District|49|38|0.775510204|2016|ESD 112|4 Year|0.18|0.13959183672|Gender|Male
25101|Ocean Beach School District|49|38|0.775510204|2016|ESD 112|Not Enrolled|0.6|0.6897959184|Gender|Male
25101|Ocean Beach School District|42|35|0.833333333|2015|ESD 112|2 Year / CTC|0.25|0.20833333325|Gender|Male
25101|Ocean Beach School District|42|35|0.833333333|2015|ESD 112|4 Year|0.17|0.14166666661|Gender|Male
25101|Ocean Beach School District|42|35|0.833333333|2015|ESD 112|Not Enrolled|0.57|0.64166666681|Gender|Male
25101|Ocean Beach School District|28|22|0.785714286|2014|ESD 112|2 Year / CTC|0.25|0.1964285715|Gender|Male
25101|Ocean Beach School District|28|22|0.785714286|2014|ESD 112|4 Year|0.17|0.13357142862|Gender|Male
25101|Ocean Beach School District|28|22|0.785714286|2014|ESD 112|Not Enrolled|0.57|0.66214285702|Gender|Male
25101|Ocean Beach School District|64|54|0.84375|2020|ESD 112|2 Year / CTC|0.21|0.1771875|FRPL|FRPL
25101|Ocean Beach School District|64|54|0.84375|2020|ESD 112|4 Year|0.19|0.1603125|FRPL|FRPL
25101|Ocean Beach School District|64|54|0.84375|2020|ESD 112|Not Enrolled|0.6|0.6625|FRPL|FRPL
25101|Ocean Beach School District|48|36|0.75|2019|ESD 112|2 Year / CTC|0.21|0.1575|FRPL|FRPL
25101|Ocean Beach School District|48|36|0.75|2019|ESD 112|4 Year|0.24|0.18|FRPL|FRPL
25101|Ocean Beach School District|48|36|0.75|2019|ESD 112|Not Enrolled|0.55|0.6625|FRPL|FRPL
25101|Ocean Beach School District|47|38|0.808510638|2018|ESD 112|2 Year / CTC|0.21|0.16978723398|FRPL|FRPL
25101|Ocean Beach School District|47|38|0.808510638|2018|ESD 112|4 Year|0.22|0.17787234036|FRPL|FRPL
25101|Ocean Beach School District|47|38|0.808510638|2018|ESD 112|Not Enrolled|0.56|0.64425531928|FRPL|FRPL
25101|Ocean Beach School District|52|40|0.769230769|2017|ESD 112|2 Year / CTC|0.19|0.14615384611|FRPL|FRPL
25101|Ocean Beach School District|52|40|0.769230769|2017|ESD 112|4 Year|0.18|0.13846153842|FRPL|FRPL
25101|Ocean Beach School District|52|40|0.769230769|2017|ESD 112|Not Enrolled|0.63|0.71538461547|FRPL|FRPL
25101|Ocean Beach School District|51|38|0.745098039|2016|ESD 112|2 Year / CTC|0.22|0.16392156858|FRPL|FRPL
25101|Ocean Beach School District|51|38|0.745098039|2016|ESD 112|4 Year|0.12|0.08941176468|FRPL|FRPL
25101|Ocean Beach School District|51|38|0.745098039|2016|ESD 112|Not Enrolled|0.67|0.75411764713|FRPL|FRPL
25101|Ocean Beach School District|53|45|0.849056604|2015|ESD 112|2 Year / CTC|0.27|0.22924528308|FRPL|FRPL
25101|Ocean Beach School District|53|45|0.849056604|2015|ESD 112|4 Year|0.12|0.10188679248|FRPL|FRPL
25101|Ocean Beach School District|53|45|0.849056604|2015|ESD 112|Not Enrolled|0.61|0.66886792444|FRPL|FRPL
25101|Ocean Beach School District|35|27|0.771428571|2014|ESD 112|2 Year / CTC|0.24|0.18514285704|FRPL|FRPL
25101|Ocean Beach School District|35|27|0.771428571|2014|ESD 112|4 Year|0.14|0.10799999994|FRPL|FRPL
25101|Ocean Beach School District|35|27|0.771428571|2014|ESD 112|Not Enrolled|0.62|0.70685714302|FRPL|FRPL
25101|Ocean Beach School District|29|25.897|0.893|2020|ESD 112|2 Year / CTC|0.16|0.14288|FRPL|Not FRPL
25101|Ocean Beach School District|29|25.897|0.893|2020|ESD 112|4 Year|0.47|0.41971|FRPL|Not FRPL
25101|Ocean Beach School District|29|25.897|0.893|2020|ESD 112|Not Enrolled|0.37|0.43741|FRPL|Not FRPL
25101|Ocean Beach School District|32|27.424|0.857|2019|ESD 112|2 Year / CTC|0.17|0.14569|FRPL|Not FRPL
25101|Ocean Beach School District|32|27.424|0.857|2019|ESD 112|4 Year|0.48|0.41136|FRPL|Not FRPL
25101|Ocean Beach School District|32|27.424|0.857|2019|ESD 112|Not Enrolled|0.35|0.44295|FRPL|Not FRPL
25101|Ocean Beach School District|27|24.111|0.893|2018|ESD 112|2 Year / CTC|0.18|0.16074|FRPL|Not FRPL
25101|Ocean Beach School District|27|24.111|0.893|2018|ESD 112|4 Year|0.41|0.36613|FRPL|Not FRPL
25101|Ocean Beach School District|27|24.111|0.893|2018|ESD 112|Not Enrolled|0.4|0.4642|FRPL|Not FRPL
25101|Ocean Beach School District|34|28.322|0.833|2017|ESD 112|2 Year / CTC|0.22|0.18326|FRPL|Not FRPL
25101|Ocean Beach School District|34|28.322|0.833|2017|ESD 112|4 Year|0.44|0.36652|FRPL|Not FRPL
25101|Ocean Beach School District|34|28.322|0.833|2017|ESD 112|Not Enrolled|0.34|0.45022|FRPL|Not FRPL
25101|Ocean Beach School District|23|20.7|0.9|2016|ESD 112|2 Year / CTC|0.29|0.261|FRPL|Not FRPL
25101|Ocean Beach School District|23|20.7|0.9|2016|ESD 112|4 Year|0.35|0.315|FRPL|Not FRPL
25101|Ocean Beach School District|23|20.7|0.9|2016|ESD 112|Not Enrolled|0.36|0.424|FRPL|Not FRPL
25101|Ocean Beach School District|34|28.322|0.833|2015|ESD 112|2 Year / CTC|0.29|0.24157|FRPL|Not FRPL
25101|Ocean Beach School District|34|28.322|0.833|2015|ESD 112|4 Year|0.35|0.29155|FRPL|Not FRPL
25101|Ocean Beach School District|34|28.322|0.833|2015|ESD 112|Not Enrolled|0.36|0.46688|FRPL|Not FRPL
25101|Ocean Beach School District|24|19.512|0.813|2014|ESD 112|2 Year / CTC|0.3|0.2439|FRPL|Not FRPL
25101|Ocean Beach School District|24|19.512|0.813|2014|ESD 112|4 Year|0.3|0.2439|FRPL|Not FRPL
25101|Ocean Beach School District|24|19.512|0.813|2014|ESD 112|Not Enrolled|0.4|0.5122|FRPL|Not FRPL
25101|Ocean Beach School District|73|63|0.863013699|2020|ESD 112|2 Year / CTC|0.18|0.15534246582|Race/Ethnicity|White
25101|Ocean Beach School District|73|63|0.863013699|2020|ESD 112|4 Year|0.32|0.27616438368|Race/Ethnicity|White
25101|Ocean Beach School District|73|63|0.863013699|2020|ESD 112|Not Enrolled|0.49|0.55986301351|Race/Ethnicity|White
25101|Ocean Beach School District|56|46|0.821428571|2019|ESD 112|2 Year / CTC|0.2|0.1642857142|Race/Ethnicity|White
25101|Ocean Beach School District|56|46|0.821428571|2019|ESD 112|4 Year|0.34|0.27928571414|Race/Ethnicity|White
25101|Ocean Beach School District|56|46|0.821428571|2019|ESD 112|Not Enrolled|0.46|0.55642857166|Race/Ethnicity|White
25101|Ocean Beach School District|55|50|0.909090909|2018|ESD 112|2 Year / CTC|0.22|0.19999999998|Race/Ethnicity|White
25101|Ocean Beach School District|55|50|0.909090909|2018|ESD 112|4 Year|0.28|0.25454545452|Race/Ethnicity|White
25101|Ocean Beach School District|55|50|0.909090909|2018|ESD 112|Not Enrolled|0.5|0.5454545455|Race/Ethnicity|White
25101|Ocean Beach School District|53|41|0.773584906|2017|ESD 112|2 Year / CTC|0.22|0.17018867932|Race/Ethnicity|White
25101|Ocean Beach School District|53|41|0.773584906|2017|ESD 112|4 Year|0.26|0.20113207556|Race/Ethnicity|White
25101|Ocean Beach School District|53|41|0.773584906|2017|ESD 112|Not Enrolled|0.52|0.62867924512|Race/Ethnicity|White
25101|Ocean Beach School District|61|49|0.803278689|2016|ESD 112|2 Year / CTC|0.25|0.20081967225|Race/Ethnicity|White
25101|Ocean Beach School District|61|49|0.803278689|2016|ESD 112|4 Year|0.21|0.16868852469|Race/Ethnicity|White
25101|Ocean Beach School District|61|49|0.803278689|2016|ESD 112|Not Enrolled|0.54|0.63049180306|Race/Ethnicity|White
25101|Ocean Beach School District|52|46|0.884615385|2015|ESD 112|2 Year / CTC|0.24|0.2123076924|Race/Ethnicity|White
25101|Ocean Beach School District|52|46|0.884615385|2015|ESD 112|4 Year|0.22|0.1946153847|Race/Ethnicity|White
25101|Ocean Beach School District|52|46|0.884615385|2015|ESD 112|Not Enrolled|0.54|0.5930769229|Race/Ethnicity|White
25101|Ocean Beach School District|38|33|0.868421053|2014|ESD 112|2 Year / CTC|0.23|0.19973684219|Race/Ethnicity|White
25101|Ocean Beach School District|38|33|0.868421053|2014|ESD 112|4 Year|0.21|0.18236842113|Race/Ethnicity|White
25101|Ocean Beach School District|38|33|0.868421053|2014|ESD 112|Not Enrolled|0.56|0.61789473668|Race/Ethnicity|White
05121|Port Angeles School District|277|243.206|0.878|2020|PREP - Tier 1|2 Year / CTC|0.27|0.23706|Section 504|Not Section 504
05121|Port Angeles School District|277|243.206|0.878|2020|PREP - Tier 1|4 Year|0.26|0.22828|Section 504|Not Section 504
05121|Port Angeles School District|277|243.206|0.878|2020|PREP - Tier 1|Not Enrolled|0.47|0.53466|Section 504|Not Section 504
05121|Port Angeles School District|266|226|0.84962406|2019|PREP - Tier 1|2 Year / CTC|0.3|0.254887218|Section 504|Not Section 504
05121|Port Angeles School District|266|226|0.84962406|2019|PREP - Tier 1|4 Year|0.25|0.212406015|Section 504|Not Section 504
05121|Port Angeles School District|266|226|0.84962406|2019|PREP - Tier 1|Not Enrolled|0.45|0.532706767|Section 504|Not Section 504
05121|Port Angeles School District|293|244.362|0.834|2018|PREP - Tier 1|2 Year / CTC|0.28|0.23352|Section 504|Not Section 504
05121|Port Angeles School District|293|244.362|0.834|2018|PREP - Tier 1|4 Year|0.25|0.2085|Section 504|Not Section 504
05121|Port Angeles School District|293|244.362|0.834|2018|PREP - Tier 1|Not Enrolled|0.47|0.55798|Section 504|Not Section 504
05121|Port Angeles School District|279|230|0.82437276|2017|PREP - Tier 1|2 Year / CTC|0.27|0.2225806452|Section 504|Not Section 504
05121|Port Angeles School District|279|230|0.82437276|2017|PREP - Tier 1|4 Year|0.25|0.20609319|Section 504|Not Section 504
05121|Port Angeles School District|279|230|0.82437276|2017|PREP - Tier 1|Not Enrolled|0.49|0.5795698924|Section 504|Not Section 504
05121|Port Angeles School District|312|255.216|0.818|2016|PREP - Tier 1|2 Year / CTC|0.31|0.25358|Section 504|Not Section 504
05121|Port Angeles School District|312|255.216|0.818|2016|PREP - Tier 1|4 Year|0.24|0.19632|Section 504|Not Section 504
05121|Port Angeles School District|312|255.216|0.818|2016|PREP - Tier 1|Not Enrolled|0.45|0.5501|Section 504|Not Section 504
05121|Port Angeles School District|333|282.384|0.848|2015|PREP - Tier 1|2 Year / CTC|0.33|0.27984|Section 504|Not Section 504
05121|Port Angeles School District|333|282.384|0.848|2015|PREP - Tier 1|4 Year|0.23|0.19504|Section 504|Not Section 504
05121|Port Angeles School District|333|282.384|0.848|2015|PREP - Tier 1|Not Enrolled|0.44|0.52512|Section 504|Not Section 504
05121|Port Angeles School District|341|280.643|0.823|2014|PREP - Tier 1|2 Year / CTC|0.36|0.29628|Section 504|Not Section 504
05121|Port Angeles School District|341|280.643|0.823|2014|PREP - Tier 1|4 Year|0.22|0.18106|Section 504|Not Section 504
05121|Port Angeles School District|341|280.643|0.823|2014|PREP - Tier 1|Not Enrolled|0.42|0.52266|Section 504|Not Section 504
05121|Port Angeles School District|17|14.569|0.857|2020|PREP - Tier 1|2 Year / CTC|0.21|0.17997|Section 504|Section 504
05121|Port Angeles School District|17|14.569|0.857|2020|PREP - Tier 1|4 Year|0.15|0.12855|Section 504|Section 504
05121|Port Angeles School District|17|14.569|0.857|2020|PREP - Tier 1|Not Enrolled|0.63|0.68291|Section 504|Section 504
05121|Port Angeles School District|25|19.5|0.78|2019|PREP - Tier 1|2 Year / CTC|0.29|0.2262|Section 504|Section 504
05121|Port Angeles School District|25|19.5|0.78|2019|PREP - Tier 1|4 Year|0.2|0.156|Section 504|Section 504
05121|Port Angeles School District|25|19.5|0.78|2019|PREP - Tier 1|Not Enrolled|0.51|0.6178|Section 504|Section 504
05121|Port Angeles School District|31|23.56|0.76|2018|PREP - Tier 1|2 Year / CTC|0.4|0.304|Section 504|Section 504
05121|Port Angeles School District|31|23.56|0.76|2018|PREP - Tier 1|4 Year|0.16|0.1216|Section 504|Section 504
05121|Port Angeles School District|31|23.56|0.76|2018|PREP - Tier 1|Not Enrolled|0.44|0.5744|Section 504|Section 504
05121|Port Angeles School District|11|9.163|0.833|2017|PREP - Tier 1|2 Year / CTC|0.42|0.34986|Section 504|Section 504
05121|Port Angeles School District|11|9.163|0.833|2017|PREP - Tier 1|4 Year|0.18|0.14994|Section 504|Section 504
05121|Port Angeles School District|11|9.163|0.833|2017|PREP - Tier 1|Not Enrolled|0.4|0.5002|Section 504|Section 504
05121|Port Angeles School District|12|10.44|0.87|2016|PREP - Tier 1|2 Year / CTC|0.43|0.3741|Section 504|Section 504
05121|Port Angeles School District|12|10.44|0.87|2016|PREP - Tier 1|4 Year|0.15|0.1305|Section 504|Section 504
05121|Port Angeles School District|12|10.44|0.87|2016|PREP - Tier 1|Not Enrolled|0.43|0.5041|Section 504|Section 504
05121|Port Angeles School District|26|21.892|0.842|2015|PREP - Tier 1|2 Year / CTC|0.33|0.27786|Section 504|Section 504
05121|Port Angeles School District|26|21.892|0.842|2015|PREP - Tier 1|4 Year|0.24|0.20208|Section 504|Section 504
05121|Port Angeles School District|26|21.892|0.842|2015|PREP - Tier 1|Not Enrolled|0.42|0.51164|Section 504|Section 504
05121|Port Angeles School District|13|10.569|0.813|2014|PREP - Tier 1|2 Year / CTC|0.3|0.2439|Section 504|Section 504
05121|Port Angeles School District|13|10.569|0.813|2014|PREP - Tier 1|4 Year|0.23|0.18699|Section 504|Section 504
05121|Port Angeles School District|13|10.569|0.813|2014|PREP - Tier 1|Not Enrolled|0.47|0.56911|Section 504|Section 504
05121|Port Angeles School District|315|277|0.879365079|2020|PREP - Tier 1|2 Year / CTC|0.2|0.1758730158|All Students|All
05121|Port Angeles School District|315|277|0.879365079|2020|PREP - Tier 1|4 Year|0.24|0.21104761896|All Students|All
05121|Port Angeles School District|315|277|0.879365079|2020|PREP - Tier 1|Not Enrolled|0.56|0.61307936524|All Students|All
05121|Port Angeles School District|325|273.65|0.842|2019|PREP - Tier 1|2 Year / CTC|0.32|0.26944|All Students|All
05121|Port Angeles School District|325|273.65|0.842|2019|PREP - Tier 1|4 Year|0.24|0.20208|All Students|All
05121|Port Angeles School District|325|273.65|0.842|2019|PREP - Tier 1|Not Enrolled|0.44|0.52848|All Students|All
05121|Port Angeles School District|306|254|0.830065359|2018|PREP - Tier 1|2 Year / CTC|0.29|0.24071895411|All Students|All
05121|Port Angeles School District|306|254|0.830065359|2018|PREP - Tier 1|4 Year|0.27|0.22411764693|All Students|All
05121|Port Angeles School District|306|254|0.830065359|2018|PREP - Tier 1|Not Enrolled|0.44|0.53516339896|All Students|All
05121|Port Angeles School District|297|245|0.824915825|2017|PREP - Tier 1|2 Year / CTC|0.29|0.23922558925|All Students|All
05121|Port Angeles School District|297|245|0.824915825|2017|PREP - Tier 1|4 Year|0.24|0.197979798|All Students|All
05121|Port Angeles School District|297|245|0.824915825|2017|PREP - Tier 1|Not Enrolled|0.47|0.56279461275|All Students|All
05121|Port Angeles School District|311|256|0.823151125|2016|PREP - Tier 1|2 Year / CTC|0.29|0.23871382625|All Students|All
05121|Port Angeles School District|311|256|0.823151125|2016|PREP - Tier 1|4 Year|0.22|0.1810932475|All Students|All
05121|Port Angeles School District|311|256|0.823151125|2016|PREP - Tier 1|Not Enrolled|0.49|0.58019292625|All Students|All
05121|Port Angeles School District|295|250|0.847457627|2015|PREP - Tier 1|2 Year / CTC|0.25|0.21186440675|All Students|All
05121|Port Angeles School District|295|250|0.847457627|2015|PREP - Tier 1|4 Year|0.26|0.22033898302|All Students|All
05121|Port Angeles School District|295|250|0.847457627|2015|PREP - Tier 1|Not Enrolled|0.49|0.56779661023|All Students|All
05121|Port Angeles School District|310|256|0.825806452|2014|PREP - Tier 1|2 Year / CTC|0.4|0.3303225808|All Students|All
05121|Port Angeles School District|310|256|0.825806452|2014|PREP - Tier 1|4 Year|0.22|0.18167741944|All Students|All
05121|Port Angeles School District|310|256|0.825806452|2014|PREP - Tier 1|Not Enrolled|0.38|0.48799999976|All Students|All
05121|Port Angeles School District|160|144|0.9|2020|PREP - Tier 1|2 Year / CTC|0.2|0.18|Gender|Female
05121|Port Angeles School District|160|144|0.9|2020|PREP - Tier 1|4 Year|0.32|0.288|Gender|Female
05121|Port Angeles School District|160|144|0.9|2020|PREP - Tier 1|Not Enrolled|0.47|0.523|Gender|Female
05121|Port Angeles School District|157|139.73|0.89|2019|PREP - Tier 1|2 Year / CTC|0.33|0.2937|Gender|Female
05121|Port Angeles School District|157|139.73|0.89|2019|PREP - Tier 1|4 Year|0.29|0.2581|Gender|Female
05121|Port Angeles School District|157|139.73|0.89|2019|PREP - Tier 1|Not Enrolled|0.37|0.4393|Gender|Female
05121|Port Angeles School District|158|137.302|0.869|2018|PREP - Tier 1|2 Year / CTC|0.3|0.2607|Gender|Female
05121|Port Angeles School District|158|137.302|0.869|2018|PREP - Tier 1|4 Year|0.34|0.29546|Gender|Female
05121|Port Angeles School District|158|137.302|0.869|2018|PREP - Tier 1|Not Enrolled|0.37|0.45253|Gender|Female
05121|Port Angeles School District|163|138|0.846625767|2017|PREP - Tier 1|2 Year / CTC|0.33|0.27938650311|Gender|Female
05121|Port Angeles School District|163|138|0.846625767|2017|PREP - Tier 1|4 Year|0.27|0.22858895709|Gender|Female
05121|Port Angeles School District|163|138|0.846625767|2017|PREP - Tier 1|Not Enrolled|0.4|0.4920245398|Gender|Female
05121|Port Angeles School District|173|153.105|0.885|2016|PREP - Tier 1|2 Year / CTC|0.27|0.23895|Gender|Female
05121|Port Angeles School District|173|153.105|0.885|2016|PREP - Tier 1|4 Year|0.26|0.2301|Gender|Female
05121|Port Angeles School District|173|153.105|0.885|2016|PREP - Tier 1|Not Enrolled|0.47|0.53095|Gender|Female
05121|Port Angeles School District|168|146.832|0.874|2015|PREP - Tier 1|2 Year / CTC|0.29|0.25346|Gender|Female
05121|Port Angeles School District|168|146.832|0.874|2015|PREP - Tier 1|4 Year|0.32|0.27968|Gender|Female
05121|Port Angeles School District|168|146.832|0.874|2015|PREP - Tier 1|Not Enrolled|0.39|0.46686|Gender|Female
05121|Port Angeles School District|167|143.453|0.859|2014|PREP - Tier 1|2 Year / CTC|0.43|0.36937|Gender|Female
05121|Port Angeles School District|167|143.453|0.859|2014|PREP - Tier 1|4 Year|0.26|0.22334|Gender|Female
05121|Port Angeles School District|167|143.453|0.859|2014|PREP - Tier 1|Not Enrolled|0.3|0.3987|Gender|Female
05121|Port Angeles School District|145|126.005|0.869|2020|PREP - Tier 1|2 Year / CTC|0.2|0.1738|Gender|Male
05121|Port Angeles School District|145|126.005|0.869|2020|PREP - Tier 1|4 Year|0.16|0.13904|Gender|Male
05121|Port Angeles School District|145|126.005|0.869|2020|PREP - Tier 1|Not Enrolled|0.64|0.68716|Gender|Male
05121|Port Angeles School District|153|122|0.797385621|2019|PREP - Tier 1|2 Year / CTC|0.31|0.24718954251|Gender|Male
05121|Port Angeles School District|153|122|0.797385621|2019|PREP - Tier 1|4 Year|0.17|0.13555555557|Gender|Male
05121|Port Angeles School District|153|122|0.797385621|2019|PREP - Tier 1|Not Enrolled|0.52|0.61725490192|Gender|Male
05121|Port Angeles School District|146|115|0.787671233|2018|PREP - Tier 1|2 Year / CTC|0.27|0.21267123291|Gender|Male
05121|Port Angeles School District|146|115|0.787671233|2018|PREP - Tier 1|4 Year|0.19|0.14965753427|Gender|Male
05121|Port Angeles School District|146|115|0.787671233|2018|PREP - Tier 1|Not Enrolled|0.54|0.63767123282|Gender|Male
05121|Port Angeles School District|147|117.453|0.799|2017|PREP - Tier 1|2 Year / CTC|0.25|0.19975|Gender|Male
05121|Port Angeles School District|147|117.453|0.799|2017|PREP - Tier 1|4 Year|0.2|0.1598|Gender|Male
05121|Port Angeles School District|147|117.453|0.799|2017|PREP - Tier 1|Not Enrolled|0.55|0.64045|Gender|Male
05121|Port Angeles School District|151|115.817|0.767|2016|PREP - Tier 1|2 Year / CTC|0.32|0.24544|Gender|Male
05121|Port Angeles School District|151|115.817|0.767|2016|PREP - Tier 1|4 Year|0.18|0.13806|Gender|Male
05121|Port Angeles School District|151|115.817|0.767|2016|PREP - Tier 1|Not Enrolled|0.5|0.6165|Gender|Male
05121|Port Angeles School District|152|125|0.822368421|2015|PREP - Tier 1|2 Year / CTC|0.21|0.17269736841|Gender|Male
05121|Port Angeles School District|152|125|0.822368421|2015|PREP - Tier 1|4 Year|0.21|0.17269736841|Gender|Male
05121|Port Angeles School District|152|125|0.822368421|2015|PREP - Tier 1|Not Enrolled|0.57|0.64638157897|Gender|Male
05121|Port Angeles School District|154|122|0.792207792|2014|PREP - Tier 1|2 Year / CTC|0.36|0.28519480512|Gender|Male
05121|Port Angeles School District|154|122|0.792207792|2014|PREP - Tier 1|4 Year|0.16|0.12675324672|Gender|Male
05121|Port Angeles School District|154|122|0.792207792|2014|PREP - Tier 1|Not Enrolled|0.48|0.58805194816|Gender|Male
05121|Port Angeles School District|174|144|0.827586207|2020|PREP - Tier 1|2 Year / CTC|0.19|0.15724137933|FRPL|FRPL
05121|Port Angeles School District|174|144|0.827586207|2020|PREP - Tier 1|4 Year|0.15|0.12413793105|FRPL|FRPL
05121|Port Angeles School District|174|144|0.827586207|2020|PREP - Tier 1|Not Enrolled|0.66|0.71862068962|FRPL|FRPL
05121|Port Angeles School District|165|127|0.76969697|2019|PREP - Tier 1|2 Year / CTC|0.31|0.2386060607|FRPL|FRPL
05121|Port Angeles School District|165|127|0.76969697|2019|PREP - Tier 1|4 Year|0.19|0.1462424243|FRPL|FRPL
05121|Port Angeles School District|165|127|0.76969697|2019|PREP - Tier 1|Not Enrolled|0.5|0.615151515|FRPL|FRPL
05121|Port Angeles School District|147|110.103|0.749|2018|PREP - Tier 1|2 Year / CTC|0.28|0.20972|FRPL|FRPL
05121|Port Angeles School District|147|110.103|0.749|2018|PREP - Tier 1|4 Year|0.14|0.10486|FRPL|FRPL
05121|Port Angeles School District|147|110.103|0.749|2018|PREP - Tier 1|Not Enrolled|0.59|0.69291|FRPL|FRPL
05121|Port Angeles School District|141|102.93|0.73|2017|PREP - Tier 1|2 Year / CTC|0.29|0.2117|FRPL|FRPL
05121|Port Angeles School District|141|102.93|0.73|2017|PREP - Tier 1|4 Year|0.12|0.0876|FRPL|FRPL
05121|Port Angeles School District|141|102.93|0.73|2017|PREP - Tier 1|Not Enrolled|0.59|0.7007|FRPL|FRPL
05121|Port Angeles School District|156|116.064|0.744|2016|PREP - Tier 1|2 Year / CTC|0.28|0.20832|FRPL|FRPL
05121|Port Angeles School District|156|116.064|0.744|2016|PREP - Tier 1|4 Year|0.12|0.08928|FRPL|FRPL
05121|Port Angeles School District|156|116.064|0.744|2016|PREP - Tier 1|Not Enrolled|0.6|0.7024|FRPL|FRPL
05121|Port Angeles School District|176|133.584|0.759|2015|PREP - Tier 1|2 Year / CTC|0.26|0.19734|FRPL|FRPL
05121|Port Angeles School District|176|133.584|0.759|2015|PREP - Tier 1|4 Year|0.19|0.14421|FRPL|FRPL
05121|Port Angeles School District|176|133.584|0.759|2015|PREP - Tier 1|Not Enrolled|0.55|0.65845|FRPL|FRPL
05121|Port Angeles School District|164|120.704|0.736|2014|PREP - Tier 1|2 Year / CTC|0.38|0.27968|FRPL|FRPL
05121|Port Angeles School District|164|120.704|0.736|2014|PREP - Tier 1|4 Year|0.11|0.08096|FRPL|FRPL
05121|Port Angeles School District|164|120.704|0.736|2014|PREP - Tier 1|Not Enrolled|0.5|0.632|FRPL|FRPL
05121|Port Angeles School District|173|163.139|0.943|2020|PREP - Tier 1|2 Year / CTC|0.21|0.19803|FRPL|Not FRPL
05121|Port Angeles School District|173|163.139|0.943|2020|PREP - Tier 1|4 Year|0.32|0.30176|FRPL|Not FRPL
05121|Port Angeles School District|173|163.139|0.943|2020|PREP - Tier 1|Not Enrolled|0.47|0.50021|FRPL|Not FRPL
05121|Port Angeles School District|175|163.1|0.932|2019|PREP - Tier 1|2 Year / CTC|0.33|0.30756|FRPL|Not FRPL
05121|Port Angeles School District|175|163.1|0.932|2019|PREP - Tier 1|4 Year|0.27|0.25164|FRPL|Not FRPL
05121|Port Angeles School District|175|163.1|0.932|2019|PREP - Tier 1|Not Enrolled|0.4|0.4408|FRPL|Not FRPL
05121|Port Angeles School District|177|166.203|0.939|2018|PREP - Tier 1|2 Year / CTC|0.29|0.27231|FRPL|Not FRPL
05121|Port Angeles School District|177|166.203|0.939|2018|PREP - Tier 1|4 Year|0.37|0.34743|FRPL|Not FRPL
05121|Port Angeles School District|177|166.203|0.939|2018|PREP - Tier 1|Not Enrolled|0.34|0.38026|FRPL|Not FRPL
05121|Port Angeles School District|176|170.016|0.966|2017|PREP - Tier 1|4 Year|0.34|0.32844|FRPL|Not FRPL
05121|Port Angeles School District|176|170.016|0.966|2017|PREP - Tier 1|2 Year / CTC|0.29|0.28014|FRPL|Not FRPL
05121|Port Angeles School District|176|170.016|0.966|2017|PREP - Tier 1|Not Enrolled|0.37|0.39142|FRPL|Not FRPL
05121|Port Angeles School District|168|154.728|0.921|2016|PREP - Tier 1|4 Year|0.3|0.2763|FRPL|Not FRPL
05121|Port Angeles School District|168|154.728|0.921|2016|PREP - Tier 1|2 Year / CTC|0.3|0.2763|FRPL|Not FRPL
05121|Port Angeles School District|168|154.728|0.921|2016|PREP - Tier 1|Not Enrolled|0.4|0.4474|FRPL|Not FRPL
05121|Port Angeles School District|183|177.144|0.968|2015|PREP - Tier 1|4 Year|0.31|0.30008|FRPL|Not FRPL
05121|Port Angeles School District|183|177.144|0.968|2015|PREP - Tier 1|2 Year / CTC|0.24|0.23232|FRPL|Not FRPL
05121|Port Angeles School District|183|177.144|0.968|2015|PREP - Tier 1|Not Enrolled|0.44|0.45792|FRPL|Not FRPL
05121|Port Angeles School District|190|179.93|0.947|2014|PREP - Tier 1|4 Year|0.29|0.27463|FRPL|Not FRPL
05121|Port Angeles School District|190|179.93|0.947|2014|PREP - Tier 1|2 Year / CTC|0.41|0.38827|FRPL|Not FRPL
05121|Port Angeles School District|190|179.93|0.947|2014|PREP - Tier 1|Not Enrolled|0.3|0.3371|FRPL|Not FRPL
05121|Port Angeles School District|12|8|0.666666667|2020|PREP - Tier 1|2 Year / CTC|0.36|0.24000000012|Race/Ethnicity|American Indian or Alaska Native
05121|Port Angeles School District|12|8|0.666666667|2020|PREP - Tier 1|4 Year|0.14|0.09333333338|Race/Ethnicity|American Indian or Alaska Native
05121|Port Angeles School District|12|8|0.666666667|2020|PREP - Tier 1|Not Enrolled|0.5|0.6666666665|Race/Ethnicity|American Indian or Alaska Native
05121|Port Angeles School District|11|7.997|0.727|2019|PREP - Tier 1|2 Year / CTC|0.345|0.250815|Race/Ethnicity|American Indian or Alaska Native
05121|Port Angeles School District|11|7.997|0.727|2019|PREP - Tier 1|4 Year|0.05|0.03635|Race/Ethnicity|American Indian or Alaska Native
05121|Port Angeles School District|11|7.997|0.727|2019|PREP - Tier 1|Not Enrolled|0.645|0.741915|Race/Ethnicity|American Indian or Alaska Native
05121|Port Angeles School District|12|7|0.583333333|2018|PREP - Tier 1|2 Year / CTC|0.345|0.201249999885|Race/Ethnicity|American Indian or Alaska Native
05121|Port Angeles School District|12|7|0.583333333|2018|PREP - Tier 1|4 Year|0.05|0.02916666665|Race/Ethnicity|American Indian or Alaska Native
05121|Port Angeles School District|12|7|0.583333333|2018|PREP - Tier 1|Not Enrolled|0.645|0.792916666785|Race/Ethnicity|American Indian or Alaska Native
05121|Port Angeles School District|10|6|0.6|2017|PREP - Tier 1|2 Year / CTC|0.305|0.183|Race/Ethnicity|American Indian or Alaska Native
05121|Port Angeles School District|10|6|0.6|2017|PREP - Tier 1|4 Year|0.1|0.06|Race/Ethnicity|American Indian or Alaska Native
05121|Port Angeles School District|10|6|0.6|2017|PREP - Tier 1|Not Enrolled|0.705|0.823|Race/Ethnicity|American Indian or Alaska Native
05121|Port Angeles School District|10|||2016|PREP - Tier 1|2 Year / CTC|0.15||Race/Ethnicity|American Indian or Alaska Native
05121|Port Angeles School District|10|||2016|PREP - Tier 1|4 Year|0.05||Race/Ethnicity|American Indian or Alaska Native
05121|Port Angeles School District|10|||2016|PREP - Tier 1|Not Enrolled|0.745||Race/Ethnicity|American Indian or Alaska Native
05121|Port Angeles School District|12|9|0.75|2015|PREP - Tier 1|2 Year / CTC|0.245|0.18375|Race/Ethnicity|American Indian or Alaska Native
05121|Port Angeles School District|12|9|0.75|2015|PREP - Tier 1|4 Year|0.05|0.0375|Race/Ethnicity|American Indian or Alaska Native
05121|Port Angeles School District|12|9|0.75|2015|PREP - Tier 1|Not Enrolled|0.645|0.73375|Race/Ethnicity|American Indian or Alaska Native
05121|Port Angeles School District|14|8.82|0.63|2014|PREP - Tier 1|2 Year / CTC|0.245|0.15435|Race/Ethnicity|American Indian or Alaska Native
05121|Port Angeles School District|14|8.82|0.63|2014|PREP - Tier 1|4 Year|0.15|0.0945|Race/Ethnicity|American Indian or Alaska Native
05121|Port Angeles School District|14|8.82|0.63|2014|PREP - Tier 1|Not Enrolled|0.545|0.71335|Race/Ethnicity|American Indian or Alaska Native
05121|Port Angeles School District|24|21|0.875|2020|PREP - Tier 1|2 Year / CTC|0.33|0.28875|Race/Ethnicity|Hispanic or Latino of any race(s)
05121|Port Angeles School District|24|21|0.875|2020|PREP - Tier 1|4 Year|0.14|0.1225|Race/Ethnicity|Hispanic or Latino of any race(s)
05121|Port Angeles School District|24|21|0.875|2020|PREP - Tier 1|Not Enrolled|0.53|0.58875|Race/Ethnicity|Hispanic or Latino of any race(s)
05121|Port Angeles School District|28|24.892|0.889|2019|PREP - Tier 1|2 Year / CTC|0.35|0.31115|Race/Ethnicity|Hispanic or Latino of any race(s)
05121|Port Angeles School District|28|24.892|0.889|2019|PREP - Tier 1|4 Year|0.09|0.08001|Race/Ethnicity|Hispanic or Latino of any race(s)
05121|Port Angeles School District|28|24.892|0.889|2019|PREP - Tier 1|Not Enrolled|0.55|0.59995|Race/Ethnicity|Hispanic or Latino of any race(s)
05121|Port Angeles School District|26|21|0.807692308|2018|PREP - Tier 1|2 Year / CTC|0.35|0.2826923078|Race/Ethnicity|Hispanic or Latino of any race(s)
05121|Port Angeles School District|26|21|0.807692308|2018|PREP - Tier 1|4 Year|0.09|0.07269230772|Race/Ethnicity|Hispanic or Latino of any race(s)
05121|Port Angeles School District|26|21|0.807692308|2018|PREP - Tier 1|Not Enrolled|0.56|0.64461538448|Race/Ethnicity|Hispanic or Latino of any race(s)
05121|Port Angeles School District|27|22.734|0.842|2017|PREP - Tier 1|2 Year / CTC|0.32|0.26944|Race/Ethnicity|Hispanic or Latino of any race(s)
05121|Port Angeles School District|27|22.734|0.842|2017|PREP - Tier 1|4 Year|0.11|0.09262|Race/Ethnicity|Hispanic or Latino of any race(s)
05121|Port Angeles School District|27|22.734|0.842|2017|PREP - Tier 1|Not Enrolled|0.57|0.63794|Race/Ethnicity|Hispanic or Latino of any race(s)
05121|Port Angeles School District|18|11|0.611111111|2016|PREP - Tier 1|2 Year / CTC|0.39|0.23833333329|Race/Ethnicity|Hispanic or Latino of any race(s)
05121|Port Angeles School District|18|11|0.611111111|2016|PREP - Tier 1|4 Year|0.1|0.0611111111|Race/Ethnicity|Hispanic or Latino of any race(s)
05121|Port Angeles School District|18|11|0.611111111|2016|PREP - Tier 1|Not Enrolled|0.51|0.70055555561|Race/Ethnicity|Hispanic or Latino of any race(s)
05121|Port Angeles School District|21|||2015|PREP - Tier 1|2 Year / CTC|0.36||Race/Ethnicity|Hispanic or Latino of any race(s)
05121|Port Angeles School District|21|||2015|PREP - Tier 1|4 Year|0.13||Race/Ethnicity|Hispanic or Latino of any race(s)
05121|Port Angeles School District|21|||2015|PREP - Tier 1|Not Enrolled|0.51||Race/Ethnicity|Hispanic or Latino of any race(s)
05121|Port Angeles School District|21|18|0.857142857|2014|PREP - Tier 1|2 Year / CTC|0.38|0.32571428566|Race/Ethnicity|Hispanic or Latino of any race(s)
05121|Port Angeles School District|21|18|0.857142857|2014|PREP - Tier 1|4 Year|0.11|0.09428571427|Race/Ethnicity|Hispanic or Latino of any race(s)
05121|Port Angeles School District|21|18|0.857142857|2014|PREP - Tier 1|Not Enrolled|0.51|0.58000000007|Race/Ethnicity|Hispanic or Latino of any race(s)
05121|Port Angeles School District|37|34|0.918918919|2020|PREP - Tier 1|2 Year / CTC|0.26|0.23891891894|Race/Ethnicity|Two or More Races
05121|Port Angeles School District|37|34|0.918918919|2020|PREP - Tier 1|4 Year|0.34|0.31243243246|Race/Ethnicity|Two or More Races
05121|Port Angeles School District|37|34|0.918918919|2020|PREP - Tier 1|Not Enrolled|0.4|0.4486486486|Race/Ethnicity|Two or More Races
05121|Port Angeles School District|29|20|0.689655172|2019|PREP - Tier 1|2 Year / CTC|0.31|0.21379310332|Race/Ethnicity|Two or More Races
05121|Port Angeles School District|29|20|0.689655172|2019|PREP - Tier 1|4 Year|0.31|0.21379310332|Race/Ethnicity|Two or More Races
05121|Port Angeles School District|29|20|0.689655172|2019|PREP - Tier 1|Not Enrolled|0.38|0.57241379336|Race/Ethnicity|Two or More Races
05121|Port Angeles School District|25|22|0.88|2018|PREP - Tier 1|2 Year / CTC|0.29|0.2552|Race/Ethnicity|Two or More Races
05121|Port Angeles School District|25|22|0.88|2018|PREP - Tier 1|4 Year|0.26|0.2288|Race/Ethnicity|Two or More Races
05121|Port Angeles School District|25|22|0.88|2018|PREP - Tier 1|Not Enrolled|0.45|0.516|Race/Ethnicity|Two or More Races
05121|Port Angeles School District|29|22|0.75862069|2017|PREP - Tier 1|2 Year / CTC|0.33|0.2503448277|Race/Ethnicity|Two or More Races
05121|Port Angeles School District|29|22|0.75862069|2017|PREP - Tier 1|4 Year|0.17|0.1289655173|Race/Ethnicity|Two or More Races
05121|Port Angeles School District|29|22|0.75862069|2017|PREP - Tier 1|Not Enrolled|0.5|0.620689655|Race/Ethnicity|Two or More Races
05121|Port Angeles School District|27|23.328|0.864|2016|PREP - Tier 1|2 Year / CTC|0.36|0.31104|Race/Ethnicity|Two or More Races
05121|Port Angeles School District|27|23.328|0.864|2016|PREP - Tier 1|4 Year|0.12|0.10368|Race/Ethnicity|Two or More Races
05121|Port Angeles School District|27|23.328|0.864|2016|PREP - Tier 1|Not Enrolled|0.53|0.59392|Race/Ethnicity|Two or More Races
05121|Port Angeles School District|25|22.325|0.893|2015|PREP - Tier 1|2 Year / CTC|0.32|0.28576|Race/Ethnicity|Two or More Races
05121|Port Angeles School District|25|22.325|0.893|2015|PREP - Tier 1|4 Year|0.12|0.10716|Race/Ethnicity|Two or More Races
05121|Port Angeles School District|25|22.325|0.893|2015|PREP - Tier 1|Not Enrolled|0.56|0.60708|Race/Ethnicity|Two or More Races
05121|Port Angeles School District|37|29|0.783783784|2014|PREP - Tier 1|2 Year / CTC|0.3|0.2351351352|Race/Ethnicity|Two or More Races
05121|Port Angeles School District|37|29|0.783783784|2014|PREP - Tier 1|4 Year|0.14|0.10972972976|Race/Ethnicity|Two or More Races
05121|Port Angeles School District|37|29|0.783783784|2014|PREP - Tier 1|Not Enrolled|0.56|0.65513513504|Race/Ethnicity|Two or More Races
05121|Port Angeles School District|232|205|0.88362069|2020|PREP - Tier 1|2 Year / CTC|0.26|0.2297413794|Race/Ethnicity|White
05121|Port Angeles School District|232|205|0.88362069|2020|PREP - Tier 1|4 Year|0.25|0.2209051725|Race/Ethnicity|White
05121|Port Angeles School District|232|205|0.88362069|2020|PREP - Tier 1|Not Enrolled|0.49|0.5493534481|Race/Ethnicity|White
05121|Port Angeles School District|223|189|0.847533632|2019|PREP - Tier 1|2 Year / CTC|0.29|0.24578475328|Race/Ethnicity|White
05121|Port Angeles School District|223|189|0.847533632|2019|PREP - Tier 1|4 Year|0.27|0.22883408064|Race/Ethnicity|White
05121|Port Angeles School District|223|189|0.847533632|2019|PREP - Tier 1|Not Enrolled|0.44|0.52538116608|Race/Ethnicity|White
05121|Port Angeles School District|232|195|0.840517241|2018|PREP - Tier 1|2 Year / CTC|0.28|0.23534482748|Race/Ethnicity|White
05121|Port Angeles School District|232|195|0.840517241|2018|PREP - Tier 1|4 Year|0.26|0.21853448266|Race/Ethnicity|White
05121|Port Angeles School District|232|195|0.840517241|2018|PREP - Tier 1|Not Enrolled|0.45|0.53771551745|Race/Ethnicity|White
05121|Port Angeles School District|237|198|0.835443038|2017|PREP - Tier 1|2 Year / CTC|0.27|0.22556962026|Race/Ethnicity|White
05121|Port Angeles School District|237|198|0.835443038|2017|PREP - Tier 1|4 Year|0.27|0.22556962026|Race/Ethnicity|White
05121|Port Angeles School District|237|198|0.835443038|2017|PREP - Tier 1|Not Enrolled|0.46|0.54886075948|Race/Ethnicity|White
05121|Port Angeles School District|254|213|0.838582677|2016|PREP - Tier 1|2 Year / CTC|0.31|0.25996062987|Race/Ethnicity|White
05121|Port Angeles School District|254|213|0.838582677|2016|PREP - Tier 1|4 Year|0.26|0.21803149602|Race/Ethnicity|White
05121|Port Angeles School District|254|213|0.838582677|2016|PREP - Tier 1|Not Enrolled|0.43|0.52200787411|Race/Ethnicity|White
05121|Port Angeles School District|239|201|0.841004184|2015|PREP - Tier 1|2 Year / CTC|0.34|0.28594142256|Race/Ethnicity|White
05121|Port Angeles School District|239|201|0.841004184|2015|PREP - Tier 1|4 Year|0.26|0.21866108784|Race/Ethnicity|White
05121|Port Angeles School District|239|201|0.841004184|2015|PREP - Tier 1|Not Enrolled|0.41|0.50380753144|Race/Ethnicity|White
05121|Port Angeles School District|228|192|0.842105263|2014|PREP - Tier 1|2 Year / CTC|0.36|0.30315789468|Race/Ethnicity|White
05121|Port Angeles School District|228|192|0.842105263|2014|PREP - Tier 1|4 Year|0.24|0.20210526312|Race/Ethnicity|White
05121|Port Angeles School District|228|192|0.842105263|2014|PREP - Tier 1|Not Enrolled|0.4|0.4947368422|Race/Ethnicity|White
16050|Port Townsend School District|104|92.56|0.89|2020|PREP - Tier 1|2 Year / CTC|0.16|0.1424|All Students|All
16050|Port Townsend School District|104|92.56|0.89|2020|PREP - Tier 1|4 Year|0.27|0.2403|All Students|All
16050|Port Townsend School District|104|92.56|0.89|2020|PREP - Tier 1|Not Enrolled|0.58|0.6262|All Students|All
16050|Port Townsend School District|94|84.6|0.9|2019|PREP - Tier 1|2 Year / CTC|0.23|0.207|All Students|All
16050|Port Townsend School District|94|84.6|0.9|2019|PREP - Tier 1|4 Year|0.32|0.288|All Students|All
16050|Port Townsend School District|94|84.6|0.9|2019|PREP - Tier 1|Not Enrolled|0.45|0.505|All Students|All
16050|Port Townsend School District|91|83.72|0.92|2018|PREP - Tier 1|2 Year / CTC|0.22|0.2024|All Students|All
16050|Port Townsend School District|91|83.72|0.92|2018|PREP - Tier 1|4 Year|0.29|0.2668|All Students|All
16050|Port Townsend School District|91|83.72|0.92|2018|PREP - Tier 1|Not Enrolled|0.49|0.5308|All Students|All
16050|Port Townsend School District|117|96|0.820512821|2017|PREP - Tier 1|2 Year / CTC|0.21|0.17230769241|All Students|All
16050|Port Townsend School District|117|96|0.820512821|2017|PREP - Tier 1|4 Year|0.37|0.30358974377|All Students|All
16050|Port Townsend School District|117|96|0.820512821|2017|PREP - Tier 1|Not Enrolled|0.42|0.52410256382|All Students|All
16050|Port Townsend School District|109|83|0.76146789|2016|PREP - Tier 1|2 Year / CTC|0.23|0.1751376147|All Students|All
16050|Port Townsend School District|109|83|0.76146789|2016|PREP - Tier 1|4 Year|0.37|0.2817431193|All Students|All
16050|Port Townsend School District|109|83|0.76146789|2016|PREP - Tier 1|Not Enrolled|0.4|0.543119266|All Students|All
16050|Port Townsend School District|111|92.019|0.829|2015|PREP - Tier 1|2 Year / CTC|0.22|0.18238|All Students|All
16050|Port Townsend School District|111|92.019|0.829|2015|PREP - Tier 1|4 Year|0.45|0.37305|All Students|All
16050|Port Townsend School District|111|92.019|0.829|2015|PREP - Tier 1|Not Enrolled|0.33|0.44457|All Students|All
16050|Port Townsend School District|125|108.25|0.866|2014|PREP - Tier 1|2 Year / CTC|0.25|0.2165|All Students|All
16050|Port Townsend School District|125|108.25|0.866|2014|PREP - Tier 1|4 Year|0.42|0.36372|All Students|All
16050|Port Townsend School District|125|108.25|0.866|2014|PREP - Tier 1|Not Enrolled|0.33|0.41978|All Students|All
16050|Port Townsend School District|56|51.184|0.914|2020|PREP - Tier 1|2 Year / CTC|0.14|0.12796|Gender|Female
16050|Port Townsend School District|56|51.184|0.914|2020|PREP - Tier 1|4 Year|0.3|0.2742|Gender|Female
16050|Port Townsend School District|56|51.184|0.914|2020|PREP - Tier 1|Not Enrolled|0.57|0.60698|Gender|Female
16050|Port Townsend School District|41|37.72|0.92|2019|PREP - Tier 1|2 Year / CTC|0.24|0.2208|Gender|Female
16050|Port Townsend School District|41|37.72|0.92|2019|PREP - Tier 1|4 Year|0.3|0.276|Gender|Female
16050|Port Townsend School District|41|37.72|0.92|2019|PREP - Tier 1|Not Enrolled|0.45|0.494|Gender|Female
16050|Port Townsend School District|57|52|0.912280702|2018|PREP - Tier 1|2 Year / CTC|0.24|0.21894736848|Gender|Female
16050|Port Townsend School District|57|52|0.912280702|2018|PREP - Tier 1|4 Year|0.41|0.37403508782|Gender|Female
16050|Port Townsend School District|57|52|0.912280702|2018|PREP - Tier 1|Not Enrolled|0.35|0.4070175437|Gender|Female
16050|Port Townsend School District|61|48.19|0.79|2017|PREP - Tier 1|2 Year / CTC|0.22|0.1738|Gender|Female
16050|Port Townsend School District|61|48.19|0.79|2017|PREP - Tier 1|4 Year|0.38|0.3002|Gender|Female
16050|Port Townsend School District|61|48.19|0.79|2017|PREP - Tier 1|Not Enrolled|0.4|0.526|Gender|Female
16050|Port Townsend School District|49|39|0.795918367|2016|PREP - Tier 1|2 Year / CTC|0.23|0.18306122441|Gender|Female
16050|Port Townsend School District|49|39|0.795918367|2016|PREP - Tier 1|4 Year|0.44|0.35020408148|Gender|Female
16050|Port Townsend School District|49|39|0.795918367|2016|PREP - Tier 1|Not Enrolled|0.33|0.46673469411|Gender|Female
16050|Port Townsend School District|50|39|0.78|2015|PREP - Tier 1|2 Year / CTC|0.2|0.156|Gender|Female
16050|Port Townsend School District|50|39|0.78|2015|PREP - Tier 1|4 Year|0.46|0.3588|Gender|Female
16050|Port Townsend School District|50|39|0.78|2015|PREP - Tier 1|Not Enrolled|0.34|0.4852|Gender|Female
16050|Port Townsend School District|59|51.92|0.88|2014|PREP - Tier 1|2 Year / CTC|0.27|0.2376|Gender|Female
16050|Port Townsend School District|59|51.92|0.88|2014|PREP - Tier 1|4 Year|0.44|0.3872|Gender|Female
16050|Port Townsend School District|59|51.92|0.88|2014|PREP - Tier 1|Not Enrolled|0.29|0.3752|Gender|Female
16050|Port Townsend School District|55|46|0.836363636|2020|PREP - Tier 1|2 Year / CTC|0.17|0.14218181812|Gender|Male
16050|Port Townsend School District|55|46|0.836363636|2020|PREP - Tier 1|4 Year|0.24|0.20072727264|Gender|Male
16050|Port Townsend School District|55|46|0.836363636|2020|PREP - Tier 1|Not Enrolled|0.59|0.65709090924|Gender|Male
16050|Port Townsend School District|40|35|0.875|2019|PREP - Tier 1|2 Year / CTC|0.21|0.18375|Gender|Male
16050|Port Townsend School District|40|35|0.875|2019|PREP - Tier 1|4 Year|0.34|0.2975|Gender|Male
16050|Port Townsend School District|40|35|0.875|2019|PREP - Tier 1|Not Enrolled|0.45|0.51875|Gender|Male
16050|Port Townsend School District|48|44.016|0.917|2018|PREP - Tier 1|2 Year / CTC|0.21|0.19257|Gender|Male
16050|Port Townsend School District|48|44.016|0.917|2018|PREP - Tier 1|4 Year|0.13|0.11921|Gender|Male
16050|Port Townsend School District|48|44.016|0.917|2018|PREP - Tier 1|Not Enrolled|0.67|0.69739|Gender|Male
16050|Port Townsend School District|47|39.95|0.85|2017|PREP - Tier 1|2 Year / CTC|0.21|0.1785|Gender|Male
16050|Port Townsend School District|47|39.95|0.85|2017|PREP - Tier 1|4 Year|0.36|0.306|Gender|Male
16050|Port Townsend School District|47|39.95|0.85|2017|PREP - Tier 1|Not Enrolled|0.43|0.5155|Gender|Male
16050|Port Townsend School District|60|44|0.733333333|2016|PREP - Tier 1|2 Year / CTC|0.22|0.16133333326|Gender|Male
16050|Port Townsend School District|60|44|0.733333333|2016|PREP - Tier 1|4 Year|0.31|0.22733333323|Gender|Male
16050|Port Townsend School District|60|44|0.733333333|2016|PREP - Tier 1|Not Enrolled|0.47|0.61133333351|Gender|Male
16050|Port Townsend School District|57|50|0.877192982|2015|PREP - Tier 1|2 Year / CTC|0.25|0.2192982455|Gender|Male
16050|Port Townsend School District|57|50|0.877192982|2015|PREP - Tier 1|4 Year|0.44|0.38596491208|Gender|Male
16050|Port Townsend School District|57|50|0.877192982|2015|PREP - Tier 1|Not Enrolled|0.31|0.39473684242|Gender|Male
16050|Port Townsend School District|64|55|0.859375|2014|PREP - Tier 1|2 Year / CTC|0.24|0.20625|Gender|Male
16050|Port Townsend School District|64|55|0.859375|2014|PREP - Tier 1|4 Year|0.4|0.34375|Gender|Male
16050|Port Townsend School District|64|55|0.859375|2014|PREP - Tier 1|Not Enrolled|0.36|0.45|Gender|Male
16050|Port Townsend School District|47|38|0.808510638|2020|PREP - Tier 1|2 Year / CTC|0.15|0.1212765957|FRPL|FRPL
16050|Port Townsend School District|47|38|0.808510638|2020|PREP - Tier 1|4 Year|0.22|0.17787234036|FRPL|FRPL
16050|Port Townsend School District|47|38|0.808510638|2020|PREP - Tier 1|Not Enrolled|0.63|0.70085106394|FRPL|FRPL
16050|Port Townsend School District|46|40|0.869565217|2019|PREP - Tier 1|2 Year / CTC|0.18|0.15652173906|FRPL|FRPL
16050|Port Townsend School District|46|40|0.869565217|2019|PREP - Tier 1|4 Year|0.26|0.22608695642|FRPL|FRPL
16050|Port Townsend School District|46|40|0.869565217|2019|PREP - Tier 1|Not Enrolled|0.57|0.62608695669|FRPL|FRPL
16050|Port Townsend School District|47|41.83|0.89|2018|PREP - Tier 1|2 Year / CTC|0.17|0.1513|FRPL|FRPL
16050|Port Townsend School District|47|41.83|0.89|2018|PREP - Tier 1|4 Year|0.28|0.2492|FRPL|FRPL
16050|Port Townsend School District|47|41.83|0.89|2018|PREP - Tier 1|Not Enrolled|0.55|0.5995|FRPL|FRPL
16050|Port Townsend School District|63|47|0.746031746|2017|PREP - Tier 1|2 Year / CTC|0.21|0.15666666666|FRPL|FRPL
16050|Port Townsend School District|63|47|0.746031746|2017|PREP - Tier 1|4 Year|0.3|0.2238095238|FRPL|FRPL
16050|Port Townsend School District|63|47|0.746031746|2017|PREP - Tier 1|Not Enrolled|0.49|0.61952380954|FRPL|FRPL
16050|Port Townsend School District|57|39|0.684210526|2016|PREP - Tier 1|2 Year / CTC|0.18|0.12315789468|FRPL|FRPL
16050|Port Townsend School District|57|39|0.684210526|2016|PREP - Tier 1|4 Year|0.31|0.21210526306|FRPL|FRPL
16050|Port Townsend School District|57|39|0.684210526|2016|PREP - Tier 1|Not Enrolled|0.51|0.66473684226|FRPL|FRPL
16050|Port Townsend School District|47|33.84|0.72|2015|PREP - Tier 1|2 Year / CTC|0.23|0.1656|FRPL|FRPL
16050|Port Townsend School District|47|33.84|0.72|2015|PREP - Tier 1|4 Year|0.31|0.2232|FRPL|FRPL
16050|Port Townsend School District|47|33.84|0.72|2015|PREP - Tier 1|Not Enrolled|0.46|0.6112|FRPL|FRPL
16050|Port Townsend School District|47|38.07|0.81|2014|PREP - Tier 1|2 Year / CTC|0.19|0.1539|FRPL|FRPL
16050|Port Townsend School District|47|38.07|0.81|2014|PREP - Tier 1|4 Year|0.26|0.2106|FRPL|FRPL
16050|Port Townsend School District|47|38.07|0.81|2014|PREP - Tier 1|Not Enrolled|0.55|0.6355|FRPL|FRPL
16050|Port Townsend School District|56|52.08|0.93|2020|PREP - Tier 1|2 Year / CTC|0.24|0.2232|FRPL|Not FRPL
16050|Port Townsend School District|56|52.08|0.93|2020|PREP - Tier 1|4 Year|0.35|0.3255|FRPL|Not FRPL
16050|Port Townsend School District|56|52.08|0.93|2020|PREP - Tier 1|Not Enrolled|0.41|0.4513|FRPL|Not FRPL
16050|Port Townsend School District|51|46.053|0.903|2019|PREP - Tier 1|2 Year / CTC|0.25|0.22575|FRPL|Not FRPL
16050|Port Townsend School District|51|46.053|0.903|2019|PREP - Tier 1|4 Year|0.38|0.34314|FRPL|Not FRPL
16050|Port Townsend School District|51|46.053|0.903|2019|PREP - Tier 1|Not Enrolled|0.37|0.43111|FRPL|Not FRPL
16050|Port Townsend School District|44|41.184|0.936|2018|PREP - Tier 1|2 Year / CTC|0.25|0.234|FRPL|Not FRPL
16050|Port Townsend School District|44|41.184|0.936|2018|PREP - Tier 1|4 Year|0.39|0.36504|FRPL|Not FRPL
16050|Port Townsend School District|44|41.184|0.936|2018|PREP - Tier 1|Not Enrolled|0.36|0.40096|FRPL|Not FRPL
16050|Port Townsend School District|63|57.33|0.91|2017|PREP - Tier 1|2 Year / CTC|0.23|0.2093|FRPL|Not FRPL
16050|Port Townsend School District|63|57.33|0.91|2017|PREP - Tier 1|4 Year|0.46|0.4186|FRPL|Not FRPL
16050|Port Townsend School District|63|57.33|0.91|2017|PREP - Tier 1|Not Enrolled|0.32|0.3812|FRPL|Not FRPL
16050|Port Townsend School District|52|44|0.846153846|2016|PREP - Tier 1|2 Year / CTC|0.27|0.22846153842|FRPL|Not FRPL
16050|Port Townsend School District|52|44|0.846153846|2016|PREP - Tier 1|4 Year|0.47|0.39769230762|FRPL|Not FRPL
16050|Port Townsend School District|52|44|0.846153846|2016|PREP - Tier 1|Not Enrolled|0.27|0.38230769242|FRPL|Not FRPL
16050|Port Townsend School District|58|54|0.931034483|2015|PREP - Tier 1|2 Year / CTC|0.2|0.1862068966|FRPL|Not FRPL
16050|Port Townsend School District|58|54|0.931034483|2015|PREP - Tier 1|4 Year|0.51|0.47482758633|FRPL|Not FRPL
16050|Port Townsend School District|58|54|0.931034483|2015|PREP - Tier 1|Not Enrolled|0.29|0.33896551707|FRPL|Not FRPL
16050|Port Townsend School District|64|58|0.90625|2014|PREP - Tier 1|2 Year / CTC|0.19|0.1721875|FRPL|Not FRPL
16050|Port Townsend School District|64|58|0.90625|2014|PREP - Tier 1|4 Year|0.49|0.4440625|FRPL|Not FRPL
16050|Port Townsend School District|64|58|0.90625|2014|PREP - Tier 1|Not Enrolled|0.32|0.38375|FRPL|Not FRPL
16050|Port Townsend School District|74|67|0.905405405|2020|PREP - Tier 1|2 Year / CTC|0.18|0.1629729729|Race/Ethnicity|White
16050|Port Townsend School District|74|67|0.905405405|2020|PREP - Tier 1|4 Year|0.31|0.28067567555|Race/Ethnicity|White
16050|Port Townsend School District|74|67|0.905405405|2020|PREP - Tier 1|Not Enrolled|0.51|0.55635135155|Race/Ethnicity|White
16050|Port Townsend School District|60|55|0.916666667|2019|PREP - Tier 1|2 Year / CTC|0.2|0.1833333334|Race/Ethnicity|White
16050|Port Townsend School District|60|55|0.916666667|2019|PREP - Tier 1|4 Year|0.34|0.31166666678|Race/Ethnicity|White
16050|Port Townsend School District|60|55|0.916666667|2019|PREP - Tier 1|Not Enrolled|0.46|0.50499999982|Race/Ethnicity|White
16050|Port Townsend School District|74|68|0.918918919|2018|PREP - Tier 1|2 Year / CTC|0.2|0.1837837838|Race/Ethnicity|White
16050|Port Townsend School District|74|68|0.918918919|2018|PREP - Tier 1|4 Year|0.35|0.32162162165|Race/Ethnicity|White
16050|Port Townsend School District|74|68|0.918918919|2018|PREP - Tier 1|Not Enrolled|0.45|0.49459459455|Race/Ethnicity|White
16050|Port Townsend School District|101|84|0.831683168|2017|PREP - Tier 1|2 Year / CTC|0.22|0.18297029696|Race/Ethnicity|White
16050|Port Townsend School District|101|84|0.831683168|2017|PREP - Tier 1|4 Year|0.39|0.32435643552|Race/Ethnicity|White
16050|Port Townsend School District|101|84|0.831683168|2017|PREP - Tier 1|Not Enrolled|0.39|0.49267326752|Race/Ethnicity|White
16050|Port Townsend School District|92|74|0.804347826|2016|PREP - Tier 1|2 Year / CTC|0.24|0.19304347824|Race/Ethnicity|White
16050|Port Townsend School District|92|74|0.804347826|2016|PREP - Tier 1|4 Year|0.42|0.33782608692|Race/Ethnicity|White
16050|Port Townsend School District|92|74|0.804347826|2016|PREP - Tier 1|Not Enrolled|0.34|0.46913043484|Race/Ethnicity|White
16050|Port Townsend School District|93|80|0.860215054|2015|PREP - Tier 1|2 Year / CTC|0.21|0.18064516134|Race/Ethnicity|White
16050|Port Townsend School District|93|80|0.860215054|2015|PREP - Tier 1|4 Year|0.45|0.3870967743|Race/Ethnicity|White
16050|Port Townsend School District|93|80|0.860215054|2015|PREP - Tier 1|Not Enrolled|0.34|0.43225806436|Race/Ethnicity|White
16050|Port Townsend School District|92|80|0.869565217|2014|PREP - Tier 1|2 Year / CTC|0.2|0.1739130434|Race/Ethnicity|White
16050|Port Townsend School District|92|80|0.869565217|2014|PREP - Tier 1|4 Year|0.42|0.36521739114|Race/Ethnicity|White
16050|Port Townsend School District|92|80|0.869565217|2014|PREP - Tier 1|Not Enrolled|0.38|0.46086956546|Race/Ethnicity|White
36402|Prescott School District|21|16.38|0.78|2020|United Way of the Blue Mountains|2 Year / CTC|0.39|0.3042|All Students|All
36402|Prescott School District|21|16.38|0.78|2020|United Way of the Blue Mountains|4 Year|0.35|0.273|All Students|All
36402|Prescott School District|21|16.38|0.78|2020|United Way of the Blue Mountains|Not Enrolled|0.27|0.4306|All Students|All
36402|Prescott School District|23|18.952|0.824|2019|United Way of the Blue Mountains|2 Year / CTC|0.52|0.42848|All Students|All
36402|Prescott School District|23|18.952|0.824|2019|United Way of the Blue Mountains|4 Year|0.31|0.25544|All Students|All
36402|Prescott School District|23|18.952|0.824|2019|United Way of the Blue Mountains|Not Enrolled|0.17|0.31608|All Students|All
36402|Prescott School District|17|13.6|0.8|2018|United Way of the Blue Mountains|2 Year / CTC|0.44|0.352|All Students|All
36402|Prescott School District|17|13.6|0.8|2018|United Way of the Blue Mountains|4 Year|0.3|0.24|All Students|All
36402|Prescott School District|17|13.6|0.8|2018|United Way of the Blue Mountains|Not Enrolled|0.26|0.408|All Students|All
36402|Prescott School District|16|12|0.75|2017|United Way of the Blue Mountains|2 Year / CTC|0.49|0.3675|All Students|All
36402|Prescott School District|16|12|0.75|2017|United Way of the Blue Mountains|4 Year|0.22|0.165|All Students|All
36402|Prescott School District|16|12|0.75|2017|United Way of the Blue Mountains|Not Enrolled|0.29|0.4675|All Students|All
36402|Prescott School District|16|13.008|0.813|2016|United Way of the Blue Mountains|2 Year / CTC|0.41|0.33333|All Students|All
36402|Prescott School District|16|13.008|0.813|2016|United Way of the Blue Mountains|4 Year|0.17|0.13821|All Students|All
36402|Prescott School District|16|13.008|0.813|2016|United Way of the Blue Mountains|Not Enrolled|0.41|0.52033|All Students|All
36402|Prescott School District|24|20.4|0.85|2015|United Way of the Blue Mountains|2 Year / CTC|0.48|0.408|All Students|All
36402|Prescott School District|24|20.4|0.85|2015|United Way of the Blue Mountains|4 Year|0.12|0.102|All Students|All
36402|Prescott School District|24|20.4|0.85|2015|United Way of the Blue Mountains|Not Enrolled|0.39|0.4815|All Students|All
36402|Prescott School District|24|20.568|0.857|2014|United Way of the Blue Mountains|2 Year / CTC|0.45|0.38565|All Students|All
36402|Prescott School District|24|20.568|0.857|2014|United Way of the Blue Mountains|4 Year|0.1|0.0857|All Students|All
36402|Prescott School District|24|20.568|0.857|2014|United Way of the Blue Mountains|Not Enrolled|0.45|0.52865|All Students|All
36402|Prescott School District|15|12.63|0.842|2020|United Way of the Blue Mountains|2 Year / CTC|0.4|0.3368|Race/Ethnicity|Hispanic or Latino of any race(s)
36402|Prescott School District|15|12.63|0.842|2020|United Way of the Blue Mountains|4 Year|0.35|0.2947|Race/Ethnicity|Hispanic or Latino of any race(s)
36402|Prescott School District|15|12.63|0.842|2020|United Way of the Blue Mountains|Not Enrolled|0.25|0.3685|Race/Ethnicity|Hispanic or Latino of any race(s)
36402|Prescott School District|19|15.656|0.824|2019|United Way of the Blue Mountains|2 Year / CTC|0.56|0.46144|Race/Ethnicity|Hispanic or Latino of any race(s)
36402|Prescott School District|19|15.656|0.824|2019|United Way of the Blue Mountains|4 Year|0.31|0.25544|Race/Ethnicity|Hispanic or Latino of any race(s)
36402|Prescott School District|19|15.656|0.824|2019|United Way of the Blue Mountains|Not Enrolled|0.13|0.28312|Race/Ethnicity|Hispanic or Latino of any race(s)
36402|Prescott School District|16|12.8|0.8|2018|United Way of the Blue Mountains|2 Year / CTC|0.5|0.4|Race/Ethnicity|Hispanic or Latino of any race(s)
36402|Prescott School District|16|12.8|0.8|2018|United Way of the Blue Mountains|4 Year|0.32|0.256|Race/Ethnicity|Hispanic or Latino of any race(s)
36402|Prescott School District|16|12.8|0.8|2018|United Way of the Blue Mountains|Not Enrolled|0.18|0.344|Race/Ethnicity|Hispanic or Latino of any race(s)
36402|Prescott School District|16|||2017|United Way of the Blue Mountains|2 Year / CTC|0.55||Race/Ethnicity|Hispanic or Latino of any race(s)
36402|Prescott School District|16|||2017|United Way of the Blue Mountains|4 Year|0.24||Race/Ethnicity|Hispanic or Latino of any race(s)
36402|Prescott School District|16|||2017|United Way of the Blue Mountains|Not Enrolled|0.21||Race/Ethnicity|Hispanic or Latino of any race(s)
36402|Prescott School District|12|9.432|0.786|2016|United Way of the Blue Mountains|2 Year / CTC|0.42|0.33012|Race/Ethnicity|Hispanic or Latino of any race(s)
36402|Prescott School District|12|9.432|0.786|2016|United Way of the Blue Mountains|4 Year|0.21|0.16506|Race/Ethnicity|Hispanic or Latino of any race(s)
36402|Prescott School District|12|9.432|0.786|2016|United Way of the Blue Mountains|Not Enrolled|0.37|0.50482|Race/Ethnicity|Hispanic or Latino of any race(s)
36402|Prescott School District|20|16.48|0.824|2015|United Way of the Blue Mountains|2 Year / CTC|0.46|0.37904|Race/Ethnicity|Hispanic or Latino of any race(s)
36402|Prescott School District|20|16.48|0.824|2015|United Way of the Blue Mountains|4 Year|0.15|0.1236|Race/Ethnicity|Hispanic or Latino of any race(s)
36402|Prescott School District|20|16.48|0.824|2015|United Way of the Blue Mountains|Not Enrolled|0.4|0.5056|Race/Ethnicity|Hispanic or Latino of any race(s)
36402|Prescott School District|20|15|0.75|2014|United Way of the Blue Mountains|2 Year / CTC|0.41|0.3075|Race/Ethnicity|Hispanic or Latino of any race(s)
36402|Prescott School District|20|15|0.75|2014|United Way of the Blue Mountains|4 Year|0.1|0.075|Race/Ethnicity|Hispanic or Latino of any race(s)
36402|Prescott School District|20|15|0.75|2014|United Way of the Blue Mountains|Not Enrolled|0.49|0.6175|Race/Ethnicity|Hispanic or Latino of any race(s)
16048|Quilcene School District|27|22.734|0.842|2020|PREP - Tier 1|2 Year / CTC|0.32|0.26944|All Students|All
16048|Quilcene School District|27|22.734|0.842|2020|PREP - Tier 1|4 Year|0.2|0.1684|All Students|All
16048|Quilcene School District|27|22.734|0.842|2020|PREP - Tier 1|Not Enrolled|0.47|0.55374|All Students|All
16048|Quilcene School District|22|18.7|0.85|2019|PREP - Tier 1|2 Year / CTC|0.27|0.2295|All Students|All
16048|Quilcene School District|22|18.7|0.85|2019|PREP - Tier 1|4 Year|0.29|0.2465|All Students|All
16048|Quilcene School District|22|18.7|0.85|2019|PREP - Tier 1|Not Enrolled|0.44|0.524|All Students|All
16048|Quilcene School District|24|20.88|0.87|2018|PREP - Tier 1|2 Year / CTC|0.23|0.2001|All Students|All
16048|Quilcene School District|24|20.88|0.87|2018|PREP - Tier 1|4 Year|0.26|0.2262|All Students|All
16048|Quilcene School District|24|20.88|0.87|2018|PREP - Tier 1|Not Enrolled|0.52|0.5824|All Students|All
16048|Quilcene School District|23|17.71|0.77|2017|PREP - Tier 1|2 Year / CTC|0.2|0.154|All Students|All
16048|Quilcene School District|23|17.71|0.77|2017|PREP - Tier 1|4 Year|0.32|0.2464|All Students|All
16048|Quilcene School District|23|17.71|0.77|2017|PREP - Tier 1|Not Enrolled|0.47|0.5919|All Students|All
16048|Quilcene School District|18|15.84|0.88|2016|PREP - Tier 1|2 Year / CTC|0.25|0.22|All Students|All
16048|Quilcene School District|18|15.84|0.88|2016|PREP - Tier 1|4 Year|0.16|0.1408|All Students|All
16048|Quilcene School District|18|15.84|0.88|2016|PREP - Tier 1|Not Enrolled|0.58|0.6304|All Students|All
16048|Quilcene School District|31|24.18|0.78|2015|PREP - Tier 1|2 Year / CTC|0.23|0.1794|All Students|All
16048|Quilcene School District|31|24.18|0.78|2015|PREP - Tier 1|4 Year|0.19|0.1482|All Students|All
16048|Quilcene School District|31|24.18|0.78|2015|PREP - Tier 1|Not Enrolled|0.58|0.6724|All Students|All
16048|Quilcene School District|20|17|0.85|2014|PREP - Tier 1|2 Year / CTC|0.2|0.17|All Students|All
16048|Quilcene School District|20|17|0.85|2014|PREP - Tier 1|4 Year|0.07|0.0595|All Students|All
16048|Quilcene School District|20|17|0.85|2014|PREP - Tier 1|Not Enrolled|0.73|0.7705|All Students|All
16048|Quilcene School District|13|||2020|PREP - Tier 1|2 Year / CTC|0.31||Gender|Female
16048|Quilcene School District|13|||2020|PREP - Tier 1|4 Year|0.27||Gender|Female
16048|Quilcene School District|13|||2020|PREP - Tier 1|Not Enrolled|0.42||Gender|Female
16048|Quilcene School District|11|||2019|PREP - Tier 1|2 Year / CTC|0.24||Gender|Female
16048|Quilcene School District|11|||2019|PREP - Tier 1|4 Year|0.44||Gender|Female
16048|Quilcene School District|11|||2019|PREP - Tier 1|Not Enrolled|0.32||Gender|Female
16048|Quilcene School District|7|||2018|PREP - Tier 1|2 Year / CTC|0.17||Gender|Female
16048|Quilcene School District|7|||2018|PREP - Tier 1|4 Year|0.34||Gender|Female
16048|Quilcene School District|7|||2018|PREP - Tier 1|Not Enrolled|0.48||Gender|Female
16048|Quilcene School District|10|7.27|0.727|2017|PREP - Tier 1|2 Year / CTC|0.15|0.10905|Gender|Female
16048|Quilcene School District|10|7.27|0.727|2017|PREP - Tier 1|4 Year|0.445|0.323515|Gender|Female
16048|Quilcene School District|10|7.27|0.727|2017|PREP - Tier 1|Not Enrolled|0.445|0.596515|Gender|Female
16048|Quilcene School District|5|3.635|0.727|2016|PREP - Tier 1|2 Year / CTC|0.21|0.15267|Gender|Female
16048|Quilcene School District|5|3.635|0.727|2016|PREP - Tier 1|4 Year|0.21|0.15267|Gender|Female
16048|Quilcene School District|5|3.635|0.727|2016|PREP - Tier 1|Not Enrolled|0.58|0.69466|Gender|Female
16048|Quilcene School District|11|||2015|PREP - Tier 1|2 Year / CTC|0.305||Gender|Female
16048|Quilcene School District|11|||2015|PREP - Tier 1|4 Year|0.1||Gender|Female
16048|Quilcene School District|11|||2015|PREP - Tier 1|Not Enrolled|0.505||Gender|Female
16048|Quilcene School District|9|||2014|PREP - Tier 1|2 Year / CTC|0.1||Gender|Female
16048|Quilcene School District|9|||2014|PREP - Tier 1|4 Year|0.1||Gender|Female
16048|Quilcene School District|9|||2014|PREP - Tier 1|Not Enrolled|0.9||Gender|Female
16048|Quilcene School District|14|9.8|0.7|2020|PREP - Tier 1|2 Year / CTC|0.33|0.231|Gender|Male
16048|Quilcene School District|14|9.8|0.7|2020|PREP - Tier 1|4 Year|0.15|0.105|Gender|Male
16048|Quilcene School District|14|9.8|0.7|2020|PREP - Tier 1|Not Enrolled|0.52|0.664|Gender|Male
16048|Quilcene School District|11|8.459|0.769|2019|PREP - Tier 1|2 Year / CTC|0.3|0.2307|Gender|Male
16048|Quilcene School District|11|8.459|0.769|2019|PREP - Tier 1|4 Year|0.19|0.14611|Gender|Male
16048|Quilcene School District|11|8.459|0.769|2019|PREP - Tier 1|Not Enrolled|0.51|0.62319|Gender|Male
16048|Quilcene School District|17|13.362|0.786|2018|PREP - Tier 1|2 Year / CTC|0.27|0.21222|Gender|Male
16048|Quilcene School District|17|13.362|0.786|2018|PREP - Tier 1|4 Year|0.19|0.14934|Gender|Male
16048|Quilcene School District|17|13.362|0.786|2018|PREP - Tier 1|Not Enrolled|0.54|0.63844|Gender|Male
16048|Quilcene School District|15|11|0.733333333|2017|PREP - Tier 1|2 Year / CTC|0.26|0.19066666658|Gender|Male
16048|Quilcene School District|15|11|0.733333333|2017|PREP - Tier 1|4 Year|0.23|0.16866666659|Gender|Male
16048|Quilcene School District|15|11|0.733333333|2017|PREP - Tier 1|Not Enrolled|0.51|0.64066666683|Gender|Male
16048|Quilcene School District|13|10.218|0.786|2016|PREP - Tier 1|2 Year / CTC|0.29|0.22794|Gender|Male
16048|Quilcene School District|13|10.218|0.786|2016|PREP - Tier 1|4 Year|0.13|0.10218|Gender|Male
16048|Quilcene School District|13|10.218|0.786|2016|PREP - Tier 1|Not Enrolled|0.58|0.66988|Gender|Male
16048|Quilcene School District|20|15|0.75|2015|PREP - Tier 1|2 Year / CTC|0.23|0.1725|Gender|Male
16048|Quilcene School District|20|15|0.75|2015|PREP - Tier 1|4 Year|0.19|0.1425|Gender|Male
16048|Quilcene School District|20|15|0.75|2015|PREP - Tier 1|Not Enrolled|0.58|0.685|Gender|Male
16048|Quilcene School District|11|8.25|0.75|2014|PREP - Tier 1|2 Year / CTC|0.245|0.18375|Gender|Male
16048|Quilcene School District|11|8.25|0.75|2014|PREP - Tier 1|4 Year|0.05|0.0375|Gender|Male
16048|Quilcene School District|11|8.25|0.75|2014|PREP - Tier 1|Not Enrolled|0.645|0.73375|Gender|Male
16048|Quilcene School District|16|11.2|0.7|2020|PREP - Tier 1|2 Year / CTC|0.23|0.161|FRPL|FRPL
16048|Quilcene School District|16|11.2|0.7|2020|PREP - Tier 1|4 Year|0.31|0.217|FRPL|FRPL
16048|Quilcene School District|16|11.2|0.7|2020|PREP - Tier 1|Not Enrolled|0.46|0.622|FRPL|FRPL
16048|Quilcene School District|11|||2019|PREP - Tier 1|2 Year / CTC|0.23||FRPL|FRPL
16048|Quilcene School District|11|||2019|PREP - Tier 1|4 Year|0.31||FRPL|FRPL
16048|Quilcene School District|11|||2019|PREP - Tier 1|Not Enrolled|0.46||FRPL|FRPL
16048|Quilcene School District|10|8.24|0.824|2018|PREP - Tier 1|2 Year / CTC|0.19|0.15656|FRPL|FRPL
16048|Quilcene School District|10|8.24|0.824|2018|PREP - Tier 1|4 Year|0.19|0.15656|FRPL|FRPL
16048|Quilcene School District|10|8.24|0.824|2018|PREP - Tier 1|Not Enrolled|0.62|0.68688|FRPL|FRPL
16048|Quilcene School District|11|7.15|0.65|2017|PREP - Tier 1|2 Year / CTC|0.15|0.0975|FRPL|FRPL
16048|Quilcene School District|11|7.15|0.65|2017|PREP - Tier 1|4 Year|0.245|0.15925|FRPL|FRPL
16048|Quilcene School District|11|7.15|0.65|2017|PREP - Tier 1|Not Enrolled|0.645|0.76925|FRPL|FRPL
16048|Quilcene School District|11|8.459|0.769|2016|PREP - Tier 1|2 Year / CTC|0.305|0.234545|FRPL|FRPL
16048|Quilcene School District|11|8.459|0.769|2016|PREP - Tier 1|4 Year|0.1|0.0769|FRPL|FRPL
16048|Quilcene School District|11|8.459|0.769|2016|PREP - Tier 1|Not Enrolled|0.705|0.773145|FRPL|FRPL
16048|Quilcene School District|14|||2015|PREP - Tier 1|2 Year / CTC|0.1||FRPL|FRPL
16048|Quilcene School District|14|||2015|PREP - Tier 1|4 Year|0.1||FRPL|FRPL
16048|Quilcene School District|14|||2015|PREP - Tier 1|Not Enrolled|0.705||FRPL|FRPL
16048|Quilcene School District|7|5.383|0.769|2014|PREP - Tier 1|2 Year / CTC|0.15|0.11535|FRPL|FRPL
16048|Quilcene School District|7|5.383|0.769|2014|PREP - Tier 1|4 Year|0.05|0.03845|FRPL|FRPL
16048|Quilcene School District|7|5.383|0.769|2014|PREP - Tier 1|Not Enrolled|0.745|0.803905|FRPL|FRPL
16048|Quilcene School District|11|||2020|PREP - Tier 1|2 Year / CTC|0.39||FRPL|Not FRPL
16048|Quilcene School District|11|||2020|PREP - Tier 1|4 Year|0.12||FRPL|Not FRPL
16048|Quilcene School District|11|||2020|PREP - Tier 1|Not Enrolled|0.48||FRPL|Not FRPL
16048|Quilcene School District|11|8.459|0.769|2019|PREP - Tier 1|2 Year / CTC|0.31|0.23839|FRPL|Not FRPL
16048|Quilcene School District|11|8.459|0.769|2019|PREP - Tier 1|4 Year|0.28|0.21532|FRPL|Not FRPL
16048|Quilcene School District|11|8.459|0.769|2019|PREP - Tier 1|Not Enrolled|0.42|0.55398|FRPL|Not FRPL
16048|Quilcene School District|14|||2018|PREP - Tier 1|2 Year / CTC|0.25||FRPL|Not FRPL
16048|Quilcene School District|14|||2018|PREP - Tier 1|4 Year|0.3||FRPL|Not FRPL
16048|Quilcene School District|14|||2018|PREP - Tier 1|Not Enrolled|0.45||FRPL|Not FRPL
16048|Quilcene School District|12|||2017|PREP - Tier 1|2 Year / CTC|0.24||FRPL|Not FRPL
16048|Quilcene School District|12|||2017|PREP - Tier 1|4 Year|0.37||FRPL|Not FRPL
16048|Quilcene School District|12|||2017|PREP - Tier 1|Not Enrolled|0.39||FRPL|Not FRPL
16048|Quilcene School District|7|5.25|0.75|2016|PREP - Tier 1|2 Year / CTC|0.28|0.21|FRPL|Not FRPL
16048|Quilcene School District|7|5.25|0.75|2016|PREP - Tier 1|4 Year|0.19|0.1425|FRPL|Not FRPL
16048|Quilcene School District|7|5.25|0.75|2016|PREP - Tier 1|Not Enrolled|0.53|0.6475|FRPL|Not FRPL
16048|Quilcene School District|17|||2015|PREP - Tier 1|2 Year / CTC|0.27||FRPL|Not FRPL
16048|Quilcene School District|17|||2015|PREP - Tier 1|4 Year|0.19||FRPL|Not FRPL
16048|Quilcene School District|17|||2015|PREP - Tier 1|Not Enrolled|0.54||FRPL|Not FRPL
16048|Quilcene School District|13|||2014|PREP - Tier 1|2 Year / CTC|0.245||FRPL|Not FRPL
16048|Quilcene School District|13|||2014|PREP - Tier 1|4 Year|0.05||FRPL|Not FRPL
16048|Quilcene School District|13|||2014|PREP - Tier 1|Not Enrolled|0.645||FRPL|Not FRPL
16048|Quilcene School District|22|17.886|0.813|2020|PREP - Tier 1|2 Year / CTC|0.35|0.28455|Race/Ethnicity|White
16048|Quilcene School District|22|17.886|0.813|2020|PREP - Tier 1|4 Year|0.17|0.13821|Race/Ethnicity|White
16048|Quilcene School District|22|17.886|0.813|2020|PREP - Tier 1|Not Enrolled|0.48|0.57724|Race/Ethnicity|White
16048|Quilcene School District|17|14.45|0.85|2019|PREP - Tier 1|2 Year / CTC|0.3|0.255|Race/Ethnicity|White
16048|Quilcene School District|17|14.45|0.85|2019|PREP - Tier 1|4 Year|0.27|0.2295|Race/Ethnicity|White
16048|Quilcene School District|17|14.45|0.85|2019|PREP - Tier 1|Not Enrolled|0.43|0.5155|Race/Ethnicity|White
16048|Quilcene School District|22|18.7|0.85|2018|PREP - Tier 1|2 Year / CTC|0.23|0.1955|Race/Ethnicity|White
16048|Quilcene School District|22|18.7|0.85|2018|PREP - Tier 1|4 Year|0.25|0.2125|Race/Ethnicity|White
16048|Quilcene School District|22|18.7|0.85|2018|PREP - Tier 1|Not Enrolled|0.52|0.592|Race/Ethnicity|White
16048|Quilcene School District|19|15.39|0.81|2017|PREP - Tier 1|2 Year / CTC|0.21|0.1701|Race/Ethnicity|White
16048|Quilcene School District|19|15.39|0.81|2017|PREP - Tier 1|4 Year|0.29|0.2349|Race/Ethnicity|White
16048|Quilcene School District|19|15.39|0.81|2017|PREP - Tier 1|Not Enrolled|0.5|0.595|Race/Ethnicity|White
16048|Quilcene School District|15|13.125|0.875|2016|PREP - Tier 1|2 Year / CTC|0.25|0.21875|Race/Ethnicity|White
16048|Quilcene School District|15|13.125|0.875|2016|PREP - Tier 1|4 Year|0.14|0.1225|Race/Ethnicity|White
16048|Quilcene School District|15|13.125|0.875|2016|PREP - Tier 1|Not Enrolled|0.61|0.65875|Race/Ethnicity|White
16048|Quilcene School District|27|20.763|0.769|2015|PREP - Tier 1|2 Year / CTC|0.24|0.18456|Race/Ethnicity|White
16048|Quilcene School District|27|20.763|0.769|2015|PREP - Tier 1|4 Year|0.13|0.09997|Race/Ethnicity|White
16048|Quilcene School District|27|20.763|0.769|2015|PREP - Tier 1|Not Enrolled|0.63|0.71547|Race/Ethnicity|White
16048|Quilcene School District|16|13.472|0.842|2014|PREP - Tier 1|2 Year / CTC|0.17|0.14314|Race/Ethnicity|White
16048|Quilcene School District|16|13.472|0.842|2014|PREP - Tier 1|4 Year|0.075|0.06315|Race/Ethnicity|White
16048|Quilcene School District|16|13.472|0.842|2014|PREP - Tier 1|Not Enrolled|0.77|0.80634|Race/Ethnicity|White
05323|Sequim School District|225|196.2|0.872|2020|PREP - Tier 1|2 Year / CTC|0.22|0.19184|All Students|All
05323|Sequim School District|225|196.2|0.872|2020|PREP - Tier 1|4 Year|0.25|0.218|All Students|All
05323|Sequim School District|225|196.2|0.872|2020|PREP - Tier 1|Not Enrolled|0.53|0.59016|All Students|All
05323|Sequim School District|211|191.377|0.907|2019|PREP - Tier 1|2 Year / CTC|0.23|0.20861|All Students|All
05323|Sequim School District|211|191.377|0.907|2019|PREP - Tier 1|4 Year|0.37|0.33559|All Students|All
05323|Sequim School District|211|191.377|0.907|2019|PREP - Tier 1|Not Enrolled|0.4|0.4558|All Students|All
05323|Sequim School District|199|180|0.904522613|2018|PREP - Tier 1|2 Year / CTC|0.3|0.2713567839|All Students|All
05323|Sequim School District|199|180|0.904522613|2018|PREP - Tier 1|4 Year|0.3|0.2713567839|All Students|All
05323|Sequim School District|199|180|0.904522613|2018|PREP - Tier 1|Not Enrolled|0.39|0.44824120607|All Students|All
05323|Sequim School District|219|197.319|0.901|2017|PREP - Tier 1|2 Year / CTC|0.29|0.26129|All Students|All
05323|Sequim School District|219|197.319|0.901|2017|PREP - Tier 1|4 Year|0.29|0.26129|All Students|All
05323|Sequim School District|219|197.319|0.901|2017|PREP - Tier 1|Not Enrolled|0.42|0.47742|All Students|All
05323|Sequim School District|243|219|0.901234568|2016|PREP - Tier 1|2 Year / CTC|0.23|0.20728395064|All Students|All
05323|Sequim School District|243|219|0.901234568|2016|PREP - Tier 1|4 Year|0.23|0.20728395064|All Students|All
05323|Sequim School District|243|219|0.901234568|2016|PREP - Tier 1|Not Enrolled|0.54|0.58543209872|All Students|All
05323|Sequim School District|248|219|0.883064516|2015|PREP - Tier 1|2 Year / CTC|0.26|0.22959677416|All Students|All
05323|Sequim School District|248|219|0.883064516|2015|PREP - Tier 1|4 Year|0.31|0.27374999996|All Students|All
05323|Sequim School District|248|219|0.883064516|2015|PREP - Tier 1|Not Enrolled|0.43|0.49665322588|All Students|All
05323|Sequim School District|220|185|0.840909091|2014|PREP - Tier 1|2 Year / CTC|0.38|0.31954545458|All Students|All
05323|Sequim School District|220|185|0.840909091|2014|PREP - Tier 1|4 Year|0.29|0.24386363639|All Students|All
05323|Sequim School District|220|185|0.840909091|2014|PREP - Tier 1|Not Enrolled|0.33|0.43659090903|All Students|All
05323|Sequim School District|101|89|0.881188119|2020|PREP - Tier 1|2 Year / CTC|0.25|0.22029702975|Gender|Female
05323|Sequim School District|101|89|0.881188119|2020|PREP - Tier 1|4 Year|0.32|0.28198019808|Gender|Female
05323|Sequim School District|101|89|0.881188119|2020|PREP - Tier 1|Not Enrolled|0.43|0.49772277217|Gender|Female
05323|Sequim School District|106|99.958|0.943|2019|PREP - Tier 1|2 Year / CTC|0.29|0.27347|Gender|Female
05323|Sequim School District|106|99.958|0.943|2019|PREP - Tier 1|4 Year|0.38|0.35834|Gender|Female
05323|Sequim School District|106|99.958|0.943|2019|PREP - Tier 1|Not Enrolled|0.33|0.36819|Gender|Female
05323|Sequim School District|115|105.8|0.92|2018|PREP - Tier 1|2 Year / CTC|0.28|0.2576|Gender|Female
05323|Sequim School District|115|105.8|0.92|2018|PREP - Tier 1|4 Year|0.36|0.3312|Gender|Female
05323|Sequim School District|115|105.8|0.92|2018|PREP - Tier 1|Not Enrolled|0.36|0.4112|Gender|Female
05323|Sequim School District|134|123|0.917910448|2017|PREP - Tier 1|2 Year / CTC|0.31|0.28455223888|Gender|Female
05323|Sequim School District|134|123|0.917910448|2017|PREP - Tier 1|4 Year|0.34|0.31208955232|Gender|Female
05323|Sequim School District|134|123|0.917910448|2017|PREP - Tier 1|Not Enrolled|0.36|0.41253731328|Gender|Female
05323|Sequim School District|143|128.7|0.9|2016|PREP - Tier 1|2 Year / CTC|0.25|0.225|Gender|Female
05323|Sequim School District|143|128.7|0.9|2016|PREP - Tier 1|4 Year|0.25|0.225|Gender|Female
05323|Sequim School District|143|128.7|0.9|2016|PREP - Tier 1|Not Enrolled|0.5|0.55|Gender|Female
05323|Sequim School District|121|112.772|0.932|2015|PREP - Tier 1|2 Year / CTC|0.24|0.22368|Gender|Female
05323|Sequim School District|121|112.772|0.932|2015|PREP - Tier 1|4 Year|0.37|0.34484|Gender|Female
05323|Sequim School District|121|112.772|0.932|2015|PREP - Tier 1|Not Enrolled|0.4|0.4408|Gender|Female
05323|Sequim School District|139|125.795|0.905|2014|PREP - Tier 1|2 Year / CTC|0.42|0.3801|Gender|Female
05323|Sequim School District|139|125.795|0.905|2014|PREP - Tier 1|4 Year|0.32|0.2896|Gender|Female
05323|Sequim School District|139|125.795|0.905|2014|PREP - Tier 1|Not Enrolled|0.26|0.3303|Gender|Female
05323|Sequim School District|117|100.62|0.86|2020|PREP - Tier 1|2 Year / CTC|0.2|0.172|Gender|Male
05323|Sequim School District|117|100.62|0.86|2020|PREP - Tier 1|4 Year|0.18|0.1548|Gender|Male
05323|Sequim School District|117|100.62|0.86|2020|PREP - Tier 1|Not Enrolled|0.62|0.6732|Gender|Male
05323|Sequim School District|105|91.77|0.874|2019|PREP - Tier 1|2 Year / CTC|0.16|0.13984|Gender|Male
05323|Sequim School District|105|91.77|0.874|2019|PREP - Tier 1|4 Year|0.36|0.31464|Gender|Male
05323|Sequim School District|105|91.77|0.874|2019|PREP - Tier 1|Not Enrolled|0.47|0.53678|Gender|Male
05323|Sequim School District|99|88|0.888888889|2018|PREP - Tier 1|2 Year / CTC|0.33|0.29333333337|Gender|Male
05323|Sequim School District|99|88|0.888888889|2018|PREP - Tier 1|4 Year|0.25|0.22222222225|Gender|Male
05323|Sequim School District|99|88|0.888888889|2018|PREP - Tier 1|Not Enrolled|0.42|0.48444444438|Gender|Male
05323|Sequim School District|108|95.364|0.883|2017|PREP - Tier 1|2 Year / CTC|0.28|0.24724|Gender|Male
05323|Sequim School District|108|95.364|0.883|2017|PREP - Tier 1|4 Year|0.24|0.21192|Gender|Male
05323|Sequim School District|108|95.364|0.883|2017|PREP - Tier 1|Not Enrolled|0.48|0.54084|Gender|Male
05323|Sequim School District|140|126.28|0.902|2016|PREP - Tier 1|2 Year / CTC|0.22|0.19844|Gender|Male
05323|Sequim School District|140|126.28|0.902|2016|PREP - Tier 1|4 Year|0.21|0.18942|Gender|Male
05323|Sequim School District|140|126.28|0.902|2016|PREP - Tier 1|Not Enrolled|0.57|0.61214|Gender|Male
05323|Sequim School District|131|110|0.839694656|2015|PREP - Tier 1|2 Year / CTC|0.29|0.24351145024|Gender|Male
05323|Sequim School District|131|110|0.839694656|2015|PREP - Tier 1|4 Year|0.25|0.209923664|Gender|Male
05323|Sequim School District|131|110|0.839694656|2015|PREP - Tier 1|Not Enrolled|0.46|0.54656488576|Gender|Male
05323|Sequim School District|115|90|0.782608696|2014|PREP - Tier 1|2 Year / CTC|0.34|0.26608695664|Gender|Male
05323|Sequim School District|115|90|0.782608696|2014|PREP - Tier 1|4 Year|0.26|0.20347826096|Gender|Male
05323|Sequim School District|115|90|0.782608696|2014|PREP - Tier 1|Not Enrolled|0.4|0.5304347824|Gender|Male
05323|Sequim School District|98|79|0.806122449|2020|PREP - Tier 1|2 Year / CTC|0.17|0.13704081633|FRPL|FRPL
05323|Sequim School District|98|79|0.806122449|2020|PREP - Tier 1|4 Year|0.12|0.09673469388|FRPL|FRPL
05323|Sequim School District|98|79|0.806122449|2020|PREP - Tier 1|Not Enrolled|0.71|0.76622448979|FRPL|FRPL
05323|Sequim School District|80|71.36|0.892|2019|PREP - Tier 1|2 Year / CTC|0.23|0.20516|FRPL|FRPL
05323|Sequim School District|80|71.36|0.892|2019|PREP - Tier 1|4 Year|0.2|0.1784|FRPL|FRPL
05323|Sequim School District|80|71.36|0.892|2019|PREP - Tier 1|Not Enrolled|0.57|0.61644|FRPL|FRPL
05323|Sequim School District|93|82.77|0.89|2018|PREP - Tier 1|2 Year / CTC|0.24|0.2136|FRPL|FRPL
05323|Sequim School District|93|82.77|0.89|2018|PREP - Tier 1|4 Year|0.17|0.1513|FRPL|FRPL
05323|Sequim School District|93|82.77|0.89|2018|PREP - Tier 1|Not Enrolled|0.59|0.6351|FRPL|FRPL
05323|Sequim School District|142|119|0.838028169|2017|PREP - Tier 1|2 Year / CTC|0.26|0.21788732394|FRPL|FRPL
05323|Sequim School District|142|119|0.838028169|2017|PREP - Tier 1|4 Year|0.22|0.18436619718|FRPL|FRPL
05323|Sequim School District|142|119|0.838028169|2017|PREP - Tier 1|Not Enrolled|0.53|0.60612676057|FRPL|FRPL
05323|Sequim School District|121|101|0.834710744|2016|PREP - Tier 1|2 Year / CTC|0.21|0.17528925624|FRPL|FRPL
05323|Sequim School District|121|101|0.834710744|2016|PREP - Tier 1|4 Year|0.15|0.1252066116|FRPL|FRPL
05323|Sequim School District|121|101|0.834710744|2016|PREP - Tier 1|Not Enrolled|0.64|0.69950413216|FRPL|FRPL
05323|Sequim School District|106|86.496|0.816|2015|PREP - Tier 1|2 Year / CTC|0.23|0.18768|FRPL|FRPL
05323|Sequim School District|106|86.496|0.816|2015|PREP - Tier 1|4 Year|0.17|0.13872|FRPL|FRPL
05323|Sequim School District|106|86.496|0.816|2015|PREP - Tier 1|Not Enrolled|0.61|0.68176|FRPL|FRPL
05323|Sequim School District|118|91|0.771186441|2014|PREP - Tier 1|2 Year / CTC|0.45|0.34703389845|FRPL|FRPL
05323|Sequim School District|118|91|0.771186441|2014|PREP - Tier 1|4 Year|0.21|0.16194915261|FRPL|FRPL
05323|Sequim School District|118|91|0.771186441|2014|PREP - Tier 1|Not Enrolled|0.34|0.49101694894|FRPL|FRPL
05323|Sequim School District|135|126.9|0.94|2020|PREP - Tier 1|2 Year / CTC|0.25|0.235|FRPL|Not FRPL
05323|Sequim School District|135|126.9|0.94|2020|PREP - Tier 1|4 Year|0.31|0.2914|FRPL|Not FRPL
05323|Sequim School District|135|126.9|0.94|2020|PREP - Tier 1|Not Enrolled|0.44|0.4736|FRPL|Not FRPL
05323|Sequim School District|114|105|0.921052632|2019|PREP - Tier 1|2 Year / CTC|0.24|0.22105263168|FRPL|Not FRPL
05323|Sequim School District|114|105|0.921052632|2019|PREP - Tier 1|4 Year|0.45|0.4144736844|FRPL|Not FRPL
05323|Sequim School District|114|105|0.921052632|2019|PREP - Tier 1|Not Enrolled|0.31|0.36447368392|FRPL|Not FRPL
05323|Sequim School District|102|94|0.921568627|2018|PREP - Tier 1|2 Year / CTC|0.34|0.31333333318|FRPL|Not FRPL
05323|Sequim School District|102|94|0.921568627|2018|PREP - Tier 1|4 Year|0.38|0.35019607826|FRPL|Not FRPL
05323|Sequim School District|102|94|0.921568627|2018|PREP - Tier 1|Not Enrolled|0.28|0.33647058856|FRPL|Not FRPL
05323|Sequim School District|139|135.525|0.975|2017|PREP - Tier 1|2 Year / CTC|0.31|0.30225|FRPL|Not FRPL
05323|Sequim School District|139|135.525|0.975|2017|PREP - Tier 1|4 Year|0.33|0.32175|FRPL|Not FRPL
05323|Sequim School District|139|135.525|0.975|2017|PREP - Tier 1|Not Enrolled|0.36|0.376|FRPL|Not FRPL
05323|Sequim School District|164|158.588|0.967|2016|PREP - Tier 1|2 Year / CTC|0.25|0.24175|FRPL|Not FRPL
05323|Sequim School District|164|158.588|0.967|2016|PREP - Tier 1|4 Year|0.28|0.27076|FRPL|Not FRPL
05323|Sequim School District|164|158.588|0.967|2016|PREP - Tier 1|Not Enrolled|0.47|0.48749|FRPL|Not FRPL
05323|Sequim School District|134|126|0.940298507|2015|PREP - Tier 1|2 Year / CTC|0.28|0.26328358196|FRPL|Not FRPL
05323|Sequim School District|134|126|0.940298507|2015|PREP - Tier 1|4 Year|0.38|0.35731343266|FRPL|Not FRPL
05323|Sequim School District|134|126|0.940298507|2015|PREP - Tier 1|Not Enrolled|0.34|0.37940298538|FRPL|Not FRPL
05323|Sequim School District|176|162.272|0.922|2014|PREP - Tier 1|2 Year / CTC|0.34|0.31348|FRPL|Not FRPL
05323|Sequim School District|176|162.272|0.922|2014|PREP - Tier 1|4 Year|0.33|0.30426|FRPL|Not FRPL
05323|Sequim School District|176|162.272|0.922|2014|PREP - Tier 1|Not Enrolled|0.32|0.37304|FRPL|Not FRPL
05323|Sequim School District|23|17|0.739130435|2020|PREP - Tier 1|2 Year / CTC|0.2|0.147826087|Race/Ethnicity|Hispanic or Latino of any race(s)
05323|Sequim School District|23|17|0.739130435|2020|PREP - Tier 1|4 Year|0.3|0.2217391305|Race/Ethnicity|Hispanic or Latino of any race(s)
05323|Sequim School District|23|17|0.739130435|2020|PREP - Tier 1|Not Enrolled|0.5|0.6304347825|Race/Ethnicity|Hispanic or Latino of any race(s)
05323|Sequim School District|29|26|0.896551724|2019|PREP - Tier 1|2 Year / CTC|0.34|0.30482758616|Race/Ethnicity|Hispanic or Latino of any race(s)
05323|Sequim School District|29|26|0.896551724|2019|PREP - Tier 1|4 Year|0.27|0.24206896548|Race/Ethnicity|Hispanic or Latino of any race(s)
05323|Sequim School District|29|26|0.896551724|2019|PREP - Tier 1|Not Enrolled|0.39|0.45310344836|Race/Ethnicity|Hispanic or Latino of any race(s)
05323|Sequim School District|27|22.491|0.833|2018|PREP - Tier 1|2 Year / CTC|0.36|0.29988|Race/Ethnicity|Hispanic or Latino of any race(s)
05323|Sequim School District|27|22.491|0.833|2018|PREP - Tier 1|4 Year|0.19|0.15827|Race/Ethnicity|Hispanic or Latino of any race(s)
05323|Sequim School District|27|22.491|0.833|2018|PREP - Tier 1|Not Enrolled|0.45|0.54185|Race/Ethnicity|Hispanic or Latino of any race(s)
05323|Sequim School District|23|19|0.826086957|2017|PREP - Tier 1|2 Year / CTC|0.33|0.27260869581|Race/Ethnicity|Hispanic or Latino of any race(s)
05323|Sequim School District|23|19|0.826086957|2017|PREP - Tier 1|4 Year|0.16|0.13217391312|Race/Ethnicity|Hispanic or Latino of any race(s)
05323|Sequim School District|23|19|0.826086957|2017|PREP - Tier 1|Not Enrolled|0.51|0.59521739107|Race/Ethnicity|Hispanic or Latino of any race(s)
05323|Sequim School District|22|18.326|0.833|2016|PREP - Tier 1|2 Year / CTC|0.38|0.31654|Race/Ethnicity|Hispanic or Latino of any race(s)
05323|Sequim School District|22|18.326|0.833|2016|PREP - Tier 1|4 Year|0.2|0.1666|Race/Ethnicity|Hispanic or Latino of any race(s)
05323|Sequim School District|22|18.326|0.833|2016|PREP - Tier 1|Not Enrolled|0.42|0.51686|Race/Ethnicity|Hispanic or Latino of any race(s)
05323|Sequim School District|19|17.537|0.923|2015|PREP - Tier 1|2 Year / CTC|0.37|0.34151|Race/Ethnicity|Hispanic or Latino of any race(s)
05323|Sequim School District|19|17.537|0.923|2015|PREP - Tier 1|4 Year|0.24|0.22152|Race/Ethnicity|Hispanic or Latino of any race(s)
05323|Sequim School District|19|17.537|0.923|2015|PREP - Tier 1|Not Enrolled|0.39|0.43697|Race/Ethnicity|Hispanic or Latino of any race(s)
05323|Sequim School District|34|29|0.852941176|2014|PREP - Tier 1|2 Year / CTC|0.48|0.40941176448|Race/Ethnicity|Hispanic or Latino of any race(s)
05323|Sequim School District|34|29|0.852941176|2014|PREP - Tier 1|4 Year|0.24|0.20470588224|Race/Ethnicity|Hispanic or Latino of any race(s)
05323|Sequim School District|34|29|0.852941176|2014|PREP - Tier 1|Not Enrolled|0.27|0.37735294152|Race/Ethnicity|Hispanic or Latino of any race(s)
05323|Sequim School District|152|136|0.894736842|2020|PREP - Tier 1|2 Year / CTC|0.28|0.25052631576|Race/Ethnicity|White
05323|Sequim School District|152|136|0.894736842|2020|PREP - Tier 1|4 Year|0.3|0.2684210526|Race/Ethnicity|White
05323|Sequim School District|152|136|0.894736842|2020|PREP - Tier 1|Not Enrolled|0.43|0.49000000006|Race/Ethnicity|White
05323|Sequim School District|152|136|0.894736842|2019|PREP - Tier 1|2 Year / CTC|0.29|0.25947368418|Race/Ethnicity|White
05323|Sequim School District|152|136|0.894736842|2019|PREP - Tier 1|4 Year|0.32|0.28631578944|Race/Ethnicity|White
05323|Sequim School District|152|136|0.894736842|2019|PREP - Tier 1|Not Enrolled|0.4|0.4631578948|Race/Ethnicity|White
05323|Sequim School District|151|136|0.900662252|2018|PREP - Tier 1|2 Year / CTC|0.27|0.24317880804|Race/Ethnicity|White
05323|Sequim School District|151|136|0.900662252|2018|PREP - Tier 1|4 Year|0.27|0.24317880804|Race/Ethnicity|White
05323|Sequim School District|151|136|0.900662252|2018|PREP - Tier 1|Not Enrolled|0.46|0.51364238392|Race/Ethnicity|White
05323|Sequim School District|208|188|0.903846154|2017|PREP - Tier 1|2 Year / CTC|0.26|0.23500000004|Race/Ethnicity|White
05323|Sequim School District|208|188|0.903846154|2017|PREP - Tier 1|4 Year|0.27|0.24403846158|Race/Ethnicity|White
05323|Sequim School District|208|188|0.903846154|2017|PREP - Tier 1|Not Enrolled|0.46|0.51192307684|Race/Ethnicity|White
05323|Sequim School District|198|178|0.898989899|2016|PREP - Tier 1|2 Year / CTC|0.27|0.24272727273|Race/Ethnicity|White
05323|Sequim School District|198|178|0.898989899|2016|PREP - Tier 1|4 Year|0.26|0.23373737374|Race/Ethnicity|White
05323|Sequim School District|198|178|0.898989899|2016|PREP - Tier 1|Not Enrolled|0.46|0.51454545454|Race/Ethnicity|White
05323|Sequim School District|175|153|0.874285714|2015|PREP - Tier 1|2 Year / CTC|0.3|0.2622857142|Race/Ethnicity|White
05323|Sequim School District|175|153|0.874285714|2015|PREP - Tier 1|4 Year|0.3|0.2622857142|Race/Ethnicity|White
05323|Sequim School District|175|153|0.874285714|2015|PREP - Tier 1|Not Enrolled|0.4|0.4754285716|Race/Ethnicity|White
05323|Sequim School District|152|130|0.855263158|2014|PREP - Tier 1|2 Year / CTC|0.3|0.2565789474|Race/Ethnicity|White
05323|Sequim School District|152|130|0.855263158|2014|PREP - Tier 1|4 Year|0.33|0.28223684214|Race/Ethnicity|White
05323|Sequim School District|152|130|0.855263158|2014|PREP - Tier 1|Not Enrolled|0.37|0.46118421046|Race/Ethnicity|White
18402|South Kitsap School District|827|736.857|0.891|2020|PREP - Tier 2|2 Year / CTC|0.19|0.16929|Section 504|Not Section 504
18402|South Kitsap School District|827|736.857|0.891|2020|PREP - Tier 2|4 Year|0.25|0.22275|Section 504|Not Section 504
18402|South Kitsap School District|827|736.857|0.891|2020|PREP - Tier 2|Not Enrolled|0.57|0.61687|Section 504|Not Section 504
18402|South Kitsap School District|747|664.083|0.889|2019|PREP - Tier 2|2 Year / CTC|0.22|0.19558|Section 504|Not Section 504
18402|South Kitsap School District|747|664.083|0.889|2019|PREP - Tier 2|4 Year|0.24|0.21336|Section 504|Not Section 504
18402|South Kitsap School District|747|664.083|0.889|2019|PREP - Tier 2|Not Enrolled|0.54|0.59106|Section 504|Not Section 504
18402|South Kitsap School District|812|686.952|0.846|2018|PREP - Tier 2|2 Year / CTC|0.24|0.20304|Section 504|Not Section 504
18402|South Kitsap School District|812|686.952|0.846|2018|PREP - Tier 2|4 Year|0.21|0.17766|Section 504|Not Section 504
18402|South Kitsap School District|812|686.952|0.846|2018|PREP - Tier 2|Not Enrolled|0.55|0.6193|Section 504|Not Section 504
18402|South Kitsap School District|767|660.387|0.861|2017|PREP - Tier 2|2 Year / CTC|0.27|0.23247|Section 504|Not Section 504
18402|South Kitsap School District|767|660.387|0.861|2017|PREP - Tier 2|4 Year|0.21|0.18081|Section 504|Not Section 504
18402|South Kitsap School District|767|660.387|0.861|2017|PREP - Tier 2|Not Enrolled|0.52|0.58672|Section 504|Not Section 504
18402|South Kitsap School District|760|642.2|0.845|2016|PREP - Tier 2|2 Year / CTC|0.28|0.2366|Section 504|Not Section 504
18402|South Kitsap School District|760|642.2|0.845|2016|PREP - Tier 2|4 Year|0.21|0.17745|Section 504|Not Section 504
18402|South Kitsap School District|760|642.2|0.845|2016|PREP - Tier 2|Not Enrolled|0.51|0.58595|Section 504|Not Section 504
18402|South Kitsap School District|793|663.741|0.837|2015|PREP - Tier 2|2 Year / CTC|0.3|0.2511|Section 504|Not Section 504
18402|South Kitsap School District|793|663.741|0.837|2015|PREP - Tier 2|4 Year|0.22|0.18414|Section 504|Not Section 504
18402|South Kitsap School District|793|663.741|0.837|2015|PREP - Tier 2|Not Enrolled|0.49|0.57313|Section 504|Not Section 504
18402|South Kitsap School District|725|596|0.822068966|2014|PREP - Tier 2|2 Year / CTC|0.31|0.25484137946|Section 504|Not Section 504
18402|South Kitsap School District|725|596|0.822068966|2014|PREP - Tier 2|4 Year|0.21|0.17263448286|Section 504|Not Section 504
18402|South Kitsap School District|725|596|0.822068966|2014|PREP - Tier 2|Not Enrolled|0.48|0.57252413768|Section 504|Not Section 504
18402|South Kitsap School District|83|72.21|0.87|2020|PREP - Tier 2|2 Year / CTC|0.31|0.2697|Section 504|Section 504
18402|South Kitsap School District|83|72.21|0.87|2020|PREP - Tier 2|4 Year|0.16|0.1392|Section 504|Section 504
18402|South Kitsap School District|83|72.21|0.87|2020|PREP - Tier 2|Not Enrolled|0.54|0.5998|Section 504|Section 504
18402|South Kitsap School District|40|36.8|0.92|2019|PREP - Tier 2|2 Year / CTC|0.34|0.3128|Section 504|Section 504
18402|South Kitsap School District|40|36.8|0.92|2019|PREP - Tier 2|4 Year|0.15|0.138|Section 504|Section 504
18402|South Kitsap School District|40|36.8|0.92|2019|PREP - Tier 2|Not Enrolled|0.51|0.5492|Section 504|Section 504
18402|South Kitsap School District|57|49.59|0.87|2018|PREP - Tier 2|2 Year / CTC|0.35|0.3045|Section 504|Section 504
18402|South Kitsap School District|57|49.59|0.87|2018|PREP - Tier 2|4 Year|0.14|0.1218|Section 504|Section 504
18402|South Kitsap School District|57|49.59|0.87|2018|PREP - Tier 2|Not Enrolled|0.51|0.5737|Section 504|Section 504
18402|South Kitsap School District|58|47.56|0.82|2017|PREP - Tier 2|2 Year / CTC|0.33|0.2706|Section 504|Section 504
18402|South Kitsap School District|58|47.56|0.82|2017|PREP - Tier 2|4 Year|0.18|0.1476|Section 504|Section 504
18402|South Kitsap School District|58|47.56|0.82|2017|PREP - Tier 2|Not Enrolled|0.49|0.5818|Section 504|Section 504
18402|South Kitsap School District|47|37.6|0.8|2016|PREP - Tier 2|2 Year / CTC|0.31|0.248|Section 504|Section 504
18402|South Kitsap School District|47|37.6|0.8|2016|PREP - Tier 2|4 Year|0.2|0.16|Section 504|Section 504
18402|South Kitsap School District|47|37.6|0.8|2016|PREP - Tier 2|Not Enrolled|0.49|0.592|Section 504|Section 504
18402|South Kitsap School District|51|47.379|0.929|2015|PREP - Tier 2|2 Year / CTC|0.31|0.28799|Section 504|Section 504
18402|South Kitsap School District|51|47.379|0.929|2015|PREP - Tier 2|4 Year|0.25|0.23225|Section 504|Section 504
18402|South Kitsap School District|51|47.379|0.929|2015|PREP - Tier 2|Not Enrolled|0.44|0.47976|Section 504|Section 504
18402|South Kitsap School District|48|39|0.8125|2014|PREP - Tier 2|2 Year / CTC|0.36|0.2925|Section 504|Section 504
18402|South Kitsap School District|48|39|0.8125|2014|PREP - Tier 2|4 Year|0.19|0.154375|Section 504|Section 504
18402|South Kitsap School District|48|39|0.8125|2014|PREP - Tier 2|Not Enrolled|0.44|0.545|Section 504|Section 504
18402|South Kitsap School District|693|617|0.89033189|2020|PREP - Tier 2|2 Year / CTC|0.17|0.1513564213|All Students|All
18402|South Kitsap School District|693|617|0.89033189|2020|PREP - Tier 2|4 Year|0.22|0.1958730158|All Students|All
18402|South Kitsap School District|693|617|0.89033189|2020|PREP - Tier 2|Not Enrolled|0.61|0.6527705629|All Students|All
18402|South Kitsap School District|742|661|0.89083558|2019|PREP - Tier 2|2 Year / CTC|0.21|0.1870754718|All Students|All
18402|South Kitsap School District|742|661|0.89083558|2019|PREP - Tier 2|4 Year|0.27|0.2405256066|All Students|All
18402|South Kitsap School District|742|661|0.89083558|2019|PREP - Tier 2|Not Enrolled|0.52|0.5723989216|All Students|All
18402|South Kitsap School District|726|616|0.848484848|2018|PREP - Tier 2|2 Year / CTC|0.2|0.1696969696|All Students|All
18402|South Kitsap School District|726|616|0.848484848|2018|PREP - Tier 2|4 Year|0.23|0.19515151504|All Students|All
18402|South Kitsap School District|726|616|0.848484848|2018|PREP - Tier 2|Not Enrolled|0.57|0.63515151536|All Students|All
18402|South Kitsap School District|698|599|0.858166189|2017|PREP - Tier 2|2 Year / CTC|0.28|0.24028653292|All Students|All
18402|South Kitsap School District|698|599|0.858166189|2017|PREP - Tier 2|4 Year|0.19|0.16305157591|All Students|All
18402|South Kitsap School District|698|599|0.858166189|2017|PREP - Tier 2|Not Enrolled|0.53|0.59666189117|All Students|All
18402|South Kitsap School District|715|602|0.841958042|2016|PREP - Tier 2|2 Year / CTC|0.26|0.21890909092|All Students|All
18402|South Kitsap School District|715|602|0.841958042|2016|PREP - Tier 2|4 Year|0.2|0.1683916084|All Students|All
18402|South Kitsap School District|715|602|0.841958042|2016|PREP - Tier 2|Not Enrolled|0.54|0.61269930068|All Students|All
18402|South Kitsap School District|737|621|0.842605156|2015|PREP - Tier 2|2 Year / CTC|0.27|0.22750339212|All Students|All
18402|South Kitsap School District|737|621|0.842605156|2015|PREP - Tier 2|4 Year|0.23|0.19379918588|All Students|All
18402|South Kitsap School District|737|621|0.842605156|2015|PREP - Tier 2|Not Enrolled|0.5|0.578697422|All Students|All
18402|South Kitsap School District|773|635|0.821474774|2014|PREP - Tier 2|2 Year / CTC|0.31|0.25465717994|All Students|All
18402|South Kitsap School District|773|635|0.821474774|2014|PREP - Tier 2|4 Year|0.2|0.1642949548|All Students|All
18402|South Kitsap School District|773|635|0.821474774|2014|PREP - Tier 2|Not Enrolled|0.49|0.58104786526|All Students|All
18402|South Kitsap School District|331|304|0.918429003|2020|PREP - Tier 2|2 Year / CTC|0.2|0.1836858006|Gender|Female
18402|South Kitsap School District|331|304|0.918429003|2020|PREP - Tier 2|4 Year|0.26|0.23879154078|Gender|Female
18402|South Kitsap School District|331|304|0.918429003|2020|PREP - Tier 2|Not Enrolled|0.55|0.58670694865|Gender|Female
18402|South Kitsap School District|365|333|0.912328767|2019|PREP - Tier 2|2 Year / CTC|0.23|0.20983561641|Gender|Female
18402|South Kitsap School District|365|333|0.912328767|2019|PREP - Tier 2|4 Year|0.35|0.31931506845|Gender|Female
18402|South Kitsap School District|365|333|0.912328767|2019|PREP - Tier 2|Not Enrolled|0.41|0.46172602747|Gender|Female
18402|South Kitsap School District|361|307|0.850415512|2018|PREP - Tier 2|2 Year / CTC|0.23|0.19559556776|Gender|Female
18402|South Kitsap School District|361|307|0.850415512|2018|PREP - Tier 2|4 Year|0.28|0.23811634336|Gender|Female
18402|South Kitsap School District|361|307|0.850415512|2018|PREP - Tier 2|Not Enrolled|0.49|0.56628808888|Gender|Female
18402|South Kitsap School District|319|276|0.865203762|2017|PREP - Tier 2|2 Year / CTC|0.32|0.27686520384|Gender|Female
18402|South Kitsap School District|319|276|0.865203762|2017|PREP - Tier 2|4 Year|0.24|0.20764890288|Gender|Female
18402|South Kitsap School District|319|276|0.865203762|2017|PREP - Tier 2|Not Enrolled|0.43|0.50683385566|Gender|Female
18402|South Kitsap School District|337|296|0.878338279|2016|PREP - Tier 2|2 Year / CTC|0.27|0.23715133533|Gender|Female
18402|South Kitsap School District|337|296|0.878338279|2016|PREP - Tier 2|4 Year|0.23|0.20201780417|Gender|Female
18402|South Kitsap School District|337|296|0.878338279|2016|PREP - Tier 2|Not Enrolled|0.5|0.5608308605|Gender|Female
18402|South Kitsap School District|360|316|0.877777778|2015|PREP - Tier 2|2 Year / CTC|0.31|0.27211111118|Gender|Female
18402|South Kitsap School District|360|316|0.877777778|2015|PREP - Tier 2|4 Year|0.27|0.23700000006|Gender|Female
18402|South Kitsap School District|360|316|0.877777778|2015|PREP - Tier 2|Not Enrolled|0.42|0.49088888876|Gender|Female
18402|South Kitsap School District|374|320|0.855614973|2014|PREP - Tier 2|2 Year / CTC|0.3|0.2566844919|Gender|Female
18402|South Kitsap School District|374|320|0.855614973|2014|PREP - Tier 2|4 Year|0.25|0.21390374325|Gender|Female
18402|South Kitsap School District|374|320|0.855614973|2014|PREP - Tier 2|Not Enrolled|0.44|0.52085561512|Gender|Female
18402|South Kitsap School District|362|313|0.864640884|2020|PREP - Tier 2|2 Year / CTC|0.14|0.12104972376|Gender|Male
18402|South Kitsap School District|362|313|0.864640884|2020|PREP - Tier 2|4 Year|0.18|0.15563535912|Gender|Male
18402|South Kitsap School District|362|313|0.864640884|2020|PREP - Tier 2|Not Enrolled|0.68|0.72331491712|Gender|Male
18402|South Kitsap School District|377|328|0.870026525|2019|PREP - Tier 2|2 Year / CTC|0.19|0.16530503975|Gender|Male
18402|South Kitsap School District|377|328|0.870026525|2019|PREP - Tier 2|4 Year|0.19|0.16530503975|Gender|Male
18402|South Kitsap School District|377|328|0.870026525|2019|PREP - Tier 2|Not Enrolled|0.62|0.6693899205|Gender|Male
18402|South Kitsap School District|365|309|0.846575342|2018|PREP - Tier 2|2 Year / CTC|0.17|0.14391780814|Gender|Male
18402|South Kitsap School District|365|309|0.846575342|2018|PREP - Tier 2|4 Year|0.19|0.16084931498|Gender|Male
18402|South Kitsap School District|365|309|0.846575342|2018|PREP - Tier 2|Not Enrolled|0.64|0.69523287688|Gender|Male
18402|South Kitsap School District|379|323|0.852242744|2017|PREP - Tier 2|2 Year / CTC|0.24|0.20453825856|Gender|Male
18402|South Kitsap School District|379|323|0.852242744|2017|PREP - Tier 2|4 Year|0.14|0.11931398416|Gender|Male
18402|South Kitsap School District|379|323|0.852242744|2017|PREP - Tier 2|Not Enrolled|0.61|0.66762532984|Gender|Male
18402|South Kitsap School District|378|306|0.80952381|2016|PREP - Tier 2|2 Year / CTC|0.26|0.2104761906|Gender|Male
18402|South Kitsap School District|378|306|0.80952381|2016|PREP - Tier 2|4 Year|0.17|0.1376190477|Gender|Male
18402|South Kitsap School District|378|306|0.80952381|2016|PREP - Tier 2|Not Enrolled|0.57|0.6519047617|Gender|Male
18402|South Kitsap School District|377|305|0.809018568|2015|PREP - Tier 2|2 Year / CTC|0.24|0.19416445632|Gender|Male
18402|South Kitsap School District|377|305|0.809018568|2015|PREP - Tier 2|4 Year|0.19|0.15371352792|Gender|Male
18402|South Kitsap School District|377|305|0.809018568|2015|PREP - Tier 2|Not Enrolled|0.57|0.65212201576|Gender|Male
18402|South Kitsap School District|399|315|0.789473684|2014|PREP - Tier 2|2 Year / CTC|0.32|0.25263157888|Gender|Male
18402|South Kitsap School District|399|315|0.789473684|2014|PREP - Tier 2|4 Year|0.15|0.1184210526|Gender|Male
18402|South Kitsap School District|399|315|0.789473684|2014|PREP - Tier 2|Not Enrolled|0.53|0.62894736852|Gender|Male
18402|South Kitsap School District|326|257|0.788343558|2020|PREP - Tier 2|2 Year / CTC|0.16|0.12613496928|FRPL|FRPL
18402|South Kitsap School District|326|257|0.788343558|2020|PREP - Tier 2|4 Year|0.14|0.11036809812|FRPL|FRPL
18402|South Kitsap School District|326|257|0.788343558|2020|PREP - Tier 2|Not Enrolled|0.7|0.7634969326|FRPL|FRPL
18402|South Kitsap School District|360|304|0.844444444|2019|PREP - Tier 2|2 Year / CTC|0.19|0.16044444436|FRPL|FRPL
18402|South Kitsap School District|360|304|0.844444444|2019|PREP - Tier 2|4 Year|0.13|0.10977777772|FRPL|FRPL
18402|South Kitsap School District|360|304|0.844444444|2019|PREP - Tier 2|Not Enrolled|0.68|0.72977777792|FRPL|FRPL
18402|South Kitsap School District|354|279|0.788135593|2018|PREP - Tier 2|2 Year / CTC|0.19|0.14974576267|FRPL|FRPL
18402|South Kitsap School District|354|279|0.788135593|2018|PREP - Tier 2|4 Year|0.12|0.09457627116|FRPL|FRPL
18402|South Kitsap School District|354|279|0.788135593|2018|PREP - Tier 2|Not Enrolled|0.69|0.75567796617|FRPL|FRPL
18402|South Kitsap School District|340|271|0.797058824|2017|PREP - Tier 2|2 Year / CTC|0.22|0.17535294128|FRPL|FRPL
18402|South Kitsap School District|340|271|0.797058824|2017|PREP - Tier 2|4 Year|0.11|0.08767647064|FRPL|FRPL
18402|South Kitsap School District|340|271|0.797058824|2017|PREP - Tier 2|Not Enrolled|0.67|0.73697058808|FRPL|FRPL
18402|South Kitsap School District|335|268|0.8|2016|PREP - Tier 2|2 Year / CTC|0.23|0.184|FRPL|FRPL
18402|South Kitsap School District|335|268|0.8|2016|PREP - Tier 2|4 Year|0.11|0.088|FRPL|FRPL
18402|South Kitsap School District|335|268|0.8|2016|PREP - Tier 2|Not Enrolled|0.66|0.728|FRPL|FRPL
18402|South Kitsap School District|378|288|0.761904762|2015|PREP - Tier 2|2 Year / CTC|0.26|0.19809523812|FRPL|FRPL
18402|South Kitsap School District|378|288|0.761904762|2015|PREP - Tier 2|4 Year|0.12|0.09142857144|FRPL|FRPL
18402|South Kitsap School District|378|288|0.761904762|2015|PREP - Tier 2|Not Enrolled|0.62|0.71047619044|FRPL|FRPL
18402|South Kitsap School District|391|290|0.74168798|2014|PREP - Tier 2|2 Year / CTC|0.28|0.2076726344|FRPL|FRPL
18402|South Kitsap School District|391|290|0.74168798|2014|PREP - Tier 2|4 Year|0.13|0.0964194374|FRPL|FRPL
18402|South Kitsap School District|391|290|0.74168798|2014|PREP - Tier 2|Not Enrolled|0.59|0.6959079282|FRPL|FRPL
18402|South Kitsap School District|367|360|0.980926431|2020|PREP - Tier 2|2 Year / CTC|0.21|0.20599455051|FRPL|Not FRPL
18402|South Kitsap School District|367|360|0.980926431|2020|PREP - Tier 2|4 Year|0.29|0.28446866499|FRPL|Not FRPL
18402|South Kitsap School District|367|360|0.980926431|2020|PREP - Tier 2|Not Enrolled|0.49|0.49972752019|FRPL|Not FRPL
18402|South Kitsap School District|489|457.215|0.935|2019|PREP - Tier 2|2 Year / CTC|0.25|0.23375|FRPL|Not FRPL
18402|South Kitsap School District|489|457.215|0.935|2019|PREP - Tier 2|4 Year|0.28|0.2618|FRPL|Not FRPL
18402|South Kitsap School District|489|457.215|0.935|2019|PREP - Tier 2|Not Enrolled|0.46|0.4951|FRPL|Not FRPL
18402|South Kitsap School District|372|337|0.905913978|2018|PREP - Tier 2|2 Year / CTC|0.27|0.24459677406|FRPL|Not FRPL
18402|South Kitsap School District|372|337|0.905913978|2018|PREP - Tier 2|4 Year|0.26|0.23553763428|FRPL|Not FRPL
18402|South Kitsap School District|372|337|0.905913978|2018|PREP - Tier 2|Not Enrolled|0.47|0.51986559166|FRPL|Not FRPL
18402|South Kitsap School District|358|328|0.916201117|2017|PREP - Tier 2|2 Year / CTC|0.3|0.2748603351|FRPL|Not FRPL
18402|South Kitsap School District|358|328|0.916201117|2017|PREP - Tier 2|4 Year|0.27|0.24737430159|FRPL|Not FRPL
18402|South Kitsap School District|358|328|0.916201117|2017|PREP - Tier 2|Not Enrolled|0.43|0.47776536331|FRPL|Not FRPL
18402|South Kitsap School District|380|334|0.878947368|2016|PREP - Tier 2|2 Year / CTC|0.31|0.27247368408|FRPL|Not FRPL
18402|South Kitsap School District|380|334|0.878947368|2016|PREP - Tier 2|4 Year|0.27|0.23731578936|FRPL|Not FRPL
18402|South Kitsap School District|380|334|0.878947368|2016|PREP - Tier 2|Not Enrolled|0.41|0.48142105288|FRPL|Not FRPL
18402|South Kitsap School District|359|333|0.927576602|2015|PREP - Tier 2|2 Year / CTC|0.32|0.29682451264|FRPL|Not FRPL
18402|South Kitsap School District|359|333|0.927576602|2015|PREP - Tier 2|4 Year|0.27|0.25044568254|FRPL|Not FRPL
18402|South Kitsap School District|359|333|0.927576602|2015|PREP - Tier 2|Not Enrolled|0.4|0.4434540388|FRPL|Not FRPL
18402|South Kitsap School District|382|345|0.903141361|2014|PREP - Tier 2|2 Year / CTC|0.34|0.30706806274|FRPL|Not FRPL
18402|South Kitsap School District|382|345|0.903141361|2014|PREP - Tier 2|4 Year|0.25|0.22578534025|FRPL|Not FRPL
18402|South Kitsap School District|382|345|0.903141361|2014|PREP - Tier 2|Not Enrolled|0.41|0.46714659701|FRPL|Not FRPL
18402|South Kitsap School District|36|31.104|0.864|2020|PREP - Tier 2|2 Year / CTC|0.22|0.19008|Race/Ethnicity|Asian
18402|South Kitsap School District|36|31.104|0.864|2020|PREP - Tier 2|4 Year|0.38|0.32832|Race/Ethnicity|Asian
18402|South Kitsap School District|36|31.104|0.864|2020|PREP - Tier 2|Not Enrolled|0.4|0.4816|Race/Ethnicity|Asian
18402|South Kitsap School District|26|23.712|0.912|2019|PREP - Tier 2|2 Year / CTC|0.24|0.21888|Race/Ethnicity|Asian
18402|South Kitsap School District|26|23.712|0.912|2019|PREP - Tier 2|4 Year|0.39|0.35568|Race/Ethnicity|Asian
18402|South Kitsap School District|26|23.712|0.912|2019|PREP - Tier 2|Not Enrolled|0.37|0.42544|Race/Ethnicity|Asian
18402|South Kitsap School District|35|31.255|0.893|2018|PREP - Tier 2|2 Year / CTC|0.33|0.29469|Race/Ethnicity|Asian
18402|South Kitsap School District|35|31.255|0.893|2018|PREP - Tier 2|4 Year|0.36|0.32148|Race/Ethnicity|Asian
18402|South Kitsap School District|35|31.255|0.893|2018|PREP - Tier 2|Not Enrolled|0.32|0.39276|Race/Ethnicity|Asian
18402|South Kitsap School District|30|24.39|0.813|2017|PREP - Tier 2|2 Year / CTC|0.34|0.27642|Race/Ethnicity|Asian
18402|South Kitsap School District|30|24.39|0.813|2017|PREP - Tier 2|4 Year|0.3|0.2439|Race/Ethnicity|Asian
18402|South Kitsap School District|30|24.39|0.813|2017|PREP - Tier 2|Not Enrolled|0.36|0.47968|Race/Ethnicity|Asian
18402|South Kitsap School District|21|18.9|0.9|2016|PREP - Tier 2|2 Year / CTC|0.37|0.333|Race/Ethnicity|Asian
18402|South Kitsap School District|21|18.9|0.9|2016|PREP - Tier 2|4 Year|0.28|0.252|Race/Ethnicity|Asian
18402|South Kitsap School District|21|18.9|0.9|2016|PREP - Tier 2|Not Enrolled|0.35|0.415|Race/Ethnicity|Asian
18402|South Kitsap School District|31|27.559|0.889|2015|PREP - Tier 2|2 Year / CTC|0.41|0.36449|Race/Ethnicity|Asian
18402|South Kitsap School District|31|27.559|0.889|2015|PREP - Tier 2|4 Year|0.22|0.19558|Race/Ethnicity|Asian
18402|South Kitsap School District|31|27.559|0.889|2015|PREP - Tier 2|Not Enrolled|0.37|0.43993|Race/Ethnicity|Asian
18402|South Kitsap School District|27|24|0.888888889|2014|PREP - Tier 2|2 Year / CTC|0.35|0.31111111115|Race/Ethnicity|Asian
18402|South Kitsap School District|27|24|0.888888889|2014|PREP - Tier 2|4 Year|0.23|0.20444444447|Race/Ethnicity|Asian
18402|South Kitsap School District|27|24|0.888888889|2014|PREP - Tier 2|Not Enrolled|0.42|0.48444444438|Race/Ethnicity|Asian
18402|South Kitsap School District|18|||2020|PREP - Tier 2|2 Year / CTC|0.15||Race/Ethnicity|Black or African American
18402|South Kitsap School District|18|||2020|PREP - Tier 2|4 Year|0.05||Race/Ethnicity|Black or African American
18402|South Kitsap School District|18|||2020|PREP - Tier 2|Not Enrolled|0.745||Race/Ethnicity|Black or African American
18402|South Kitsap School District|8|6.4|0.8|2019|PREP - Tier 2|2 Year / CTC|0.18|0.144|Race/Ethnicity|Black or African American
18402|South Kitsap School District|8|6.4|0.8|2019|PREP - Tier 2|4 Year|0.18|0.144|Race/Ethnicity|Black or African American
18402|South Kitsap School District|8|6.4|0.8|2019|PREP - Tier 2|Not Enrolled|0.65|0.72|Race/Ethnicity|Black or African American
18402|South Kitsap School District|19|||2018|PREP - Tier 2|2 Year / CTC|0.18||Race/Ethnicity|Black or African American
18402|South Kitsap School District|19|||2018|PREP - Tier 2|4 Year|0.18||Race/Ethnicity|Black or African American
18402|South Kitsap School District|19|||2018|PREP - Tier 2|Not Enrolled|0.65||Race/Ethnicity|Black or African American
18402|South Kitsap School District|9|7.074|0.786|2017|PREP - Tier 2|2 Year / CTC|0.14|0.11004|Race/Ethnicity|Black or African American
18402|South Kitsap School District|9|7.074|0.786|2017|PREP - Tier 2|4 Year|0.22|0.17292|Race/Ethnicity|Black or African American
18402|South Kitsap School District|9|7.074|0.786|2017|PREP - Tier 2|Not Enrolled|0.64|0.71704|Race/Ethnicity|Black or African American
18402|South Kitsap School District|17|12.75|0.75|2016|PREP - Tier 2|2 Year / CTC|0.2|0.15|Race/Ethnicity|Black or African American
18402|South Kitsap School District|17|12.75|0.75|2016|PREP - Tier 2|4 Year|0.15|0.1125|Race/Ethnicity|Black or African American
18402|South Kitsap School District|17|12.75|0.75|2016|PREP - Tier 2|Not Enrolled|0.66|0.745|Race/Ethnicity|Black or African American
18402|South Kitsap School District|17|12.75|0.75|2015|PREP - Tier 2|2 Year / CTC|0.21|0.1575|Race/Ethnicity|Black or African American
18402|South Kitsap School District|17|12.75|0.75|2015|PREP - Tier 2|4 Year|0.18|0.135|Race/Ethnicity|Black or African American
18402|South Kitsap School District|17|12.75|0.75|2015|PREP - Tier 2|Not Enrolled|0.61|0.7075|Race/Ethnicity|Black or African American
18402|South Kitsap School District|16|12|0.75|2014|PREP - Tier 2|2 Year / CTC|0.38|0.285|Race/Ethnicity|Black or African American
18402|South Kitsap School District|16|12|0.75|2014|PREP - Tier 2|4 Year|0.24|0.18|Race/Ethnicity|Black or African American
18402|South Kitsap School District|16|12|0.75|2014|PREP - Tier 2|Not Enrolled|0.38|0.535|Race/Ethnicity|Black or African American
18402|South Kitsap School District|80|68|0.85|2020|PREP - Tier 2|2 Year / CTC|0.18|0.153|Race/Ethnicity|Hispanic or Latino of any race(s)
18402|South Kitsap School District|80|68|0.85|2020|PREP - Tier 2|4 Year|0.2|0.17|Race/Ethnicity|Hispanic or Latino of any race(s)
18402|South Kitsap School District|80|68|0.85|2020|PREP - Tier 2|Not Enrolled|0.63|0.6855|Race/Ethnicity|Hispanic or Latino of any race(s)
18402|South Kitsap School District|99|86|0.868686869|2019|PREP - Tier 2|2 Year / CTC|0.23|0.19979797987|Race/Ethnicity|Hispanic or Latino of any race(s)
18402|South Kitsap School District|99|86|0.868686869|2019|PREP - Tier 2|4 Year|0.18|0.15636363642|Race/Ethnicity|Hispanic or Latino of any race(s)
18402|South Kitsap School District|99|86|0.868686869|2019|PREP - Tier 2|Not Enrolled|0.59|0.64383838371|Race/Ethnicity|Hispanic or Latino of any race(s)
18402|South Kitsap School District|85|67|0.788235294|2018|PREP - Tier 2|2 Year / CTC|0.25|0.1970588235|Race/Ethnicity|Hispanic or Latino of any race(s)
18402|South Kitsap School District|85|67|0.788235294|2018|PREP - Tier 2|4 Year|0.18|0.14188235292|Race/Ethnicity|Hispanic or Latino of any race(s)
18402|South Kitsap School District|85|67|0.788235294|2018|PREP - Tier 2|Not Enrolled|0.57|0.66105882358|Race/Ethnicity|Hispanic or Latino of any race(s)
18402|South Kitsap School District|59|46|0.779661017|2017|PREP - Tier 2|2 Year / CTC|0.26|0.20271186442|Race/Ethnicity|Hispanic or Latino of any race(s)
18402|South Kitsap School District|59|46|0.779661017|2017|PREP - Tier 2|4 Year|0.21|0.16372881357|Race/Ethnicity|Hispanic or Latino of any race(s)
18402|South Kitsap School District|59|46|0.779661017|2017|PREP - Tier 2|Not Enrolled|0.53|0.63355932201|Race/Ethnicity|Hispanic or Latino of any race(s)
18402|South Kitsap School District|63|47|0.746031746|2016|PREP - Tier 2|2 Year / CTC|0.26|0.19396825396|Race/Ethnicity|Hispanic or Latino of any race(s)
18402|South Kitsap School District|63|47|0.746031746|2016|PREP - Tier 2|4 Year|0.2|0.1492063492|Race/Ethnicity|Hispanic or Latino of any race(s)
18402|South Kitsap School District|63|47|0.746031746|2016|PREP - Tier 2|Not Enrolled|0.54|0.65682539684|Race/Ethnicity|Hispanic or Latino of any race(s)
18402|South Kitsap School District|81|68|0.839506173|2015|PREP - Tier 2|2 Year / CTC|0.3|0.2518518519|Race/Ethnicity|Hispanic or Latino of any race(s)
18402|South Kitsap School District|81|68|0.839506173|2015|PREP - Tier 2|4 Year|0.19|0.15950617287|Race/Ethnicity|Hispanic or Latino of any race(s)
18402|South Kitsap School District|81|68|0.839506173|2015|PREP - Tier 2|Not Enrolled|0.51|0.58864197523|Race/Ethnicity|Hispanic or Latino of any race(s)
18402|South Kitsap School District|78|62|0.794871795|2014|PREP - Tier 2|2 Year / CTC|0.34|0.2702564103|Race/Ethnicity|Hispanic or Latino of any race(s)
18402|South Kitsap School District|78|62|0.794871795|2014|PREP - Tier 2|4 Year|0.14|0.1112820513|Race/Ethnicity|Hispanic or Latino of any race(s)
18402|South Kitsap School District|78|62|0.794871795|2014|PREP - Tier 2|Not Enrolled|0.52|0.6184615384|Race/Ethnicity|Hispanic or Latino of any race(s)
18402|South Kitsap School District|73|65|0.890410959|2020|PREP - Tier 2|2 Year / CTC|0.21|0.18698630139|Race/Ethnicity|Two or More Races
18402|South Kitsap School District|73|65|0.890410959|2020|PREP - Tier 2|4 Year|0.3|0.2671232877|Race/Ethnicity|Two or More Races
18402|South Kitsap School District|73|65|0.890410959|2020|PREP - Tier 2|Not Enrolled|0.49|0.54589041091|Race/Ethnicity|Two or More Races
18402|South Kitsap School District|81|72|0.888888889|2019|PREP - Tier 2|2 Year / CTC|0.27|0.24000000003|Race/Ethnicity|Two or More Races
18402|South Kitsap School District|81|72|0.888888889|2019|PREP - Tier 2|4 Year|0.31|0.27555555559|Race/Ethnicity|Two or More Races
18402|South Kitsap School District|81|72|0.888888889|2019|PREP - Tier 2|Not Enrolled|0.41|0.47555555549|Race/Ethnicity|Two or More Races
18402|South Kitsap School District|84|72|0.857142857|2018|PREP - Tier 2|2 Year / CTC|0.25|0.21428571425|Race/Ethnicity|Two or More Races
18402|South Kitsap School District|84|72|0.857142857|2018|PREP - Tier 2|4 Year|0.29|0.24857142853|Race/Ethnicity|Two or More Races
18402|South Kitsap School District|84|72|0.857142857|2018|PREP - Tier 2|Not Enrolled|0.47|0.54571428579|Race/Ethnicity|Two or More Races
18402|South Kitsap School District|79|67|0.848101266|2017|PREP - Tier 2|2 Year / CTC|0.31|0.26291139246|Race/Ethnicity|Two or More Races
18402|South Kitsap School District|79|67|0.848101266|2017|PREP - Tier 2|4 Year|0.19|0.16113924054|Race/Ethnicity|Two or More Races
18402|South Kitsap School District|79|67|0.848101266|2017|PREP - Tier 2|Not Enrolled|0.5|0.575949367|Race/Ethnicity|Two or More Races
18402|South Kitsap School District|64|56|0.875|2016|PREP - Tier 2|2 Year / CTC|0.3|0.2625|Race/Ethnicity|Two or More Races
18402|South Kitsap School District|64|56|0.875|2016|PREP - Tier 2|4 Year|0.15|0.13125|Race/Ethnicity|Two or More Races
18402|South Kitsap School District|64|56|0.875|2016|PREP - Tier 2|Not Enrolled|0.54|0.5975|Race/Ethnicity|Two or More Races
18402|South Kitsap School District|104|88|0.846153846|2015|PREP - Tier 2|2 Year / CTC|0.34|0.28769230764|Race/Ethnicity|Two or More Races
18402|South Kitsap School District|104|88|0.846153846|2015|PREP - Tier 2|4 Year|0.15|0.1269230769|Race/Ethnicity|Two or More Races
18402|South Kitsap School District|104|88|0.846153846|2015|PREP - Tier 2|Not Enrolled|0.51|0.58538461546|Race/Ethnicity|Two or More Races
18402|South Kitsap School District|97|78|0.804123711|2014|PREP - Tier 2|2 Year / CTC|0.35|0.28144329885|Race/Ethnicity|Two or More Races
18402|South Kitsap School District|97|78|0.804123711|2014|PREP - Tier 2|4 Year|0.16|0.12865979376|Race/Ethnicity|Two or More Races
18402|South Kitsap School District|97|78|0.804123711|2014|PREP - Tier 2|Not Enrolled|0.48|0.58185567028|Race/Ethnicity|Two or More Races
18402|South Kitsap School District|488|434|0.889344262|2020|PREP - Tier 2|2 Year / CTC|0.19|0.16897540978|Race/Ethnicity|White
18402|South Kitsap School District|488|434|0.889344262|2020|PREP - Tier 2|4 Year|0.24|0.21344262288|Race/Ethnicity|White
18402|South Kitsap School District|488|434|0.889344262|2020|PREP - Tier 2|Not Enrolled|0.57|0.61758196734|Race/Ethnicity|White
18402|South Kitsap School District|488|436|0.893442623|2019|PREP - Tier 2|2 Year / CTC|0.23|0.20549180329|Race/Ethnicity|White
18402|South Kitsap School District|488|436|0.893442623|2019|PREP - Tier 2|4 Year|0.22|0.19655737706|Race/Ethnicity|White
18402|South Kitsap School District|488|436|0.893442623|2019|PREP - Tier 2|Not Enrolled|0.55|0.59795081965|Race/Ethnicity|White
18402|South Kitsap School District|501|426|0.850299401|2018|PREP - Tier 2|2 Year / CTC|0.24|0.20407185624|Race/Ethnicity|White
18402|South Kitsap School District|501|426|0.850299401|2018|PREP - Tier 2|4 Year|0.2|0.1700598802|Race/Ethnicity|White
18402|South Kitsap School District|501|426|0.850299401|2018|PREP - Tier 2|Not Enrolled|0.56|0.62586826356|Race/Ethnicity|White
18402|South Kitsap School District|514|446|0.86770428|2017|PREP - Tier 2|2 Year / CTC|0.26|0.2256031128|Race/Ethnicity|White
18402|South Kitsap School District|514|446|0.86770428|2017|PREP - Tier 2|4 Year|0.21|0.1822178988|Race/Ethnicity|White
18402|South Kitsap School District|514|446|0.86770428|2017|PREP - Tier 2|Not Enrolled|0.53|0.5921789884|Race/Ethnicity|White
18402|South Kitsap School District|530|447|0.843396226|2016|PREP - Tier 2|2 Year / CTC|0.28|0.23615094328|Race/Ethnicity|White
18402|South Kitsap School District|530|447|0.843396226|2016|PREP - Tier 2|4 Year|0.22|0.18554716972|Race/Ethnicity|White
18402|South Kitsap School District|530|447|0.843396226|2016|PREP - Tier 2|Not Enrolled|0.5|0.578301887|Race/Ethnicity|White
18402|South Kitsap School District|492|413|0.839430894|2015|PREP - Tier 2|2 Year / CTC|0.29|0.24343495926|Race/Ethnicity|White
18402|South Kitsap School District|492|413|0.839430894|2015|PREP - Tier 2|4 Year|0.24|0.20146341456|Race/Ethnicity|White
18402|South Kitsap School District|492|413|0.839430894|2015|PREP - Tier 2|Not Enrolled|0.48|0.56349593512|Race/Ethnicity|White
18402|South Kitsap School District|537|447|0.832402235|2014|PREP - Tier 2|2 Year / CTC|0.3|0.2497206705|Race/Ethnicity|White
18402|South Kitsap School District|537|447|0.832402235|2014|PREP - Tier 2|4 Year|0.22|0.1831284917|Race/Ethnicity|White
18402|South Kitsap School District|537|447|0.832402235|2014|PREP - Tier 2|Not Enrolled|0.47|0.55882681545|Race/Ethnicity|White
30303|Stevenson-Carson School District|89|81.88|0.92|2020|ESD 112|2 Year / CTC|0.22|0.2024|All Students|All
30303|Stevenson-Carson School District|89|81.88|0.92|2020|ESD 112|4 Year|0.17|0.1564|All Students|All
30303|Stevenson-Carson School District|89|81.88|0.92|2020|ESD 112|Not Enrolled|0.61|0.6412|All Students|All
30303|Stevenson-Carson School District|66|54.78|0.83|2019|ESD 112|2 Year / CTC|0.17|0.1411|All Students|All
30303|Stevenson-Carson School District|66|54.78|0.83|2019|ESD 112|4 Year|0.3|0.249|All Students|All
30303|Stevenson-Carson School District|66|54.78|0.83|2019|ESD 112|Not Enrolled|0.52|0.6016|All Students|All
30303|Stevenson-Carson School District|81|68.85|0.85|2018|ESD 112|2 Year / CTC|0.22|0.187|All Students|All
30303|Stevenson-Carson School District|81|68.85|0.85|2018|ESD 112|4 Year|0.19|0.1615|All Students|All
30303|Stevenson-Carson School District|81|68.85|0.85|2018|ESD 112|Not Enrolled|0.58|0.643|All Students|All
30303|Stevenson-Carson School District|78|63.96|0.82|2017|ESD 112|2 Year / CTC|0.27|0.2214|All Students|All
30303|Stevenson-Carson School District|78|63.96|0.82|2017|ESD 112|4 Year|0.2|0.164|All Students|All
30303|Stevenson-Carson School District|78|63.96|0.82|2017|ESD 112|Not Enrolled|0.53|0.6146|All Students|All
30303|Stevenson-Carson School District|85|68.85|0.81|2016|ESD 112|2 Year / CTC|0.14|0.1134|All Students|All
30303|Stevenson-Carson School District|85|68.85|0.81|2016|ESD 112|4 Year|0.22|0.1782|All Students|All
30303|Stevenson-Carson School District|85|68.85|0.81|2016|ESD 112|Not Enrolled|0.64|0.7084|All Students|All
30303|Stevenson-Carson School District|71|61.06|0.86|2015|ESD 112|2 Year / CTC|0.15|0.129|All Students|All
30303|Stevenson-Carson School District|71|61.06|0.86|2015|ESD 112|4 Year|0.27|0.2322|All Students|All
30303|Stevenson-Carson School District|71|61.06|0.86|2015|ESD 112|Not Enrolled|0.58|0.6388|All Students|All
30303|Stevenson-Carson School District|82|65.6|0.8|2014|ESD 112|2 Year / CTC|0.15|0.12|All Students|All
30303|Stevenson-Carson School District|82|65.6|0.8|2014|ESD 112|4 Year|0.33|0.264|All Students|All
30303|Stevenson-Carson School District|82|65.6|0.8|2014|ESD 112|Not Enrolled|0.52|0.616|All Students|All
30303|Stevenson-Carson School District|31|28|0.903225806|2020|ESD 112|2 Year / CTC|0.22|0.19870967732|Gender|Female
30303|Stevenson-Carson School District|31|28|0.903225806|2020|ESD 112|4 Year|0.24|0.21677419344|Gender|Female
30303|Stevenson-Carson School District|31|28|0.903225806|2020|ESD 112|Not Enrolled|0.54|0.58451612924|Gender|Female
30303|Stevenson-Carson School District|33|30.03|0.91|2019|ESD 112|2 Year / CTC|0.22|0.2002|Gender|Female
30303|Stevenson-Carson School District|33|30.03|0.91|2019|ESD 112|4 Year|0.27|0.2457|Gender|Female
30303|Stevenson-Carson School District|33|30.03|0.91|2019|ESD 112|Not Enrolled|0.51|0.5541|Gender|Female
30303|Stevenson-Carson School District|44|36|0.818181818|2018|ESD 112|2 Year / CTC|0.2|0.1636363636|Gender|Female
30303|Stevenson-Carson School District|44|36|0.818181818|2018|ESD 112|4 Year|0.3|0.2454545454|Gender|Female
30303|Stevenson-Carson School District|44|36|0.818181818|2018|ESD 112|Not Enrolled|0.49|0.58272727282|Gender|Female
30303|Stevenson-Carson School District|42|37.8|0.9|2017|ESD 112|2 Year / CTC|0.2|0.18|Gender|Female
30303|Stevenson-Carson School District|42|37.8|0.9|2017|ESD 112|4 Year|0.32|0.288|Gender|Female
30303|Stevenson-Carson School District|42|37.8|0.9|2017|ESD 112|Not Enrolled|0.48|0.532|Gender|Female
30303|Stevenson-Carson School District|33|27|0.818181818|2016|ESD 112|2 Year / CTC|0.17|0.13909090906|Gender|Female
30303|Stevenson-Carson School District|33|27|0.818181818|2016|ESD 112|4 Year|0.33|0.26999999994|Gender|Female
30303|Stevenson-Carson School District|33|27|0.818181818|2016|ESD 112|Not Enrolled|0.5|0.590909091|Gender|Female
30303|Stevenson-Carson School District|38|32.3|0.85|2015|ESD 112|2 Year / CTC|0.21|0.1785|Gender|Female
30303|Stevenson-Carson School District|38|32.3|0.85|2015|ESD 112|4 Year|0.35|0.2975|Gender|Female
30303|Stevenson-Carson School District|38|32.3|0.85|2015|ESD 112|Not Enrolled|0.45|0.5325|Gender|Female
30303|Stevenson-Carson School District|37|34.41|0.93|2014|ESD 112|2 Year / CTC|0.18|0.1674|Gender|Female
30303|Stevenson-Carson School District|37|34.41|0.93|2014|ESD 112|4 Year|0.41|0.3813|Gender|Female
30303|Stevenson-Carson School District|37|34.41|0.93|2014|ESD 112|Not Enrolled|0.41|0.4513|Gender|Female
30303|Stevenson-Carson School District|51|45.543|0.893|2020|ESD 112|2 Year / CTC|0.19|0.16967|Gender|Male
30303|Stevenson-Carson School District|51|45.543|0.893|2020|ESD 112|4 Year|0.2|0.1786|Gender|Male
30303|Stevenson-Carson School District|51|45.543|0.893|2020|ESD 112|Not Enrolled|0.6|0.6428|Gender|Male
30303|Stevenson-Carson School District|47|36|0.765957447|2019|ESD 112|2 Year / CTC|0.23|0.17617021281|Gender|Male
30303|Stevenson-Carson School District|47|36|0.765957447|2019|ESD 112|4 Year|0.2|0.1531914894|Gender|Male
30303|Stevenson-Carson School District|47|36|0.765957447|2019|ESD 112|Not Enrolled|0.58|0.67829787226|Gender|Male
30303|Stevenson-Carson School District|44|39.16|0.89|2018|ESD 112|2 Year / CTC|0.22|0.1958|Gender|Male
30303|Stevenson-Carson School District|44|39.16|0.89|2018|ESD 112|4 Year|0.11|0.0979|Gender|Male
30303|Stevenson-Carson School District|44|39.16|0.89|2018|ESD 112|Not Enrolled|0.67|0.7063|Gender|Male
30303|Stevenson-Carson School District|48|37|0.770833333|2017|ESD 112|2 Year / CTC|0.18|0.13874999994|Gender|Male
30303|Stevenson-Carson School District|48|37|0.770833333|2017|ESD 112|4 Year|0.16|0.12333333328|Gender|Male
30303|Stevenson-Carson School District|48|37|0.770833333|2017|ESD 112|Not Enrolled|0.66|0.73791666678|Gender|Male
30303|Stevenson-Carson School District|53|42.93|0.81|2016|ESD 112|2 Year / CTC|0.12|0.0972|Gender|Male
30303|Stevenson-Carson School District|53|42.93|0.81|2016|ESD 112|4 Year|0.23|0.1863|Gender|Male
30303|Stevenson-Carson School District|53|42.93|0.81|2016|ESD 112|Not Enrolled|0.65|0.7165|Gender|Male
30303|Stevenson-Carson School District|43|37|0.860465116|2015|ESD 112|2 Year / CTC|0.13|0.11186046508|Gender|Male
30303|Stevenson-Carson School District|43|37|0.860465116|2015|ESD 112|4 Year|0.3|0.2581395348|Gender|Male
30303|Stevenson-Carson School District|43|37|0.860465116|2015|ESD 112|Not Enrolled|0.57|0.63000000012|Gender|Male
30303|Stevenson-Carson School District|44|29|0.659090909|2014|ESD 112|2 Year / CTC|0.14|0.09227272726|Gender|Male
30303|Stevenson-Carson School District|44|29|0.659090909|2014|ESD 112|4 Year|0.33|0.21749999997|Gender|Male
30303|Stevenson-Carson School District|44|29|0.659090909|2014|ESD 112|Not Enrolled|0.53|0.69022727277|Gender|Male
30303|Stevenson-Carson School District|30|25|0.833333333|2020|ESD 112|2 Year / CTC|0.15|0.12499999995|FRPL|FRPL
30303|Stevenson-Carson School District|30|25|0.833333333|2020|ESD 112|4 Year|0.21|0.17499999993|FRPL|FRPL
30303|Stevenson-Carson School District|30|25|0.833333333|2020|ESD 112|Not Enrolled|0.65|0.70833333345|FRPL|FRPL
30303|Stevenson-Carson School District|45|32|0.711111111|2019|ESD 112|2 Year / CTC|0.13|0.09244444443|FRPL|FRPL
30303|Stevenson-Carson School District|45|32|0.711111111|2019|ESD 112|4 Year|0.19|0.13511111109|FRPL|FRPL
30303|Stevenson-Carson School District|45|32|0.711111111|2019|ESD 112|Not Enrolled|0.67|0.76533333337|FRPL|FRPL
30303|Stevenson-Carson School District|51|39|0.764705882|2018|ESD 112|2 Year / CTC|0.11|0.08411764702|FRPL|FRPL
30303|Stevenson-Carson School District|51|39|0.764705882|2018|ESD 112|4 Year|0.15|0.1147058823|FRPL|FRPL
30303|Stevenson-Carson School District|51|39|0.764705882|2018|ESD 112|Not Enrolled|0.73|0.79352941186|FRPL|FRPL
30303|Stevenson-Carson School District|50|36|0.72|2017|ESD 112|2 Year / CTC|0.12|0.0864|FRPL|FRPL
30303|Stevenson-Carson School District|50|36|0.72|2017|ESD 112|4 Year|0.13|0.0936|FRPL|FRPL
30303|Stevenson-Carson School District|50|36|0.72|2017|ESD 112|Not Enrolled|0.75|0.82|FRPL|FRPL
30303|Stevenson-Carson School District|41|25.83|0.63|2016|ESD 112|2 Year / CTC|0.13|0.0819|FRPL|FRPL
30303|Stevenson-Carson School District|41|25.83|0.63|2016|ESD 112|4 Year|0.14|0.0882|FRPL|FRPL
30303|Stevenson-Carson School District|41|25.83|0.63|2016|ESD 112|Not Enrolled|0.73|0.8299|FRPL|FRPL
30303|Stevenson-Carson School District|42|33|0.785714286|2015|ESD 112|2 Year / CTC|0.14|0.11000000004|FRPL|FRPL
30303|Stevenson-Carson School District|42|33|0.785714286|2015|ESD 112|4 Year|0.2|0.1571428572|FRPL|FRPL
30303|Stevenson-Carson School District|42|33|0.785714286|2015|ESD 112|Not Enrolled|0.66|0.73285714276|FRPL|FRPL
30303|Stevenson-Carson School District|51|36|0.705882353|2014|ESD 112|2 Year / CTC|0.14|0.09882352942|FRPL|FRPL
30303|Stevenson-Carson School District|51|36|0.705882353|2014|ESD 112|4 Year|0.26|0.18352941178|FRPL|FRPL
30303|Stevenson-Carson School District|51|36|0.705882353|2014|ESD 112|Not Enrolled|0.6|0.7176470588|FRPL|FRPL
30303|Stevenson-Carson School District|44|39.468|0.897|2020|ESD 112|2 Year / CTC|0.25|0.22425|FRPL|Not FRPL
30303|Stevenson-Carson School District|44|39.468|0.897|2020|ESD 112|4 Year|0.23|0.20631|FRPL|Not FRPL
30303|Stevenson-Carson School District|44|39.468|0.897|2020|ESD 112|Not Enrolled|0.51|0.56047|FRPL|Not FRPL
30303|Stevenson-Carson School District|34|31.178|0.917|2019|ESD 112|2 Year / CTC|0.29|0.26593|FRPL|Not FRPL
30303|Stevenson-Carson School District|34|31.178|0.917|2019|ESD 112|4 Year|0.26|0.23842|FRPL|Not FRPL
30303|Stevenson-Carson School District|34|31.178|0.917|2019|ESD 112|Not Enrolled|0.45|0.49565|FRPL|Not FRPL
30303|Stevenson-Carson School District|43|38.399|0.893|2018|ESD 112|2 Year / CTC|0.28|0.25004|FRPL|Not FRPL
30303|Stevenson-Carson School District|43|38.399|0.893|2018|ESD 112|4 Year|0.24|0.21432|FRPL|Not FRPL
30303|Stevenson-Carson School District|43|38.399|0.893|2018|ESD 112|Not Enrolled|0.48|0.53564|FRPL|Not FRPL
30303|Stevenson-Carson School District|43|38.571|0.897|2017|ESD 112|2 Year / CTC|0.23|0.20631|FRPL|Not FRPL
30303|Stevenson-Carson School District|43|38.571|0.897|2017|ESD 112|4 Year|0.3|0.2691|FRPL|Not FRPL
30303|Stevenson-Carson School District|43|38.571|0.897|2017|ESD 112|Not Enrolled|0.47|0.52459|FRPL|Not FRPL
30303|Stevenson-Carson School District|44|40.128|0.912|2016|ESD 112|2 Year / CTC|0.16|0.14592|FRPL|Not FRPL
30303|Stevenson-Carson School District|44|40.128|0.912|2016|ESD 112|4 Year|0.36|0.32832|FRPL|Not FRPL
30303|Stevenson-Carson School District|44|40.128|0.912|2016|ESD 112|Not Enrolled|0.48|0.52576|FRPL|Not FRPL
30303|Stevenson-Carson School District|45|41.13|0.914|2015|ESD 112|2 Year / CTC|0.19|0.17366|FRPL|Not FRPL
30303|Stevenson-Carson School District|45|41.13|0.914|2015|ESD 112|4 Year|0.4|0.3656|FRPL|Not FRPL
30303|Stevenson-Carson School District|45|41.13|0.914|2015|ESD 112|Not Enrolled|0.41|0.46074|FRPL|Not FRPL
30303|Stevenson-Carson School District|48|44.016|0.917|2014|ESD 112|2 Year / CTC|0.18|0.16506|FRPL|Not FRPL
30303|Stevenson-Carson School District|48|44.016|0.917|2014|ESD 112|4 Year|0.45|0.41265|FRPL|Not FRPL
30303|Stevenson-Carson School District|48|44.016|0.917|2014|ESD 112|Not Enrolled|0.37|0.42229|FRPL|Not FRPL
30303|Stevenson-Carson School District|71|66.74|0.94|2020|ESD 112|2 Year / CTC|0.22|0.2068|Race/Ethnicity|White
30303|Stevenson-Carson School District|71|66.74|0.94|2020|ESD 112|4 Year|0.2|0.188|Race/Ethnicity|White
30303|Stevenson-Carson School District|71|66.74|0.94|2020|ESD 112|Not Enrolled|0.59|0.6146|Race/Ethnicity|White
30303|Stevenson-Carson School District|61|52|0.852459016|2019|ESD 112|2 Year / CTC|0.23|0.19606557368|Race/Ethnicity|White
30303|Stevenson-Carson School District|61|52|0.852459016|2019|ESD 112|4 Year|0.21|0.17901639336|Race/Ethnicity|White
30303|Stevenson-Carson School District|61|52|0.852459016|2019|ESD 112|Not Enrolled|0.56|0.62491803296|Race/Ethnicity|White
30303|Stevenson-Carson School District|56|48|0.857142857|2018|ESD 112|2 Year / CTC|0.21|0.17999999997|Race/Ethnicity|White
30303|Stevenson-Carson School District|56|48|0.857142857|2018|ESD 112|4 Year|0.21|0.17999999997|Race/Ethnicity|White
30303|Stevenson-Carson School District|56|48|0.857142857|2018|ESD 112|Not Enrolled|0.57|0.63142857149|Race/Ethnicity|White
30303|Stevenson-Carson School District|62|52|0.838709677|2017|ESD 112|2 Year / CTC|0.19|0.15935483863|Race/Ethnicity|White
30303|Stevenson-Carson School District|62|52|0.838709677|2017|ESD 112|4 Year|0.24|0.20129032248|Race/Ethnicity|White
30303|Stevenson-Carson School District|62|52|0.838709677|2017|ESD 112|Not Enrolled|0.57|0.63935483889|Race/Ethnicity|White
30303|Stevenson-Carson School District|67|54.94|0.82|2016|ESD 112|2 Year / CTC|0.14|0.1148|Race/Ethnicity|White
30303|Stevenson-Carson School District|67|54.94|0.82|2016|ESD 112|4 Year|0.29|0.2378|Race/Ethnicity|White
30303|Stevenson-Carson School District|67|54.94|0.82|2016|ESD 112|Not Enrolled|0.56|0.6392|Race/Ethnicity|White
30303|Stevenson-Carson School District|61|51|0.836065574|2015|ESD 112|2 Year / CTC|0.15|0.1254098361|Race/Ethnicity|White
30303|Stevenson-Carson School District|61|51|0.836065574|2015|ESD 112|4 Year|0.33|0.27590163942|Race/Ethnicity|White
30303|Stevenson-Carson School District|61|51|0.836065574|2015|ESD 112|Not Enrolled|0.52|0.59868852448|Race/Ethnicity|White
30303|Stevenson-Carson School District|72|61|0.847222222|2014|ESD 112|2 Year / CTC|0.15|0.1270833333|Race/Ethnicity|White
30303|Stevenson-Carson School District|72|61|0.847222222|2014|ESD 112|4 Year|0.38|0.32194444436|Race/Ethnicity|White
30303|Stevenson-Carson School District|72|61|0.847222222|2014|ESD 112|Not Enrolled|0.47|0.55097222234|Race/Ethnicity|White
17406|Tukwila School District|65|40|0.615384615|2014|Puget Sound ESD|2 Year / CTC|0.49|0.30153846135|Race/Ethnicity|Asian
17406|Tukwila School District|65|40|0.615384615|2014|Puget Sound ESD|4 Year|0.28|0.1723076922|Race/Ethnicity|Asian
17406|Tukwila School District|65|40|0.615384615|2014|Puget Sound ESD|Not Enrolled|0.23|0.52615384645|Race/Ethnicity|Asian
20400|Trout Lake School District|19|14.25|0.75|2020|ESD 112|2 Year / CTC|0.28|0.21|All Students|All
20400|Trout Lake School District|19|14.25|0.75|2020|ESD 112|4 Year|0.58|0.435|All Students|All
20400|Trout Lake School District|19|14.25|0.75|2020|ESD 112|Not Enrolled|0.14|0.355|All Students|All
20400|Trout Lake School District|11|7.997|0.727|2019|ESD 112|2 Year / CTC|0.17|0.12359|All Students|All
20400|Trout Lake School District|11|7.997|0.727|2019|ESD 112|4 Year|0.56|0.40712|All Students|All
20400|Trout Lake School District|11|7.997|0.727|2019|ESD 112|Not Enrolled|0.28|0.47656|All Students|All
20400|Trout Lake School District|12|9.228|0.769|2018|ESD 112|2 Year / CTC|0.17|0.13073|All Students|All
20400|Trout Lake School District|12|9.228|0.769|2018|ESD 112|4 Year|0.55|0.42295|All Students|All
20400|Trout Lake School District|12|9.228|0.769|2018|ESD 112|Not Enrolled|0.28|0.44632|All Students|All
20400|Trout Lake School District|13|9.997|0.769|2017|ESD 112|2 Year / CTC|0.05|0.03845|All Students|All
20400|Trout Lake School District|13|9.997|0.769|2017|ESD 112|4 Year|0.445|0.342205|All Students|All
20400|Trout Lake School District|13|9.997|0.769|2017|ESD 112|Not Enrolled|0.445|0.573205|All Students|All
20400|Trout Lake School District|13|10.218|0.786|2016|ESD 112|2 Year / CTC|0.17|0.13362|All Students|All
20400|Trout Lake School District|13|10.218|0.786|2016|ESD 112|4 Year|0.49|0.38514|All Students|All
20400|Trout Lake School District|13|10.218|0.786|2016|ESD 112|Not Enrolled|0.34|0.48124|All Students|All
20400|Trout Lake School District|15|11.535|0.769|2015|ESD 112|2 Year / CTC|0.19|0.14611|All Students|All
20400|Trout Lake School District|15|11.535|0.769|2015|ESD 112|4 Year|0.41|0.31529|All Students|All
20400|Trout Lake School District|15|11.535|0.769|2015|ESD 112|Not Enrolled|0.41|0.54629|All Students|All
20400|Trout Lake School District|13|||2014|ESD 112|2 Year / CTC|0.21||All Students|All
20400|Trout Lake School District|13|||2014|ESD 112|4 Year|0.44||All Students|All
20400|Trout Lake School District|13|||2014|ESD 112|Not Enrolled|0.36||All Students|All
20400|Trout Lake School District|10|7|0.7|2020|ESD 112|2 Year / CTC|0.27|0.189|Race/Ethnicity|White
20400|Trout Lake School District|10|7|0.7|2020|ESD 112|4 Year|0.58|0.406|Race/Ethnicity|White
20400|Trout Lake School District|10|7|0.7|2020|ESD 112|Not Enrolled|0.15|0.405|Race/Ethnicity|White
20400|Trout Lake School District|9|||2019|ESD 112|2 Year / CTC|0.15||Race/Ethnicity|White
20400|Trout Lake School District|9|||2019|ESD 112|4 Year|0.645||Race/Ethnicity|White
20400|Trout Lake School District|9|||2019|ESD 112|Not Enrolled|0.245||Race/Ethnicity|White
20400|Trout Lake School District|8|||2018|ESD 112|2 Year / CTC|0.15||Race/Ethnicity|White
20400|Trout Lake School District|8|||2018|ESD 112|4 Year|0.645||Race/Ethnicity|White
20400|Trout Lake School District|8|||2018|ESD 112|Not Enrolled|0.245||Race/Ethnicity|White
20400|Trout Lake School District|9|||2017|ESD 112|2 Year / CTC|0.05||Race/Ethnicity|White
20400|Trout Lake School District|9|||2017|ESD 112|4 Year|0.545||Race/Ethnicity|White
20400|Trout Lake School District|9|||2017|ESD 112|Not Enrolled|0.345||Race/Ethnicity|White
20400|Trout Lake School District|8|5.6|0.7|2016|ESD 112|2 Year / CTC|0.14|0.098|Race/Ethnicity|White
20400|Trout Lake School District|8|5.6|0.7|2016|ESD 112|4 Year|0.55|0.385|Race/Ethnicity|White
20400|Trout Lake School District|8|5.6|0.7|2016|ESD 112|Not Enrolled|0.31|0.517|Race/Ethnicity|White
20400|Trout Lake School District|11|8.25|0.75|2015|ESD 112|2 Year / CTC|0.16|0.12|Race/Ethnicity|White
20400|Trout Lake School District|11|8.25|0.75|2015|ESD 112|4 Year|0.45|0.3375|Race/Ethnicity|White
20400|Trout Lake School District|11|8.25|0.75|2015|ESD 112|Not Enrolled|0.39|0.5425|Race/Ethnicity|White
20400|Trout Lake School District|12|||2014|ESD 112|2 Year / CTC|0.19||Race/Ethnicity|White
20400|Trout Lake School District|12|||2014|ESD 112|4 Year|0.5||Race/Ethnicity|White
20400|Trout Lake School District|12|||2014|ESD 112|Not Enrolled|0.31||Race/Ethnicity|White
17406|Tukwila School District|239|208|0.870292887|2020|Puget Sound ESD|2 Year / CTC|0.28|0.24368200836|All Students|All
17406|Tukwila School District|239|208|0.870292887|2020|Puget Sound ESD|4 Year|0.36|0.31330543932|All Students|All
17406|Tukwila School District|239|208|0.870292887|2020|Puget Sound ESD|Not Enrolled|0.37|0.45171548119|All Students|All
17406|Tukwila School District|216|174|0.805555556|2019|Puget Sound ESD|2 Year / CTC|0.33|0.26583333348|All Students|All
17406|Tukwila School District|216|174|0.805555556|2019|Puget Sound ESD|4 Year|0.33|0.26583333348|All Students|All
17406|Tukwila School District|216|174|0.805555556|2019|Puget Sound ESD|Not Enrolled|0.34|0.46833333304|All Students|All
17406|Tukwila School District|215|181|0.841860465|2018|Puget Sound ESD|2 Year / CTC|0.25|0.21046511625|All Students|All
17406|Tukwila School District|215|181|0.841860465|2018|Puget Sound ESD|4 Year|0.37|0.31148837205|All Students|All
17406|Tukwila School District|215|181|0.841860465|2018|Puget Sound ESD|Not Enrolled|0.38|0.4780465117|All Students|All
17406|Tukwila School District|206|170|0.825242718|2017|Puget Sound ESD|2 Year / CTC|0.29|0.23932038822|All Students|All
17406|Tukwila School District|206|170|0.825242718|2017|Puget Sound ESD|4 Year|0.3|0.2475728154|All Students|All
17406|Tukwila School District|206|170|0.825242718|2017|Puget Sound ESD|Not Enrolled|0.41|0.51310679638|All Students|All
17406|Tukwila School District|211|165|0.781990521|2016|Puget Sound ESD|2 Year / CTC|0.3|0.2345971563|All Students|All
17406|Tukwila School District|211|165|0.781990521|2016|Puget Sound ESD|4 Year|0.3|0.2345971563|All Students|All
17406|Tukwila School District|211|165|0.781990521|2016|Puget Sound ESD|Not Enrolled|0.4|0.5308056874|All Students|All
17406|Tukwila School District|240|186|0.775|2015|Puget Sound ESD|2 Year / CTC|0.32|0.248|All Students|All
17406|Tukwila School District|240|186|0.775|2015|Puget Sound ESD|4 Year|0.26|0.2015|All Students|All
17406|Tukwila School District|240|186|0.775|2015|Puget Sound ESD|Not Enrolled|0.43|0.55825|All Students|All
17406|Tukwila School District|199|137|0.688442211|2014|Puget Sound ESD|2 Year / CTC|0.42|0.28914572862|All Students|All
17406|Tukwila School District|199|137|0.688442211|2014|Puget Sound ESD|4 Year|0.24|0.16522613064|All Students|All
17406|Tukwila School District|199|137|0.688442211|2014|Puget Sound ESD|Not Enrolled|0.34|0.54562814074|All Students|All
17406|Tukwila School District|67|50|0.746268657|2020|Puget Sound ESD|2 Year / CTC|0.35|0.26119402995|Bilingual|Bilingual
17406|Tukwila School District|67|50|0.746268657|2020|Puget Sound ESD|4 Year|0.15|0.11194029855|Bilingual|Bilingual
17406|Tukwila School District|67|50|0.746268657|2020|Puget Sound ESD|Not Enrolled|0.49|0.61940298493|Bilingual|Bilingual
17406|Tukwila School District|59|41|0.694915254|2019|Puget Sound ESD|2 Year / CTC|0.39|0.27101694906|Bilingual|Bilingual
17406|Tukwila School District|59|41|0.694915254|2019|Puget Sound ESD|4 Year|0.11|0.07644067794|Bilingual|Bilingual
17406|Tukwila School District|59|41|0.694915254|2019|Puget Sound ESD|Not Enrolled|0.5|0.652542373|Bilingual|Bilingual
17406|Tukwila School District|75|58|0.773333333|2018|Puget Sound ESD|2 Year / CTC|0.44|0.34026666652|Bilingual|Bilingual
17406|Tukwila School District|75|58|0.773333333|2018|Puget Sound ESD|4 Year|0.07|0.05413333331|Bilingual|Bilingual
17406|Tukwila School District|75|58|0.773333333|2018|Puget Sound ESD|Not Enrolled|0.49|0.60560000017|Bilingual|Bilingual
17406|Tukwila School District|59|38|0.644067797|2017|Puget Sound ESD|2 Year / CTC|0.46|0.29627118662|Bilingual|Bilingual
17406|Tukwila School District|59|38|0.644067797|2017|Puget Sound ESD|4 Year|0.06|0.03864406782|Bilingual|Bilingual
17406|Tukwila School District|59|38|0.644067797|2017|Puget Sound ESD|Not Enrolled|0.47|0.65864406759|Bilingual|Bilingual
17406|Tukwila School District|69|43|0.623188406|2016|Puget Sound ESD|2 Year / CTC|0.5|0.311594203|Bilingual|Bilingual
17406|Tukwila School District|69|43|0.623188406|2016|Puget Sound ESD|4 Year|0.08|0.04985507248|Bilingual|Bilingual
17406|Tukwila School District|69|43|0.623188406|2016|Puget Sound ESD|Not Enrolled|0.42|0.63855072452|Bilingual|Bilingual
17406|Tukwila School District|56|38.08|0.68|2015|Puget Sound ESD|2 Year / CTC|0.5|0.34|Bilingual|Bilingual
17406|Tukwila School District|56|38.08|0.68|2015|Puget Sound ESD|4 Year|0.09|0.0612|Bilingual|Bilingual
17406|Tukwila School District|56|38.08|0.68|2015|Puget Sound ESD|Not Enrolled|0.41|0.5988|Bilingual|Bilingual
17406|Tukwila School District|63|34|0.53968254|2014|Puget Sound ESD|2 Year / CTC|0.56|0.3022222224|Bilingual|Bilingual
17406|Tukwila School District|63|34|0.53968254|2014|Puget Sound ESD|4 Year|0.08|0.0431746032|Bilingual|Bilingual
17406|Tukwila School District|63|34|0.53968254|2014|Puget Sound ESD|Not Enrolled|0.36|0.6546031744|Bilingual|Bilingual
17406|Tukwila School District|157|144.283|0.919|2020|Puget Sound ESD|2 Year / CTC|0.27|0.24813|Bilingual|Not Bilingual
17406|Tukwila School District|157|144.283|0.919|2020|Puget Sound ESD|4 Year|0.41|0.37679|Bilingual|Not Bilingual
17406|Tukwila School District|157|144.283|0.919|2020|Puget Sound ESD|Not Enrolled|0.33|0.38427|Bilingual|Not Bilingual
17406|Tukwila School District|201|170.247|0.847|2019|Puget Sound ESD|2 Year / CTC|0.26|0.22022|Bilingual|Not Bilingual
17406|Tukwila School District|201|170.247|0.847|2019|Puget Sound ESD|4 Year|0.39|0.33033|Bilingual|Not Bilingual
17406|Tukwila School District|201|170.247|0.847|2019|Puget Sound ESD|Not Enrolled|0.34|0.44098|Bilingual|Not Bilingual
17406|Tukwila School District|179|157.341|0.879|2018|Puget Sound ESD|2 Year / CTC|0.24|0.21096|Bilingual|Not Bilingual
17406|Tukwila School District|179|157.341|0.879|2018|Puget Sound ESD|4 Year|0.39|0.34281|Bilingual|Not Bilingual
17406|Tukwila School District|179|157.341|0.879|2018|Puget Sound ESD|Not Enrolled|0.37|0.44623|Bilingual|Not Bilingual
17406|Tukwila School District|147|132|0.897959184|2017|Puget Sound ESD|2 Year / CTC|0.26|0.23346938784|Bilingual|Not Bilingual
17406|Tukwila School District|147|132|0.897959184|2017|Puget Sound ESD|4 Year|0.34|0.30530612256|Bilingual|Not Bilingual
17406|Tukwila School District|147|132|0.897959184|2017|Puget Sound ESD|Not Enrolled|0.4|0.4612244896|Bilingual|Not Bilingual
17406|Tukwila School District|171|146.889|0.859|2016|Puget Sound ESD|2 Year / CTC|0.3|0.2577|Bilingual|Not Bilingual
17406|Tukwila School District|171|146.889|0.859|2016|Puget Sound ESD|4 Year|0.32|0.27488|Bilingual|Not Bilingual
17406|Tukwila School District|171|146.889|0.859|2016|Puget Sound ESD|Not Enrolled|0.38|0.46742|Bilingual|Not Bilingual
17406|Tukwila School District|153|127|0.830065359|2015|Puget Sound ESD|2 Year / CTC|0.32|0.26562091488|Bilingual|Not Bilingual
17406|Tukwila School District|153|127|0.830065359|2015|Puget Sound ESD|4 Year|0.3|0.2490196077|Bilingual|Not Bilingual
17406|Tukwila School District|153|127|0.830065359|2015|Puget Sound ESD|Not Enrolled|0.37|0.47705882383|Bilingual|Not Bilingual
17406|Tukwila School District|176|133.232|0.757|2014|Puget Sound ESD|2 Year / CTC|0.36|0.27252|Bilingual|Not Bilingual
17406|Tukwila School District|176|133.232|0.757|2014|Puget Sound ESD|4 Year|0.3|0.2271|Bilingual|Not Bilingual
17406|Tukwila School District|176|133.232|0.757|2014|Puget Sound ESD|Not Enrolled|0.35|0.50795|Bilingual|Not Bilingual
17406|Tukwila School District|138|122|0.884057971|2020|Puget Sound ESD|2 Year / CTC|0.28|0.24753623188|Gender|Female
17406|Tukwila School District|138|122|0.884057971|2020|Puget Sound ESD|4 Year|0.42|0.37130434782|Gender|Female
17406|Tukwila School District|138|122|0.884057971|2020|Puget Sound ESD|Not Enrolled|0.3|0.3811594203|Gender|Female
17406|Tukwila School District|145|120.35|0.83|2019|Puget Sound ESD|2 Year / CTC|0.31|0.2573|Gender|Female
17406|Tukwila School District|145|120.35|0.83|2019|Puget Sound ESD|4 Year|0.38|0.3154|Gender|Female
17406|Tukwila School District|145|120.35|0.83|2019|Puget Sound ESD|Not Enrolled|0.31|0.4273|Gender|Female
17406|Tukwila School District|100|83|0.83|2018|Puget Sound ESD|2 Year / CTC|0.17|0.1411|Gender|Female
17406|Tukwila School District|100|83|0.83|2018|Puget Sound ESD|4 Year|0.45|0.3735|Gender|Female
17406|Tukwila School District|100|83|0.83|2018|Puget Sound ESD|Not Enrolled|0.38|0.4854|Gender|Female
17406|Tukwila School District|100|87|0.87|2017|Puget Sound ESD|2 Year / CTC|0.29|0.2523|Gender|Female
17406|Tukwila School District|100|87|0.87|2017|Puget Sound ESD|4 Year|0.34|0.2958|Gender|Female
17406|Tukwila School District|100|87|0.87|2017|Puget Sound ESD|Not Enrolled|0.37|0.4519|Gender|Female
17406|Tukwila School District|114|97.812|0.858|2016|Puget Sound ESD|2 Year / CTC|0.33|0.28314|Gender|Female
17406|Tukwila School District|114|97.812|0.858|2016|Puget Sound ESD|4 Year|0.35|0.3003|Gender|Female
17406|Tukwila School District|114|97.812|0.858|2016|Puget Sound ESD|Not Enrolled|0.32|0.41656|Gender|Female
17406|Tukwila School District|109|80.987|0.743|2015|Puget Sound ESD|2 Year / CTC|0.27|0.20061|Gender|Female
17406|Tukwila School District|109|80.987|0.743|2015|Puget Sound ESD|4 Year|0.3|0.2229|Gender|Female
17406|Tukwila School District|109|80.987|0.743|2015|Puget Sound ESD|Not Enrolled|0.43|0.57649|Gender|Female
17406|Tukwila School District|116|83.868|0.723|2014|Puget Sound ESD|2 Year / CTC|0.38|0.27474|Gender|Female
17406|Tukwila School District|116|83.868|0.723|2014|Puget Sound ESD|4 Year|0.3|0.2169|Gender|Female
17406|Tukwila School District|116|83.868|0.723|2014|Puget Sound ESD|Not Enrolled|0.32|0.50836|Gender|Female
17406|Tukwila School District|111|94.35|0.85|2020|Puget Sound ESD|2 Year / CTC|0.27|0.2295|Gender|Male
17406|Tukwila School District|111|94.35|0.85|2020|Puget Sound ESD|4 Year|0.26|0.221|Gender|Male
17406|Tukwila School District|111|94.35|0.85|2020|Puget Sound ESD|Not Enrolled|0.47|0.5495|Gender|Male
17406|Tukwila School District|123|98|0.796747967|2019|Puget Sound ESD|2 Year / CTC|0.35|0.27886178845|Gender|Male
17406|Tukwila School District|123|98|0.796747967|2019|Puget Sound ESD|4 Year|0.29|0.23105691043|Gender|Male
17406|Tukwila School District|123|98|0.796747967|2019|Puget Sound ESD|Not Enrolled|0.36|0.49008130112|Gender|Male
17406|Tukwila School District|136|115.872|0.852|2018|Puget Sound ESD|2 Year / CTC|0.32|0.27264|Gender|Male
17406|Tukwila School District|136|115.872|0.852|2018|Puget Sound ESD|4 Year|0.31|0.26412|Gender|Male
17406|Tukwila School District|136|115.872|0.852|2018|Puget Sound ESD|Not Enrolled|0.38|0.47176|Gender|Male
17406|Tukwila School District|106|83|0.783018868|2017|Puget Sound ESD|2 Year / CTC|0.29|0.22707547172|Gender|Male
17406|Tukwila School District|106|83|0.783018868|2017|Puget Sound ESD|4 Year|0.25|0.195754717|Gender|Male
17406|Tukwila School District|106|83|0.783018868|2017|Puget Sound ESD|Not Enrolled|0.46|0.57716981128|Gender|Male
17406|Tukwila School District|105|74|0.704761905|2016|Puget Sound ESD|2 Year / CTC|0.27|0.19028571435|Gender|Male
17406|Tukwila School District|105|74|0.704761905|2016|Puget Sound ESD|4 Year|0.25|0.17619047625|Gender|Male
17406|Tukwila School District|105|74|0.704761905|2016|Puget Sound ESD|Not Enrolled|0.48|0.6335238094|Gender|Male
17406|Tukwila School District|111|89.133|0.803|2015|Puget Sound ESD|2 Year / CTC|0.36|0.28908|Gender|Male
17406|Tukwila School District|111|89.133|0.803|2015|Puget Sound ESD|4 Year|0.22|0.17666|Gender|Male
17406|Tukwila School District|111|89.133|0.803|2015|Puget Sound ESD|Not Enrolled|0.43|0.54229|Gender|Male
17406|Tukwila School District|98|64|0.653061224|2014|Puget Sound ESD|2 Year / CTC|0.46|0.30040816304|Gender|Male
17406|Tukwila School District|98|64|0.653061224|2014|Puget Sound ESD|4 Year|0.17|0.11102040808|Gender|Male
17406|Tukwila School District|98|64|0.653061224|2014|Puget Sound ESD|Not Enrolled|0.37|0.58857142888|Gender|Male
17406|Tukwila School District|131|111.219|0.849|2020|Puget Sound ESD|2 Year / CTC|0.29|0.24621|FRPL|FRPL
17406|Tukwila School District|131|111.219|0.849|2020|Puget Sound ESD|4 Year|0.34|0.28866|FRPL|FRPL
17406|Tukwila School District|131|111.219|0.849|2020|Puget Sound ESD|Not Enrolled|0.36|0.45664|FRPL|FRPL
17406|Tukwila School District|178|144.892|0.814|2019|Puget Sound ESD|2 Year / CTC|0.31|0.25234|FRPL|FRPL
17406|Tukwila School District|178|144.892|0.814|2019|Puget Sound ESD|4 Year|0.36|0.29304|FRPL|FRPL
17406|Tukwila School District|178|144.892|0.814|2019|Puget Sound ESD|Not Enrolled|0.32|0.44648|FRPL|FRPL
17406|Tukwila School District|170|141.95|0.835|2018|Puget Sound ESD|2 Year / CTC|0.26|0.2171|FRPL|FRPL
17406|Tukwila School District|170|141.95|0.835|2018|Puget Sound ESD|4 Year|0.36|0.3006|FRPL|FRPL
17406|Tukwila School District|170|141.95|0.835|2018|Puget Sound ESD|Not Enrolled|0.38|0.4823|FRPL|FRPL
17406|Tukwila School District|152|123.88|0.815|2017|Puget Sound ESD|2 Year / CTC|0.28|0.2282|FRPL|FRPL
17406|Tukwila School District|152|123.88|0.815|2017|Puget Sound ESD|4 Year|0.29|0.23635|FRPL|FRPL
17406|Tukwila School District|152|123.88|0.815|2017|Puget Sound ESD|Not Enrolled|0.43|0.53545|FRPL|FRPL
17406|Tukwila School District|168|127.176|0.757|2016|Puget Sound ESD|2 Year / CTC|0.35|0.26495|FRPL|FRPL
17406|Tukwila School District|168|127.176|0.757|2016|Puget Sound ESD|4 Year|0.28|0.21196|FRPL|FRPL
17406|Tukwila School District|168|127.176|0.757|2016|Puget Sound ESD|Not Enrolled|0.37|0.52309|FRPL|FRPL
17406|Tukwila School District|166|127.488|0.768|2015|Puget Sound ESD|2 Year / CTC|0.3|0.2304|FRPL|FRPL
17406|Tukwila School District|166|127.488|0.768|2015|Puget Sound ESD|4 Year|0.24|0.18432|FRPL|FRPL
17406|Tukwila School District|166|127.488|0.768|2015|Puget Sound ESD|Not Enrolled|0.45|0.5776|FRPL|FRPL
17406|Tukwila School District|188|123.516|0.657|2014|Puget Sound ESD|2 Year / CTC|0.42|0.27594|FRPL|FRPL
17406|Tukwila School District|188|123.516|0.657|2014|Puget Sound ESD|4 Year|0.23|0.15111|FRPL|FRPL
17406|Tukwila School District|188|123.516|0.657|2014|Puget Sound ESD|Not Enrolled|0.35|0.57295|FRPL|FRPL
17406|Tukwila School District|89|82.77|0.93|2020|Puget Sound ESD|2 Year / CTC|0.25|0.2325|FRPL|Not FRPL
17406|Tukwila School District|89|82.77|0.93|2020|Puget Sound ESD|4 Year|0.38|0.3534|FRPL|Not FRPL
17406|Tukwila School District|89|82.77|0.93|2020|Puget Sound ESD|Not Enrolled|0.38|0.4234|FRPL|Not FRPL
17406|Tukwila School District|89|68.53|0.77|2019|Puget Sound ESD|2 Year / CTC|0.37|0.2849|FRPL|Not FRPL
17406|Tukwila School District|89|68.53|0.77|2019|Puget Sound ESD|4 Year|0.26|0.2002|FRPL|Not FRPL
17406|Tukwila School District|89|68.53|0.77|2019|Puget Sound ESD|Not Enrolled|0.37|0.5149|FRPL|Not FRPL
17406|Tukwila School District|69|60.03|0.87|2018|Puget Sound ESD|2 Year / CTC|0.23|0.2001|FRPL|Not FRPL
17406|Tukwila School District|69|60.03|0.87|2018|Puget Sound ESD|4 Year|0.4|0.348|FRPL|Not FRPL
17406|Tukwila School District|69|60.03|0.87|2018|Puget Sound ESD|Not Enrolled|0.37|0.4519|FRPL|Not FRPL
17406|Tukwila School District|64|57.152|0.893|2017|Puget Sound ESD|2 Year / CTC|0.31|0.27683|FRPL|Not FRPL
17406|Tukwila School District|64|57.152|0.893|2017|Puget Sound ESD|4 Year|0.31|0.27683|FRPL|Not FRPL
17406|Tukwila School District|64|57.152|0.893|2017|Puget Sound ESD|Not Enrolled|0.38|0.44634|FRPL|Not FRPL
17406|Tukwila School District|58|51.62|0.89|2016|Puget Sound ESD|2 Year / CTC|0.17|0.1513|FRPL|Not FRPL
17406|Tukwila School District|58|51.62|0.89|2016|Puget Sound ESD|4 Year|0.35|0.3115|FRPL|Not FRPL
17406|Tukwila School District|58|51.62|0.89|2016|Puget Sound ESD|Not Enrolled|0.48|0.5372|FRPL|Not FRPL
17406|Tukwila School District|54|43.74|0.81|2015|Puget Sound ESD|2 Year / CTC|0.35|0.2835|FRPL|Not FRPL
17406|Tukwila School District|54|43.74|0.81|2015|Puget Sound ESD|4 Year|0.31|0.2511|FRPL|Not FRPL
17406|Tukwila School District|54|43.74|0.81|2015|Puget Sound ESD|Not Enrolled|0.35|0.4735|FRPL|Not FRPL
17406|Tukwila School District|62|52.7|0.85|2014|Puget Sound ESD|2 Year / CTC|0.42|0.357|FRPL|Not FRPL
17406|Tukwila School District|62|52.7|0.85|2014|Puget Sound ESD|4 Year|0.28|0.238|FRPL|Not FRPL
17406|Tukwila School District|62|52.7|0.85|2014|Puget Sound ESD|Not Enrolled|0.31|0.4135|FRPL|Not FRPL
17406|Tukwila School District|84|77|0.916666667|2020|Puget Sound ESD|2 Year / CTC|0.28|0.25666666676|Race/Ethnicity|Asian
17406|Tukwila School District|84|77|0.916666667|2020|Puget Sound ESD|4 Year|0.4|0.3666666668|Race/Ethnicity|Asian
17406|Tukwila School District|84|77|0.916666667|2020|Puget Sound ESD|Not Enrolled|0.32|0.37666666644|Race/Ethnicity|Asian
17406|Tukwila School District|65|58|0.892307692|2019|Puget Sound ESD|2 Year / CTC|0.31|0.27661538452|Race/Ethnicity|Asian
17406|Tukwila School District|65|58|0.892307692|2019|Puget Sound ESD|4 Year|0.4|0.3569230768|Race/Ethnicity|Asian
17406|Tukwila School District|65|58|0.892307692|2019|Puget Sound ESD|Not Enrolled|0.29|0.36646153868|Race/Ethnicity|Asian
17406|Tukwila School District|85|78|0.917647059|2018|Puget Sound ESD|2 Year / CTC|0.34|0.31200000006|Race/Ethnicity|Asian
17406|Tukwila School District|85|78|0.917647059|2018|Puget Sound ESD|4 Year|0.37|0.33952941183|Race/Ethnicity|Asian
17406|Tukwila School District|85|78|0.917647059|2018|Puget Sound ESD|Not Enrolled|0.3|0.3576470587|Race/Ethnicity|Asian
17406|Tukwila School District|62|46|0.741935484|2017|Puget Sound ESD|2 Year / CTC|0.34|0.25225806456|Race/Ethnicity|Asian
17406|Tukwila School District|62|46|0.741935484|2017|Puget Sound ESD|4 Year|0.31|0.23000000004|Race/Ethnicity|Asian
17406|Tukwila School District|62|46|0.741935484|2017|Puget Sound ESD|Not Enrolled|0.34|0.51032258056|Race/Ethnicity|Asian
17406|Tukwila School District|72|57|0.791666667|2016|Puget Sound ESD|2 Year / CTC|0.38|0.30083333346|Race/Ethnicity|Asian
17406|Tukwila School District|72|57|0.791666667|2016|Puget Sound ESD|4 Year|0.3|0.2375000001|Race/Ethnicity|Asian
17406|Tukwila School District|72|57|0.791666667|2016|Puget Sound ESD|Not Enrolled|0.32|0.46166666644|Race/Ethnicity|Asian
17406|Tukwila School District|82|69|0.841463415|2015|Puget Sound ESD|2 Year / CTC|0.39|0.32817073185|Race/Ethnicity|Asian
17406|Tukwila School District|82|69|0.841463415|2015|Puget Sound ESD|4 Year|0.3|0.2524390245|Race/Ethnicity|Asian
17406|Tukwila School District|82|69|0.841463415|2015|Puget Sound ESD|Not Enrolled|0.31|0.41939024365|Race/Ethnicity|Asian
17406|Tukwila School District|61|52|0.852459016|2020|Puget Sound ESD|2 Year / CTC|0.35|0.2983606556|Race/Ethnicity|Black or African American
17406|Tukwila School District|61|52|0.852459016|2020|Puget Sound ESD|4 Year|0.35|0.2983606556|Race/Ethnicity|Black or African American
17406|Tukwila School District|61|52|0.852459016|2020|Puget Sound ESD|Not Enrolled|0.31|0.41180327896|Race/Ethnicity|Black or African American
17406|Tukwila School District|46|38|0.826086957|2019|Puget Sound ESD|2 Year / CTC|0.36|0.29739130452|Race/Ethnicity|Black or African American
17406|Tukwila School District|46|38|0.826086957|2019|Puget Sound ESD|4 Year|0.36|0.29739130452|Race/Ethnicity|Black or African American
17406|Tukwila School District|46|38|0.826086957|2019|Puget Sound ESD|Not Enrolled|0.28|0.40521739096|Race/Ethnicity|Black or African American
17406|Tukwila School District|41|31|0.756097561|2018|Puget Sound ESD|2 Year / CTC|0.27|0.20414634147|Race/Ethnicity|Black or African American
17406|Tukwila School District|41|31|0.756097561|2018|Puget Sound ESD|4 Year|0.38|0.28731707318|Race/Ethnicity|Black or African American
17406|Tukwila School District|41|31|0.756097561|2018|Puget Sound ESD|Not Enrolled|0.35|0.50853658535|Race/Ethnicity|Black or African American
17406|Tukwila School District|40|37.08|0.927|2017|Puget Sound ESD|2 Year / CTC|0.32|0.29664|Race/Ethnicity|Black or African American
17406|Tukwila School District|40|37.08|0.927|2017|Puget Sound ESD|4 Year|0.32|0.29664|Race/Ethnicity|Black or African American
17406|Tukwila School District|40|37.08|0.927|2017|Puget Sound ESD|Not Enrolled|0.36|0.40672|Race/Ethnicity|Black or African American
17406|Tukwila School District|41|31|0.756097561|2016|Puget Sound ESD|2 Year / CTC|0.37|0.27975609757|Race/Ethnicity|Black or African American
17406|Tukwila School District|41|31|0.756097561|2016|Puget Sound ESD|4 Year|0.28|0.21170731708|Race/Ethnicity|Black or African American
17406|Tukwila School District|41|31|0.756097561|2016|Puget Sound ESD|Not Enrolled|0.36|0.51609756096|Race/Ethnicity|Black or African American
17406|Tukwila School District|55|42|0.763636364|2015|Puget Sound ESD|2 Year / CTC|0.42|0.32072727288|Race/Ethnicity|Black or African American
17406|Tukwila School District|55|42|0.763636364|2015|Puget Sound ESD|4 Year|0.26|0.19854545464|Race/Ethnicity|Black or African American
17406|Tukwila School District|55|42|0.763636364|2015|Puget Sound ESD|Not Enrolled|0.33|0.48836363612|Race/Ethnicity|Black or African American
17406|Tukwila School District|40|31|0.775|2014|Puget Sound ESD|2 Year / CTC|0.45|0.34875|Race/Ethnicity|Black or African American
17406|Tukwila School District|40|31|0.775|2014|Puget Sound ESD|4 Year|0.26|0.2015|Race/Ethnicity|Black or African American
17406|Tukwila School District|40|31|0.775|2014|Puget Sound ESD|Not Enrolled|0.29|0.44975|Race/Ethnicity|Black or African American
17406|Tukwila School District|43|35|0.813953488|2020|Puget Sound ESD|2 Year / CTC|0.25|0.203488372|Race/Ethnicity|Hispanic or Latino of any race(s)
17406|Tukwila School District|43|35|0.813953488|2020|Puget Sound ESD|4 Year|0.33|0.26860465104|Race/Ethnicity|Hispanic or Latino of any race(s)
17406|Tukwila School District|43|35|0.813953488|2020|Puget Sound ESD|Not Enrolled|0.42|0.52790697696|Race/Ethnicity|Hispanic or Latino of any race(s)
17406|Tukwila School District|56|43|0.767857143|2019|Puget Sound ESD|2 Year / CTC|0.22|0.16892857146|Race/Ethnicity|Hispanic or Latino of any race(s)
17406|Tukwila School District|56|43|0.767857143|2019|Puget Sound ESD|4 Year|0.33|0.25339285719|Race/Ethnicity|Hispanic or Latino of any race(s)
17406|Tukwila School District|56|43|0.767857143|2019|Puget Sound ESD|Not Enrolled|0.45|0.57767857135|Race/Ethnicity|Hispanic or Latino of any race(s)
17406|Tukwila School District|47|38|0.808510638|2018|Puget Sound ESD|2 Year / CTC|0.2|0.1617021276|Race/Ethnicity|Hispanic or Latino of any race(s)
17406|Tukwila School District|47|38|0.808510638|2018|Puget Sound ESD|4 Year|0.29|0.23446808502|Race/Ethnicity|Hispanic or Latino of any race(s)
17406|Tukwila School District|47|38|0.808510638|2018|Puget Sound ESD|Not Enrolled|0.5|0.595744681|Race/Ethnicity|Hispanic or Latino of any race(s)
17406|Tukwila School District|56|45|0.803571429|2017|Puget Sound ESD|2 Year / CTC|0.22|0.17678571438|Race/Ethnicity|Hispanic or Latino of any race(s)
17406|Tukwila School District|56|45|0.803571429|2017|Puget Sound ESD|4 Year|0.26|0.20892857154|Race/Ethnicity|Hispanic or Latino of any race(s)
17406|Tukwila School District|56|45|0.803571429|2017|Puget Sound ESD|Not Enrolled|0.52|0.61428571408|Race/Ethnicity|Hispanic or Latino of any race(s)
17406|Tukwila School District|50|35|0.7|2016|Puget Sound ESD|2 Year / CTC|0.27|0.189|Race/Ethnicity|Hispanic or Latino of any race(s)
17406|Tukwila School District|50|35|0.7|2016|Puget Sound ESD|4 Year|0.24|0.168|Race/Ethnicity|Hispanic or Latino of any race(s)
17406|Tukwila School District|50|35|0.7|2016|Puget Sound ESD|Not Enrolled|0.5|0.65|Race/Ethnicity|Hispanic or Latino of any race(s)
17406|Tukwila School District|45|35|0.777777778|2015|Puget Sound ESD|2 Year / CTC|0.27|0.21000000006|Race/Ethnicity|Hispanic or Latino of any race(s)
17406|Tukwila School District|45|35|0.777777778|2015|Puget Sound ESD|4 Year|0.23|0.17888888894|Race/Ethnicity|Hispanic or Latino of any race(s)
17406|Tukwila School District|45|35|0.777777778|2015|Puget Sound ESD|Not Enrolled|0.51|0.61888888878|Race/Ethnicity|Hispanic or Latino of any race(s)
17406|Tukwila School District|40|25|0.625|2014|Puget Sound ESD|2 Year / CTC|0.28|0.175|Race/Ethnicity|Hispanic or Latino of any race(s)
17406|Tukwila School District|40|25|0.625|2014|Puget Sound ESD|4 Year|0.23|0.14375|Race/Ethnicity|Hispanic or Latino of any race(s)
17406|Tukwila School District|40|25|0.625|2014|Puget Sound ESD|Not Enrolled|0.49|0.68125|Race/Ethnicity|Hispanic or Latino of any race(s)
17406|Tukwila School District|29|26|0.896551724|2020|Puget Sound ESD|2 Year / CTC|0.26|0.23310344824|Race/Ethnicity|White
17406|Tukwila School District|29|26|0.896551724|2020|Puget Sound ESD|4 Year|0.28|0.25103448272|Race/Ethnicity|White
17406|Tukwila School District|29|26|0.896551724|2020|Puget Sound ESD|Not Enrolled|0.46|0.51586206904|Race/Ethnicity|White
17406|Tukwila School District|23|12|0.52173913|2019|Puget Sound ESD|2 Year / CTC|0.29|0.1513043477|Race/Ethnicity|White
17406|Tukwila School District|23|12|0.52173913|2019|Puget Sound ESD|4 Year|0.18|0.0939130434|Race/Ethnicity|White
17406|Tukwila School District|23|12|0.52173913|2019|Puget Sound ESD|Not Enrolled|0.54|0.7600000002|Race/Ethnicity|White
17406|Tukwila School District|28|21|0.75|2018|Puget Sound ESD|2 Year / CTC|0.26|0.195|Race/Ethnicity|White
17406|Tukwila School District|28|21|0.75|2018|Puget Sound ESD|4 Year|0.24|0.18|Race/Ethnicity|White
17406|Tukwila School District|28|21|0.75|2018|Puget Sound ESD|Not Enrolled|0.5|0.625|Race/Ethnicity|White
17406|Tukwila School District|22|18.854|0.857|2017|Puget Sound ESD|2 Year / CTC|0.32|0.27424|Race/Ethnicity|White
17406|Tukwila School District|22|18.854|0.857|2017|Puget Sound ESD|4 Year|0.25|0.21425|Race/Ethnicity|White
17406|Tukwila School District|22|18.854|0.857|2017|Puget Sound ESD|Not Enrolled|0.43|0.51151|Race/Ethnicity|White
17406|Tukwila School District|29|26.187|0.903|2016|Puget Sound ESD|2 Year / CTC|0.35|0.31605|Race/Ethnicity|White
17406|Tukwila School District|29|26.187|0.903|2016|Puget Sound ESD|4 Year|0.29|0.26187|Race/Ethnicity|White
17406|Tukwila School District|29|26.187|0.903|2016|Puget Sound ESD|Not Enrolled|0.36|0.42208|Race/Ethnicity|White
17406|Tukwila School District|42|29|0.69047619|2015|Puget Sound ESD|2 Year / CTC|0.38|0.2623809522|Race/Ethnicity|White
17406|Tukwila School District|42|29|0.69047619|2015|Puget Sound ESD|4 Year|0.26|0.1795238094|Race/Ethnicity|White
17406|Tukwila School District|42|29|0.69047619|2015|Puget Sound ESD|Not Enrolled|0.36|0.5580952384|Race/Ethnicity|White
17406|Tukwila School District|38|29|0.763157895|2014|Puget Sound ESD|2 Year / CTC|0.38|0.2900000001|Race/Ethnicity|White
17406|Tukwila School District|38|29|0.763157895|2014|Puget Sound ESD|4 Year|0.27|0.20605263165|Race/Ethnicity|White
17406|Tukwila School District|38|29|0.763157895|2014|Puget Sound ESD|Not Enrolled|0.36|0.5115789472|Race/Ethnicity|White
35200|Wahkiakum School District|63|57.33|0.91|2020|ESD 112|2 Year / CTC|0.26|0.2366|All Students|All
35200|Wahkiakum School District|63|57.33|0.91|2020|ESD 112|4 Year|0.17|0.1547|All Students|All
35200|Wahkiakum School District|63|57.33|0.91|2020|ESD 112|Not Enrolled|0.57|0.6087|All Students|All
35200|Wahkiakum School District|43|38.27|0.89|2019|ESD 112|2 Year / CTC|0.25|0.2225|All Students|All
35200|Wahkiakum School District|43|38.27|0.89|2019|ESD 112|4 Year|0.28|0.2492|All Students|All
35200|Wahkiakum School District|43|38.27|0.89|2019|ESD 112|Not Enrolled|0.47|0.5283|All Students|All
35200|Wahkiakum School District|40|33.2|0.83|2018|ESD 112|2 Year / CTC|0.24|0.1992|All Students|All
35200|Wahkiakum School District|40|33.2|0.83|2018|ESD 112|4 Year|0.28|0.2324|All Students|All
35200|Wahkiakum School District|40|33.2|0.83|2018|ESD 112|Not Enrolled|0.47|0.5601|All Students|All
35200|Wahkiakum School District|34|30.94|0.91|2017|ESD 112|2 Year / CTC|0.22|0.2002|All Students|All
35200|Wahkiakum School District|34|30.94|0.91|2017|ESD 112|4 Year|0.29|0.2639|All Students|All
35200|Wahkiakum School District|34|30.94|0.91|2017|ESD 112|Not Enrolled|0.49|0.5359|All Students|All
35200|Wahkiakum School District|32|28.576|0.893|2016|ESD 112|2 Year / CTC|0.32|0.28576|All Students|All
35200|Wahkiakum School District|32|28.576|0.893|2016|ESD 112|4 Year|0.26|0.23218|All Students|All
35200|Wahkiakum School District|32|28.576|0.893|2016|ESD 112|Not Enrolled|0.42|0.48206|All Students|All
35200|Wahkiakum School District|33|27.39|0.83|2015|ESD 112|2 Year / CTC|0.35|0.2905|All Students|All
35200|Wahkiakum School District|33|27.39|0.83|2015|ESD 112|4 Year|0.25|0.2075|All Students|All
35200|Wahkiakum School District|33|27.39|0.83|2015|ESD 112|Not Enrolled|0.4|0.502|All Students|All
35200|Wahkiakum School District|56|50.736|0.906|2014|ESD 112|2 Year / CTC|0.4|0.3624|All Students|All
35200|Wahkiakum School District|56|50.736|0.906|2014|ESD 112|4 Year|0.24|0.21744|All Students|All
35200|Wahkiakum School District|56|50.736|0.906|2014|ESD 112|Not Enrolled|0.36|0.42016|All Students|All
35200|Wahkiakum School District|25|19.225|0.769|2020|ESD 112|2 Year / CTC|0.27|0.20763|Gender|Female
35200|Wahkiakum School District|25|19.225|0.769|2020|ESD 112|4 Year|0.24|0.18456|Gender|Female
35200|Wahkiakum School District|25|19.225|0.769|2020|ESD 112|Not Enrolled|0.49|0.60781|Gender|Female
35200|Wahkiakum School District|18|14.4|0.8|2019|ESD 112|2 Year / CTC|0.24|0.192|Gender|Female
35200|Wahkiakum School District|18|14.4|0.8|2019|ESD 112|4 Year|0.38|0.304|Gender|Female
35200|Wahkiakum School District|18|14.4|0.8|2019|ESD 112|Not Enrolled|0.38|0.504|Gender|Female
35200|Wahkiakum School District|15|10.905|0.727|2018|ESD 112|2 Year / CTC|0.25|0.18175|Gender|Female
35200|Wahkiakum School District|15|10.905|0.727|2018|ESD 112|4 Year|0.35|0.25445|Gender|Female
35200|Wahkiakum School District|15|10.905|0.727|2018|ESD 112|Not Enrolled|0.4|0.5638|Gender|Female
35200|Wahkiakum School District|14|12.18|0.87|2017|ESD 112|2 Year / CTC|0.23|0.2001|Gender|Female
35200|Wahkiakum School District|14|12.18|0.87|2017|ESD 112|4 Year|0.36|0.3132|Gender|Female
35200|Wahkiakum School District|14|12.18|0.87|2017|ESD 112|Not Enrolled|0.42|0.4954|Gender|Female
35200|Wahkiakum School District|24|19.776|0.824|2016|ESD 112|2 Year / CTC|0.37|0.30488|Gender|Female
35200|Wahkiakum School District|24|19.776|0.824|2016|ESD 112|4 Year|0.29|0.23896|Gender|Female
35200|Wahkiakum School District|24|19.776|0.824|2016|ESD 112|Not Enrolled|0.35|0.4644|Gender|Female
35200|Wahkiakum School District|16|13.472|0.842|2015|ESD 112|2 Year / CTC|0.42|0.35364|Gender|Female
35200|Wahkiakum School District|16|13.472|0.842|2015|ESD 112|4 Year|0.26|0.21892|Gender|Female
35200|Wahkiakum School District|16|13.472|0.842|2015|ESD 112|Not Enrolled|0.33|0.43586|Gender|Female
35200|Wahkiakum School District|27|21.951|0.813|2014|ESD 112|2 Year / CTC|0.45|0.36585|Gender|Female
35200|Wahkiakum School District|27|21.951|0.813|2014|ESD 112|4 Year|0.26|0.21138|Gender|Female
35200|Wahkiakum School District|27|21.951|0.813|2014|ESD 112|Not Enrolled|0.29|0.42277|Gender|Female
35200|Wahkiakum School District|38|32.3|0.85|2020|ESD 112|2 Year / CTC|0.25|0.2125|Gender|Male
35200|Wahkiakum School District|38|32.3|0.85|2020|ESD 112|4 Year|0.12|0.102|Gender|Male
35200|Wahkiakum School District|38|32.3|0.85|2020|ESD 112|Not Enrolled|0.63|0.6855|Gender|Male
35200|Wahkiakum School District|20|17|0.85|2019|ESD 112|2 Year / CTC|0.25|0.2125|Gender|Male
35200|Wahkiakum School District|20|17|0.85|2019|ESD 112|4 Year|0.17|0.1445|Gender|Male
35200|Wahkiakum School District|20|17|0.85|2019|ESD 112|Not Enrolled|0.58|0.643|Gender|Male
35200|Wahkiakum School District|25|18.75|0.75|2018|ESD 112|2 Year / CTC|0.23|0.1725|Gender|Male
35200|Wahkiakum School District|25|18.75|0.75|2018|ESD 112|4 Year|0.17|0.1275|Gender|Male
35200|Wahkiakum School District|25|18.75|0.75|2018|ESD 112|Not Enrolled|0.6|0.7|Gender|Male
35200|Wahkiakum School District|20|14|0.7|2017|ESD 112|2 Year / CTC|0.21|0.147|Gender|Male
35200|Wahkiakum School District|20|14|0.7|2017|ESD 112|4 Year|0.18|0.126|Gender|Male
35200|Wahkiakum School District|20|14|0.7|2017|ESD 112|Not Enrolled|0.62|0.734|Gender|Male
35200|Wahkiakum School District|8|5.816|0.727|2016|ESD 112|2 Year / CTC|0.26|0.18902|Gender|Male
35200|Wahkiakum School District|8|5.816|0.727|2016|ESD 112|4 Year|0.23|0.16721|Gender|Male
35200|Wahkiakum School District|8|5.816|0.727|2016|ESD 112|Not Enrolled|0.51|0.64377|Gender|Male
35200|Wahkiakum School District|17|14.008|0.824|2015|ESD 112|2 Year / CTC|0.3|0.2472|Gender|Male
35200|Wahkiakum School District|17|14.008|0.824|2015|ESD 112|4 Year|0.24|0.19776|Gender|Male
35200|Wahkiakum School District|17|14.008|0.824|2015|ESD 112|Not Enrolled|0.46|0.55504|Gender|Male
35200|Wahkiakum School District|29|23.577|0.813|2014|ESD 112|2 Year / CTC|0.36|0.29268|Gender|Male
35200|Wahkiakum School District|29|23.577|0.813|2014|ESD 112|4 Year|0.23|0.18699|Gender|Male
35200|Wahkiakum School District|29|23.577|0.813|2014|ESD 112|Not Enrolled|0.42|0.52846|Gender|Male
35200|Wahkiakum School District|35|30.975|0.885|2020|ESD 112|2 Year / CTC|0.21|0.18585|FRPL|FRPL
35200|Wahkiakum School District|35|30.975|0.885|2020|ESD 112|4 Year|0.11|0.09735|FRPL|FRPL
35200|Wahkiakum School District|35|30.975|0.885|2020|ESD 112|Not Enrolled|0.68|0.7168|FRPL|FRPL
35200|Wahkiakum School District|30|26.55|0.885|2019|ESD 112|2 Year / CTC|0.26|0.2301|FRPL|FRPL
35200|Wahkiakum School District|30|26.55|0.885|2019|ESD 112|4 Year|0.16|0.1416|FRPL|FRPL
35200|Wahkiakum School District|30|26.55|0.885|2019|ESD 112|Not Enrolled|0.58|0.6283|FRPL|FRPL
35200|Wahkiakum School District|26|20.28|0.78|2018|ESD 112|2 Year / CTC|0.25|0.195|FRPL|FRPL
35200|Wahkiakum School District|26|20.28|0.78|2018|ESD 112|4 Year|0.11|0.0858|FRPL|FRPL
35200|Wahkiakum School District|26|20.28|0.78|2018|ESD 112|Not Enrolled|0.64|0.7192|FRPL|FRPL
35200|Wahkiakum School District|17|14.45|0.85|2017|ESD 112|2 Year / CTC|0.18|0.153|FRPL|FRPL
35200|Wahkiakum School District|17|14.45|0.85|2017|ESD 112|4 Year|0.18|0.153|FRPL|FRPL
35200|Wahkiakum School District|17|14.45|0.85|2017|ESD 112|Not Enrolled|0.63|0.6855|FRPL|FRPL
35200|Wahkiakum School District|12|9.432|0.786|2016|ESD 112|2 Year / CTC|0.36|0.28296|FRPL|FRPL
35200|Wahkiakum School District|12|9.432|0.786|2016|ESD 112|4 Year|0.13|0.10218|FRPL|FRPL
35200|Wahkiakum School District|12|9.432|0.786|2016|ESD 112|Not Enrolled|0.51|0.61486|FRPL|FRPL
35200|Wahkiakum School District|21|16|0.761904762|2015|ESD 112|2 Year / CTC|0.38|0.28952380956|FRPL|FRPL
35200|Wahkiakum School District|21|16|0.761904762|2015|ESD 112|4 Year|0.16|0.12190476192|FRPL|FRPL
35200|Wahkiakum School District|21|16|0.761904762|2015|ESD 112|Not Enrolled|0.47|0.59619047614|FRPL|FRPL
35200|Wahkiakum School District|25|20.825|0.833|2014|ESD 112|2 Year / CTC|0.48|0.39984|FRPL|FRPL
35200|Wahkiakum School District|25|20.825|0.833|2014|ESD 112|4 Year|0.08|0.06664|FRPL|FRPL
35200|Wahkiakum School District|25|20.825|0.833|2014|ESD 112|Not Enrolled|0.44|0.53352|FRPL|FRPL
35200|Wahkiakum School District|28|||2020|ESD 112|2 Year / CTC|0.34||FRPL|Not FRPL
35200|Wahkiakum School District|28|||2020|ESD 112|4 Year|0.28||FRPL|Not FRPL
35200|Wahkiakum School District|28|||2020|ESD 112|Not Enrolled|0.38||FRPL|Not FRPL
35200|Wahkiakum School District|13|||2019|ESD 112|2 Year / CTC|0.24||FRPL|Not FRPL
35200|Wahkiakum School District|13|||2019|ESD 112|4 Year|0.42||FRPL|Not FRPL
35200|Wahkiakum School District|13|||2019|ESD 112|Not Enrolled|0.34||FRPL|Not FRPL
35200|Wahkiakum School District|14|||2018|ESD 112|2 Year / CTC|0.24||FRPL|Not FRPL
35200|Wahkiakum School District|14|||2018|ESD 112|4 Year|0.43||FRPL|Not FRPL
35200|Wahkiakum School District|14|||2018|ESD 112|Not Enrolled|0.33||FRPL|Not FRPL
35200|Wahkiakum School District|17|13.073|0.769|2017|ESD 112|2 Year / CTC|0.24|0.18456|FRPL|Not FRPL
35200|Wahkiakum School District|17|13.073|0.769|2017|ESD 112|4 Year|0.37|0.28453|FRPL|Not FRPL
35200|Wahkiakum School District|17|13.073|0.769|2017|ESD 112|Not Enrolled|0.39|0.53091|FRPL|Not FRPL
35200|Wahkiakum School District|20|15.72|0.786|2016|ESD 112|2 Year / CTC|0.28|0.22008|FRPL|Not FRPL
35200|Wahkiakum School District|20|15.72|0.786|2016|ESD 112|4 Year|0.36|0.28296|FRPL|Not FRPL
35200|Wahkiakum School District|20|15.72|0.786|2016|ESD 112|Not Enrolled|0.36|0.49696|FRPL|Not FRPL
35200|Wahkiakum School District|20|16|0.8|2015|ESD 112|2 Year / CTC|0.33|0.264|FRPL|Not FRPL
35200|Wahkiakum School District|20|16|0.8|2015|ESD 112|4 Year|0.33|0.264|FRPL|Not FRPL
35200|Wahkiakum School District|20|16|0.8|2015|ESD 112|Not Enrolled|0.35|0.48|FRPL|Not FRPL
35200|Wahkiakum School District|31|24.366|0.786|2014|ESD 112|2 Year / CTC|0.3|0.2358|FRPL|Not FRPL
35200|Wahkiakum School District|31|24.366|0.786|2014|ESD 112|4 Year|0.44|0.34584|FRPL|Not FRPL
35200|Wahkiakum School District|31|24.366|0.786|2014|ESD 112|Not Enrolled|0.26|0.41836|FRPL|Not FRPL
35200|Wahkiakum School District|51|44.88|0.88|2020|ESD 112|2 Year / CTC|0.25|0.22|Race/Ethnicity|White
35200|Wahkiakum School District|51|44.88|0.88|2020|ESD 112|4 Year|0.18|0.1584|Race/Ethnicity|White
35200|Wahkiakum School District|51|44.88|0.88|2020|ESD 112|Not Enrolled|0.58|0.6304|Race/Ethnicity|White
35200|Wahkiakum School District|35|30.45|0.87|2019|ESD 112|2 Year / CTC|0.26|0.2262|Race/Ethnicity|White
35200|Wahkiakum School District|35|30.45|0.87|2019|ESD 112|4 Year|0.29|0.2523|Race/Ethnicity|White
35200|Wahkiakum School District|35|30.45|0.87|2019|ESD 112|Not Enrolled|0.44|0.5128|Race/Ethnicity|White
35200|Wahkiakum School District|36|28.8|0.8|2018|ESD 112|2 Year / CTC|0.25|0.2|Race/Ethnicity|White
35200|Wahkiakum School District|36|28.8|0.8|2018|ESD 112|4 Year|0.3|0.24|Race/Ethnicity|White
35200|Wahkiakum School District|36|28.8|0.8|2018|ESD 112|Not Enrolled|0.45|0.56|Race/Ethnicity|White
35200|Wahkiakum School District|31|27.559|0.889|2017|ESD 112|2 Year / CTC|0.22|0.19558|Race/Ethnicity|White
35200|Wahkiakum School District|31|27.559|0.889|2017|ESD 112|4 Year|0.3|0.2667|Race/Ethnicity|White
35200|Wahkiakum School District|31|27.559|0.889|2017|ESD 112|Not Enrolled|0.49|0.54661|Race/Ethnicity|White
35200|Wahkiakum School District|22|19.36|0.88|2016|ESD 112|2 Year / CTC|0.3|0.264|Race/Ethnicity|White
35200|Wahkiakum School District|22|19.36|0.88|2016|ESD 112|4 Year|0.27|0.2376|Race/Ethnicity|White
35200|Wahkiakum School District|22|19.36|0.88|2016|ESD 112|Not Enrolled|0.43|0.4984|Race/Ethnicity|White
35200|Wahkiakum School District|27|22.41|0.83|2015|ESD 112|2 Year / CTC|0.35|0.2905|Race/Ethnicity|White
35200|Wahkiakum School District|27|22.41|0.83|2015|ESD 112|4 Year|0.24|0.1992|Race/Ethnicity|White
35200|Wahkiakum School District|27|22.41|0.83|2015|ESD 112|Not Enrolled|0.4|0.502|Race/Ethnicity|White
35200|Wahkiakum School District|48|42.672|0.889|2014|ESD 112|2 Year / CTC|0.39|0.34671|Race/Ethnicity|White
35200|Wahkiakum School District|48|42.672|0.889|2014|ESD 112|4 Year|0.24|0.21336|Race/Ethnicity|White
35200|Wahkiakum School District|48|42.672|0.889|2014|ESD 112|Not Enrolled|0.37|0.43993|Race/Ethnicity|White
36140|Walla Walla Public Schools|399|391|0.979949875|2020|United Way of the Blue Mountains|2 Year / CTC|0.33|0.32338345875|Section 504|Not Section 504
36140|Walla Walla Public Schools|399|391|0.979949875|2020|United Way of the Blue Mountains|4 Year|0.25|0.24498746875|Section 504|Not Section 504
36140|Walla Walla Public Schools|399|391|0.979949875|2020|United Way of the Blue Mountains|Not Enrolled|0.42|0.4316290725|Section 504|Not Section 504
36140|Walla Walla Public Schools|559|523.224|0.936|2019|United Way of the Blue Mountains|2 Year / CTC|0.36|0.33696|Section 504|Not Section 504
36140|Walla Walla Public Schools|559|523.224|0.936|2019|United Way of the Blue Mountains|4 Year|0.25|0.234|Section 504|Not Section 504
36140|Walla Walla Public Schools|559|523.224|0.936|2019|United Way of the Blue Mountains|Not Enrolled|0.38|0.41968|Section 504|Not Section 504
36140|Walla Walla Public Schools|544|498.848|0.917|2018|United Way of the Blue Mountains|2 Year / CTC|0.37|0.33929|Section 504|Not Section 504
36140|Walla Walla Public Schools|544|498.848|0.917|2018|United Way of the Blue Mountains|4 Year|0.23|0.21091|Section 504|Not Section 504
36140|Walla Walla Public Schools|544|498.848|0.917|2018|United Way of the Blue Mountains|Not Enrolled|0.4|0.4498|Section 504|Not Section 504
36140|Walla Walla Public Schools|586|476.418|0.813|2017|United Way of the Blue Mountains|2 Year / CTC|0.38|0.30894|Section 504|Not Section 504
36140|Walla Walla Public Schools|586|476.418|0.813|2017|United Way of the Blue Mountains|4 Year|0.24|0.19512|Section 504|Not Section 504
36140|Walla Walla Public Schools|586|476.418|0.813|2017|United Way of the Blue Mountains|Not Enrolled|0.38|0.49594|Section 504|Not Section 504
36140|Walla Walla Public Schools|628|539.452|0.859|2016|United Way of the Blue Mountains|2 Year / CTC|0.37|0.31783|Section 504|Not Section 504
36140|Walla Walla Public Schools|628|539.452|0.859|2016|United Way of the Blue Mountains|4 Year|0.25|0.21475|Section 504|Not Section 504
36140|Walla Walla Public Schools|628|539.452|0.859|2016|United Way of the Blue Mountains|Not Enrolled|0.37|0.45883|Section 504|Not Section 504
36140|Walla Walla Public Schools|646|540.056|0.836|2015|United Way of the Blue Mountains|2 Year / CTC|0.39|0.32604|Section 504|Not Section 504
36140|Walla Walla Public Schools|646|540.056|0.836|2015|United Way of the Blue Mountains|4 Year|0.27|0.22572|Section 504|Not Section 504
36140|Walla Walla Public Schools|646|540.056|0.836|2015|United Way of the Blue Mountains|Not Enrolled|0.35|0.4566|Section 504|Not Section 504
36140|Walla Walla Public Schools|620|521.42|0.841|2014|United Way of the Blue Mountains|2 Year / CTC|0.36|0.30276|Section 504|Not Section 504
36140|Walla Walla Public Schools|620|521.42|0.841|2014|United Way of the Blue Mountains|4 Year|0.25|0.21025|Section 504|Not Section 504
36140|Walla Walla Public Schools|620|521.42|0.841|2014|United Way of the Blue Mountains|Not Enrolled|0.38|0.47858|Section 504|Not Section 504
36140|Walla Walla Public Schools|34|29.376|0.864|2020|United Way of the Blue Mountains|2 Year / CTC|0.39|0.33696|Section 504|Section 504
36140|Walla Walla Public Schools|34|29.376|0.864|2020|United Way of the Blue Mountains|4 Year|0.14|0.12096|Section 504|Section 504
36140|Walla Walla Public Schools|34|29.376|0.864|2020|United Way of the Blue Mountains|Not Enrolled|0.47|0.54208|Section 504|Section 504
36140|Walla Walla Public Schools|26|23.4|0.9|2019|United Way of the Blue Mountains|2 Year / CTC|0.42|0.378|Section 504|Section 504
36140|Walla Walla Public Schools|26|23.4|0.9|2019|United Way of the Blue Mountains|4 Year|0.14|0.126|Section 504|Section 504
36140|Walla Walla Public Schools|26|23.4|0.9|2019|United Way of the Blue Mountains|Not Enrolled|0.44|0.496|Section 504|Section 504
36140|Walla Walla Public Schools|31|26.784|0.864|2018|United Way of the Blue Mountains|2 Year / CTC|0.42|0.36288|Section 504|Section 504
36140|Walla Walla Public Schools|31|26.784|0.864|2018|United Way of the Blue Mountains|4 Year|0.16|0.13824|Section 504|Section 504
36140|Walla Walla Public Schools|31|26.784|0.864|2018|United Way of the Blue Mountains|Not Enrolled|0.42|0.49888|Section 504|Section 504
36140|Walla Walla Public Schools|23|19.366|0.842|2017|United Way of the Blue Mountains|2 Year / CTC|0.45|0.3789|Section 504|Section 504
36140|Walla Walla Public Schools|23|19.366|0.842|2017|United Way of the Blue Mountains|4 Year|0.18|0.15156|Section 504|Section 504
36140|Walla Walla Public Schools|23|19.366|0.842|2017|United Way of the Blue Mountains|Not Enrolled|0.37|0.46954|Section 504|Section 504
36140|Walla Walla Public Schools|20|16.2|0.81|2016|United Way of the Blue Mountains|2 Year / CTC|0.45|0.3645|Section 504|Section 504
36140|Walla Walla Public Schools|20|16.2|0.81|2016|United Way of the Blue Mountains|4 Year|0.24|0.1944|Section 504|Section 504
36140|Walla Walla Public Schools|20|16.2|0.81|2016|United Way of the Blue Mountains|Not Enrolled|0.3|0.433|Section 504|Section 504
36140|Walla Walla Public Schools|12|9.72|0.81|2015|United Way of the Blue Mountains|2 Year / CTC|0.5|0.405|Section 504|Section 504
36140|Walla Walla Public Schools|12|9.72|0.81|2015|United Way of the Blue Mountains|4 Year|0.26|0.2106|Section 504|Section 504
36140|Walla Walla Public Schools|12|9.72|0.81|2015|United Way of the Blue Mountains|Not Enrolled|0.24|0.3844|Section 504|Section 504
36140|Walla Walla Public Schools|17|12.75|0.75|2014|United Way of the Blue Mountains|2 Year / CTC|0.38|0.285|Section 504|Section 504
36140|Walla Walla Public Schools|17|12.75|0.75|2014|United Way of the Blue Mountains|4 Year|0.31|0.2325|Section 504|Section 504
36140|Walla Walla Public Schools|17|12.75|0.75|2014|United Way of the Blue Mountains|Not Enrolled|0.31|0.4825|Section 504|Section 504
36140|Walla Walla Public Schools|534|523.854|0.981|2020|United Way of the Blue Mountains|2 Year / CTC|0.28|0.27468|All Students|All
36140|Walla Walla Public Schools|534|523.854|0.981|2020|United Way of the Blue Mountains|4 Year|0.23|0.22563|All Students|All
36140|Walla Walla Public Schools|534|523.854|0.981|2020|United Way of the Blue Mountains|Not Enrolled|0.49|0.49969|All Students|All
36140|Walla Walla Public Schools|423|397|0.938534279|2019|United Way of the Blue Mountains|2 Year / CTC|0.34|0.31910165486|All Students|All
36140|Walla Walla Public Schools|423|397|0.938534279|2019|United Way of the Blue Mountains|4 Year|0.28|0.26278959812|All Students|All
36140|Walla Walla Public Schools|423|397|0.938534279|2019|United Way of the Blue Mountains|Not Enrolled|0.38|0.41810874702|All Students|All
36140|Walla Walla Public Schools|432|396|0.916666667|2018|United Way of the Blue Mountains|2 Year / CTC|0.38|0.34833333346|All Students|All
36140|Walla Walla Public Schools|432|396|0.916666667|2018|United Way of the Blue Mountains|4 Year|0.22|0.20166666674|All Students|All
36140|Walla Walla Public Schools|432|396|0.916666667|2018|United Way of the Blue Mountains|Not Enrolled|0.4|0.4499999998|All Students|All
36140|Walla Walla Public Schools|544|444|0.816176471|2017|United Way of the Blue Mountains|2 Year / CTC|0.39|0.31830882369|All Students|All
36140|Walla Walla Public Schools|544|444|0.816176471|2017|United Way of the Blue Mountains|4 Year|0.24|0.19588235304|All Students|All
36140|Walla Walla Public Schools|544|444|0.816176471|2017|United Way of the Blue Mountains|Not Enrolled|0.37|0.48580882327|All Students|All
36140|Walla Walla Public Schools|564|484|0.858156028|2016|United Way of the Blue Mountains|2 Year / CTC|0.35|0.3003546098|All Students|All
36140|Walla Walla Public Schools|564|484|0.858156028|2016|United Way of the Blue Mountains|4 Year|0.22|0.18879432616|All Students|All
36140|Walla Walla Public Schools|564|484|0.858156028|2016|United Way of the Blue Mountains|Not Enrolled|0.43|0.51085106404|All Students|All
36140|Walla Walla Public Schools|553|462|0.835443038|2015|United Way of the Blue Mountains|2 Year / CTC|0.41|0.34253164558|All Students|All
36140|Walla Walla Public Schools|553|462|0.835443038|2015|United Way of the Blue Mountains|4 Year|0.25|0.2088607595|All Students|All
36140|Walla Walla Public Schools|553|462|0.835443038|2015|United Way of the Blue Mountains|Not Enrolled|0.34|0.44860759492|All Students|All
36140|Walla Walla Public Schools|545|458|0.840366972|2014|United Way of the Blue Mountains|2 Year / CTC|0.37|0.31093577964|All Students|All
36140|Walla Walla Public Schools|545|458|0.840366972|2014|United Way of the Blue Mountains|4 Year|0.29|0.24370642188|All Students|All
36140|Walla Walla Public Schools|545|458|0.840366972|2014|United Way of the Blue Mountains|Not Enrolled|0.33|0.43695412876|All Students|All
36140|Walla Walla Public Schools|41|37.597|0.917|2020|United Way of the Blue Mountains|2 Year / CTC|0.52|0.47684|Bilingual|Bilingual
36140|Walla Walla Public Schools|41|37.597|0.917|2020|United Way of the Blue Mountains|4 Year|0.025|0.022925|Bilingual|Bilingual
36140|Walla Walla Public Schools|41|37.597|0.917|2020|United Way of the Blue Mountains|Not Enrolled|0.47|0.51399|Bilingual|Bilingual
36140|Walla Walla Public Schools|33|26.4|0.8|2019|United Way of the Blue Mountains|2 Year / CTC|0.62|0.496|Bilingual|Bilingual
36140|Walla Walla Public Schools|33|26.4|0.8|2019|United Way of the Blue Mountains|4 Year|0.025|0.02|Bilingual|Bilingual
36140|Walla Walla Public Schools|33|26.4|0.8|2019|United Way of the Blue Mountains|Not Enrolled|0.37|0.496|Bilingual|Bilingual
36140|Walla Walla Public Schools|15|13.2|0.88|2018|United Way of the Blue Mountains|2 Year / CTC|0.52|0.4576|Bilingual|Bilingual
36140|Walla Walla Public Schools|15|13.2|0.88|2018|United Way of the Blue Mountains|4 Year|0.025|0.022|Bilingual|Bilingual
36140|Walla Walla Public Schools|15|13.2|0.88|2018|United Way of the Blue Mountains|Not Enrolled|0.42|0.4896|Bilingual|Bilingual
36140|Walla Walla Public Schools|28|20.16|0.72|2017|United Way of the Blue Mountains|2 Year / CTC|0.47|0.3384|Bilingual|Bilingual
36140|Walla Walla Public Schools|28|20.16|0.72|2017|United Way of the Blue Mountains|4 Year|0.075|0.054|Bilingual|Bilingual
36140|Walla Walla Public Schools|28|20.16|0.72|2017|United Way of the Blue Mountains|Not Enrolled|0.47|0.6184|Bilingual|Bilingual
36140|Walla Walla Public Schools|23|21.091|0.917|2016|United Way of the Blue Mountains|2 Year / CTC|0.42|0.38514|Bilingual|Bilingual
36140|Walla Walla Public Schools|23|21.091|0.917|2016|United Way of the Blue Mountains|4 Year|0.075|0.068775|Bilingual|Bilingual
36140|Walla Walla Public Schools|23|21.091|0.917|2016|United Way of the Blue Mountains|Not Enrolled|0.52|0.55984|Bilingual|Bilingual
36140|Walla Walla Public Schools|21|15|0.714285714|2015|United Way of the Blue Mountains|2 Year / CTC|0.445|0.31785714273|Bilingual|Bilingual
36140|Walla Walla Public Schools|21|15|0.714285714|2015|United Way of the Blue Mountains|4 Year|0.05|0.0357142857|Bilingual|Bilingual
36140|Walla Walla Public Schools|21|15|0.714285714|2015|United Way of the Blue Mountains|Not Enrolled|0.545|0.67500000013|Bilingual|Bilingual
36140|Walla Walla Public Schools|15|12.45|0.83|2014|United Way of the Blue Mountains|2 Year / CTC|0.37|0.3071|Bilingual|Bilingual
36140|Walla Walla Public Schools|15|12.45|0.83|2014|United Way of the Blue Mountains|4 Year|0.025|0.02075|Bilingual|Bilingual
36140|Walla Walla Public Schools|15|12.45|0.83|2014|United Way of the Blue Mountains|Not Enrolled|0.62|0.6846|Bilingual|Bilingual
36140|Walla Walla Public Schools|385|378|0.981818182|2020|United Way of the Blue Mountains|2 Year / CTC|0.32|0.31418181824|Bilingual|Not Bilingual
36140|Walla Walla Public Schools|385|378|0.981818182|2020|United Way of the Blue Mountains|4 Year|0.25|0.2454545455|Bilingual|Not Bilingual
36140|Walla Walla Public Schools|385|378|0.981818182|2020|United Way of the Blue Mountains|Not Enrolled|0.42|0.43054545444|Bilingual|Not Bilingual
36140|Walla Walla Public Schools|552|516.672|0.936|2019|United Way of the Blue Mountains|2 Year / CTC|0.36|0.33696|Bilingual|Not Bilingual
36140|Walla Walla Public Schools|552|516.672|0.936|2019|United Way of the Blue Mountains|4 Year|0.26|0.24336|Bilingual|Not Bilingual
36140|Walla Walla Public Schools|552|516.672|0.936|2019|United Way of the Blue Mountains|Not Enrolled|0.39|0.42904|Bilingual|Not Bilingual
36140|Walla Walla Public Schools|560|515.2|0.92|2018|United Way of the Blue Mountains|2 Year / CTC|0.36|0.3312|Bilingual|Not Bilingual
36140|Walla Walla Public Schools|560|515.2|0.92|2018|United Way of the Blue Mountains|4 Year|0.24|0.2208|Bilingual|Not Bilingual
36140|Walla Walla Public Schools|560|515.2|0.92|2018|United Way of the Blue Mountains|Not Enrolled|0.4|0.448|Bilingual|Not Bilingual
36140|Walla Walla Public Schools|581|477.001|0.821|2017|United Way of the Blue Mountains|2 Year / CTC|0.38|0.31198|Bilingual|Not Bilingual
36140|Walla Walla Public Schools|581|477.001|0.821|2017|United Way of the Blue Mountains|4 Year|0.24|0.19704|Bilingual|Not Bilingual
36140|Walla Walla Public Schools|581|477.001|0.821|2017|United Way of the Blue Mountains|Not Enrolled|0.38|0.49098|Bilingual|Not Bilingual
36140|Walla Walla Public Schools|625|532.5|0.852|2016|United Way of the Blue Mountains|2 Year / CTC|0.38|0.32376|Bilingual|Not Bilingual
36140|Walla Walla Public Schools|625|532.5|0.852|2016|United Way of the Blue Mountains|4 Year|0.26|0.22152|Bilingual|Not Bilingual
36140|Walla Walla Public Schools|625|532.5|0.852|2016|United Way of the Blue Mountains|Not Enrolled|0.36|0.45472|Bilingual|Not Bilingual
36140|Walla Walla Public Schools|532|447|0.840225564|2015|United Way of the Blue Mountains|2 Year / CTC|0.39|0.32768796996|Bilingual|Not Bilingual
36140|Walla Walla Public Schools|532|447|0.840225564|2015|United Way of the Blue Mountains|4 Year|0.27|0.22686090228|Bilingual|Not Bilingual
36140|Walla Walla Public Schools|532|447|0.840225564|2015|United Way of the Blue Mountains|Not Enrolled|0.34|0.44545112776|Bilingual|Not Bilingual
36140|Walla Walla Public Schools|622|523.102|0.841|2014|United Way of the Blue Mountains|2 Year / CTC|0.36|0.30276|Bilingual|Not Bilingual
36140|Walla Walla Public Schools|622|523.102|0.841|2014|United Way of the Blue Mountains|4 Year|0.26|0.21866|Bilingual|Not Bilingual
36140|Walla Walla Public Schools|622|523.102|0.841|2014|United Way of the Blue Mountains|Not Enrolled|0.37|0.47017|Bilingual|Not Bilingual
36140|Walla Walla Public Schools|272|268.4368|0.9869|2020|United Way of the Blue Mountains|2 Year / CTC|0.29|0.286201|Gender|Female
36140|Walla Walla Public Schools|272|268.4368|0.9869|2020|United Way of the Blue Mountains|4 Year|0.29|0.286201|Gender|Female
36140|Walla Walla Public Schools|272|268.4368|0.9869|2020|United Way of the Blue Mountains|Not Enrolled|0.42|0.427598|Gender|Female
36140|Walla Walla Public Schools|299|287.04|0.96|2019|United Way of the Blue Mountains|2 Year / CTC|0.33|0.3168|Gender|Female
36140|Walla Walla Public Schools|299|287.04|0.96|2019|United Way of the Blue Mountains|4 Year|0.35|0.336|Gender|Female
36140|Walla Walla Public Schools|299|287.04|0.96|2019|United Way of the Blue Mountains|Not Enrolled|0.32|0.3472|Gender|Female
36140|Walla Walla Public Schools|291|267.138|0.918|2018|United Way of the Blue Mountains|2 Year / CTC|0.41|0.37638|Gender|Female
36140|Walla Walla Public Schools|291|267.138|0.918|2018|United Way of the Blue Mountains|4 Year|0.24|0.22032|Gender|Female
36140|Walla Walla Public Schools|291|267.138|0.918|2018|United Way of the Blue Mountains|Not Enrolled|0.34|0.39412|Gender|Female
36140|Walla Walla Public Schools|282|239|0.84751773|2017|United Way of the Blue Mountains|2 Year / CTC|0.39|0.3305319147|Gender|Female
36140|Walla Walla Public Schools|282|239|0.84751773|2017|United Way of the Blue Mountains|4 Year|0.27|0.2288297871|Gender|Female
36140|Walla Walla Public Schools|282|239|0.84751773|2017|United Way of the Blue Mountains|Not Enrolled|0.34|0.4406382982|Gender|Female
36140|Walla Walla Public Schools|284|238|0.838028169|2016|United Way of the Blue Mountains|2 Year / CTC|0.36|0.30169014084|Gender|Female
36140|Walla Walla Public Schools|284|238|0.838028169|2016|United Way of the Blue Mountains|4 Year|0.23|0.19274647887|Gender|Female
36140|Walla Walla Public Schools|284|238|0.838028169|2016|United Way of the Blue Mountains|Not Enrolled|0.42|0.51394366198|Gender|Female
36140|Walla Walla Public Schools|281|247|0.879003559|2015|United Way of the Blue Mountains|2 Year / CTC|0.41|0.36039145919|Gender|Female
36140|Walla Walla Public Schools|281|247|0.879003559|2015|United Way of the Blue Mountains|4 Year|0.31|0.27249110329|Gender|Female
36140|Walla Walla Public Schools|281|247|0.879003559|2015|United Way of the Blue Mountains|Not Enrolled|0.28|0.36711743752|Gender|Female
36140|Walla Walla Public Schools|298|253|0.848993289|2014|United Way of the Blue Mountains|2 Year / CTC|0.44|0.37355704716|Gender|Female
36140|Walla Walla Public Schools|298|253|0.848993289|2014|United Way of the Blue Mountains|4 Year|0.33|0.28016778537|Gender|Female
36140|Walla Walla Public Schools|298|253|0.848993289|2014|United Way of the Blue Mountains|Not Enrolled|0.23|0.34627516747|Gender|Female
36140|Walla Walla Public Schools|261|252.909|0.969|2020|United Way of the Blue Mountains|2 Year / CTC|0.26|0.25194|Gender|Male
36140|Walla Walla Public Schools|261|252.909|0.969|2020|United Way of the Blue Mountains|4 Year|0.16|0.15504|Gender|Male
36140|Walla Walla Public Schools|261|252.909|0.969|2020|United Way of the Blue Mountains|Not Enrolled|0.58|0.59302|Gender|Male
36140|Walla Walla Public Schools|198|181|0.914141414|2019|United Way of the Blue Mountains|2 Year / CTC|0.34|0.31080808076|Gender|Male
36140|Walla Walla Public Schools|198|181|0.914141414|2019|United Way of the Blue Mountains|4 Year|0.2|0.1828282828|Gender|Male
36140|Walla Walla Public Schools|198|181|0.914141414|2019|United Way of the Blue Mountains|Not Enrolled|0.45|0.4972222223|Gender|Male
36140|Walla Walla Public Schools|284|259.86|0.915|2018|United Way of the Blue Mountains|2 Year / CTC|0.33|0.30195|Gender|Male
36140|Walla Walla Public Schools|284|259.86|0.915|2018|United Way of the Blue Mountains|4 Year|0.2|0.183|Gender|Male
36140|Walla Walla Public Schools|284|259.86|0.915|2018|United Way of the Blue Mountains|Not Enrolled|0.47|0.51505|Gender|Male
36140|Walla Walla Public Schools|262|205|0.782442748|2017|United Way of the Blue Mountains|2 Year / CTC|0.38|0.29732824424|Gender|Male
36140|Walla Walla Public Schools|262|205|0.782442748|2017|United Way of the Blue Mountains|4 Year|0.21|0.16431297708|Gender|Male
36140|Walla Walla Public Schools|262|205|0.782442748|2017|United Way of the Blue Mountains|Not Enrolled|0.41|0.53835877868|Gender|Male
36140|Walla Walla Public Schools|280|246|0.878571429|2016|United Way of the Blue Mountains|2 Year / CTC|0.34|0.29871428586|Gender|Male
36140|Walla Walla Public Schools|280|246|0.878571429|2016|United Way of the Blue Mountains|4 Year|0.21|0.18450000009|Gender|Male
36140|Walla Walla Public Schools|280|246|0.878571429|2016|United Way of the Blue Mountains|Not Enrolled|0.45|0.51678571405|Gender|Male
36140|Walla Walla Public Schools|272|215|0.790441176|2015|United Way of the Blue Mountains|2 Year / CTC|0.41|0.32408088216|Gender|Male
36140|Walla Walla Public Schools|272|215|0.790441176|2015|United Way of the Blue Mountains|4 Year|0.19|0.15018382344|Gender|Male
36140|Walla Walla Public Schools|272|215|0.790441176|2015|United Way of the Blue Mountains|Not Enrolled|0.4|0.5257352944|Gender|Male
36140|Walla Walla Public Schools|247|205|0.829959514|2014|United Way of the Blue Mountains|2 Year / CTC|0.3|0.2489878542|Gender|Male
36140|Walla Walla Public Schools|247|205|0.829959514|2014|United Way of the Blue Mountains|4 Year|0.25|0.2074898785|Gender|Male
36140|Walla Walla Public Schools|247|205|0.829959514|2014|United Way of the Blue Mountains|Not Enrolled|0.45|0.5435222673|Gender|Male
36140|Walla Walla Public Schools|249|243|0.975903614|2020|United Way of the Blue Mountains|2 Year / CTC|0.28|0.27325301192|FRPL|FRPL
36140|Walla Walla Public Schools|249|243|0.975903614|2020|United Way of the Blue Mountains|4 Year|0.14|0.13662650596|FRPL|FRPL
36140|Walla Walla Public Schools|249|243|0.975903614|2020|United Way of the Blue Mountains|Not Enrolled|0.58|0.59012048212|FRPL|FRPL
36140|Walla Walla Public Schools|333|302.031|0.907|2019|United Way of the Blue Mountains|2 Year / CTC|0.36|0.32652|FRPL|FRPL
36140|Walla Walla Public Schools|333|302.031|0.907|2019|United Way of the Blue Mountains|4 Year|0.15|0.13605|FRPL|FRPL
36140|Walla Walla Public Schools|333|302.031|0.907|2019|United Way of the Blue Mountains|Not Enrolled|0.49|0.53743|FRPL|FRPL
36140|Walla Walla Public Schools|299|261.326|0.874|2018|United Way of the Blue Mountains|2 Year / CTC|0.38|0.33212|FRPL|FRPL
36140|Walla Walla Public Schools|299|261.326|0.874|2018|United Way of the Blue Mountains|4 Year|0.12|0.10488|FRPL|FRPL
36140|Walla Walla Public Schools|299|261.326|0.874|2018|United Way of the Blue Mountains|Not Enrolled|0.5|0.563|FRPL|FRPL
36140|Walla Walla Public Schools|327|250|0.764525994|2017|United Way of the Blue Mountains|2 Year / CTC|0.43|0.32874617742|FRPL|FRPL
36140|Walla Walla Public Schools|327|250|0.764525994|2017|United Way of the Blue Mountains|4 Year|0.12|0.09174311928|FRPL|FRPL
36140|Walla Walla Public Schools|327|250|0.764525994|2017|United Way of the Blue Mountains|Not Enrolled|0.45|0.5795107033|FRPL|FRPL
36140|Walla Walla Public Schools|334|269|0.805389222|2016|United Way of the Blue Mountains|2 Year / CTC|0.36|0.28994011992|FRPL|FRPL
36140|Walla Walla Public Schools|334|269|0.805389222|2016|United Way of the Blue Mountains|4 Year|0.1|0.0805389222|FRPL|FRPL
36140|Walla Walla Public Schools|334|269|0.805389222|2016|United Way of the Blue Mountains|Not Enrolled|0.54|0.62952095788|FRPL|FRPL
36140|Walla Walla Public Schools|298|232|0.77852349|2015|United Way of the Blue Mountains|2 Year / CTC|0.47|0.3659060403|FRPL|FRPL
36140|Walla Walla Public Schools|298|232|0.77852349|2015|United Way of the Blue Mountains|4 Year|0.1|0.077852349|FRPL|FRPL
36140|Walla Walla Public Schools|298|232|0.77852349|2015|United Way of the Blue Mountains|Not Enrolled|0.43|0.5562416107|FRPL|FRPL
36140|Walla Walla Public Schools|319|250|0.78369906|2014|United Way of the Blue Mountains|2 Year / CTC|0.42|0.3291536052|FRPL|FRPL
36140|Walla Walla Public Schools|319|250|0.78369906|2014|United Way of the Blue Mountains|4 Year|0.22|0.1724137932|FRPL|FRPL
36140|Walla Walla Public Schools|319|250|0.78369906|2014|United Way of the Blue Mountains|Not Enrolled|0.36|0.4984326016|FRPL|FRPL
36140|Walla Walla Public Schools|238|233.8588|0.9826|2020|United Way of the Blue Mountains|2 Year / CTC|0.27|0.265302|FRPL|Not FRPL
36140|Walla Walla Public Schools|238|233.8588|0.9826|2020|United Way of the Blue Mountains|4 Year|0.33|0.324258|FRPL|Not FRPL
36140|Walla Walla Public Schools|238|233.8588|0.9826|2020|United Way of the Blue Mountains|Not Enrolled|0.4|0.41044|FRPL|Not FRPL
36140|Walla Walla Public Schools|252|246.456|0.978|2019|United Way of the Blue Mountains|2 Year / CTC|0.32|0.31296|FRPL|Not FRPL
36140|Walla Walla Public Schools|252|246.456|0.978|2019|United Way of the Blue Mountains|4 Year|0.4|0.3912|FRPL|Not FRPL
36140|Walla Walla Public Schools|252|246.456|0.978|2019|United Way of the Blue Mountains|Not Enrolled|0.28|0.29584|FRPL|Not FRPL
36140|Walla Walla Public Schools|276|267.444|0.969|2018|United Way of the Blue Mountains|2 Year / CTC|0.37|0.35853|FRPL|Not FRPL
36140|Walla Walla Public Schools|276|267.444|0.969|2018|United Way of the Blue Mountains|4 Year|0.31|0.30039|FRPL|Not FRPL
36140|Walla Walla Public Schools|276|267.444|0.969|2018|United Way of the Blue Mountains|Not Enrolled|0.32|0.34108|FRPL|Not FRPL
36140|Walla Walla Public Schools|217|194|0.894009217|2017|United Way of the Blue Mountains|2 Year / CTC|0.35|0.31290322595|FRPL|Not FRPL
36140|Walla Walla Public Schools|217|194|0.894009217|2017|United Way of the Blue Mountains|4 Year|0.35|0.31290322595|FRPL|Not FRPL
36140|Walla Walla Public Schools|217|194|0.894009217|2017|United Way of the Blue Mountains|Not Enrolled|0.3|0.3741935481|FRPL|Not FRPL
36140|Walla Walla Public Schools|230|215|0.934782609|2016|United Way of the Blue Mountains|2 Year / CTC|0.34|0.31782608706|FRPL|Not FRPL
36140|Walla Walla Public Schools|230|215|0.934782609|2016|United Way of the Blue Mountains|4 Year|0.32|0.29913043488|FRPL|Not FRPL
36140|Walla Walla Public Schools|230|215|0.934782609|2016|United Way of the Blue Mountains|Not Enrolled|0.34|0.38304347806|FRPL|Not FRPL
36140|Walla Walla Public Schools|255|230|0.901960784|2015|United Way of the Blue Mountains|2 Year / CTC|0.36|0.32470588224|FRPL|Not FRPL
36140|Walla Walla Public Schools|255|230|0.901960784|2015|United Way of the Blue Mountains|4 Year|0.36|0.32470588224|FRPL|Not FRPL
36140|Walla Walla Public Schools|255|230|0.901960784|2015|United Way of the Blue Mountains|Not Enrolled|0.27|0.34156862768|FRPL|Not FRPL
36140|Walla Walla Public Schools|226|208|0.920353982|2014|United Way of the Blue Mountains|2 Year / CTC|0.33|0.30371681406|FRPL|Not FRPL
36140|Walla Walla Public Schools|226|208|0.920353982|2014|United Way of the Blue Mountains|4 Year|0.37|0.34053097334|FRPL|Not FRPL
36140|Walla Walla Public Schools|226|208|0.920353982|2014|United Way of the Blue Mountains|Not Enrolled|0.31|0.36495575242|FRPL|Not FRPL
36140|Walla Walla Public Schools|206|202.1684|0.9814|2020|United Way of the Blue Mountains|2 Year / CTC|0.4|0.39256|Race/Ethnicity|Hispanic or Latino of any race(s)
36140|Walla Walla Public Schools|206|202.1684|0.9814|2020|United Way of the Blue Mountains|4 Year|0.16|0.157024|Race/Ethnicity|Hispanic or Latino of any race(s)
36140|Walla Walla Public Schools|206|202.1684|0.9814|2020|United Way of the Blue Mountains|Not Enrolled|0.44|0.450416|Race/Ethnicity|Hispanic or Latino of any race(s)
36140|Walla Walla Public Schools|146|138|0.945205479|2019|United Way of the Blue Mountains|2 Year / CTC|0.46|0.43479452034|Race/Ethnicity|Hispanic or Latino of any race(s)
36140|Walla Walla Public Schools|146|138|0.945205479|2019|United Way of the Blue Mountains|4 Year|0.15|0.14178082185|Race/Ethnicity|Hispanic or Latino of any race(s)
36140|Walla Walla Public Schools|146|138|0.945205479|2019|United Way of the Blue Mountains|Not Enrolled|0.4|0.4328767126|Race/Ethnicity|Hispanic or Latino of any race(s)
36140|Walla Walla Public Schools|130|118|0.907692308|2018|United Way of the Blue Mountains|2 Year / CTC|0.45|0.4084615386|Race/Ethnicity|Hispanic or Latino of any race(s)
36140|Walla Walla Public Schools|130|118|0.907692308|2018|United Way of the Blue Mountains|4 Year|0.13|0.11800000004|Race/Ethnicity|Hispanic or Latino of any race(s)
36140|Walla Walla Public Schools|130|118|0.907692308|2018|United Way of the Blue Mountains|Not Enrolled|0.42|0.47353846136|Race/Ethnicity|Hispanic or Latino of any race(s)
36140|Walla Walla Public Schools|165|127|0.76969697|2017|United Way of the Blue Mountains|2 Year / CTC|0.46|0.3540606062|Race/Ethnicity|Hispanic or Latino of any race(s)
36140|Walla Walla Public Schools|165|127|0.76969697|2017|United Way of the Blue Mountains|4 Year|0.14|0.1077575758|Race/Ethnicity|Hispanic or Latino of any race(s)
36140|Walla Walla Public Schools|165|127|0.76969697|2017|United Way of the Blue Mountains|Not Enrolled|0.4|0.538181818|Race/Ethnicity|Hispanic or Latino of any race(s)
36140|Walla Walla Public Schools|182|157|0.862637363|2016|United Way of the Blue Mountains|2 Year / CTC|0.45|0.38818681335|Race/Ethnicity|Hispanic or Latino of any race(s)
36140|Walla Walla Public Schools|182|157|0.862637363|2016|United Way of the Blue Mountains|4 Year|0.16|0.13802197808|Race/Ethnicity|Hispanic or Latino of any race(s)
36140|Walla Walla Public Schools|182|157|0.862637363|2016|United Way of the Blue Mountains|Not Enrolled|0.39|0.47379120857|Race/Ethnicity|Hispanic or Latino of any race(s)
36140|Walla Walla Public Schools|157|120|0.76433121|2015|United Way of the Blue Mountains|2 Year / CTC|0.48|0.3668789808|Race/Ethnicity|Hispanic or Latino of any race(s)
36140|Walla Walla Public Schools|157|120|0.76433121|2015|United Way of the Blue Mountains|4 Year|0.15|0.1146496815|Race/Ethnicity|Hispanic or Latino of any race(s)
36140|Walla Walla Public Schools|157|120|0.76433121|2015|United Way of the Blue Mountains|Not Enrolled|0.37|0.5184713377|Race/Ethnicity|Hispanic or Latino of any race(s)
36140|Walla Walla Public Schools|187|149|0.796791444|2014|United Way of the Blue Mountains|2 Year / CTC|0.44|0.35058823536|Race/Ethnicity|Hispanic or Latino of any race(s)
36140|Walla Walla Public Schools|187|149|0.796791444|2014|United Way of the Blue Mountains|4 Year|0.12|0.09561497328|Race/Ethnicity|Hispanic or Latino of any race(s)
36140|Walla Walla Public Schools|187|149|0.796791444|2014|United Way of the Blue Mountains|Not Enrolled|0.44|0.55379679136|Race/Ethnicity|Hispanic or Latino of any race(s)
36140|Walla Walla Public Schools|236|231|0.978813559|2020|United Way of the Blue Mountains|2 Year / CTC|0.29|0.28385593211|Race/Ethnicity|White
36140|Walla Walla Public Schools|236|231|0.978813559|2020|United Way of the Blue Mountains|4 Year|0.29|0.28385593211|Race/Ethnicity|White
36140|Walla Walla Public Schools|236|231|0.978813559|2020|United Way of the Blue Mountains|Not Enrolled|0.42|0.43228813578|Race/Ethnicity|White
36140|Walla Walla Public Schools|248|233|0.939516129|2019|United Way of the Blue Mountains|2 Year / CTC|0.32|0.30064516128|Race/Ethnicity|White
36140|Walla Walla Public Schools|248|233|0.939516129|2019|United Way of the Blue Mountains|4 Year|0.3|0.2818548387|Race/Ethnicity|White
36140|Walla Walla Public Schools|248|233|0.939516129|2019|United Way of the Blue Mountains|Not Enrolled|0.39|0.42689516131|Race/Ethnicity|White
36140|Walla Walla Public Schools|272|250|0.919117647|2018|United Way of the Blue Mountains|2 Year / CTC|0.33|0.30330882351|Race/Ethnicity|White
36140|Walla Walla Public Schools|272|250|0.919117647|2018|United Way of the Blue Mountains|4 Year|0.27|0.24816176469|Race/Ethnicity|White
36140|Walla Walla Public Schools|272|250|0.919117647|2018|United Way of the Blue Mountains|Not Enrolled|0.4|0.4485294118|Race/Ethnicity|White
36140|Walla Walla Public Schools|343|284|0.827988338|2017|United Way of the Blue Mountains|2 Year / CTC|0.34|0.28151603492|Race/Ethnicity|White
36140|Walla Walla Public Schools|343|284|0.827988338|2017|United Way of the Blue Mountains|4 Year|0.27|0.22355685126|Race/Ethnicity|White
36140|Walla Walla Public Schools|343|284|0.827988338|2017|United Way of the Blue Mountains|Not Enrolled|0.39|0.49492711382|Race/Ethnicity|White
36140|Walla Walla Public Schools|355|303|0.853521127|2016|United Way of the Blue Mountains|2 Year / CTC|0.34|0.29019718318|Race/Ethnicity|White
36140|Walla Walla Public Schools|355|303|0.853521127|2016|United Way of the Blue Mountains|4 Year|0.28|0.23898591556|Race/Ethnicity|White
36140|Walla Walla Public Schools|355|303|0.853521127|2016|United Way of the Blue Mountains|Not Enrolled|0.38|0.47081690126|Race/Ethnicity|White
36140|Walla Walla Public Schools|372|320|0.860215054|2015|United Way of the Blue Mountains|2 Year / CTC|0.35|0.3010752689|Race/Ethnicity|White
36140|Walla Walla Public Schools|372|320|0.860215054|2015|United Way of the Blue Mountains|4 Year|0.31|0.26666666674|Race/Ethnicity|White
36140|Walla Walla Public Schools|372|320|0.860215054|2015|United Way of the Blue Mountains|Not Enrolled|0.33|0.42365591382|Race/Ethnicity|White
36140|Walla Walla Public Schools|327|283|0.865443425|2014|United Way of the Blue Mountains|2 Year / CTC|0.32|0.276941896|Race/Ethnicity|White
36140|Walla Walla Public Schools|327|283|0.865443425|2014|United Way of the Blue Mountains|4 Year|0.32|0.276941896|Race/Ethnicity|White
36140|Walla Walla Public Schools|327|283|0.865443425|2014|United Way of the Blue Mountains|Not Enrolled|0.36|0.446116208|Race/Ethnicity|White
20405|White Salmon Valley School District|94|89.582|0.953|2020|ESD 112|2 Year / CTC|0.15|0.14295|All Students|All
20405|White Salmon Valley School District|94|89.582|0.953|2020|ESD 112|4 Year|0.25|0.23825|All Students|All
20405|White Salmon Valley School District|94|89.582|0.953|2020|ESD 112|Not Enrolled|0.61|0.62833|All Students|All
20405|White Salmon Valley School District|106|96.778|0.913|2019|ESD 112|2 Year / CTC|0.12|0.10956|All Students|All
20405|White Salmon Valley School District|106|96.778|0.913|2019|ESD 112|4 Year|0.35|0.31955|All Students|All
20405|White Salmon Valley School District|106|96.778|0.913|2019|ESD 112|Not Enrolled|0.53|0.57089|All Students|All
20405|White Salmon Valley School District|102|96.9|0.95|2018|ESD 112|2 Year / CTC|0.17|0.1615|All Students|All
20405|White Salmon Valley School District|102|96.9|0.95|2018|ESD 112|4 Year|0.33|0.3135|All Students|All
20405|White Salmon Valley School District|102|96.9|0.95|2018|ESD 112|Not Enrolled|0.5|0.525|All Students|All
20405|White Salmon Valley School District|119|102.34|0.86|2017|ESD 112|2 Year / CTC|0.18|0.1548|All Students|All
20405|White Salmon Valley School District|119|102.34|0.86|2017|ESD 112|4 Year|0.35|0.301|All Students|All
20405|White Salmon Valley School District|119|102.34|0.86|2017|ESD 112|Not Enrolled|0.47|0.5442|All Students|All
20405|White Salmon Valley School District|84|71.4|0.85|2016|ESD 112|2 Year / CTC|0.16|0.136|All Students|All
20405|White Salmon Valley School District|84|71.4|0.85|2016|ESD 112|4 Year|0.37|0.3145|All Students|All
20405|White Salmon Valley School District|84|71.4|0.85|2016|ESD 112|Not Enrolled|0.47|0.5495|All Students|All
20405|White Salmon Valley School District|99|84.15|0.85|2015|ESD 112|2 Year / CTC|0.2|0.17|All Students|All
20405|White Salmon Valley School District|99|84.15|0.85|2015|ESD 112|4 Year|0.35|0.2975|All Students|All
20405|White Salmon Valley School District|99|84.15|0.85|2015|ESD 112|Not Enrolled|0.45|0.5325|All Students|All
20405|White Salmon Valley School District|97|77|0.793814433|2014|ESD 112|2 Year / CTC|0.21|0.16670103093|All Students|All
20405|White Salmon Valley School District|97|77|0.793814433|2014|ESD 112|4 Year|0.34|0.26989690722|All Students|All
20405|White Salmon Valley School District|97|77|0.793814433|2014|ESD 112|Not Enrolled|0.45|0.56340206185|All Students|All
20405|White Salmon Valley School District|51|47.889|0.939|2020|ESD 112|2 Year / CTC|0.21|0.19719|Gender|Female
20405|White Salmon Valley School District|51|47.889|0.939|2020|ESD 112|4 Year|0.23|0.21597|Gender|Female
20405|White Salmon Valley School District|51|47.889|0.939|2020|ESD 112|Not Enrolled|0.55|0.57745|Gender|Female
20405|White Salmon Valley School District|49|43.12|0.88|2019|ESD 112|2 Year / CTC|0.11|0.0968|Gender|Female
20405|White Salmon Valley School District|49|43.12|0.88|2019|ESD 112|4 Year|0.45|0.396|Gender|Female
20405|White Salmon Valley School District|49|43.12|0.88|2019|ESD 112|Not Enrolled|0.43|0.4984|Gender|Female
20405|White Salmon Valley School District|64|59|0.921875|2018|ESD 112|2 Year / CTC|0.17|0.15671875|Gender|Female
20405|White Salmon Valley School District|64|59|0.921875|2018|ESD 112|4 Year|0.43|0.39640625|Gender|Female
20405|White Salmon Valley School District|64|59|0.921875|2018|ESD 112|Not Enrolled|0.4|0.446875|Gender|Female
20405|White Salmon Valley School District|62|57.226|0.923|2017|ESD 112|2 Year / CTC|0.15|0.13845|Gender|Female
20405|White Salmon Valley School District|62|57.226|0.923|2017|ESD 112|4 Year|0.42|0.38766|Gender|Female
20405|White Salmon Valley School District|62|57.226|0.923|2017|ESD 112|Not Enrolled|0.42|0.46466|Gender|Female
20405|White Salmon Valley School District|35|30.8|0.88|2016|ESD 112|2 Year / CTC|0.13|0.1144|Gender|Female
20405|White Salmon Valley School District|35|30.8|0.88|2016|ESD 112|4 Year|0.53|0.4664|Gender|Female
20405|White Salmon Valley School District|35|30.8|0.88|2016|ESD 112|Not Enrolled|0.35|0.428|Gender|Female
20405|White Salmon Valley School District|43|36.55|0.85|2015|ESD 112|2 Year / CTC|0.29|0.2465|Gender|Female
20405|White Salmon Valley School District|43|36.55|0.85|2015|ESD 112|4 Year|0.38|0.323|Gender|Female
20405|White Salmon Valley School District|43|36.55|0.85|2015|ESD 112|Not Enrolled|0.32|0.422|Gender|Female
20405|White Salmon Valley School District|54|43|0.796296296|2014|ESD 112|2 Year / CTC|0.22|0.17518518512|Gender|Female
20405|White Salmon Valley School District|54|43|0.796296296|2014|ESD 112|4 Year|0.33|0.26277777768|Gender|Female
20405|White Salmon Valley School District|54|43|0.796296296|2014|ESD 112|Not Enrolled|0.46|0.57000000016|Gender|Female
20405|White Salmon Valley School District|57|53|0.929824561|2020|ESD 112|2 Year / CTC|0.09|0.08368421049|Gender|Male
20405|White Salmon Valley School District|57|53|0.929824561|2020|ESD 112|4 Year|0.25|0.23245614025|Gender|Male
20405|White Salmon Valley School District|57|53|0.929824561|2020|ESD 112|Not Enrolled|0.65|0.67456140365|Gender|Male
20405|White Salmon Valley School District|56|53|0.946428571|2019|ESD 112|2 Year / CTC|0.12|0.11357142852|Gender|Male
20405|White Salmon Valley School District|56|53|0.946428571|2019|ESD 112|4 Year|0.27|0.25553571417|Gender|Male
20405|White Salmon Valley School District|56|53|0.946428571|2019|ESD 112|Not Enrolled|0.61|0.63089285731|Gender|Male
20405|White Salmon Valley School District|58|54.81|0.945|2018|ESD 112|2 Year / CTC|0.16|0.1512|Gender|Male
20405|White Salmon Valley School District|58|54.81|0.945|2018|ESD 112|4 Year|0.22|0.2079|Gender|Male
20405|White Salmon Valley School District|58|54.81|0.945|2018|ESD 112|Not Enrolled|0.63|0.65035|Gender|Male
20405|White Salmon Valley School District|53|42|0.79245283|2017|ESD 112|2 Year / CTC|0.2|0.158490566|Gender|Male
20405|White Salmon Valley School District|53|42|0.79245283|2017|ESD 112|4 Year|0.3|0.237735849|Gender|Male
20405|White Salmon Valley School District|53|42|0.79245283|2017|ESD 112|Not Enrolled|0.5|0.603773585|Gender|Male
20405|White Salmon Valley School District|54|45|0.833333333|2016|ESD 112|2 Year / CTC|0.2|0.1666666666|Gender|Male
20405|White Salmon Valley School District|54|45|0.833333333|2016|ESD 112|4 Year|0.24|0.19999999992|Gender|Male
20405|White Salmon Valley School District|54|45|0.833333333|2016|ESD 112|Not Enrolled|0.57|0.64166666681|Gender|Male
20405|White Salmon Valley School District|57|48|0.842105263|2015|ESD 112|2 Year / CTC|0.13|0.10947368419|Gender|Male
20405|White Salmon Valley School District|57|48|0.842105263|2015|ESD 112|4 Year|0.33|0.27789473679|Gender|Male
20405|White Salmon Valley School District|57|48|0.842105263|2015|ESD 112|Not Enrolled|0.54|0.61263157902|Gender|Male
20405|White Salmon Valley School District|60|47.4|0.79|2014|ESD 112|2 Year / CTC|0.21|0.1659|Gender|Male
20405|White Salmon Valley School District|60|47.4|0.79|2014|ESD 112|4 Year|0.35|0.2765|Gender|Male
20405|White Salmon Valley School District|60|47.4|0.79|2014|ESD 112|Not Enrolled|0.44|0.5576|Gender|Male
20405|White Salmon Valley School District|35|33.11|0.946|2020|ESD 112|2 Year / CTC|0.16|0.15136|FRPL|FRPL
20405|White Salmon Valley School District|35|33.11|0.946|2020|ESD 112|4 Year|0.14|0.13244|FRPL|FRPL
20405|White Salmon Valley School District|35|33.11|0.946|2020|ESD 112|Not Enrolled|0.7|0.7162|FRPL|FRPL
20405|White Salmon Valley School District|56|50|0.892857143|2019|ESD 112|2 Year / CTC|0.19|0.16964285717|FRPL|FRPL
20405|White Salmon Valley School District|56|50|0.892857143|2019|ESD 112|4 Year|0.15|0.13392857145|FRPL|FRPL
20405|White Salmon Valley School District|56|50|0.892857143|2019|ESD 112|Not Enrolled|0.66|0.69642857138|FRPL|FRPL
20405|White Salmon Valley School District|60|56|0.933333333|2018|ESD 112|2 Year / CTC|0.21|0.19599999993|FRPL|FRPL
20405|White Salmon Valley School District|60|56|0.933333333|2018|ESD 112|4 Year|0.19|0.17733333327|FRPL|FRPL
20405|White Salmon Valley School District|60|56|0.933333333|2018|ESD 112|Not Enrolled|0.6|0.6266666668|FRPL|FRPL
20405|White Salmon Valley School District|52|43|0.826923077|2017|ESD 112|2 Year / CTC|0.21|0.17365384617|FRPL|FRPL
20405|White Salmon Valley School District|52|43|0.826923077|2017|ESD 112|4 Year|0.24|0.19846153848|FRPL|FRPL
20405|White Salmon Valley School District|52|43|0.826923077|2017|ESD 112|Not Enrolled|0.54|0.61961538458|FRPL|FRPL
20405|White Salmon Valley School District|48|37|0.770833333|2016|ESD 112|2 Year / CTC|0.22|0.16958333326|FRPL|FRPL
20405|White Salmon Valley School District|48|37|0.770833333|2016|ESD 112|4 Year|0.23|0.17729166659|FRPL|FRPL
20405|White Salmon Valley School District|48|37|0.770833333|2016|ESD 112|Not Enrolled|0.54|0.64541666682|FRPL|FRPL
20405|White Salmon Valley School District|49|39|0.795918367|2015|ESD 112|2 Year / CTC|0.27|0.21489795909|FRPL|FRPL
20405|White Salmon Valley School District|49|39|0.795918367|2015|ESD 112|4 Year|0.18|0.14326530606|FRPL|FRPL
20405|White Salmon Valley School District|49|39|0.795918367|2015|ESD 112|Not Enrolled|0.55|0.64183673485|FRPL|FRPL
20405|White Salmon Valley School District|51|40|0.784313725|2014|ESD 112|2 Year / CTC|0.3|0.2352941175|FRPL|FRPL
20405|White Salmon Valley School District|51|40|0.784313725|2014|ESD 112|4 Year|0.17|0.13333333325|FRPL|FRPL
20405|White Salmon Valley School District|51|40|0.784313725|2014|ESD 112|Not Enrolled|0.53|0.63137254925|FRPL|FRPL
20405|White Salmon Valley School District|59|55.46|0.94|2020|ESD 112|2 Year / CTC|0.13|0.1222|FRPL|Not FRPL
20405|White Salmon Valley School District|59|55.46|0.94|2020|ESD 112|4 Year|0.44|0.4136|FRPL|Not FRPL
20405|White Salmon Valley School District|59|55.46|0.94|2020|ESD 112|Not Enrolled|0.43|0.4642|FRPL|Not FRPL
20405|White Salmon Valley School District|58|54.52|0.94|2019|ESD 112|2 Year / CTC|0.13|0.1222|FRPL|Not FRPL
20405|White Salmon Valley School District|58|54.52|0.94|2019|ESD 112|4 Year|0.47|0.4418|FRPL|Not FRPL
20405|White Salmon Valley School District|58|54.52|0.94|2019|ESD 112|Not Enrolled|0.4|0.436|FRPL|Not FRPL
20405|White Salmon Valley School District|61|57.889|0.949|2018|ESD 112|2 Year / CTC|0.15|0.14235|FRPL|Not FRPL
20405|White Salmon Valley School District|61|57.889|0.949|2018|ESD 112|4 Year|0.44|0.41756|FRPL|Not FRPL
20405|White Salmon Valley School District|61|57.889|0.949|2018|ESD 112|Not Enrolled|0.41|0.44009|FRPL|Not FRPL
20405|White Salmon Valley School District|76|68.4|0.9|2017|ESD 112|2 Year / CTC|0.16|0.144|FRPL|Not FRPL
20405|White Salmon Valley School District|76|68.4|0.9|2017|ESD 112|4 Year|0.42|0.378|FRPL|Not FRPL
20405|White Salmon Valley School District|76|68.4|0.9|2017|ESD 112|Not Enrolled|0.42|0.478|FRPL|Not FRPL
20405|White Salmon Valley School District|50|46.8|0.936|2016|ESD 112|2 Year / CTC|0.17|0.15912|FRPL|Not FRPL
20405|White Salmon Valley School District|50|46.8|0.936|2016|ESD 112|4 Year|0.43|0.40248|FRPL|Not FRPL
20405|White Salmon Valley School District|50|46.8|0.936|2016|ESD 112|Not Enrolled|0.4|0.4384|FRPL|Not FRPL
20405|White Salmon Valley School District|66|59.4|0.9|2015|ESD 112|2 Year / CTC|0.17|0.153|FRPL|Not FRPL
20405|White Salmon Valley School District|66|59.4|0.9|2015|ESD 112|4 Year|0.48|0.432|FRPL|Not FRPL
20405|White Salmon Valley School District|66|59.4|0.9|2015|ESD 112|Not Enrolled|0.35|0.415|FRPL|Not FRPL
20405|White Salmon Valley School District|58|46.4|0.8|2014|ESD 112|2 Year / CTC|0.14|0.112|FRPL|Not FRPL
20405|White Salmon Valley School District|58|46.4|0.8|2014|ESD 112|4 Year|0.49|0.392|FRPL|Not FRPL
20405|White Salmon Valley School District|58|46.4|0.8|2014|ESD 112|Not Enrolled|0.37|0.496|FRPL|Not FRPL
20405|White Salmon Valley School District|32|29.344|0.917|2020|ESD 112|2 Year / CTC|0.15|0.13755|Race/Ethnicity|Hispanic or Latino of any race(s)
20405|White Salmon Valley School District|32|29.344|0.917|2020|ESD 112|4 Year|0.16|0.14672|Race/Ethnicity|Hispanic or Latino of any race(s)
20405|White Salmon Valley School District|32|29.344|0.917|2020|ESD 112|Not Enrolled|0.69|0.71573|Race/Ethnicity|Hispanic or Latino of any race(s)
20405|White Salmon Valley School District|36|30.96|0.86|2019|ESD 112|2 Year / CTC|0.19|0.1634|Race/Ethnicity|Hispanic or Latino of any race(s)
20405|White Salmon Valley School District|36|30.96|0.86|2019|ESD 112|4 Year|0.23|0.1978|Race/Ethnicity|Hispanic or Latino of any race(s)
20405|White Salmon Valley School District|36|30.96|0.86|2019|ESD 112|Not Enrolled|0.58|0.6388|Race/Ethnicity|Hispanic or Latino of any race(s)
20405|White Salmon Valley School District|31|28.489|0.919|2018|ESD 112|2 Year / CTC|0.22|0.20218|Race/Ethnicity|Hispanic or Latino of any race(s)
20405|White Salmon Valley School District|31|28.489|0.919|2018|ESD 112|4 Year|0.24|0.22056|Race/Ethnicity|Hispanic or Latino of any race(s)
20405|White Salmon Valley School District|31|28.489|0.919|2018|ESD 112|Not Enrolled|0.54|0.57726|Race/Ethnicity|Hispanic or Latino of any race(s)
20405|White Salmon Valley School District|37|30.34|0.82|2017|ESD 112|2 Year / CTC|0.26|0.2132|Race/Ethnicity|Hispanic or Latino of any race(s)
20405|White Salmon Valley School District|37|30.34|0.82|2017|ESD 112|4 Year|0.29|0.2378|Race/Ethnicity|Hispanic or Latino of any race(s)
20405|White Salmon Valley School District|37|30.34|0.82|2017|ESD 112|Not Enrolled|0.45|0.549|Race/Ethnicity|Hispanic or Latino of any race(s)
20405|White Salmon Valley School District|31|19.53|0.63|2016|ESD 112|2 Year / CTC|0.25|0.1575|Race/Ethnicity|Hispanic or Latino of any race(s)
20405|White Salmon Valley School District|31|19.53|0.63|2016|ESD 112|4 Year|0.25|0.1575|Race/Ethnicity|Hispanic or Latino of any race(s)
20405|White Salmon Valley School District|31|19.53|0.63|2016|ESD 112|Not Enrolled|0.5|0.685|Race/Ethnicity|Hispanic or Latino of any race(s)
20405|White Salmon Valley School District|23|17.48|0.76|2015|ESD 112|2 Year / CTC|0.34|0.2584|Race/Ethnicity|Hispanic or Latino of any race(s)
20405|White Salmon Valley School District|23|17.48|0.76|2015|ESD 112|4 Year|0.2|0.152|Race/Ethnicity|Hispanic or Latino of any race(s)
20405|White Salmon Valley School District|23|17.48|0.76|2015|ESD 112|Not Enrolled|0.46|0.5896|Race/Ethnicity|Hispanic or Latino of any race(s)
20405|White Salmon Valley School District|26|20.54|0.79|2014|ESD 112|2 Year / CTC|0.33|0.2607|Race/Ethnicity|Hispanic or Latino of any race(s)
20405|White Salmon Valley School District|26|20.54|0.79|2014|ESD 112|4 Year|0.19|0.1501|Race/Ethnicity|Hispanic or Latino of any race(s)
20405|White Salmon Valley School District|26|20.54|0.79|2014|ESD 112|Not Enrolled|0.48|0.5892|Race/Ethnicity|Hispanic or Latino of any race(s)
20405|White Salmon Valley School District|66|62|0.939393939|2020|ESD 112|2 Year / CTC|0.14|0.13151515146|Race/Ethnicity|White
20405|White Salmon Valley School District|66|62|0.939393939|2020|ESD 112|4 Year|0.38|0.35696969682|Race/Ethnicity|White
20405|White Salmon Valley School District|66|62|0.939393939|2020|ESD 112|Not Enrolled|0.47|0.50212121233|Race/Ethnicity|White
20405|White Salmon Valley School District|62|59|0.951612903|2019|ESD 112|2 Year / CTC|0.13|0.12370967739|Race/Ethnicity|White
20405|White Salmon Valley School District|62|59|0.951612903|2019|ESD 112|4 Year|0.4|0.3806451612|Race/Ethnicity|White
20405|White Salmon Valley School District|62|59|0.951612903|2019|ESD 112|Not Enrolled|0.47|0.49564516141|Race/Ethnicity|White
20405|White Salmon Valley School District|78|74|0.948717949|2018|ESD 112|2 Year / CTC|0.14|0.13282051286|Race/Ethnicity|White
20405|White Salmon Valley School District|78|74|0.948717949|2018|ESD 112|4 Year|0.4|0.3794871796|Race/Ethnicity|White
20405|White Salmon Valley School District|78|74|0.948717949|2018|ESD 112|Not Enrolled|0.46|0.48769230754|Race/Ethnicity|White
20405|White Salmon Valley School District|56|50|0.892857143|2017|ESD 112|2 Year / CTC|0.15|0.13392857145|Race/Ethnicity|White
20405|White Salmon Valley School District|56|50|0.892857143|2017|ESD 112|4 Year|0.38|0.33928571434|Race/Ethnicity|White
20405|White Salmon Valley School District|56|50|0.892857143|2017|ESD 112|Not Enrolled|0.47|0.52678571421|Race/Ethnicity|White
20405|White Salmon Valley School District|66|61|0.924242424|2016|ESD 112|2 Year / CTC|0.17|0.15712121208|Race/Ethnicity|White
20405|White Salmon Valley School District|66|61|0.924242424|2016|ESD 112|4 Year|0.39|0.36045454536|Race/Ethnicity|White
20405|White Salmon Valley School District|66|61|0.924242424|2016|ESD 112|Not Enrolled|0.44|0.48242424256|Race/Ethnicity|White
20405|White Salmon Valley School District|68|60|0.882352941|2015|ESD 112|2 Year / CTC|0.17|0.14999999997|Race/Ethnicity|White
20405|White Salmon Valley School District|68|60|0.882352941|2015|ESD 112|4 Year|0.39|0.34411764699|Race/Ethnicity|White
20405|White Salmon Valley School District|68|60|0.882352941|2015|ESD 112|Not Enrolled|0.44|0.50588235304|Race/Ethnicity|White
20405|White Salmon Valley School District|61|49|0.803278689|2014|ESD 112|2 Year / CTC|0.18|0.14459016402|Race/Ethnicity|White
20405|White Salmon Valley School District|61|49|0.803278689|2014|ESD 112|4 Year|0.39|0.31327868871|Race/Ethnicity|White
20405|White Salmon Valley School District|61|49|0.803278689|2014|ESD 112|Not Enrolled|0.43|0.54213114727|Race/Ethnicity|White
18303|Bainbridge Island School District|306|294.066|0.961|2021|PREP - Tier 2|2 Year / CTC|0.08|0.07688|Section 504|Not Section 504
18303|Bainbridge Island School District|306|294.066|0.961|2021|PREP - Tier 2|4 Year|0.69|0.66309|Section 504|Not Section 504
18303|Bainbridge Island School District|306|294.066|0.961|2021|PREP - Tier 2|Not Enrolled|0.23|0.26003|Section 504|Not Section 504
18303|Bainbridge Island School District|87|83.52|0.96|2021|PREP - Tier 2|2 Year / CTC|0.07|0.0672|Section 504|Section 504
18303|Bainbridge Island School District|87|83.52|0.96|2021|PREP - Tier 2|4 Year|0.65|0.624|Section 504|Section 504
18303|Bainbridge Island School District|87|83.52|0.96|2021|PREP - Tier 2|Not Enrolled|0.27|0.2992|Section 504|Section 504
18303|Bainbridge Island School District|377|362|0.960212202|2021|PREP - Tier 2|2 Year / CTC|0.08|0.07681697616|All Students|All
18303|Bainbridge Island School District|377|362|0.960212202|2021|PREP - Tier 2|4 Year|0.68|0.65294429736|All Students|All
18303|Bainbridge Island School District|377|362|0.960212202|2021|PREP - Tier 2|Not Enrolled|0.24|0.27023872648|All Students|All
18303|Bainbridge Island School District|193|187.789|0.973|2021|PREP - Tier 2|2 Year / CTC|0.09|0.08757|Gender|Female
18303|Bainbridge Island School District|193|187.789|0.973|2021|PREP - Tier 2|4 Year|0.67|0.65191|Gender|Female
18303|Bainbridge Island School District|193|187.789|0.973|2021|PREP - Tier 2|Not Enrolled|0.24|0.26052|Gender|Female
18303|Bainbridge Island School District|200|189.6|0.948|2021|PREP - Tier 2|2 Year / CTC|0.07|0.06636|Gender|Male
18303|Bainbridge Island School District|200|189.6|0.948|2021|PREP - Tier 2|4 Year|0.68|0.64464|Gender|Male
18303|Bainbridge Island School District|200|189.6|0.948|2021|PREP - Tier 2|Not Enrolled|0.25|0.289|Gender|Male
18303|Bainbridge Island School District|45|38.25|0.85|2021|PREP - Tier 2|2 Year / CTC|0.23|0.1955|FRPL|FRPL
18303|Bainbridge Island School District|45|38.25|0.85|2021|PREP - Tier 2|4 Year|0.36|0.306|FRPL|FRPL
18303|Bainbridge Island School District|45|38.25|0.85|2021|PREP - Tier 2|Not Enrolled|0.41|0.4985|FRPL|FRPL
18303|Bainbridge Island School District|348|338.604|0.973|2021|PREP - Tier 2|2 Year / CTC|0.09|0.08757|FRPL|Not FRPL
18303|Bainbridge Island School District|348|338.604|0.973|2021|PREP - Tier 2|4 Year|0.7|0.6811|FRPL|Not FRPL
18303|Bainbridge Island School District|348|338.604|0.973|2021|PREP - Tier 2|Not Enrolled|0.21|0.23133|FRPL|Not FRPL
18303|Bainbridge Island School District|15|12.495|0.833|2021|PREP - Tier 2|2 Year / CTC|0.1|0.0833|Race/Ethnicity|Asian
18303|Bainbridge Island School District|15|12.495|0.833|2021|PREP - Tier 2|4 Year|0.8|0.6664|Race/Ethnicity|Asian
18303|Bainbridge Island School District|15|12.495|0.833|2021|PREP - Tier 2|Not Enrolled|0.1|0.2503|Race/Ethnicity|Asian
18303|Bainbridge Island School District|35|31.92|0.912|2021|PREP - Tier 2|2 Year / CTC|0.17|0.15504|Race/Ethnicity|Hispanic or Latino of any race(s)
18303|Bainbridge Island School District|35|31.92|0.912|2021|PREP - Tier 2|4 Year|0.51|0.46512|Race/Ethnicity|Hispanic or Latino of any race(s)
18303|Bainbridge Island School District|35|31.92|0.912|2021|PREP - Tier 2|Not Enrolled|0.33|0.38896|Race/Ethnicity|Hispanic or Latino of any race(s)
18303|Bainbridge Island School District|21|18.837|0.897|2021|PREP - Tier 2|2 Year / CTC|0.08|0.07176|Race/Ethnicity|Two or More Races
18303|Bainbridge Island School District|21|18.837|0.897|2021|PREP - Tier 2|4 Year|0.76|0.68172|Race/Ethnicity|Two or More Races
18303|Bainbridge Island School District|21|18.837|0.897|2021|PREP - Tier 2|Not Enrolled|0.16|0.24652|Race/Ethnicity|Two or More Races
18303|Bainbridge Island School District|293|281|0.959044369|2021|PREP - Tier 2|2 Year / CTC|0.09|0.08631399321|Race/Ethnicity|White
18303|Bainbridge Island School District|293|281|0.959044369|2021|PREP - Tier 2|4 Year|0.68|0.65215017092|Race/Ethnicity|White
18303|Bainbridge Island School District|293|281|0.959044369|2021|PREP - Tier 2|Not Enrolled|0.23|0.26153583587|Race/Ethnicity|White
05401|Cape Flattery School District|36|33.48|0.93|2021|PREP - Tier 1|2 Year / CTC|0.19|0.1767|All Students|All
05401|Cape Flattery School District|36|33.48|0.93|2021|PREP - Tier 1|4 Year|0.28|0.2604|All Students|All
05401|Cape Flattery School District|36|33.48|0.93|2021|PREP - Tier 1|Not Enrolled|0.53|0.5629|All Students|All
05401|Cape Flattery School District|24|21.24|0.885|2021|PREP - Tier 1|2 Year / CTC|0.28|0.2478|Gender|Female
05401|Cape Flattery School District|24|21.24|0.885|2021|PREP - Tier 1|4 Year|0.34|0.3009|Gender|Female
05401|Cape Flattery School District|24|21.24|0.885|2021|PREP - Tier 1|Not Enrolled|0.38|0.4513|Gender|Female
05401|Cape Flattery School District|12|9.888|0.824|2021|PREP - Tier 1|2 Year / CTC|0.12|0.09888|Gender|Male
05401|Cape Flattery School District|12|9.888|0.824|2021|PREP - Tier 1|4 Year|0.14|0.11536|Gender|Male
05401|Cape Flattery School District|12|9.888|0.824|2021|PREP - Tier 1|Not Enrolled|0.73|0.77752|Gender|Male
05401|Cape Flattery School District|24|22.008|0.917|2021|PREP - Tier 1|2 Year / CTC|0.21|0.19257|FRPL|FRPL
05401|Cape Flattery School District|24|22.008|0.917|2021|PREP - Tier 1|4 Year|0.21|0.19257|FRPL|FRPL
05401|Cape Flattery School District|24|22.008|0.917|2021|PREP - Tier 1|Not Enrolled|0.57|0.60569|FRPL|FRPL
05401|Cape Flattery School District|12|||2021|PREP - Tier 1|2 Year / CTC|0.17||FRPL|Not FRPL
05401|Cape Flattery School District|12|||2021|PREP - Tier 1|4 Year|0.31||FRPL|Not FRPL
05401|Cape Flattery School District|12|||2021|PREP - Tier 1|Not Enrolled|0.52||FRPL|Not FRPL
05401|Cape Flattery School District|18|15.156|0.842|2021|PREP - Tier 1|2 Year / CTC|0.22|0.18524|Race/Ethnicity|American Indian or Alaska Native
05401|Cape Flattery School District|18|15.156|0.842|2021|PREP - Tier 1|4 Year|0.2|0.1684|Race/Ethnicity|American Indian or Alaska Native
05401|Cape Flattery School District|18|15.156|0.842|2021|PREP - Tier 1|Not Enrolled|0.59|0.65478|Race/Ethnicity|American Indian or Alaska Native
08401|Castle Rock School District|100|86|0.86|2021|ESD 112|2 Year / CTC|0.19|0.1634|All Students|All
08401|Castle Rock School District|100|86|0.86|2021|ESD 112|4 Year|0.16|0.1376|All Students|All
08401|Castle Rock School District|100|86|0.86|2021|ESD 112|Not Enrolled|0.65|0.699|All Students|All
08401|Castle Rock School District|50|42|0.84|2021|ESD 112|2 Year / CTC|0.25|0.21|Gender|Female
08401|Castle Rock School District|50|42|0.84|2021|ESD 112|4 Year|0.18|0.1512|Gender|Female
08401|Castle Rock School District|50|42|0.84|2021|ESD 112|Not Enrolled|0.57|0.6388|Gender|Female
08401|Castle Rock School District|54|46.98|0.87|2021|ESD 112|2 Year / CTC|0.14|0.1218|Gender|Male
08401|Castle Rock School District|54|46.98|0.87|2021|ESD 112|4 Year|0.14|0.1218|Gender|Male
08401|Castle Rock School District|54|46.98|0.87|2021|ESD 112|Not Enrolled|0.73|0.7651|Gender|Male
08401|Castle Rock School District|59|48|0.813559322|2021|ESD 112|2 Year / CTC|0.18|0.14644067796|FRPL|FRPL
08401|Castle Rock School District|59|48|0.813559322|2021|ESD 112|4 Year|0.11|0.08949152542|FRPL|FRPL
08401|Castle Rock School District|59|48|0.813559322|2021|ESD 112|Not Enrolled|0.71|0.76406779662|FRPL|FRPL
08401|Castle Rock School District|47|43.24|0.92|2021|ESD 112|2 Year / CTC|0.32|0.2944|FRPL|Not FRPL
08401|Castle Rock School District|47|43.24|0.92|2021|ESD 112|4 Year|0.15|0.138|FRPL|Not FRPL
08401|Castle Rock School District|47|43.24|0.92|2021|ESD 112|Not Enrolled|0.53|0.5676|FRPL|Not FRPL
08401|Castle Rock School District|84|72|0.857142857|2021|ESD 112|2 Year / CTC|0.25|0.21428571425|Race/Ethnicity|White
08401|Castle Rock School District|84|72|0.857142857|2021|ESD 112|4 Year|0.12|0.10285714284|Race/Ethnicity|White
08401|Castle Rock School District|84|72|0.857142857|2021|ESD 112|Not Enrolled|0.63|0.68285714291|Race/Ethnicity|White
18401|Central Kitsap School District|896|800.128|0.893|2021|PREP - Tier 2|2 Year / CTC|0.25|0.22325|Section 504|Not Section 504
18401|Central Kitsap School District|896|800.128|0.893|2021|PREP - Tier 2|4 Year|0.29|0.25897|Section 504|Not Section 504
18401|Central Kitsap School District|896|800.128|0.893|2021|PREP - Tier 2|Not Enrolled|0.46|0.51778|Section 504|Not Section 504
18401|Central Kitsap School District|62|58.28|0.94|2021|PREP - Tier 2|2 Year / CTC|0.31|0.2914|Section 504|Section 504
18401|Central Kitsap School District|62|58.28|0.94|2021|PREP - Tier 2|4 Year|0.16|0.1504|Section 504|Section 504
18401|Central Kitsap School District|62|58.28|0.94|2021|PREP - Tier 2|Not Enrolled|0.53|0.5582|Section 504|Section 504
18401|Central Kitsap School District|920|824|0.895652174|2021|PREP - Tier 2|2 Year / CTC|0.23|0.20600000002|All Students|All
18401|Central Kitsap School District|920|824|0.895652174|2021|PREP - Tier 2|4 Year|0.26|0.23286956524|All Students|All
18401|Central Kitsap School District|920|824|0.895652174|2021|PREP - Tier 2|Not Enrolled|0.51|0.56113043474|All Students|All
18401|Central Kitsap School District|25|19.5|0.78|2021|PREP - Tier 2|2 Year / CTC|0.27|0.2106|Bilingual|Bilingual
18401|Central Kitsap School District|25|19.5|0.78|2021|PREP - Tier 2|4 Year|0.08|0.0624|Bilingual|Bilingual
18401|Central Kitsap School District|25|19.5|0.78|2021|PREP - Tier 2|Not Enrolled|0.65|0.727|Bilingual|Bilingual
18401|Central Kitsap School District|933|840.633|0.901|2021|PREP - Tier 2|2 Year / CTC|0.26|0.23426|Bilingual|Not Bilingual
18401|Central Kitsap School District|933|840.633|0.901|2021|PREP - Tier 2|4 Year|0.29|0.26129|Bilingual|Not Bilingual
18401|Central Kitsap School District|933|840.633|0.901|2021|PREP - Tier 2|Not Enrolled|0.46|0.51346|Bilingual|Not Bilingual
18401|Central Kitsap School District|466|431|0.924892704|2021|PREP - Tier 2|2 Year / CTC|0.27|0.24972103008|Gender|Female
18401|Central Kitsap School District|466|431|0.924892704|2021|PREP - Tier 2|4 Year|0.33|0.30521459232|Gender|Female
18401|Central Kitsap School District|466|431|0.924892704|2021|PREP - Tier 2|Not Enrolled|0.4|0.4450643776|Gender|Female
18401|Central Kitsap School District|454|393|0.865638767|2021|PREP - Tier 2|2 Year / CTC|0.2|0.1731277534|Gender|Male
18401|Central Kitsap School District|454|393|0.865638767|2021|PREP - Tier 2|4 Year|0.18|0.15581497806|Gender|Male
18401|Central Kitsap School District|454|393|0.865638767|2021|PREP - Tier 2|Not Enrolled|0.62|0.67105726854|Gender|Male
18401|Central Kitsap School District|387|328|0.84754522|2021|PREP - Tier 2|2 Year / CTC|0.22|0.1864599484|FRPL|FRPL
18401|Central Kitsap School District|387|328|0.84754522|2021|PREP - Tier 2|4 Year|0.16|0.1356072352|FRPL|FRPL
18401|Central Kitsap School District|387|328|0.84754522|2021|PREP - Tier 2|Not Enrolled|0.63|0.6864082686|FRPL|FRPL
18401|Central Kitsap School District|533|496|0.930581614|2021|PREP - Tier 2|2 Year / CTC|0.24|0.22333958736|FRPL|Not FRPL
18401|Central Kitsap School District|533|496|0.930581614|2021|PREP - Tier 2|4 Year|0.33|0.30709193262|FRPL|Not FRPL
18401|Central Kitsap School District|533|496|0.930581614|2021|PREP - Tier 2|Not Enrolled|0.43|0.46956848002|FRPL|Not FRPL
18401|Central Kitsap School District|61|58|0.950819672|2021|PREP - Tier 2|2 Year / CTC|0.29|0.27573770488|Race/Ethnicity|Asian
18401|Central Kitsap School District|61|58|0.950819672|2021|PREP - Tier 2|4 Year|0.4|0.3803278688|Race/Ethnicity|Asian
18401|Central Kitsap School District|61|58|0.950819672|2021|PREP - Tier 2|Not Enrolled|0.32|0.35344262304|Race/Ethnicity|Asian
18401|Central Kitsap School District|36|30.312|0.842|2021|PREP - Tier 2|2 Year / CTC|0.24|0.20208|Race/Ethnicity|Black or African American
18401|Central Kitsap School District|36|30.312|0.842|2021|PREP - Tier 2|4 Year|0.27|0.22734|Race/Ethnicity|Black or African American
18401|Central Kitsap School District|36|30.312|0.842|2021|PREP - Tier 2|Not Enrolled|0.49|0.57058|Race/Ethnicity|Black or African American
18401|Central Kitsap School District|123|109|0.886178862|2021|PREP - Tier 2|2 Year / CTC|0.29|0.25699186998|Race/Ethnicity|Hispanic or Latino of any race(s)
18401|Central Kitsap School District|123|109|0.886178862|2021|PREP - Tier 2|4 Year|0.2|0.1772357724|Race/Ethnicity|Hispanic or Latino of any race(s)
18401|Central Kitsap School District|123|109|0.886178862|2021|PREP - Tier 2|Not Enrolled|0.51|0.56577235762|Race/Ethnicity|Hispanic or Latino of any race(s)
18401|Central Kitsap School District|149|133|0.89261745|2021|PREP - Tier 2|2 Year / CTC|0.26|0.232080537|Race/Ethnicity|Two or More Races
18401|Central Kitsap School District|149|133|0.89261745|2021|PREP - Tier 2|4 Year|0.27|0.2410067115|Race/Ethnicity|Two or More Races
18401|Central Kitsap School District|149|133|0.89261745|2021|PREP - Tier 2|Not Enrolled|0.48|0.535838926|Race/Ethnicity|Two or More Races
18401|Central Kitsap School District|557|500|0.897666068|2021|PREP - Tier 2|2 Year / CTC|0.24|0.21543985632|Race/Ethnicity|White
18401|Central Kitsap School District|557|500|0.897666068|2021|PREP - Tier 2|4 Year|0.29|0.26032315972|Race/Ethnicity|White
18401|Central Kitsap School District|557|500|0.897666068|2021|PREP - Tier 2|Not Enrolled|0.46|0.51526032328|Race/Ethnicity|White
36250|College Place School District|143|136.422|0.954|2021|United Way of the Blue Mountains|2 Year / CTC|0.37|0.35298|All Students|All
36250|College Place School District|143|136.422|0.954|2021|United Way of the Blue Mountains|4 Year|0.12|0.11448|All Students|All
36250|College Place School District|143|136.422|0.954|2021|United Way of the Blue Mountains|Not Enrolled|0.51|0.53254|All Students|All
36250|College Place School District|15|11.79|0.786|2021|United Way of the Blue Mountains|2 Year / CTC|0.445|0.34977|Bilingual|Bilingual
36250|College Place School District|15|11.79|0.786|2021|United Way of the Blue Mountains|4 Year|0.05|0.0393|Bilingual|Bilingual
36250|College Place School District|15|11.79|0.786|2021|United Way of the Blue Mountains|Not Enrolled|0.545|0.64237|Bilingual|Bilingual
36250|College Place School District|95|90|0.947368421|2021|United Way of the Blue Mountains|2 Year / CTC|0.39|0.36947368419|Bilingual|Not Bilingual
36250|College Place School District|95|90|0.947368421|2021|United Way of the Blue Mountains|4 Year|0.18|0.17052631578|Bilingual|Not Bilingual
36250|College Place School District|95|90|0.947368421|2021|United Way of the Blue Mountains|Not Enrolled|0.43|0.46000000003|Bilingual|Not Bilingual
36250|College Place School District|66|61.974|0.939|2021|United Way of the Blue Mountains|2 Year / CTC|0.47|0.44133|Gender|Female
36250|College Place School District|66|61.974|0.939|2021|United Way of the Blue Mountains|4 Year|0.14|0.13146|Gender|Female
36250|College Place School District|66|61.974|0.939|2021|United Way of the Blue Mountains|Not Enrolled|0.39|0.42721|Gender|Female
36250|College Place School District|60|57|0.95|2021|United Way of the Blue Mountains|2 Year / CTC|0.29|0.2755|Gender|Male
36250|College Place School District|60|57|0.95|2021|United Way of the Blue Mountains|4 Year|0.11|0.1045|Gender|Male
36250|College Place School District|60|57|0.95|2021|United Way of the Blue Mountains|Not Enrolled|0.6|0.62|Gender|Male
36250|College Place School District|58|55|0.948275862|2021|United Way of the Blue Mountains|2 Year / CTC|0.37|0.35086206894|FRPL|FRPL
36250|College Place School District|58|55|0.948275862|2021|United Way of the Blue Mountains|4 Year|0.06|0.05689655172|FRPL|FRPL
36250|College Place School District|58|55|0.948275862|2021|United Way of the Blue Mountains|Not Enrolled|0.56|0.58275862072|FRPL|FRPL
36250|College Place School District|66|62.106|0.941|2021|United Way of the Blue Mountains|2 Year / CTC|0.37|0.34817|FRPL|Not FRPL
36250|College Place School District|66|62.106|0.941|2021|United Way of the Blue Mountains|4 Year|0.19|0.17879|FRPL|Not FRPL
36250|College Place School District|66|62.106|0.941|2021|United Way of the Blue Mountains|Not Enrolled|0.44|0.47304|FRPL|Not FRPL
36250|College Place School District|59|54.28|0.92|2021|United Way of the Blue Mountains|2 Year / CTC|0.47|0.4324|Race/Ethnicity|Hispanic or Latino of any race(s)
36250|College Place School District|59|54.28|0.92|2021|United Way of the Blue Mountains|4 Year|0.1|0.092|Race/Ethnicity|Hispanic or Latino of any race(s)
36250|College Place School District|59|54.28|0.92|2021|United Way of the Blue Mountains|Not Enrolled|0.42|0.4664|Race/Ethnicity|Hispanic or Latino of any race(s)
36250|College Place School District|77|73.458|0.954|2021|United Way of the Blue Mountains|2 Year / CTC|0.38|0.36252|Race/Ethnicity|White
36250|College Place School District|77|73.458|0.954|2021|United Way of the Blue Mountains|4 Year|0.2|0.1908|Race/Ethnicity|White
36250|College Place School District|77|73.458|0.954|2021|United Way of the Blue Mountains|Not Enrolled|0.43|0.45622|Race/Ethnicity|White
36400|Columbia (Walla Walla) School District|39|28.86|0.74|2021|United Way of the Blue Mountains|2 Year / CTC|0.16|0.1184|All Students|All
36400|Columbia (Walla Walla) School District|39|28.86|0.74|2021|United Way of the Blue Mountains|4 Year|0.21|0.1554|All Students|All
36400|Columbia (Walla Walla) School District|39|28.86|0.74|2021|United Way of the Blue Mountains|Not Enrolled|0.63|0.7262|All Students|All
36400|Columbia (Walla Walla) School District|23|18.4|0.8|2021|United Way of the Blue Mountains|2 Year / CTC|0.41|0.328|Gender|Female
36400|Columbia (Walla Walla) School District|23|18.4|0.8|2021|United Way of the Blue Mountains|4 Year|0.24|0.192|Gender|Female
36400|Columbia (Walla Walla) School District|23|18.4|0.8|2021|United Way of the Blue Mountains|Not Enrolled|0.36|0.488|Gender|Female
36400|Columbia (Walla Walla) School District|33|23|0.696969697|2021|United Way of the Blue Mountains|2 Year / CTC|0.26|0.18121212122|Gender|Male
36400|Columbia (Walla Walla) School District|33|23|0.696969697|2021|United Way of the Blue Mountains|4 Year|0.16|0.11151515152|Gender|Male
36400|Columbia (Walla Walla) School District|33|23|0.696969697|2021|United Way of the Blue Mountains|Not Enrolled|0.59|0.71424242423|Gender|Male
36400|Columbia (Walla Walla) School District|28|18|0.642857143|2021|United Way of the Blue Mountains|2 Year / CTC|0.29|0.18642857147|FRPL|FRPL
36400|Columbia (Walla Walla) School District|28|18|0.642857143|2021|United Way of the Blue Mountains|4 Year|0.16|0.10285714288|FRPL|FRPL
36400|Columbia (Walla Walla) School District|28|18|0.642857143|2021|United Way of the Blue Mountains|Not Enrolled|0.55|0.71071428565|FRPL|FRPL
36400|Columbia (Walla Walla) School District|23|19.32|0.84|2021|United Way of the Blue Mountains|2 Year / CTC|0.34|0.2856|FRPL|Not FRPL
36400|Columbia (Walla Walla) School District|23|19.32|0.84|2021|United Way of the Blue Mountains|4 Year|0.22|0.1848|FRPL|Not FRPL
36400|Columbia (Walla Walla) School District|23|19.32|0.84|2021|United Way of the Blue Mountains|Not Enrolled|0.45|0.538|FRPL|Not FRPL
36400|Columbia (Walla Walla) School District|15|9.45|0.63|2021|United Way of the Blue Mountains|2 Year / CTC|0.39|0.2457|Race/Ethnicity|Hispanic or Latino of any race(s)
36400|Columbia (Walla Walla) School District|15|9.45|0.63|2021|United Way of the Blue Mountains|4 Year|0.17|0.1071|Race/Ethnicity|Hispanic or Latino of any race(s)
36400|Columbia (Walla Walla) School District|15|9.45|0.63|2021|United Way of the Blue Mountains|Not Enrolled|0.44|0.6472|Race/Ethnicity|Hispanic or Latino of any race(s)
36400|Columbia (Walla Walla) School District|29|23|0.793103448|2021|United Way of the Blue Mountains|2 Year / CTC|0.29|0.22999999992|Race/Ethnicity|White
36400|Columbia (Walla Walla) School District|29|23|0.793103448|2021|United Way of the Blue Mountains|4 Year|0.2|0.1586206896|Race/Ethnicity|White
36400|Columbia (Walla Walla) School District|29|23|0.793103448|2021|United Way of the Blue Mountains|Not Enrolled|0.51|0.61137931048|Race/Ethnicity|White
05313|Crescent School District|19|15.827|0.833|2021|PREP - Tier 1|2 Year / CTC|0.35|0.29155|All Students|All
05313|Crescent School District|19|15.827|0.833|2021|PREP - Tier 1|4 Year|0.08|0.06664|All Students|All
05313|Crescent School District|19|15.827|0.833|2021|PREP - Tier 1|Not Enrolled|0.56|0.63348|All Students|All
05313|Crescent School District|13|10.569|0.813|2021|PREP - Tier 1|2 Year / CTC|0.39|0.31707|Race/Ethnicity|White
05313|Crescent School District|13|10.569|0.813|2021|PREP - Tier 1|4 Year|0.1|0.0813|Race/Ethnicity|White
05313|Crescent School District|13|10.569|0.813|2021|PREP - Tier 1|Not Enrolled|0.51|0.60163|Race/Ethnicity|White
07002|Dayton School District|27|20.79|0.77|2021|United Way of the Blue Mountains|2 Year / CTC|0.34|0.2618|All Students|All
07002|Dayton School District|27|20.79|0.77|2021|United Way of the Blue Mountains|4 Year|0.3|0.231|All Students|All
07002|Dayton School District|27|20.79|0.77|2021|United Way of the Blue Mountains|Not Enrolled|0.37|0.5149|All Students|All
07002|Dayton School District|20|15|0.75|2021|United Way of the Blue Mountains|2 Year / CTC|0.31|0.2325|Gender|Female
07002|Dayton School District|20|15|0.75|2021|United Way of the Blue Mountains|4 Year|0.38|0.285|Gender|Female
07002|Dayton School District|20|15|0.75|2021|United Way of the Blue Mountains|Not Enrolled|0.31|0.4825|Gender|Female
07002|Dayton School District|12|8.724|0.727|2021|United Way of the Blue Mountains|2 Year / CTC|0.38|0.27626|Gender|Male
07002|Dayton School District|12|8.724|0.727|2021|United Way of the Blue Mountains|4 Year|0.19|0.13813|Gender|Male
07002|Dayton School District|12|8.724|0.727|2021|United Way of the Blue Mountains|Not Enrolled|0.44|0.59288|Gender|Male
07002|Dayton School District|16|10|0.625|2021|United Way of the Blue Mountains|2 Year / CTC|0.33|0.20625|FRPL|FRPL
07002|Dayton School District|16|10|0.625|2021|United Way of the Blue Mountains|4 Year|0.2|0.125|FRPL|FRPL
07002|Dayton School District|16|10|0.625|2021|United Way of the Blue Mountains|Not Enrolled|0.47|0.66875|FRPL|FRPL
07002|Dayton School District|8|6.4|0.8|2021|United Way of the Blue Mountains|2 Year / CTC|0.34|0.272|FRPL|Not FRPL
07002|Dayton School District|8|6.4|0.8|2021|United Way of the Blue Mountains|4 Year|0.37|0.296|FRPL|Not FRPL
07002|Dayton School District|8|6.4|0.8|2021|United Way of the Blue Mountains|Not Enrolled|0.29|0.432|FRPL|Not FRPL
07002|Dayton School District|20|15.8|0.79|2021|United Way of the Blue Mountains|2 Year / CTC|0.32|0.2528|Race/Ethnicity|White
07002|Dayton School District|20|15.8|0.79|2021|United Way of the Blue Mountains|4 Year|0.32|0.2528|Race/Ethnicity|White
07002|Dayton School District|20|15.8|0.79|2021|United Way of the Blue Mountains|Not Enrolled|0.36|0.4944|Race/Ethnicity|White
17210|Federal Way School District|1741|1554.1907|0.8927|2021|Puget Sound ESD|2 Year / CTC|0.22|0.196394|Section 504|Not Section 504
17210|Federal Way School District|1741|1554.1907|0.8927|2021|Puget Sound ESD|4 Year|0.31|0.276737|Section 504|Not Section 504
17210|Federal Way School District|1741|1554.1907|0.8927|2021|Puget Sound ESD|Not Enrolled|0.46|0.517942|Section 504|Not Section 504
17210|Federal Way School District|84|76.44|0.91|2021|Puget Sound ESD|2 Year / CTC|0.23|0.2093|Section 504|Section 504
17210|Federal Way School District|84|76.44|0.91|2021|Puget Sound ESD|4 Year|0.28|0.2548|Section 504|Section 504
17210|Federal Way School District|84|76.44|0.91|2021|Puget Sound ESD|Not Enrolled|0.49|0.5359|Section 504|Section 504
17210|Federal Way School District|1632|1458|0.893382353|2021|Puget Sound ESD|2 Year / CTC|0.18|0.16080882354|All Students|All
17210|Federal Way School District|1632|1458|0.893382353|2021|Puget Sound ESD|4 Year|0.33|0.29481617649|All Students|All
17210|Federal Way School District|1632|1458|0.893382353|2021|Puget Sound ESD|Not Enrolled|0.49|0.54437499997|All Students|All
17210|Federal Way School District|291|229.017|0.787|2021|Puget Sound ESD|2 Year / CTC|0.23|0.18101|Bilingual|Bilingual
17210|Federal Way School District|291|229.017|0.787|2021|Puget Sound ESD|4 Year|0.11|0.08657|Bilingual|Bilingual
17210|Federal Way School District|291|229.017|0.787|2021|Puget Sound ESD|Not Enrolled|0.66|0.73242|Bilingual|Bilingual
17210|Federal Way School District|1534|1402.3828|0.9142|2021|Puget Sound ESD|2 Year / CTC|0.17|0.155414|Bilingual|Not Bilingual
17210|Federal Way School District|1534|1402.3828|0.9142|2021|Puget Sound ESD|4 Year|0.37|0.338254|Bilingual|Not Bilingual
17210|Federal Way School District|1534|1402.3828|0.9142|2021|Puget Sound ESD|Not Enrolled|0.46|0.506332|Bilingual|Not Bilingual
17210|Federal Way School District|886|826.638|0.933|2021|Puget Sound ESD|2 Year / CTC|0.2|0.1866|Gender|Female
17210|Federal Way School District|886|826.638|0.933|2021|Puget Sound ESD|4 Year|0.37|0.34521|Gender|Female
17210|Federal Way School District|886|826.638|0.933|2021|Puget Sound ESD|Not Enrolled|0.44|0.47752|Gender|Female
17210|Federal Way School District|819|699|0.853479853|2021|Puget Sound ESD|2 Year / CTC|0.16|0.13655677648|Gender|Male
17210|Federal Way School District|819|699|0.853479853|2021|Puget Sound ESD|4 Year|0.29|0.24750915737|Gender|Male
17210|Federal Way School District|819|699|0.853479853|2021|Puget Sound ESD|Not Enrolled|0.55|0.61593406615|Gender|Male
17210|Federal Way School District|1048|920|0.877862595|2021|Puget Sound ESD|2 Year / CTC|0.17|0.14923664115|FRPL|FRPL
17210|Federal Way School District|1048|920|0.877862595|2021|Puget Sound ESD|4 Year|0.26|0.2282442747|FRPL|FRPL
17210|Federal Way School District|1048|920|0.877862595|2021|Puget Sound ESD|Not Enrolled|0.57|0.62251908415|FRPL|FRPL
17210|Federal Way School District|584|538|0.921232877|2021|Puget Sound ESD|2 Year / CTC|0.2|0.1842465754|FRPL|Not FRPL
17210|Federal Way School District|584|538|0.921232877|2021|Puget Sound ESD|4 Year|0.45|0.41455479465|FRPL|Not FRPL
17210|Federal Way School District|584|538|0.921232877|2021|Puget Sound ESD|Not Enrolled|0.34|0.39198630118|FRPL|Not FRPL
17210|Federal Way School District|242|236|0.975206612|2021|Puget Sound ESD|2 Year / CTC|0.28|0.27305785136|Race/Ethnicity|Asian
17210|Federal Way School District|242|236|0.975206612|2021|Puget Sound ESD|4 Year|0.51|0.49735537212|Race/Ethnicity|Asian
17210|Federal Way School District|242|236|0.975206612|2021|Puget Sound ESD|Not Enrolled|0.22|0.23933884264|Race/Ethnicity|Asian
17210|Federal Way School District|210|197|0.938095238|2021|Puget Sound ESD|2 Year / CTC|0.24|0.22514285712|Race/Ethnicity|Black or African American
17210|Federal Way School District|210|197|0.938095238|2021|Puget Sound ESD|4 Year|0.31|0.29080952378|Race/Ethnicity|Black or African American
17210|Federal Way School District|210|197|0.938095238|2021|Puget Sound ESD|Not Enrolled|0.45|0.4840476191|Race/Ethnicity|Black or African American
17210|Federal Way School District|496|437|0.881048387|2021|Puget Sound ESD|2 Year / CTC|0.23|0.20264112901|Race/Ethnicity|Hispanic or Latino of any race(s)
17210|Federal Way School District|496|437|0.881048387|2021|Puget Sound ESD|4 Year|0.29|0.25550403223|Race/Ethnicity|Hispanic or Latino of any race(s)
17210|Federal Way School District|496|437|0.881048387|2021|Puget Sound ESD|Not Enrolled|0.49|0.55066532263|Race/Ethnicity|Hispanic or Latino of any race(s)
17210|Federal Way School District|174|146|0.83908046|2021|Puget Sound ESD|2 Year / CTC|0.13|0.1090804598|Race/Ethnicity|Two or More Races
17210|Federal Way School District|174|146|0.83908046|2021|Puget Sound ESD|4 Year|0.32|0.2685057472|Race/Ethnicity|Two or More Races
17210|Federal Way School District|174|146|0.83908046|2021|Puget Sound ESD|Not Enrolled|0.55|0.622413793|Race/Ethnicity|Two or More Races
17210|Federal Way School District|416|359|0.862980769|2021|Puget Sound ESD|2 Year / CTC|0.22|0.18985576918|Race/Ethnicity|White
17210|Federal Way School District|416|359|0.862980769|2021|Puget Sound ESD|4 Year|0.28|0.24163461532|Race/Ethnicity|White
17210|Federal Way School District|416|359|0.862980769|2021|Puget Sound ESD|Not Enrolled|0.5|0.5685096155|Race/Ethnicity|White
17401|Highline School District|1876|1626.3044|0.8669|2021|Puget Sound ESD|2 Year / CTC|0.26|0.225394|Section 504|Not Section 504
17401|Highline School District|1876|1626.3044|0.8669|2021|Puget Sound ESD|4 Year|0.29|0.251401|Section 504|Not Section 504
17401|Highline School District|1876|1626.3044|0.8669|2021|Puget Sound ESD|Not Enrolled|0.45|0.523205|Section 504|Not Section 504
17401|Highline School District|0|0|0.83|2021|Puget Sound ESD|2 Year / CTC|0.27|0.2241|Section 504|Section 504
17401|Highline School District|0|0|0.83|2021|Puget Sound ESD|4 Year|0.31|0.2573|Section 504|Section 504
17401|Highline School District|0|0|0.83|2021|Puget Sound ESD|Not Enrolled|0.41|0.5103|Section 504|Section 504
17401|Highline School District|1273|1102|0.865671642|2021|Puget Sound ESD|2 Year / CTC|0.24|0.20776119408|All Students|All
17401|Highline School District|1273|1102|0.865671642|2021|Puget Sound ESD|4 Year|0.3|0.2597014926|All Students|All
17401|Highline School District|1273|1102|0.865671642|2021|Puget Sound ESD|Not Enrolled|0.46|0.53253731332|All Students|All
17401|Highline School District|319|250|0.78369906|2021|Puget Sound ESD|2 Year / CTC|0.27|0.2115987462|Bilingual|Bilingual
17401|Highline School District|319|250|0.78369906|2021|Puget Sound ESD|4 Year|0.13|0.1018808778|Bilingual|Bilingual
17401|Highline School District|319|250|0.78369906|2021|Puget Sound ESD|Not Enrolled|0.6|0.686520376|Bilingual|Bilingual
17401|Highline School District|954|852|0.893081761|2021|Puget Sound ESD|2 Year / CTC|0.23|0.20540880503|Bilingual|Not Bilingual
17401|Highline School District|954|852|0.893081761|2021|Puget Sound ESD|4 Year|0.35|0.31257861635|Bilingual|Not Bilingual
17401|Highline School District|954|852|0.893081761|2021|Puget Sound ESD|Not Enrolled|0.42|0.48201257862|Bilingual|Not Bilingual
17401|Highline School District|840|764.4|0.91|2021|Puget Sound ESD|2 Year / CTC|0.25|0.2275|Gender|Female
17401|Highline School District|840|764.4|0.91|2021|Puget Sound ESD|4 Year|0.32|0.2912|Gender|Female
17401|Highline School District|840|764.4|0.91|2021|Puget Sound ESD|Not Enrolled|0.42|0.4722|Gender|Female
17401|Highline School District|654|542|0.828746177|2021|Puget Sound ESD|2 Year / CTC|0.23|0.19061162071|Gender|Male
17401|Highline School District|654|542|0.828746177|2021|Puget Sound ESD|4 Year|0.27|0.22376146779|Gender|Male
17401|Highline School District|654|542|0.828746177|2021|Puget Sound ESD|Not Enrolled|0.5|0.5856269115|Gender|Male
17401|Highline School District|971|815|0.839340886|2021|Puget Sound ESD|2 Year / CTC|0.24|0.20144181264|FRPL|FRPL
17401|Highline School District|971|815|0.839340886|2021|Puget Sound ESD|4 Year|0.24|0.20144181264|FRPL|FRPL
17401|Highline School District|971|815|0.839340886|2021|Puget Sound ESD|Not Enrolled|0.52|0.59711637472|FRPL|FRPL
17401|Highline School District|302|287|0.950331126|2021|Puget Sound ESD|2 Year / CTC|0.24|0.22807947024|FRPL|Not FRPL
17401|Highline School District|302|287|0.950331126|2021|Puget Sound ESD|4 Year|0.47|0.44665562922|FRPL|Not FRPL
17401|Highline School District|302|287|0.950331126|2021|Puget Sound ESD|Not Enrolled|0.3|0.3347682118|FRPL|Not FRPL
17401|Highline School District|17|12.359|0.727|2021|Puget Sound ESD|2 Year / CTC|0.05|0.03635|Race/Ethnicity|American Indian or Alaska Native
17401|Highline School District|17|12.359|0.727|2021|Puget Sound ESD|4 Year|0.15|0.10905|Race/Ethnicity|American Indian or Alaska Native
17401|Highline School District|17|12.359|0.727|2021|Puget Sound ESD|Not Enrolled|0.745|0.814615|Race/Ethnicity|American Indian or Alaska Native
17401|Highline School District|241|227|0.941908714|2021|Puget Sound ESD|2 Year / CTC|0.33|0.31082987562|Race/Ethnicity|Asian
17401|Highline School District|241|227|0.941908714|2021|Puget Sound ESD|4 Year|0.4|0.3767634856|Race/Ethnicity|Asian
17401|Highline School District|241|227|0.941908714|2021|Puget Sound ESD|Not Enrolled|0.27|0.31240663878|Race/Ethnicity|Asian
17401|Highline School District|176|152|0.863636364|2021|Puget Sound ESD|2 Year / CTC|0.31|0.26772727284|Race/Ethnicity|Black or African American
17401|Highline School District|176|152|0.863636364|2021|Puget Sound ESD|4 Year|0.35|0.3022727274|Race/Ethnicity|Black or African American
17401|Highline School District|176|152|0.863636364|2021|Puget Sound ESD|Not Enrolled|0.34|0.42999999976|Race/Ethnicity|Black or African American
17401|Highline School District|474|391|0.824894515|2021|Puget Sound ESD|2 Year / CTC|0.25|0.20622362875|Race/Ethnicity|Hispanic or Latino of any race(s)
17401|Highline School District|474|391|0.824894515|2021|Puget Sound ESD|4 Year|0.22|0.1814767933|Race/Ethnicity|Hispanic or Latino of any race(s)
17401|Highline School District|474|391|0.824894515|2021|Puget Sound ESD|Not Enrolled|0.52|0.6040506328|Race/Ethnicity|Hispanic or Latino of any race(s)
17401|Highline School District|53|44|0.830188679|2021|Puget Sound ESD|2 Year / CTC|0.17|0.14113207543|Race/Ethnicity|Native Hawaiian and Other Pacific Islander
17401|Highline School District|53|44|0.830188679|2021|Puget Sound ESD|4 Year|0.11|0.09132075469|Race/Ethnicity|Native Hawaiian and Other Pacific Islander
17401|Highline School District|53|44|0.830188679|2021|Puget Sound ESD|Not Enrolled|0.72|0.76754716988|Race/Ethnicity|Native Hawaiian and Other Pacific Islander
17401|Highline School District|85|73|0.858823529|2021|Puget Sound ESD|2 Year / CTC|0.22|0.18894117638|Race/Ethnicity|Two or More Races
17401|Highline School District|85|73|0.858823529|2021|Puget Sound ESD|4 Year|0.31|0.26623529399|Race/Ethnicity|Two or More Races
17401|Highline School District|85|73|0.858823529|2021|Puget Sound ESD|Not Enrolled|0.47|0.54482352963|Race/Ethnicity|Two or More Races
17401|Highline School District|233|205|0.879828326|2021|Puget Sound ESD|2 Year / CTC|0.23|0.20236051498|Race/Ethnicity|White
17401|Highline School District|233|205|0.879828326|2021|Puget Sound ESD|4 Year|0.34|0.29914163084|Race/Ethnicity|White
17401|Highline School District|233|205|0.879828326|2021|Puget Sound ESD|Not Enrolled|0.42|0.48969957092|Race/Ethnicity|White
06098|Hockinson School District|168|164.64|0.98|2021|ESD 112|2 Year / CTC|0.23|0.2254|All Students|All
06098|Hockinson School District|168|164.64|0.98|2021|ESD 112|4 Year|0.36|0.3528|All Students|All
06098|Hockinson School District|168|164.64|0.98|2021|ESD 112|Not Enrolled|0.42|0.4316|All Students|All
06098|Hockinson School District|87|83.433|0.959|2021|ESD 112|2 Year / CTC|0.19|0.18221|Gender|Female
06098|Hockinson School District|87|83.433|0.959|2021|ESD 112|4 Year|0.55|0.52745|Gender|Female
06098|Hockinson School District|87|83.433|0.959|2021|ESD 112|Not Enrolled|0.26|0.29034|Gender|Female
06098|Hockinson School District|80|76.88|0.961|2021|ESD 112|2 Year / CTC|0.26|0.24986|Gender|Male
06098|Hockinson School District|80|76.88|0.961|2021|ESD 112|4 Year|0.18|0.17298|Gender|Male
06098|Hockinson School District|80|76.88|0.961|2021|ESD 112|Not Enrolled|0.56|0.57716|Gender|Male
06098|Hockinson School District|32|27.424|0.857|2021|ESD 112|2 Year / CTC|0.1|0.0857|FRPL|FRPL
06098|Hockinson School District|32|27.424|0.857|2021|ESD 112|4 Year|0.29|0.24853|FRPL|FRPL
06098|Hockinson School District|32|27.424|0.857|2021|ESD 112|Not Enrolled|0.61|0.66577|FRPL|FRPL
06098|Hockinson School District|136|132.8312|0.9767|2021|ESD 112|2 Year / CTC|0.26|0.253942|FRPL|Not FRPL
06098|Hockinson School District|136|132.8312|0.9767|2021|ESD 112|4 Year|0.4|0.39068|FRPL|Not FRPL
06098|Hockinson School District|136|132.8312|0.9767|2021|ESD 112|Not Enrolled|0.34|0.355378|FRPL|Not FRPL
06098|Hockinson School District|138|135|0.97826087|2021|ESD 112|2 Year / CTC|0.22|0.2152173914|Race/Ethnicity|White
06098|Hockinson School District|138|135|0.97826087|2021|ESD 112|4 Year|0.4|0.391304348|Race/Ethnicity|White
06098|Hockinson School District|138|135|0.97826087|2021|ESD 112|Not Enrolled|0.38|0.3934782606|Race/Ethnicity|White
08402|Kalama School District|84|78.96|0.94|2021|ESD 112|2 Year / CTC|0.18|0.1692|All Students|All
08402|Kalama School District|84|78.96|0.94|2021|ESD 112|4 Year|0.3|0.282|All Students|All
08402|Kalama School District|84|78.96|0.94|2021|ESD 112|Not Enrolled|0.52|0.5488|All Students|All
08402|Kalama School District|31|26.784|0.864|2021|ESD 112|2 Year / CTC|0.36|0.31104|Gender|Female
08402|Kalama School District|31|26.784|0.864|2021|ESD 112|4 Year|0.25|0.216|Gender|Female
08402|Kalama School District|31|26.784|0.864|2021|ESD 112|Not Enrolled|0.39|0.47296|Gender|Female
08402|Kalama School District|53|49.396|0.932|2021|ESD 112|2 Year / CTC|0.17|0.15844|Gender|Male
08402|Kalama School District|53|49.396|0.932|2021|ESD 112|4 Year|0.15|0.1398|Gender|Male
08402|Kalama School District|53|49.396|0.932|2021|ESD 112|Not Enrolled|0.68|0.70176|Gender|Male
08402|Kalama School District|27|22.491|0.833|2021|ESD 112|2 Year / CTC|0.23|0.19159|FRPL|FRPL
08402|Kalama School District|27|22.491|0.833|2021|ESD 112|4 Year|0.12|0.09996|FRPL|FRPL
08402|Kalama School District|27|22.491|0.833|2021|ESD 112|Not Enrolled|0.65|0.70845|FRPL|FRPL
08402|Kalama School District|57|53.466|0.938|2021|ESD 112|2 Year / CTC|0.25|0.2345|FRPL|Not FRPL
08402|Kalama School District|57|53.466|0.938|2021|ESD 112|4 Year|0.23|0.21574|FRPL|Not FRPL
08402|Kalama School District|57|53.466|0.938|2021|ESD 112|Not Enrolled|0.52|0.54976|FRPL|Not FRPL
08402|Kalama School District|72|66.96|0.93|2021|ESD 112|2 Year / CTC|0.23|0.2139|Race/Ethnicity|White
08402|Kalama School District|72|66.96|0.93|2021|ESD 112|4 Year|0.19|0.1767|Race/Ethnicity|White
08402|Kalama School District|72|66.96|0.93|2021|ESD 112|Not Enrolled|0.58|0.6094|Race/Ethnicity|White
20406|Lyle School District|15|11.25|0.75|2021|ESD 112|2 Year / CTC|0.15|0.1125|All Students|All
20406|Lyle School District|15|11.25|0.75|2021|ESD 112|4 Year|0.345|0.25875|All Students|All
20406|Lyle School District|15|11.25|0.75|2021|ESD 112|Not Enrolled|0.545|0.65875|All Students|All
20406|Lyle School District|9|6.3|0.7|2021|ESD 112|2 Year / CTC|0.05|0.035|Race/Ethnicity|White
20406|Lyle School District|9|6.3|0.7|2021|ESD 112|4 Year|0.345|0.2415|Race/Ethnicity|White
20406|Lyle School District|9|6.3|0.7|2021|ESD 112|Not Enrolled|0.545|0.6815|Race/Ethnicity|White
25155|Naselle-Grays River Valley School District|51|44.88|0.88|2021|ESD 112|2 Year / CTC|0.34|0.2992|All Students|All
25155|Naselle-Grays River Valley School District|51|44.88|0.88|2021|ESD 112|4 Year|0.17|0.1496|All Students|All
25155|Naselle-Grays River Valley School District|51|44.88|0.88|2021|ESD 112|Not Enrolled|0.49|0.5512|All Students|All
25155|Naselle-Grays River Valley School District|10|7|0.7|2021|ESD 112|2 Year / CTC|0.42|0.294|Gender|Female
25155|Naselle-Grays River Valley School District|10|7|0.7|2021|ESD 112|4 Year|0.19|0.133|Gender|Female
25155|Naselle-Grays River Valley School District|10|7|0.7|2021|ESD 112|Not Enrolled|0.39|0.573|Gender|Female
25155|Naselle-Grays River Valley School District|41|32.226|0.786|2021|ESD 112|2 Year / CTC|0.28|0.22008|Gender|Male
25155|Naselle-Grays River Valley School District|41|32.226|0.786|2021|ESD 112|4 Year|0.15|0.1179|Gender|Male
25155|Naselle-Grays River Valley School District|41|32.226|0.786|2021|ESD 112|Not Enrolled|0.56|0.65416|Gender|Male
25155|Naselle-Grays River Valley School District|23|16.721|0.727|2021|ESD 112|2 Year / CTC|0.29|0.21083|FRPL|FRPL
25155|Naselle-Grays River Valley School District|23|16.721|0.727|2021|ESD 112|4 Year|0.17|0.12359|FRPL|FRPL
25155|Naselle-Grays River Valley School District|23|16.721|0.727|2021|ESD 112|Not Enrolled|0.54|0.66558|FRPL|FRPL
25155|Naselle-Grays River Valley School District|28|21.532|0.769|2021|ESD 112|2 Year / CTC|0.4|0.3076|FRPL|Not FRPL
25155|Naselle-Grays River Valley School District|28|21.532|0.769|2021|ESD 112|4 Year|0.17|0.13073|FRPL|Not FRPL
25155|Naselle-Grays River Valley School District|28|21.532|0.769|2021|ESD 112|Not Enrolled|0.43|0.56167|FRPL|Not FRPL
25155|Naselle-Grays River Valley School District|28|23.8|0.85|2021|ESD 112|2 Year / CTC|0.32|0.272|Race/Ethnicity|White
25155|Naselle-Grays River Valley School District|28|23.8|0.85|2021|ESD 112|4 Year|0.21|0.1785|Race/Ethnicity|White
25155|Naselle-Grays River Valley School District|28|23.8|0.85|2021|ESD 112|Not Enrolled|0.47|0.5495|Race/Ethnicity|White
18400|North Kitsap School District|446|391.142|0.877|2021|PREP - Tier 2|2 Year / CTC|0.22|0.19294|Section 504|Not Section 504
18400|North Kitsap School District|446|391.142|0.877|2021|PREP - Tier 2|4 Year|0.36|0.31572|Section 504|Not Section 504
18400|North Kitsap School District|446|391.142|0.877|2021|PREP - Tier 2|Not Enrolled|0.42|0.49134|Section 504|Not Section 504
18400|North Kitsap School District|18|15.48|0.86|2021|PREP - Tier 2|2 Year / CTC|0.2|0.172|Section 504|Section 504
18400|North Kitsap School District|18|15.48|0.86|2021|PREP - Tier 2|4 Year|0.33|0.2838|Section 504|Section 504
18400|North Kitsap School District|18|15.48|0.86|2021|PREP - Tier 2|Not Enrolled|0.48|0.5528|Section 504|Section 504
18400|North Kitsap School District|458|401|0.875545852|2021|PREP - Tier 2|2 Year / CTC|0.18|0.15759825336|All Students|All
18400|North Kitsap School District|458|401|0.875545852|2021|PREP - Tier 2|4 Year|0.38|0.33270742376|All Students|All
18400|North Kitsap School District|458|401|0.875545852|2021|PREP - Tier 2|Not Enrolled|0.44|0.50969432288|All Students|All
18400|North Kitsap School District|229|205|0.895196507|2021|PREP - Tier 2|2 Year / CTC|0.19|0.17008733633|Gender|Female
18400|North Kitsap School District|229|205|0.895196507|2021|PREP - Tier 2|4 Year|0.44|0.39388646308|Gender|Female
18400|North Kitsap School District|229|205|0.895196507|2021|PREP - Tier 2|Not Enrolled|0.37|0.43602620059|Gender|Female
18400|North Kitsap School District|229|196|0.855895197|2021|PREP - Tier 2|2 Year / CTC|0.18|0.15406113546|Gender|Male
18400|North Kitsap School District|229|196|0.855895197|2021|PREP - Tier 2|4 Year|0.31|0.26532751107|Gender|Male
18400|North Kitsap School District|229|196|0.855895197|2021|PREP - Tier 2|Not Enrolled|0.51|0.58061135347|Gender|Male
18400|North Kitsap School District|158|122|0.772151899|2021|PREP - Tier 2|2 Year / CTC|0.16|0.12354430384|FRPL|FRPL
18400|North Kitsap School District|158|122|0.772151899|2021|PREP - Tier 2|4 Year|0.2|0.1544303798|FRPL|FRPL
18400|North Kitsap School District|158|122|0.772151899|2021|PREP - Tier 2|Not Enrolled|0.64|0.72202531636|FRPL|FRPL
18400|North Kitsap School District|300|279|0.93|2021|PREP - Tier 2|2 Year / CTC|0.2|0.186|FRPL|Not FRPL
18400|North Kitsap School District|300|279|0.93|2021|PREP - Tier 2|4 Year|0.47|0.4371|FRPL|Not FRPL
18400|North Kitsap School District|300|279|0.93|2021|PREP - Tier 2|Not Enrolled|0.34|0.3862|FRPL|Not FRPL
18400|North Kitsap School District|20|15|0.75|2021|PREP - Tier 2|2 Year / CTC|0.38|0.285|Race/Ethnicity|American Indian or Alaska Native
18400|North Kitsap School District|20|15|0.75|2021|PREP - Tier 2|4 Year|0.15|0.1125|Race/Ethnicity|American Indian or Alaska Native
18400|North Kitsap School District|20|15|0.75|2021|PREP - Tier 2|Not Enrolled|0.47|0.6025|Race/Ethnicity|American Indian or Alaska Native
18400|North Kitsap School District|19|15.827|0.833|2021|PREP - Tier 2|2 Year / CTC|0.15|0.12495|Race/Ethnicity|Asian
18400|North Kitsap School District|19|15.827|0.833|2021|PREP - Tier 2|4 Year|0.44|0.36652|Race/Ethnicity|Asian
18400|North Kitsap School District|19|15.827|0.833|2021|PREP - Tier 2|Not Enrolled|0.41|0.50853|Race/Ethnicity|Asian
18400|North Kitsap School District|68|59|0.867647059|2021|PREP - Tier 2|2 Year / CTC|0.29|0.25161764711|Race/Ethnicity|Hispanic or Latino of any race(s)
18400|North Kitsap School District|68|59|0.867647059|2021|PREP - Tier 2|4 Year|0.27|0.23426470593|Race/Ethnicity|Hispanic or Latino of any race(s)
18400|North Kitsap School District|68|59|0.867647059|2021|PREP - Tier 2|Not Enrolled|0.45|0.52279411755|Race/Ethnicity|Hispanic or Latino of any race(s)
18400|North Kitsap School District|51|45|0.882352941|2021|PREP - Tier 2|2 Year / CTC|0.26|0.22941176466|Race/Ethnicity|Two or More Races
18400|North Kitsap School District|51|45|0.882352941|2021|PREP - Tier 2|4 Year|0.35|0.30882352935|Race/Ethnicity|Two or More Races
18400|North Kitsap School District|51|45|0.882352941|2021|PREP - Tier 2|Not Enrolled|0.4|0.4705882354|Race/Ethnicity|Two or More Races
18400|North Kitsap School District|293|259|0.883959044|2021|PREP - Tier 2|2 Year / CTC|0.19|0.16795221836|Race/Ethnicity|White
18400|North Kitsap School District|293|259|0.883959044|2021|PREP - Tier 2|4 Year|0.39|0.34474402716|Race/Ethnicity|White
18400|North Kitsap School District|293|259|0.883959044|2021|PREP - Tier 2|Not Enrolled|0.42|0.48730375448|Race/Ethnicity|White
23403|North Mason School District|180|148|0.822222222|2021|PREP - Tier 1|2 Year / CTC|0.24|0.19733333328|Section 504|Not Section 504
23403|North Mason School District|180|148|0.822222222|2021|PREP - Tier 1|4 Year|0.16|0.13155555552|Section 504|Not Section 504
23403|North Mason School District|180|148|0.822222222|2021|PREP - Tier 1|Not Enrolled|0.59|0.66288888898|Section 504|Not Section 504
23403|North Mason School District|10|8|0.8|2021|PREP - Tier 1|2 Year / CTC|0.14|0.112|Section 504|Section 504
23403|North Mason School District|10|8|0.8|2021|PREP - Tier 1|4 Year|0.2|0.16|Section 504|Section 504
23403|North Mason School District|10|8|0.8|2021|PREP - Tier 1|Not Enrolled|0.66|0.728|Section 504|Section 504
23403|North Mason School District|218|178.978|0.821|2021|PREP - Tier 1|2 Year / CTC|0.2|0.1642|All Students|All
23403|North Mason School District|218|178.978|0.821|2021|PREP - Tier 1|4 Year|0.16|0.13136|All Students|All
23403|North Mason School District|218|178.978|0.821|2021|PREP - Tier 1|Not Enrolled|0.64|0.70444|All Students|All
23403|North Mason School District|105|88.2|0.84|2021|PREP - Tier 1|2 Year / CTC|0.27|0.2268|Gender|Female
23403|North Mason School District|105|88.2|0.84|2021|PREP - Tier 1|4 Year|0.21|0.1764|Gender|Female
23403|North Mason School District|105|88.2|0.84|2021|PREP - Tier 1|Not Enrolled|0.52|0.5968|Gender|Female
23403|North Mason School District|106|86|0.811320755|2021|PREP - Tier 1|2 Year / CTC|0.2|0.162264151|Gender|Male
23403|North Mason School District|106|86|0.811320755|2021|PREP - Tier 1|4 Year|0.13|0.10547169815|Gender|Male
23403|North Mason School District|106|86|0.811320755|2021|PREP - Tier 1|Not Enrolled|0.67|0.73226415085|Gender|Male
23403|North Mason School District|123|93|0.756097561|2021|PREP - Tier 1|2 Year / CTC|0.19|0.14365853659|FRPL|FRPL
23403|North Mason School District|123|93|0.756097561|2021|PREP - Tier 1|4 Year|0.12|0.09073170732|FRPL|FRPL
23403|North Mason School District|123|93|0.756097561|2021|PREP - Tier 1|Not Enrolled|0.69|0.76560975609|FRPL|FRPL
23403|North Mason School District|106|98.58|0.93|2021|PREP - Tier 1|2 Year / CTC|0.27|0.2511|FRPL|Not FRPL
23403|North Mason School District|106|98.58|0.93|2021|PREP - Tier 1|4 Year|0.21|0.1953|FRPL|Not FRPL
23403|North Mason School District|106|98.58|0.93|2021|PREP - Tier 1|Not Enrolled|0.52|0.5536|FRPL|Not FRPL
23403|North Mason School District|60|42|0.7|2021|PREP - Tier 1|2 Year / CTC|0.33|0.231|Race/Ethnicity|Hispanic or Latino of any race(s)
23403|North Mason School District|60|42|0.7|2021|PREP - Tier 1|4 Year|0.13|0.091|Race/Ethnicity|Hispanic or Latino of any race(s)
23403|North Mason School District|60|42|0.7|2021|PREP - Tier 1|Not Enrolled|0.54|0.678|Race/Ethnicity|Hispanic or Latino of any race(s)
23403|North Mason School District|12|9.24|0.77|2021|PREP - Tier 1|2 Year / CTC|0.305|0.23485|Race/Ethnicity|Two or More Races
23403|North Mason School District|12|9.24|0.77|2021|PREP - Tier 1|4 Year|0.1|0.077|Race/Ethnicity|Two or More Races
23403|North Mason School District|12|9.24|0.77|2021|PREP - Tier 1|Not Enrolled|0.705|0.77285|Race/Ethnicity|Two or More Races
23403|North Mason School District|114|101|0.885964912|2021|PREP - Tier 1|2 Year / CTC|0.22|0.19491228064|Race/Ethnicity|White
23403|North Mason School District|114|101|0.885964912|2021|PREP - Tier 1|4 Year|0.18|0.15947368416|Race/Ethnicity|White
23403|North Mason School District|114|101|0.885964912|2021|PREP - Tier 1|Not Enrolled|0.61|0.65447368432|Race/Ethnicity|White
25101|Ocean Beach School District|87|61.77|0.71|2021|ESD 112|2 Year / CTC|0.17|0.1207|All Students|All
25101|Ocean Beach School District|87|61.77|0.71|2021|ESD 112|4 Year|0.13|0.0923|All Students|All
25101|Ocean Beach School District|87|61.77|0.71|2021|ESD 112|Not Enrolled|0.7|0.787|All Students|All
25101|Ocean Beach School District|36|30.96|0.86|2021|ESD 112|2 Year / CTC|0.15|0.129|Gender|Female
25101|Ocean Beach School District|36|30.96|0.86|2021|ESD 112|4 Year|0.34|0.2924|Gender|Female
25101|Ocean Beach School District|36|30.96|0.86|2021|ESD 112|Not Enrolled|0.51|0.5786|Gender|Female
25101|Ocean Beach School District|49|30|0.612244898|2021|ESD 112|2 Year / CTC|0.17|0.10408163266|Gender|Male
25101|Ocean Beach School District|49|30|0.612244898|2021|ESD 112|4 Year|0.2|0.1224489796|Gender|Male
25101|Ocean Beach School District|49|30|0.612244898|2021|ESD 112|Not Enrolled|0.64|0.77959183672|Gender|Male
25101|Ocean Beach School District|59|37|0.627118644|2021|ESD 112|2 Year / CTC|0.16|0.10033898304|FRPL|FRPL
25101|Ocean Beach School District|59|37|0.627118644|2021|ESD 112|4 Year|0.14|0.08779661016|FRPL|FRPL
25101|Ocean Beach School District|59|37|0.627118644|2021|ESD 112|Not Enrolled|0.7|0.8118644068|FRPL|FRPL
25101|Ocean Beach School District|27|23.76|0.88|2021|ESD 112|2 Year / CTC|0.16|0.1408|FRPL|Not FRPL
25101|Ocean Beach School District|27|23.76|0.88|2021|ESD 112|4 Year|0.47|0.4136|FRPL|Not FRPL
25101|Ocean Beach School District|27|23.76|0.88|2021|ESD 112|Not Enrolled|0.37|0.4456|FRPL|Not FRPL
25101|Ocean Beach School District|60|43|0.716666667|2021|ESD 112|2 Year / CTC|0.16|0.11466666672|Race/Ethnicity|White
25101|Ocean Beach School District|60|43|0.716666667|2021|ESD 112|4 Year|0.3|0.2150000001|Race/Ethnicity|White
25101|Ocean Beach School District|60|43|0.716666667|2021|ESD 112|Not Enrolled|0.54|0.67033333318|Race/Ethnicity|White
05121|Port Angeles School District|265|222.07|0.838|2021|PREP - Tier 1|2 Year / CTC|0.23|0.19274|Section 504|Not Section 504
05121|Port Angeles School District|265|222.07|0.838|2021|PREP - Tier 1|4 Year|0.24|0.20112|Section 504|Not Section 504
05121|Port Angeles School District|265|222.07|0.838|2021|PREP - Tier 1|Not Enrolled|0.52|0.59776|Section 504|Not Section 504
05121|Port Angeles School District|15|12.75|0.85|2021|PREP - Tier 1|2 Year / CTC|0.25|0.2125|Section 504|Section 504
05121|Port Angeles School District|15|12.75|0.85|2021|PREP - Tier 1|4 Year|0.17|0.1445|Section 504|Section 504
05121|Port Angeles School District|15|12.75|0.85|2021|PREP - Tier 1|Not Enrolled|0.58|0.643|Section 504|Section 504
05121|Port Angeles School District|280|236|0.842857143|2021|PREP - Tier 1|2 Year / CTC|0.19|0.16014285717|All Students|All
05121|Port Angeles School District|280|236|0.842857143|2021|PREP - Tier 1|4 Year|0.24|0.20228571432|All Students|All
05121|Port Angeles School District|280|236|0.842857143|2021|PREP - Tier 1|Not Enrolled|0.58|0.64599999994|All Students|All
05121|Port Angeles School District|128|113.28|0.885|2021|PREP - Tier 1|2 Year / CTC|0.24|0.2124|Gender|Female
05121|Port Angeles School District|128|113.28|0.885|2021|PREP - Tier 1|4 Year|0.27|0.23895|Gender|Female
05121|Port Angeles School District|128|113.28|0.885|2021|PREP - Tier 1|Not Enrolled|0.49|0.54865|Gender|Female
05121|Port Angeles School District|132|105|0.795454545|2021|PREP - Tier 1|2 Year / CTC|0.12|0.0954545454|Gender|Male
05121|Port Angeles School District|132|105|0.795454545|2021|PREP - Tier 1|4 Year|0.19|0.15113636355|Gender|Male
05121|Port Angeles School District|132|105|0.795454545|2021|PREP - Tier 1|Not Enrolled|0.69|0.75340909105|Gender|Male
05121|Port Angeles School District|127|97.028|0.764|2021|PREP - Tier 1|2 Year / CTC|0.16|0.12224|FRPL|FRPL
05121|Port Angeles School District|127|97.028|0.764|2021|PREP - Tier 1|4 Year|0.17|0.12988|FRPL|FRPL
05121|Port Angeles School District|127|97.028|0.764|2021|PREP - Tier 1|Not Enrolled|0.66|0.74024|FRPL|FRPL
05121|Port Angeles School District|153|141.678|0.926|2021|PREP - Tier 1|2 Year / CTC|0.21|0.19446|FRPL|Not FRPL
05121|Port Angeles School District|153|141.678|0.926|2021|PREP - Tier 1|4 Year|0.29|0.26854|FRPL|Not FRPL
05121|Port Angeles School District|153|141.678|0.926|2021|PREP - Tier 1|Not Enrolled|0.5|0.537|FRPL|Not FRPL
05121|Port Angeles School District|9|6.75|0.75|2021|PREP - Tier 1|2 Year / CTC|0.23|0.1725|Race/Ethnicity|American Indian or Alaska Native
05121|Port Angeles School District|9|6.75|0.75|2021|PREP - Tier 1|4 Year|0.17|0.1275|Race/Ethnicity|American Indian or Alaska Native
05121|Port Angeles School District|9|6.75|0.75|2021|PREP - Tier 1|Not Enrolled|0.6|0.7|Race/Ethnicity|American Indian or Alaska Native
05121|Port Angeles School District|24|19|0.791666667|2021|PREP - Tier 1|2 Year / CTC|0.27|0.21375000009|Race/Ethnicity|Hispanic or Latino of any race(s)
05121|Port Angeles School District|24|19|0.791666667|2021|PREP - Tier 1|4 Year|0.17|0.13458333339|Race/Ethnicity|Hispanic or Latino of any race(s)
05121|Port Angeles School District|24|19|0.791666667|2021|PREP - Tier 1|Not Enrolled|0.56|0.65166666652|Race/Ethnicity|Hispanic or Latino of any race(s)
05121|Port Angeles School District|24|17|0.708333333|2021|PREP - Tier 1|2 Year / CTC|0.28|0.19833333324|Race/Ethnicity|Two or More Races
05121|Port Angeles School District|24|17|0.708333333|2021|PREP - Tier 1|4 Year|0.32|0.22666666656|Race/Ethnicity|Two or More Races
05121|Port Angeles School District|24|17|0.708333333|2021|PREP - Tier 1|Not Enrolled|0.4|0.5750000002|Race/Ethnicity|Two or More Races
05121|Port Angeles School District|210|179|0.852380952|2021|PREP - Tier 1|2 Year / CTC|0.23|0.19604761896|Race/Ethnicity|White
05121|Port Angeles School District|210|179|0.852380952|2021|PREP - Tier 1|4 Year|0.23|0.19604761896|Race/Ethnicity|White
05121|Port Angeles School District|210|179|0.852380952|2021|PREP - Tier 1|Not Enrolled|0.54|0.60790476208|Race/Ethnicity|White
16050|Port Townsend School District|96|85.632|0.892|2021|PREP - Tier 1|2 Year / CTC|0.12|0.10704|All Students|All
16050|Port Townsend School District|96|85.632|0.892|2021|PREP - Tier 1|4 Year|0.42|0.37464|All Students|All
16050|Port Townsend School District|96|85.632|0.892|2021|PREP - Tier 1|Not Enrolled|0.46|0.51832|All Students|All
16050|Port Townsend School District|58|53|0.913793103|2021|PREP - Tier 1|2 Year / CTC|0.16|0.14620689648|Gender|Female
16050|Port Townsend School District|58|53|0.913793103|2021|PREP - Tier 1|4 Year|0.48|0.43862068944|Gender|Female
16050|Port Townsend School District|58|53|0.913793103|2021|PREP - Tier 1|Not Enrolled|0.36|0.41517241408|Gender|Female
16050|Port Townsend School District|44|37.84|0.86|2021|PREP - Tier 1|2 Year / CTC|0.05|0.043|Gender|Male
16050|Port Townsend School District|44|37.84|0.86|2021|PREP - Tier 1|4 Year|0.345|0.2967|Gender|Male
16050|Port Townsend School District|44|37.84|0.86|2021|PREP - Tier 1|Not Enrolled|0.545|0.6087|Gender|Male
16050|Port Townsend School District|57|48|0.842105263|2021|PREP - Tier 1|2 Year / CTC|0.12|0.10105263156|FRPL|FRPL
16050|Port Townsend School District|57|48|0.842105263|2021|PREP - Tier 1|4 Year|0.25|0.21052631575|FRPL|FRPL
16050|Port Townsend School District|57|48|0.842105263|2021|PREP - Tier 1|Not Enrolled|0.63|0.68842105269|FRPL|FRPL
16050|Port Townsend School District|57|53.181|0.933|2021|PREP - Tier 1|2 Year / CTC|0.2|0.1866|FRPL|Not FRPL
16050|Port Townsend School District|57|53.181|0.933|2021|PREP - Tier 1|4 Year|0.43|0.40119|FRPL|Not FRPL
16050|Port Townsend School District|57|53.181|0.933|2021|PREP - Tier 1|Not Enrolled|0.37|0.41221|FRPL|Not FRPL
16050|Port Townsend School District|86|76|0.88372093|2021|PREP - Tier 1|2 Year / CTC|0.16|0.1413953488|Race/Ethnicity|White
16050|Port Townsend School District|86|76|0.88372093|2021|PREP - Tier 1|4 Year|0.37|0.3269767441|Race/Ethnicity|White
16050|Port Townsend School District|86|76|0.88372093|2021|PREP - Tier 1|Not Enrolled|0.47|0.5316279071|Race/Ethnicity|White
16048|Quilcene School District|25|21.875|0.875|2021|PREP - Tier 1|2 Year / CTC|0.24|0.21|All Students|All
16048|Quilcene School District|25|21.875|0.875|2021|PREP - Tier 1|4 Year|0.25|0.21875|All Students|All
16048|Quilcene School District|25|21.875|0.875|2021|PREP - Tier 1|Not Enrolled|0.51|0.57125|All Students|All
16048|Quilcene School District|12|9.228|0.769|2021|PREP - Tier 1|2 Year / CTC|0.21|0.16149|Gender|Female
16048|Quilcene School District|12|9.228|0.769|2021|PREP - Tier 1|4 Year|0.38|0.29222|Gender|Female
16048|Quilcene School District|12|9.228|0.769|2021|PREP - Tier 1|Not Enrolled|0.41|0.54629|Gender|Female
16048|Quilcene School District|13|9.451|0.727|2021|PREP - Tier 1|2 Year / CTC|0.26|0.18902|Gender|Male
16048|Quilcene School District|13|9.451|0.727|2021|PREP - Tier 1|4 Year|0.15|0.10905|Gender|Male
16048|Quilcene School District|13|9.451|0.727|2021|PREP - Tier 1|Not Enrolled|0.59|0.70193|Gender|Male
16048|Quilcene School District|10|8.24|0.824|2021|PREP - Tier 1|2 Year / CTC|0.12|0.09888|FRPL|FRPL
16048|Quilcene School District|10|8.24|0.824|2021|PREP - Tier 1|4 Year|0.35|0.2884|FRPL|FRPL
16048|Quilcene School District|10|8.24|0.824|2021|PREP - Tier 1|Not Enrolled|0.53|0.61272|FRPL|FRPL
16048|Quilcene School District|15|||2021|PREP - Tier 1|2 Year / CTC|0.38||FRPL|Not FRPL
16048|Quilcene School District|15|||2021|PREP - Tier 1|4 Year|0.14||FRPL|Not FRPL
16048|Quilcene School District|15|||2021|PREP - Tier 1|Not Enrolled|0.48||FRPL|Not FRPL
16048|Quilcene School District|18|15.3|0.85|2021|PREP - Tier 1|2 Year / CTC|0.26|0.221|Race/Ethnicity|White
16048|Quilcene School District|18|15.3|0.85|2021|PREP - Tier 1|4 Year|0.2|0.17|Race/Ethnicity|White
16048|Quilcene School District|18|15.3|0.85|2021|PREP - Tier 1|Not Enrolled|0.54|0.609|Race/Ethnicity|White
05323|Sequim School District|233|198.982|0.854|2021|PREP - Tier 1|2 Year / CTC|0.15|0.1281|All Students|All
05323|Sequim School District|233|198.982|0.854|2021|PREP - Tier 1|4 Year|0.34|0.29036|All Students|All
05323|Sequim School District|233|198.982|0.854|2021|PREP - Tier 1|Not Enrolled|0.51|0.58154|All Students|All
05323|Sequim School District|108|93|0.861111111|2021|PREP - Tier 1|2 Year / CTC|0.23|0.19805555553|Gender|Female
05323|Sequim School District|108|93|0.861111111|2021|PREP - Tier 1|4 Year|0.37|0.31861111107|Gender|Female
05323|Sequim School District|108|93|0.861111111|2021|PREP - Tier 1|Not Enrolled|0.41|0.49194444451|Gender|Female
05323|Sequim School District|123|104.304|0.848|2021|PREP - Tier 1|2 Year / CTC|0.08|0.06784|Gender|Male
05323|Sequim School District|123|104.304|0.848|2021|PREP - Tier 1|4 Year|0.3|0.2544|Gender|Male
05323|Sequim School District|123|104.304|0.848|2021|PREP - Tier 1|Not Enrolled|0.62|0.67776|Gender|Male
05323|Sequim School District|109|86|0.788990826|2021|PREP - Tier 1|2 Year / CTC|0.11|0.08678899086|FRPL|FRPL
05323|Sequim School District|109|86|0.788990826|2021|PREP - Tier 1|4 Year|0.25|0.1972477065|FRPL|FRPL
05323|Sequim School District|109|86|0.788990826|2021|PREP - Tier 1|Not Enrolled|0.64|0.71596330264|FRPL|FRPL
05323|Sequim School District|137|126.451|0.923|2021|PREP - Tier 1|2 Year / CTC|0.19|0.17537|FRPL|Not FRPL
05323|Sequim School District|137|126.451|0.923|2021|PREP - Tier 1|4 Year|0.41|0.37843|FRPL|Not FRPL
05323|Sequim School District|137|126.451|0.923|2021|PREP - Tier 1|Not Enrolled|0.4|0.4462|FRPL|Not FRPL
05323|Sequim School District|27|24|0.888888889|2021|PREP - Tier 1|2 Year / CTC|0.16|0.14222222224|Race/Ethnicity|Hispanic or Latino of any race(s)
05323|Sequim School District|27|24|0.888888889|2021|PREP - Tier 1|4 Year|0.3|0.2666666667|Race/Ethnicity|Hispanic or Latino of any race(s)
05323|Sequim School District|27|24|0.888888889|2021|PREP - Tier 1|Not Enrolled|0.54|0.59111111106|Race/Ethnicity|Hispanic or Latino of any race(s)
05323|Sequim School District|160|140|0.875|2021|PREP - Tier 1|2 Year / CTC|0.21|0.18375|Race/Ethnicity|White
05323|Sequim School District|160|140|0.875|2021|PREP - Tier 1|4 Year|0.33|0.28875|Race/Ethnicity|White
05323|Sequim School District|160|140|0.875|2021|PREP - Tier 1|Not Enrolled|0.46|0.5275|Race/Ethnicity|White
18402|South Kitsap School District|642|558|0.869158879|2021|PREP - Tier 2|2 Year / CTC|0.18|0.15644859822|Section 504|Not Section 504
18402|South Kitsap School District|642|558|0.869158879|2021|PREP - Tier 2|4 Year|0.25|0.21728971975|Section 504|Not Section 504
18402|South Kitsap School District|642|558|0.869158879|2021|PREP - Tier 2|Not Enrolled|0.57|0.62626168203|Section 504|Not Section 504
18402|South Kitsap School District|65|51|0.784615385|2021|PREP - Tier 2|2 Year / CTC|0.27|0.21184615395|Section 504|Section 504
18402|South Kitsap School District|65|51|0.784615385|2021|PREP - Tier 2|4 Year|0.16|0.1255384616|Section 504|Section 504
18402|South Kitsap School District|65|51|0.784615385|2021|PREP - Tier 2|Not Enrolled|0.57|0.66261538445|Section 504|Section 504
18402|South Kitsap School District|707|609|0.861386139|2021|PREP - Tier 2|2 Year / CTC|0.17|0.14643564363|All Students|All
18402|South Kitsap School District|707|609|0.861386139|2021|PREP - Tier 2|4 Year|0.24|0.20673267336|All Students|All
18402|South Kitsap School District|707|609|0.861386139|2021|PREP - Tier 2|Not Enrolled|0.6|0.6554455444|All Students|All
18402|South Kitsap School District|342|300|0.877192982|2021|PREP - Tier 2|2 Year / CTC|0.18|0.15789473676|Gender|Female
18402|South Kitsap School District|342|300|0.877192982|2021|PREP - Tier 2|4 Year|0.32|0.28070175424|Gender|Female
18402|South Kitsap School District|342|300|0.877192982|2021|PREP - Tier 2|Not Enrolled|0.5|0.561403509|Gender|Female
18402|South Kitsap School District|365|309|0.846575342|2021|PREP - Tier 2|2 Year / CTC|0.16|0.13545205472|Gender|Male
18402|South Kitsap School District|365|309|0.846575342|2021|PREP - Tier 2|4 Year|0.15|0.1269863013|Gender|Male
18402|South Kitsap School District|365|309|0.846575342|2021|PREP - Tier 2|Not Enrolled|0.69|0.73756164398|Gender|Male
18402|South Kitsap School District|322|247|0.767080745|2021|PREP - Tier 2|2 Year / CTC|0.16|0.1227329192|FRPL|FRPL
18402|South Kitsap School District|322|247|0.767080745|2021|PREP - Tier 2|4 Year|0.12|0.0920496894|FRPL|FRPL
18402|South Kitsap School District|322|247|0.767080745|2021|PREP - Tier 2|Not Enrolled|0.72|0.7852173914|FRPL|FRPL
18402|South Kitsap School District|385|362|0.94025974|2021|PREP - Tier 2|2 Year / CTC|0.2|0.188051948|FRPL|Not FRPL
18402|South Kitsap School District|385|362|0.94025974|2021|PREP - Tier 2|4 Year|0.31|0.2914805194|FRPL|Not FRPL
18402|South Kitsap School District|385|362|0.94025974|2021|PREP - Tier 2|Not Enrolled|0.49|0.5204675326|FRPL|Not FRPL
18402|South Kitsap School District|29|25|0.862068966|2021|PREP - Tier 2|2 Year / CTC|0.14|0.12068965524|Race/Ethnicity|Asian
18402|South Kitsap School District|29|25|0.862068966|2021|PREP - Tier 2|4 Year|0.43|0.37068965538|Race/Ethnicity|Asian
18402|South Kitsap School District|29|25|0.862068966|2021|PREP - Tier 2|Not Enrolled|0.42|0.49999999972|Race/Ethnicity|Asian
18402|South Kitsap School District|25|||2021|PREP - Tier 2|2 Year / CTC|0.245||Race/Ethnicity|Black or African American
18402|South Kitsap School District|25|||2021|PREP - Tier 2|4 Year|0.15||Race/Ethnicity|Black or African American
18402|South Kitsap School District|25|||2021|PREP - Tier 2|Not Enrolled|0.645||Race/Ethnicity|Black or African American
18402|South Kitsap School District|83|73|0.879518072|2021|PREP - Tier 2|2 Year / CTC|0.17|0.14951807224|Race/Ethnicity|Hispanic or Latino of any race(s)
18402|South Kitsap School District|83|73|0.879518072|2021|PREP - Tier 2|4 Year|0.2|0.1759036144|Race/Ethnicity|Hispanic or Latino of any race(s)
18402|South Kitsap School District|83|73|0.879518072|2021|PREP - Tier 2|Not Enrolled|0.63|0.67457831336|Race/Ethnicity|Hispanic or Latino of any race(s)
18402|South Kitsap School District|78|68|0.871794872|2021|PREP - Tier 2|2 Year / CTC|0.21|0.18307692312|Race/Ethnicity|Two or More Races
18402|South Kitsap School District|78|68|0.871794872|2021|PREP - Tier 2|4 Year|0.23|0.20051282056|Race/Ethnicity|Two or More Races
18402|South Kitsap School District|78|68|0.871794872|2021|PREP - Tier 2|Not Enrolled|0.56|0.61641025632|Race/Ethnicity|Two or More Races
18402|South Kitsap School District|484|414|0.855371901|2021|PREP - Tier 2|2 Year / CTC|0.18|0.15396694218|Race/Ethnicity|White
18402|South Kitsap School District|484|414|0.855371901|2021|PREP - Tier 2|4 Year|0.25|0.21384297525|Race/Ethnicity|White
18402|South Kitsap School District|484|414|0.855371901|2021|PREP - Tier 2|Not Enrolled|0.57|0.63219008257|Race/Ethnicity|White
30303|Stevenson-Carson School District|53|46.11|0.87|2021|ESD 112|2 Year / CTC|0.18|0.1566|All Students|All
30303|Stevenson-Carson School District|53|46.11|0.87|2021|ESD 112|4 Year|0.23|0.2001|All Students|All
30303|Stevenson-Carson School District|53|46.11|0.87|2021|ESD 112|Not Enrolled|0.59|0.6433|All Students|All
30303|Stevenson-Carson School District|26|23.92|0.92|2021|ESD 112|2 Year / CTC|0.21|0.1932|Gender|Female
30303|Stevenson-Carson School District|26|23.92|0.92|2021|ESD 112|4 Year|0.23|0.2116|Gender|Female
30303|Stevenson-Carson School District|26|23.92|0.92|2021|ESD 112|Not Enrolled|0.56|0.5952|Gender|Female
30303|Stevenson-Carson School District|47|39|0.829787234|2021|ESD 112|2 Year / CTC|0.17|0.14106382978|Gender|Male
30303|Stevenson-Carson School District|47|39|0.829787234|2021|ESD 112|4 Year|0.24|0.19914893616|Gender|Male
30303|Stevenson-Carson School District|47|39|0.829787234|2021|ESD 112|Not Enrolled|0.59|0.65978723406|Gender|Male
30303|Stevenson-Carson School District|47|39|0.829787234|2021|ESD 112|2 Year / CTC|0.13|0.10787234042|FRPL|FRPL
30303|Stevenson-Carson School District|47|39|0.829787234|2021|ESD 112|4 Year|0.17|0.14106382978|FRPL|FRPL
30303|Stevenson-Carson School District|47|39|0.829787234|2021|ESD 112|Not Enrolled|0.7|0.7510638298|FRPL|FRPL
30303|Stevenson-Carson School District|28|25.76|0.92|2021|ESD 112|2 Year / CTC|0.25|0.23|FRPL|Not FRPL
30303|Stevenson-Carson School District|28|25.76|0.92|2021|ESD 112|4 Year|0.29|0.2668|FRPL|Not FRPL
30303|Stevenson-Carson School District|28|25.76|0.92|2021|ESD 112|Not Enrolled|0.46|0.5032|FRPL|Not FRPL
30303|Stevenson-Carson School District|67|59|0.880597015|2021|ESD 112|2 Year / CTC|0.21|0.18492537315|Race/Ethnicity|White
30303|Stevenson-Carson School District|67|59|0.880597015|2021|ESD 112|4 Year|0.2|0.176119403|Race/Ethnicity|White
30303|Stevenson-Carson School District|67|59|0.880597015|2021|ESD 112|Not Enrolled|0.58|0.6301492537|Race/Ethnicity|White
20400|Trout Lake School District|14|11.662|0.833|2021|ESD 112|2 Year / CTC|0.13|0.10829|All Students|All
20400|Trout Lake School District|14|11.662|0.833|2021|ESD 112|4 Year|0.53|0.44149|All Students|All
20400|Trout Lake School District|14|11.662|0.833|2021|ESD 112|Not Enrolled|0.35|0.45855|All Students|All
20400|Trout Lake School District|9|||2021|ESD 112|2 Year / CTC|0.19||Race/Ethnicity|White
20400|Trout Lake School District|9|||2021|ESD 112|4 Year|0.46||Race/Ethnicity|White
20400|Trout Lake School District|9|||2021|ESD 112|Not Enrolled|0.35||Race/Ethnicity|White
17406|Tukwila School District|203|173.768|0.856|2021|Puget Sound ESD|2 Year / CTC|0.25|0.214|All Students|All
17406|Tukwila School District|203|173.768|0.856|2021|Puget Sound ESD|4 Year|0.35|0.2996|All Students|All
17406|Tukwila School District|203|173.768|0.856|2021|Puget Sound ESD|Not Enrolled|0.4|0.4864|All Students|All
17406|Tukwila School District|67|54.27|0.81|2021|Puget Sound ESD|2 Year / CTC|0.31|0.2511|Bilingual|Bilingual
17406|Tukwila School District|67|54.27|0.81|2021|Puget Sound ESD|4 Year|0.22|0.1782|Bilingual|Bilingual
17406|Tukwila School District|67|54.27|0.81|2021|Puget Sound ESD|Not Enrolled|0.47|0.5707|Bilingual|Bilingual
17406|Tukwila School District|152|134|0.881578947|2021|Puget Sound ESD|2 Year / CTC|0.28|0.24684210516|Bilingual|Not Bilingual
17406|Tukwila School District|152|134|0.881578947|2021|Puget Sound ESD|4 Year|0.38|0.33499999986|Bilingual|Not Bilingual
17406|Tukwila School District|152|134|0.881578947|2021|Puget Sound ESD|Not Enrolled|0.34|0.41815789498|Bilingual|Not Bilingual
17406|Tukwila School District|96|85.92|0.895|2021|Puget Sound ESD|2 Year / CTC|0.21|0.18795|Gender|Female
17406|Tukwila School District|96|85.92|0.895|2021|Puget Sound ESD|4 Year|0.48|0.4296|Gender|Female
17406|Tukwila School District|96|85.92|0.895|2021|Puget Sound ESD|Not Enrolled|0.3|0.3735|Gender|Female
17406|Tukwila School District|123|101|0.821138211|2021|Puget Sound ESD|2 Year / CTC|0.29|0.23813008119|Gender|Male
17406|Tukwila School District|123|101|0.821138211|2021|Puget Sound ESD|4 Year|0.21|0.17243902431|Gender|Male
17406|Tukwila School District|123|101|0.821138211|2021|Puget Sound ESD|Not Enrolled|0.5|0.5894308945|Gender|Male
17406|Tukwila School District|176|148|0.840909091|2021|Puget Sound ESD|2 Year / CTC|0.26|0.21863636366|FRPL|FRPL
17406|Tukwila School District|176|148|0.840909091|2021|Puget Sound ESD|4 Year|0.3|0.2522727273|FRPL|FRPL
17406|Tukwila School District|176|148|0.840909091|2021|Puget Sound ESD|Not Enrolled|0.44|0.52909090904|FRPL|FRPL
17406|Tukwila School District|59|53.69|0.91|2021|Puget Sound ESD|2 Year / CTC|0.22|0.2002|FRPL|Not FRPL
17406|Tukwila School District|59|53.69|0.91|2021|Puget Sound ESD|4 Year|0.49|0.4459|FRPL|Not FRPL
17406|Tukwila School District|59|53.69|0.91|2021|Puget Sound ESD|Not Enrolled|0.29|0.3539|FRPL|Not FRPL
17406|Tukwila School District|84|72|0.857142857|2021|Puget Sound ESD|2 Year / CTC|0.26|0.22285714282|Race/Ethnicity|Asian
17406|Tukwila School District|84|72|0.857142857|2021|Puget Sound ESD|4 Year|0.41|0.35142857137|Race/Ethnicity|Asian
17406|Tukwila School District|84|72|0.857142857|2021|Puget Sound ESD|Not Enrolled|0.33|0.42571428581|Race/Ethnicity|Asian
17406|Tukwila School District|48|39|0.8125|2021|Puget Sound ESD|2 Year / CTC|0.38|0.30875|Race/Ethnicity|Black or African American
17406|Tukwila School District|48|39|0.8125|2021|Puget Sound ESD|4 Year|0.29|0.235625|Race/Ethnicity|Black or African American
17406|Tukwila School District|48|39|0.8125|2021|Puget Sound ESD|Not Enrolled|0.33|0.455625|Race/Ethnicity|Black or African American
17406|Tukwila School District|52|45|0.865384615|2021|Puget Sound ESD|2 Year / CTC|0.24|0.2076923076|Race/Ethnicity|Hispanic or Latino of any race(s)
17406|Tukwila School District|52|45|0.865384615|2021|Puget Sound ESD|4 Year|0.33|0.28557692295|Race/Ethnicity|Hispanic or Latino of any race(s)
17406|Tukwila School District|52|45|0.865384615|2021|Puget Sound ESD|Not Enrolled|0.43|0.50673076945|Race/Ethnicity|Hispanic or Latino of any race(s)
17406|Tukwila School District|22|18|0.818181818|2021|Puget Sound ESD|2 Year / CTC|0.32|0.26181818176|Race/Ethnicity|White
17406|Tukwila School District|22|18|0.818181818|2021|Puget Sound ESD|4 Year|0.35|0.2863636363|Race/Ethnicity|White
17406|Tukwila School District|22|18|0.818181818|2021|Puget Sound ESD|Not Enrolled|0.33|0.45181818194|Race/Ethnicity|White
35200|Wahkiakum School District|46|43.654|0.949|2021|ESD 112|2 Year / CTC|0.19|0.18031|All Students|All
35200|Wahkiakum School District|46|43.654|0.949|2021|ESD 112|4 Year|0.23|0.21827|All Students|All
35200|Wahkiakum School District|46|43.654|0.949|2021|ESD 112|Not Enrolled|0.59|0.61091|All Students|All
35200|Wahkiakum School District|22|18.854|0.857|2021|ESD 112|2 Year / CTC|0.19|0.16283|Gender|Female
35200|Wahkiakum School District|22|18.854|0.857|2021|ESD 112|4 Year|0.35|0.29995|Gender|Female
35200|Wahkiakum School District|22|18.854|0.857|2021|ESD 112|Not Enrolled|0.46|0.53722|Gender|Female
35200|Wahkiakum School District|24|22.104|0.921|2021|ESD 112|2 Year / CTC|0.18|0.16578|Gender|Male
35200|Wahkiakum School District|24|22.104|0.921|2021|ESD 112|4 Year|0.14|0.12894|Gender|Male
35200|Wahkiakum School District|24|22.104|0.921|2021|ESD 112|Not Enrolled|0.67|0.69607|Gender|Male
35200|Wahkiakum School District|26|23.712|0.912|2021|ESD 112|2 Year / CTC|0.14|0.12768|FRPL|FRPL
35200|Wahkiakum School District|26|23.712|0.912|2021|ESD 112|4 Year|0.2|0.1824|FRPL|FRPL
35200|Wahkiakum School District|26|23.712|0.912|2021|ESD 112|Not Enrolled|0.66|0.68992|FRPL|FRPL
35200|Wahkiakum School District|20|17.6|0.88|2021|ESD 112|2 Year / CTC|0.27|0.2376|FRPL|Not FRPL
35200|Wahkiakum School District|20|17.6|0.88|2021|ESD 112|4 Year|0.27|0.2376|FRPL|Not FRPL
35200|Wahkiakum School District|20|17.6|0.88|2021|ESD 112|Not Enrolled|0.45|0.516|FRPL|Not FRPL
35200|Wahkiakum School District|42|39.396|0.938|2021|ESD 112|2 Year / CTC|0.18|0.16884|Race/Ethnicity|White
35200|Wahkiakum School District|42|39.396|0.938|2021|ESD 112|4 Year|0.24|0.22512|Race/Ethnicity|White
35200|Wahkiakum School District|42|39.396|0.938|2021|ESD 112|Not Enrolled|0.57|0.59666|Race/Ethnicity|White
36140|Walla Walla Public Schools|538|503.568|0.936|2021|United Way of the Blue Mountains|2 Year / CTC|0.3|0.2808|Section 504|Not Section 504
36140|Walla Walla Public Schools|538|503.568|0.936|2021|United Way of the Blue Mountains|4 Year|0.27|0.25272|Section 504|Not Section 504
36140|Walla Walla Public Schools|538|503.568|0.936|2021|United Way of the Blue Mountains|Not Enrolled|0.43|0.46648|Section 504|Not Section 504
36140|Walla Walla Public Schools|37|33.189|0.897|2021|United Way of the Blue Mountains|2 Year / CTC|0.35|0.31395|Section 504|Section 504
36140|Walla Walla Public Schools|37|33.189|0.897|2021|United Way of the Blue Mountains|4 Year|0.17|0.15249|Section 504|Section 504
36140|Walla Walla Public Schools|37|33.189|0.897|2021|United Way of the Blue Mountains|Not Enrolled|0.49|0.54253|Section 504|Section 504
36140|Walla Walla Public Schools|390|366|0.938461538|2021|United Way of the Blue Mountains|2 Year / CTC|0.29|0.27215384602|All Students|All
36140|Walla Walla Public Schools|390|366|0.938461538|2021|United Way of the Blue Mountains|4 Year|0.27|0.25338461526|All Students|All
36140|Walla Walla Public Schools|390|366|0.938461538|2021|United Way of the Blue Mountains|Not Enrolled|0.44|0.47446153872|All Students|All
36140|Walla Walla Public Schools|34|30.6|0.9|2021|United Way of the Blue Mountains|2 Year / CTC|0.37|0.333|Bilingual|Bilingual
36140|Walla Walla Public Schools|34|30.6|0.9|2021|United Way of the Blue Mountains|4 Year|0.025|0.0225|Bilingual|Bilingual
36140|Walla Walla Public Schools|34|30.6|0.9|2021|United Way of the Blue Mountains|Not Enrolled|0.57|0.613|Bilingual|Bilingual
36140|Walla Walla Public Schools|541|507.999|0.939|2021|United Way of the Blue Mountains|2 Year / CTC|0.3|0.2817|Bilingual|Not Bilingual
36140|Walla Walla Public Schools|541|507.999|0.939|2021|United Way of the Blue Mountains|4 Year|0.27|0.25353|Bilingual|Not Bilingual
36140|Walla Walla Public Schools|541|507.999|0.939|2021|United Way of the Blue Mountains|Not Enrolled|0.43|0.46477|Bilingual|Not Bilingual
36140|Walla Walla Public Schools|203|194|0.955665025|2021|United Way of the Blue Mountains|2 Year / CTC|0.34|0.3249261085|Gender|Female
36140|Walla Walla Public Schools|203|194|0.955665025|2021|United Way of the Blue Mountains|4 Year|0.29|0.27714285725|Gender|Female
36140|Walla Walla Public Schools|203|194|0.955665025|2021|United Way of the Blue Mountains|Not Enrolled|0.37|0.39793103425|Gender|Female
36140|Walla Walla Public Schools|288|264.672|0.919|2021|United Way of the Blue Mountains|2 Year / CTC|0.23|0.21137|Gender|Male
36140|Walla Walla Public Schools|288|264.672|0.919|2021|United Way of the Blue Mountains|4 Year|0.25|0.22975|Gender|Male
36140|Walla Walla Public Schools|288|264.672|0.919|2021|United Way of the Blue Mountains|Not Enrolled|0.51|0.54969|Gender|Male
36140|Walla Walla Public Schools|338|304.876|0.902|2021|United Way of the Blue Mountains|2 Year / CTC|0.29|0.26158|FRPL|FRPL
36140|Walla Walla Public Schools|338|304.876|0.902|2021|United Way of the Blue Mountains|4 Year|0.16|0.14432|FRPL|FRPL
36140|Walla Walla Public Schools|338|304.876|0.902|2021|United Way of the Blue Mountains|Not Enrolled|0.55|0.5941|FRPL|FRPL
36140|Walla Walla Public Schools|237|232.971|0.983|2021|United Way of the Blue Mountains|2 Year / CTC|0.29|0.28507|FRPL|Not FRPL
36140|Walla Walla Public Schools|237|232.971|0.983|2021|United Way of the Blue Mountains|4 Year|0.4|0.3932|FRPL|Not FRPL
36140|Walla Walla Public Schools|237|232.971|0.983|2021|United Way of the Blue Mountains|Not Enrolled|0.3|0.3119|FRPL|Not FRPL
36140|Walla Walla Public Schools|147|137|0.931972789|2021|United Way of the Blue Mountains|2 Year / CTC|0.39|0.36346938771|Race/Ethnicity|Hispanic or Latino of any race(s)
36140|Walla Walla Public Schools|147|137|0.931972789|2021|United Way of the Blue Mountains|4 Year|0.18|0.16775510202|Race/Ethnicity|Hispanic or Latino of any race(s)
36140|Walla Walla Public Schools|147|137|0.931972789|2021|United Way of the Blue Mountains|Not Enrolled|0.43|0.46877551027|Race/Ethnicity|Hispanic or Latino of any race(s)
36140|Walla Walla Public Schools|220|206|0.936363636|2021|United Way of the Blue Mountains|2 Year / CTC|0.26|0.24345454536|Race/Ethnicity|White
36140|Walla Walla Public Schools|220|206|0.936363636|2021|United Way of the Blue Mountains|4 Year|0.3|0.2809090908|Race/Ethnicity|White
36140|Walla Walla Public Schools|220|206|0.936363636|2021|United Way of the Blue Mountains|Not Enrolled|0.44|0.47563636384|Race/Ethnicity|White
20405|White Salmon Valley School District|104|97.76|0.94|2021|ESD 112|2 Year / CTC|0.07|0.0658|All Students|All
20405|White Salmon Valley School District|104|97.76|0.94|2021|ESD 112|4 Year|0.3|0.282|All Students|All
20405|White Salmon Valley School District|104|97.76|0.94|2021|ESD 112|Not Enrolled|0.64|0.6616|All Students|All
20405|White Salmon Valley School District|45|42.21|0.938|2021|ESD 112|2 Year / CTC|0.12|0.11256|Gender|Female
20405|White Salmon Valley School District|45|42.21|0.938|2021|ESD 112|4 Year|0.33|0.30954|Gender|Female
20405|White Salmon Valley School District|45|42.21|0.938|2021|ESD 112|Not Enrolled|0.55|0.5779|Gender|Female
20405|White Salmon Valley School District|59|53.1|0.9|2021|ESD 112|2 Year / CTC|0.05|0.045|Gender|Male
20405|White Salmon Valley School District|59|53.1|0.9|2021|ESD 112|4 Year|0.245|0.2205|Gender|Male
20405|White Salmon Valley School District|59|53.1|0.9|2021|ESD 112|Not Enrolled|0.745|0.7705|Gender|Male
20405|White Salmon Valley School District|42|39.312|0.936|2021|ESD 112|2 Year / CTC|0.13|0.12168|FRPL|FRPL
20405|White Salmon Valley School District|42|39.312|0.936|2021|ESD 112|4 Year|0.19|0.17784|FRPL|FRPL
20405|White Salmon Valley School District|42|39.312|0.936|2021|ESD 112|Not Enrolled|0.68|0.70048|FRPL|FRPL
20405|White Salmon Valley School District|62|57.66|0.93|2021|ESD 112|2 Year / CTC|0.1|0.093|FRPL|Not FRPL
20405|White Salmon Valley School District|62|57.66|0.93|2021|ESD 112|4 Year|0.4|0.372|FRPL|Not FRPL
20405|White Salmon Valley School District|62|57.66|0.93|2021|ESD 112|Not Enrolled|0.51|0.5443|FRPL|Not FRPL
20405|White Salmon Valley School District|38|34.428|0.906|2021|ESD 112|2 Year / CTC|0.13|0.11778|Race/Ethnicity|Hispanic or Latino of any race(s)
20405|White Salmon Valley School District|38|34.428|0.906|2021|ESD 112|4 Year|0.22|0.19932|Race/Ethnicity|Hispanic or Latino of any race(s)
20405|White Salmon Valley School District|38|34.428|0.906|2021|ESD 112|Not Enrolled|0.65|0.6829|Race/Ethnicity|Hispanic or Latino of any race(s)
20405|White Salmon Valley School District|54|50|0.925925926|2021|ESD 112|2 Year / CTC|0.11|0.10185185186|Race/Ethnicity|White
20405|White Salmon Valley School District|54|50|0.925925926|2021|ESD 112|4 Year|0.33|0.30555555558|Race/Ethnicity|White
20405|White Salmon Valley School District|54|50|0.925925926|2021|ESD 112|Not Enrolled|0.56|0.59259259256|Race/Ethnicity|White
18303|Bainbridge Island School District|274|259.478|0.947|2022|PREP - Tier 2|2 Year / CTC|0.11|0.10417|Section 504|Not Section 504
18303|Bainbridge Island School District|274|259.478|0.947|2022|PREP - Tier 2|4 Year|0.69|0.65343|Section 504|Not Section 504
18303|Bainbridge Island School District|274|259.478|0.947|2022|PREP - Tier 2|Not Enrolled|0.2|0.2424|Section 504|Not Section 504
18303|Bainbridge Island School District|84|78.96|0.94|2022|PREP - Tier 2|2 Year / CTC|0.08|0.0752|Section 504|Section 504
18303|Bainbridge Island School District|84|78.96|0.94|2022|PREP - Tier 2|4 Year|0.57|0.5358|Section 504|Section 504
18303|Bainbridge Island School District|84|78.96|0.94|2022|PREP - Tier 2|Not Enrolled|0.36|0.3984|Section 504|Section 504
18303|Bainbridge Island School District|377|356|0.944297082|2022|PREP - Tier 2|2 Year / CTC|0.1|0.0944297082|All Students|All
18303|Bainbridge Island School District|377|356|0.944297082|2022|PREP - Tier 2|4 Year|0.66|0.62323607412|All Students|All
18303|Bainbridge Island School District|377|356|0.944297082|2022|PREP - Tier 2|Not Enrolled|0.24|0.28233421768|All Students|All
18303|Bainbridge Island School District|159|151.527|0.953|2022|PREP - Tier 2|2 Year / CTC|0.07|0.06671|Gender|Female
18303|Bainbridge Island School District|159|151.527|0.953|2022|PREP - Tier 2|4 Year|0.69|0.65757|Gender|Female
18303|Bainbridge Island School District|159|151.527|0.953|2022|PREP - Tier 2|Not Enrolled|0.24|0.27572|Gender|Female
18303|Bainbridge Island School District|197|184.195|0.935|2022|PREP - Tier 2|2 Year / CTC|0.13|0.12155|Gender|Male
18303|Bainbridge Island School District|197|184.195|0.935|2022|PREP - Tier 2|4 Year|0.62|0.5797|Gender|Male
18303|Bainbridge Island School District|197|184.195|0.935|2022|PREP - Tier 2|Not Enrolled|0.25|0.29875|Gender|Male
18303|Bainbridge Island School District|43|36.98|0.86|2022|PREP - Tier 2|2 Year / CTC|0.2|0.172|FRPL|FRPL
18303|Bainbridge Island School District|43|36.98|0.86|2022|PREP - Tier 2|4 Year|0.44|0.3784|FRPL|FRPL
18303|Bainbridge Island School District|43|36.98|0.86|2022|PREP - Tier 2|Not Enrolled|0.36|0.4496|FRPL|FRPL
18303|Bainbridge Island School District|315|301.455|0.957|2022|PREP - Tier 2|2 Year / CTC|0.09|0.08613|FRPL|Not FRPL
18303|Bainbridge Island School District|315|301.455|0.957|2022|PREP - Tier 2|4 Year|0.69|0.66033|FRPL|Not FRPL
18303|Bainbridge Island School District|315|301.455|0.957|2022|PREP - Tier 2|Not Enrolled|0.22|0.25354|FRPL|Not FRPL
18303|Bainbridge Island School District|23|18.078|0.786|2022|PREP - Tier 2|2 Year / CTC|0.05|0.0393|Race/Ethnicity|Asian
18303|Bainbridge Island School District|23|18.078|0.786|2022|PREP - Tier 2|4 Year|0.745|0.58557|Race/Ethnicity|Asian
18303|Bainbridge Island School District|23|18.078|0.786|2022|PREP - Tier 2|Not Enrolled|0.15|0.3319|Race/Ethnicity|Asian
18303|Bainbridge Island School District|31|27|0.870967742|2022|PREP - Tier 2|2 Year / CTC|0.2|0.1741935484|Race/Ethnicity|Hispanic or Latino of any race(s)
18303|Bainbridge Island School District|31|27|0.870967742|2022|PREP - Tier 2|4 Year|0.5|0.435483871|Race/Ethnicity|Hispanic or Latino of any race(s)
18303|Bainbridge Island School District|31|27|0.870967742|2022|PREP - Tier 2|Not Enrolled|0.3|0.3903225806|Race/Ethnicity|Hispanic or Latino of any race(s)
18303|Bainbridge Island School District|30|25.71|0.857|2022|PREP - Tier 2|2 Year / CTC|0.1|0.0857|Race/Ethnicity|Two or More Races
18303|Bainbridge Island School District|30|25.71|0.857|2022|PREP - Tier 2|4 Year|0.72|0.61704|Race/Ethnicity|Two or More Races
18303|Bainbridge Island School District|30|25.71|0.857|2022|PREP - Tier 2|Not Enrolled|0.17|0.28869|Race/Ethnicity|Two or More Races
18303|Bainbridge Island School District|309|295|0.954692557|2022|PREP - Tier 2|2 Year / CTC|0.09|0.08592233013|Race/Ethnicity|White
18303|Bainbridge Island School District|309|295|0.954692557|2022|PREP - Tier 2|4 Year|0.67|0.63964401319|Race/Ethnicity|White
18303|Bainbridge Island School District|309|295|0.954692557|2022|PREP - Tier 2|Not Enrolled|0.23|0.26488673111|Race/Ethnicity|White
05401|Cape Flattery School District|27|24.624|0.912|2022|PREP - Tier 1|2 Year / CTC|0.27|0.24624|All Students|All
05401|Cape Flattery School District|27|24.624|0.912|2022|PREP - Tier 1|4 Year|0.18|0.16416|All Students|All
05401|Cape Flattery School District|27|24.624|0.912|2022|PREP - Tier 1|Not Enrolled|0.55|0.5896|All Students|All
05401|Cape Flattery School District|8|6.856|0.857|2022|PREP - Tier 1|2 Year / CTC|0.31|0.26567|Gender|Female
05401|Cape Flattery School District|8|6.856|0.857|2022|PREP - Tier 1|4 Year|0.28|0.23996|Gender|Female
05401|Cape Flattery School District|8|6.856|0.857|2022|PREP - Tier 1|Not Enrolled|0.41|0.49437|Gender|Female
05401|Cape Flattery School District|19|14.611|0.769|2022|PREP - Tier 1|2 Year / CTC|0.09|0.06921|Gender|Male
05401|Cape Flattery School District|19|14.611|0.769|2022|PREP - Tier 1|4 Year|0.16|0.12304|Gender|Male
05401|Cape Flattery School District|19|14.611|0.769|2022|PREP - Tier 1|Not Enrolled|0.74|0.80006|Gender|Male
05401|Cape Flattery School District|22|19.36|0.88|2022|PREP - Tier 1|2 Year / CTC|0.23|0.2024|FRPL|FRPL
05401|Cape Flattery School District|22|19.36|0.88|2022|PREP - Tier 1|4 Year|0.22|0.1936|FRPL|FRPL
05401|Cape Flattery School District|22|19.36|0.88|2022|PREP - Tier 1|Not Enrolled|0.56|0.6128|FRPL|FRPL
05401|Cape Flattery School District|5|||2022|PREP - Tier 1|2 Year / CTC|0.18||FRPL|Not FRPL
05401|Cape Flattery School District|5|||2022|PREP - Tier 1|4 Year|0.27||FRPL|Not FRPL
05401|Cape Flattery School District|5|||2022|PREP - Tier 1|Not Enrolled|0.55||FRPL|Not FRPL
05401|Cape Flattery School District|13|11.05|0.85|2022|PREP - Tier 1|2 Year / CTC|0.26|0.221|Race/Ethnicity|American Indian or Alaska Native
05401|Cape Flattery School District|13|11.05|0.85|2022|PREP - Tier 1|4 Year|0.19|0.1615|Race/Ethnicity|American Indian or Alaska Native
05401|Cape Flattery School District|13|11.05|0.85|2022|PREP - Tier 1|Not Enrolled|0.55|0.6175|Race/Ethnicity|American Indian or Alaska Native
08401|Castle Rock School District|106|91.16|0.86|2022|ESD 112|2 Year / CTC|0.23|0.1978|All Students|All
08401|Castle Rock School District|106|91.16|0.86|2022|ESD 112|4 Year|0.16|0.1376|All Students|All
08401|Castle Rock School District|106|91.16|0.86|2022|ESD 112|Not Enrolled|0.61|0.6646|All Students|All
08401|Castle Rock School District|55|46.75|0.85|2022|ESD 112|2 Year / CTC|0.36|0.306|Gender|Female
08401|Castle Rock School District|55|46.75|0.85|2022|ESD 112|4 Year|0.17|0.1445|Gender|Female
08401|Castle Rock School District|55|46.75|0.85|2022|ESD 112|Not Enrolled|0.47|0.5495|Gender|Female
08401|Castle Rock School District|50|43|0.86|2022|ESD 112|2 Year / CTC|0.12|0.1032|Gender|Male
08401|Castle Rock School District|50|43|0.86|2022|ESD 112|4 Year|0.14|0.1204|Gender|Male
08401|Castle Rock School District|50|43|0.86|2022|ESD 112|Not Enrolled|0.74|0.7764|Gender|Male
08401|Castle Rock School District|51|42|0.823529412|2022|ESD 112|2 Year / CTC|0.12|0.09882352944|FRPL|FRPL
08401|Castle Rock School District|51|42|0.823529412|2022|ESD 112|4 Year|0.12|0.09882352944|FRPL|FRPL
08401|Castle Rock School District|51|42|0.823529412|2022|ESD 112|Not Enrolled|0.76|0.80235294112|FRPL|FRPL
08401|Castle Rock School District|53|47.7|0.9|2022|ESD 112|2 Year / CTC|0.32|0.288|FRPL|Not FRPL
08401|Castle Rock School District|53|47.7|0.9|2022|ESD 112|4 Year|0.19|0.171|FRPL|Not FRPL
08401|Castle Rock School District|53|47.7|0.9|2022|ESD 112|Not Enrolled|0.48|0.532|FRPL|Not FRPL
08401|Castle Rock School District|80|70|0.875|2022|ESD 112|2 Year / CTC|0.23|0.20125|Race/Ethnicity|White
08401|Castle Rock School District|80|70|0.875|2022|ESD 112|4 Year|0.15|0.13125|Race/Ethnicity|White
08401|Castle Rock School District|80|70|0.875|2022|ESD 112|Not Enrolled|0.63|0.67625|Race/Ethnicity|White
18401|Central Kitsap School District|976|873.52|0.895|2022|PREP - Tier 2|2 Year / CTC|0.23|0.20585|Section 504|Not Section 504
18401|Central Kitsap School District|976|873.52|0.895|2022|PREP - Tier 2|4 Year|0.27|0.24165|Section 504|Not Section 504
18401|Central Kitsap School District|976|873.52|0.895|2022|PREP - Tier 2|Not Enrolled|0.49|0.54355|Section 504|Not Section 504
18401|Central Kitsap School District|59|53.69|0.91|2022|PREP - Tier 2|2 Year / CTC|0.28|0.2548|Section 504|Section 504
18401|Central Kitsap School District|59|53.69|0.91|2022|PREP - Tier 2|4 Year|0.14|0.1274|Section 504|Section 504
18401|Central Kitsap School District|59|53.69|0.91|2022|PREP - Tier 2|Not Enrolled|0.58|0.6178|Section 504|Section 504
18401|Central Kitsap School District|916|821|0.89628821|2022|PREP - Tier 2|2 Year / CTC|0.25|0.2240720525|All Students|All
18401|Central Kitsap School District|916|821|0.89628821|2022|PREP - Tier 2|4 Year|0.26|0.2330349346|All Students|All
18401|Central Kitsap School District|916|821|0.89628821|2022|PREP - Tier 2|Not Enrolled|0.49|0.5428930129|All Students|All
18401|Central Kitsap School District|30|23|0.766666667|2022|PREP - Tier 2|2 Year / CTC|0.24|0.18400000008|Bilingual|Bilingual
18401|Central Kitsap School District|30|23|0.766666667|2022|PREP - Tier 2|4 Year|0.09|0.06900000003|Bilingual|Bilingual
18401|Central Kitsap School District|30|23|0.766666667|2022|PREP - Tier 2|Not Enrolled|0.67|0.74699999989|Bilingual|Bilingual
18401|Central Kitsap School District|886|798|0.900677201|2022|PREP - Tier 2|2 Year / CTC|0.24|0.21616252824|Bilingual|Not Bilingual
18401|Central Kitsap School District|886|798|0.900677201|2022|PREP - Tier 2|4 Year|0.27|0.24318284427|Bilingual|Not Bilingual
18401|Central Kitsap School District|886|798|0.900677201|2022|PREP - Tier 2|Not Enrolled|0.49|0.54065462749|Bilingual|Not Bilingual
18401|Central Kitsap School District|469|431|0.918976546|2022|PREP - Tier 2|2 Year / CTC|0.26|0.23893390196|Gender|Female
18401|Central Kitsap School District|469|431|0.918976546|2022|PREP - Tier 2|4 Year|0.3|0.2756929638|Gender|Female
18401|Central Kitsap School District|469|431|0.918976546|2022|PREP - Tier 2|Not Enrolled|0.44|0.48537313424|Gender|Female
18401|Central Kitsap School District|519|452.568|0.872|2022|PREP - Tier 2|2 Year / CTC|0.23|0.20056|Gender|Male
18401|Central Kitsap School District|519|452.568|0.872|2022|PREP - Tier 2|4 Year|0.21|0.18312|Gender|Male
18401|Central Kitsap School District|519|452.568|0.872|2022|PREP - Tier 2|Not Enrolled|0.55|0.6076|Gender|Male
18401|Central Kitsap School District|385|324|0.841558442|2022|PREP - Tier 2|2 Year / CTC|0.23|0.19355844166|FRPL|FRPL
18401|Central Kitsap School District|385|324|0.841558442|2022|PREP - Tier 2|4 Year|0.12|0.10098701304|FRPL|FRPL
18401|Central Kitsap School District|385|324|0.841558442|2022|PREP - Tier 2|Not Enrolled|0.65|0.7054545453|FRPL|FRPL
18401|Central Kitsap School District|531|497|0.935969868|2022|PREP - Tier 2|2 Year / CTC|0.26|0.24335216568|FRPL|Not FRPL
18401|Central Kitsap School District|531|497|0.935969868|2022|PREP - Tier 2|4 Year|0.35|0.3275894538|FRPL|Not FRPL
18401|Central Kitsap School District|531|497|0.935969868|2022|PREP - Tier 2|Not Enrolled|0.39|0.42905838052|FRPL|Not FRPL
18401|Central Kitsap School District|63|58|0.920634921|2022|PREP - Tier 2|2 Year / CTC|0.31|0.28539682551|Race/Ethnicity|Asian
18401|Central Kitsap School District|63|58|0.920634921|2022|PREP - Tier 2|4 Year|0.35|0.32222222235|Race/Ethnicity|Asian
18401|Central Kitsap School District|63|58|0.920634921|2022|PREP - Tier 2|Not Enrolled|0.34|0.39238095214|Race/Ethnicity|Asian
18401|Central Kitsap School District|29|26.361|0.909|2022|PREP - Tier 2|2 Year / CTC|0.23|0.20907|Race/Ethnicity|Black or African American
18401|Central Kitsap School District|29|26.361|0.909|2022|PREP - Tier 2|4 Year|0.27|0.24543|Race/Ethnicity|Black or African American
18401|Central Kitsap School District|29|26.361|0.909|2022|PREP - Tier 2|Not Enrolled|0.51|0.55459|Race/Ethnicity|Black or African American
18401|Central Kitsap School District|116|108|0.931034483|2022|PREP - Tier 2|2 Year / CTC|0.29|0.27000000007|Race/Ethnicity|Hispanic or Latino of any race(s)
18401|Central Kitsap School District|116|108|0.931034483|2022|PREP - Tier 2|4 Year|0.18|0.16758620694|Race/Ethnicity|Hispanic or Latino of any race(s)
18401|Central Kitsap School District|116|108|0.931034483|2022|PREP - Tier 2|Not Enrolled|0.53|0.56241379299|Race/Ethnicity|Hispanic or Latino of any race(s)
18401|Central Kitsap School District|175|158|0.902857143|2022|PREP - Tier 2|2 Year / CTC|0.23|0.20765714289|Race/Ethnicity|Two or More Races
18401|Central Kitsap School District|175|158|0.902857143|2022|PREP - Tier 2|4 Year|0.27|0.24377142861|Race/Ethnicity|Two or More Races
18401|Central Kitsap School District|175|158|0.902857143|2022|PREP - Tier 2|Not Enrolled|0.51|0.55759999993|Race/Ethnicity|Two or More Races
18401|Central Kitsap School District|513|452|0.881091618|2022|PREP - Tier 2|2 Year / CTC|0.22|0.19384015596|Race/Ethnicity|White
18401|Central Kitsap School District|513|452|0.881091618|2022|PREP - Tier 2|4 Year|0.28|0.24670565304|Race/Ethnicity|White
18401|Central Kitsap School District|513|452|0.881091618|2022|PREP - Tier 2|Not Enrolled|0.51|0.56826510718|Race/Ethnicity|White
36250|College Place School District|126|122.8752|0.9752|2022|United Way of the Blue Mountains|2 Year / CTC|0.29|0.282808|All Students|All
36250|College Place School District|126|122.8752|0.9752|2022|United Way of the Blue Mountains|4 Year|0.22|0.214544|All Students|All
36250|College Place School District|126|122.8752|0.9752|2022|United Way of the Blue Mountains|Not Enrolled|0.49|0.502648|All Students|All
36250|College Place School District|19|16.53|0.87|2022|United Way of the Blue Mountains|2 Year / CTC|0.42|0.3654|Bilingual|Bilingual
36250|College Place School District|19|16.53|0.87|2022|United Way of the Blue Mountains|4 Year|0.025|0.02175|Bilingual|Bilingual
36250|College Place School District|19|16.53|0.87|2022|United Way of the Blue Mountains|Not Enrolled|0.57|0.6259|Bilingual|Bilingual
36250|College Place School District|107|103.683|0.969|2022|United Way of the Blue Mountains|2 Year / CTC|0.31|0.30039|Bilingual|Not Bilingual
36250|College Place School District|107|103.683|0.969|2022|United Way of the Blue Mountains|4 Year|0.2|0.1938|Bilingual|Not Bilingual
36250|College Place School District|107|103.683|0.969|2022|United Way of the Blue Mountains|Not Enrolled|0.49|0.50581|Bilingual|Not Bilingual
36250|College Place School District|55|52.195|0.949|2022|United Way of the Blue Mountains|2 Year / CTC|0.36|0.34164|Gender|Female
36250|College Place School District|55|52.195|0.949|2022|United Way of the Blue Mountains|4 Year|0.25|0.23725|Gender|Female
36250|College Place School District|55|52.195|0.949|2022|United Way of the Blue Mountains|Not Enrolled|0.39|0.42111|Gender|Female
36250|College Place School District|70|66.64|0.952|2022|United Way of the Blue Mountains|2 Year / CTC|0.22|0.20944|Gender|Male
36250|College Place School District|70|66.64|0.952|2022|United Way of the Blue Mountains|4 Year|0.2|0.1904|Gender|Male
36250|College Place School District|70|66.64|0.952|2022|United Way of the Blue Mountains|Not Enrolled|0.58|0.60016|Gender|Male
36250|College Place School District|71|67.947|0.957|2022|United Way of the Blue Mountains|2 Year / CTC|0.3|0.2871|FRPL|FRPL
36250|College Place School District|71|67.947|0.957|2022|United Way of the Blue Mountains|4 Year|0.14|0.13398|FRPL|FRPL
36250|College Place School District|71|67.947|0.957|2022|United Way of the Blue Mountains|Not Enrolled|0.56|0.57892|FRPL|FRPL
36250|College Place School District|55|51.755|0.941|2022|United Way of the Blue Mountains|2 Year / CTC|0.26|0.24466|FRPL|Not FRPL
36250|College Place School District|55|51.755|0.941|2022|United Way of the Blue Mountains|4 Year|0.34|0.31994|FRPL|Not FRPL
36250|College Place School District|55|51.755|0.941|2022|United Way of the Blue Mountains|Not Enrolled|0.4|0.4354|FRPL|Not FRPL
36250|College Place School District|55|51.7|0.94|2022|United Way of the Blue Mountains|2 Year / CTC|0.37|0.3478|Race/Ethnicity|Hispanic or Latino of any race(s)
36250|College Place School District|55|51.7|0.94|2022|United Way of the Blue Mountains|4 Year|0.15|0.141|Race/Ethnicity|Hispanic or Latino of any race(s)
36250|College Place School District|55|51.7|0.94|2022|United Way of the Blue Mountains|Not Enrolled|0.48|0.5112|Race/Ethnicity|Hispanic or Latino of any race(s)
36250|College Place School District|60|57.12|0.952|2022|United Way of the Blue Mountains|2 Year / CTC|0.31|0.29512|Race/Ethnicity|White
36250|College Place School District|60|57.12|0.952|2022|United Way of the Blue Mountains|4 Year|0.2|0.1904|Race/Ethnicity|White
36250|College Place School District|60|57.12|0.952|2022|United Way of the Blue Mountains|Not Enrolled|0.49|0.51448|Race/Ethnicity|White
36400|Columbia (Walla Walla) School District|47|38.54|0.82|2022|United Way of the Blue Mountains|2 Year / CTC|0.42|0.3444|All Students|All
36400|Columbia (Walla Walla) School District|47|38.54|0.82|2022|United Way of the Blue Mountains|4 Year|0.13|0.1066|All Students|All
36400|Columbia (Walla Walla) School District|47|38.54|0.82|2022|United Way of the Blue Mountains|Not Enrolled|0.45|0.549|All Students|All
36400|Columbia (Walla Walla) School District|27|24|0.888888889|2022|United Way of the Blue Mountains|2 Year / CTC|0.39|0.34666666671|Gender|Female
36400|Columbia (Walla Walla) School District|27|24|0.888888889|2022|United Way of the Blue Mountains|4 Year|0.22|0.19555555558|Gender|Female
36400|Columbia (Walla Walla) School District|27|24|0.888888889|2022|United Way of the Blue Mountains|Not Enrolled|0.39|0.45777777771|Gender|Female
36400|Columbia (Walla Walla) School District|25|18|0.72|2022|United Way of the Blue Mountains|2 Year / CTC|0.18|0.1296|Gender|Male
36400|Columbia (Walla Walla) School District|25|18|0.72|2022|United Way of the Blue Mountains|4 Year|0.12|0.0864|Gender|Male
36400|Columbia (Walla Walla) School District|25|18|0.72|2022|United Way of the Blue Mountains|Not Enrolled|0.69|0.7768|Gender|Male
36400|Columbia (Walla Walla) School District|28|20|0.714285714|2022|United Way of the Blue Mountains|2 Year / CTC|0.31|0.22142857134|FRPL|FRPL
36400|Columbia (Walla Walla) School District|28|20|0.714285714|2022|United Way of the Blue Mountains|4 Year|0.15|0.1071428571|FRPL|FRPL
36400|Columbia (Walla Walla) School District|28|20|0.714285714|2022|United Way of the Blue Mountains|Not Enrolled|0.54|0.67142857156|FRPL|FRPL
36400|Columbia (Walla Walla) School District|29|23.896|0.824|2022|United Way of the Blue Mountains|2 Year / CTC|0.27|0.22248|FRPL|Not FRPL
36400|Columbia (Walla Walla) School District|29|23.896|0.824|2022|United Way of the Blue Mountains|4 Year|0.19|0.15656|FRPL|Not FRPL
36400|Columbia (Walla Walla) School District|29|23.896|0.824|2022|United Way of the Blue Mountains|Not Enrolled|0.53|0.61272|FRPL|Not FRPL
36400|Columbia (Walla Walla) School District|21|15|0.714285714|2022|United Way of the Blue Mountains|2 Year / CTC|0.46|0.32857142844|Race/Ethnicity|Hispanic or Latino of any race(s)
36400|Columbia (Walla Walla) School District|21|15|0.714285714|2022|United Way of the Blue Mountains|4 Year|0.1|0.0714285714|Race/Ethnicity|Hispanic or Latino of any race(s)
36400|Columbia (Walla Walla) School District|21|15|0.714285714|2022|United Way of the Blue Mountains|Not Enrolled|0.44|0.60000000016|Race/Ethnicity|Hispanic or Latino of any race(s)
36400|Columbia (Walla Walla) School District|25|21.25|0.85|2022|United Way of the Blue Mountains|2 Year / CTC|0.21|0.1785|Race/Ethnicity|White
36400|Columbia (Walla Walla) School District|25|21.25|0.85|2022|United Way of the Blue Mountains|4 Year|0.2|0.17|Race/Ethnicity|White
36400|Columbia (Walla Walla) School District|25|21.25|0.85|2022|United Way of the Blue Mountains|Not Enrolled|0.6|0.66|Race/Ethnicity|White
05313|Crescent School District|22|18.128|0.824|2022|PREP - Tier 1|2 Year / CTC|0.35|0.2884|All Students|All
05313|Crescent School District|22|18.128|0.824|2022|PREP - Tier 1|4 Year|0.08|0.06592|All Students|All
05313|Crescent School District|22|18.128|0.824|2022|PREP - Tier 1|Not Enrolled|0.57|0.64568|All Students|All
05313|Crescent School District|15|10.905|0.727|2022|PREP - Tier 1|2 Year / CTC|0.42|0.30534|Race/Ethnicity|White
05313|Crescent School District|15|10.905|0.727|2022|PREP - Tier 1|4 Year|0.075|0.054525|Race/Ethnicity|White
05313|Crescent School District|15|10.905|0.727|2022|PREP - Tier 1|Not Enrolled|0.52|0.65104|Race/Ethnicity|White
07002|Dayton School District|25|19|0.76|2022|United Way of the Blue Mountains|2 Year / CTC|0.22|0.1672|All Students|All
07002|Dayton School District|25|19|0.76|2022|United Way of the Blue Mountains|4 Year|0.28|0.2128|All Students|All
07002|Dayton School District|25|19|0.76|2022|United Way of the Blue Mountains|Not Enrolled|0.5|0.62|All Students|All
07002|Dayton School District|13|||2022|United Way of the Blue Mountains|2 Year / CTC|0.22||Gender|Female
07002|Dayton School District|13|||2022|United Way of the Blue Mountains|4 Year|0.38||Gender|Female
07002|Dayton School District|13|||2022|United Way of the Blue Mountains|Not Enrolled|0.41||Gender|Female
07002|Dayton School District|12|||2022|United Way of the Blue Mountains|2 Year / CTC|0.23||Gender|Male
07002|Dayton School District|12|||2022|United Way of the Blue Mountains|4 Year|0.15||Gender|Male
07002|Dayton School District|12|||2022|United Way of the Blue Mountains|Not Enrolled|0.62||Gender|Male
07002|Dayton School District|16|11.68|0.73|2022|United Way of the Blue Mountains|2 Year / CTC|0.23|0.1679|FRPL|FRPL
07002|Dayton School District|16|11.68|0.73|2022|United Way of the Blue Mountains|4 Year|0.2|0.146|FRPL|FRPL
07002|Dayton School District|16|11.68|0.73|2022|United Way of the Blue Mountains|Not Enrolled|0.57|0.6861|FRPL|FRPL
07002|Dayton School District|9|||2022|United Way of the Blue Mountains|2 Year / CTC|0.21||FRPL|Not FRPL
07002|Dayton School District|9|||2022|United Way of the Blue Mountains|4 Year|0.36||FRPL|Not FRPL
07002|Dayton School District|9|||2022|United Way of the Blue Mountains|Not Enrolled|0.43||FRPL|Not FRPL
07002|Dayton School District|19|13.11|0.69|2022|United Way of the Blue Mountains|2 Year / CTC|0.21|0.1449|Race/Ethnicity|White
07002|Dayton School District|19|13.11|0.69|2022|United Way of the Blue Mountains|4 Year|0.33|0.2277|Race/Ethnicity|White
07002|Dayton School District|19|13.11|0.69|2022|United Way of the Blue Mountains|Not Enrolled|0.45|0.6205|Race/Ethnicity|White
17210|Federal Way School District|1690|1502.579|0.8891|2022|Puget Sound ESD|2 Year / CTC|0.2|0.17782|Section 504|Not Section 504
17210|Federal Way School District|1690|1502.579|0.8891|2022|Puget Sound ESD|4 Year|0.32|0.284512|Section 504|Not Section 504
17210|Federal Way School District|1690|1502.579|0.8891|2022|Puget Sound ESD|Not Enrolled|0.48|0.537668|Section 504|Not Section 504
17210|Federal Way School District|61|53.68|0.88|2022|Puget Sound ESD|2 Year / CTC|0.19|0.1672|Section 504|Section 504
17210|Federal Way School District|61|53.68|0.88|2022|Puget Sound ESD|4 Year|0.32|0.2816|Section 504|Section 504
17210|Federal Way School District|61|53.68|0.88|2022|Puget Sound ESD|Not Enrolled|0.5|0.56|Section 504|Section 504
17210|Federal Way School District|1618|1438|0.888751545|2022|Puget Sound ESD|2 Year / CTC|0.19|0.16886279355|All Students|All
17210|Federal Way School District|1618|1438|0.888751545|2022|Puget Sound ESD|4 Year|0.32|0.2844004944|All Students|All
17210|Federal Way School District|1618|1438|0.888751545|2022|Puget Sound ESD|Not Enrolled|0.49|0.54673671205|All Students|All
17210|Federal Way School District|293|236|0.805460751|2022|Puget Sound ESD|2 Year / CTC|0.26|0.20941979526|Bilingual|Bilingual
17210|Federal Way School District|293|236|0.805460751|2022|Puget Sound ESD|4 Year|0.12|0.09665529012|Bilingual|Bilingual
17210|Federal Way School District|293|236|0.805460751|2022|Puget Sound ESD|Not Enrolled|0.62|0.69392491462|Bilingual|Bilingual
17210|Federal Way School District|1325|1202|0.907169811|2022|Puget Sound ESD|2 Year / CTC|0.17|0.15421886787|Bilingual|Not Bilingual
17210|Federal Way School District|1325|1202|0.907169811|2022|Puget Sound ESD|4 Year|0.37|0.33565283007|Bilingual|Not Bilingual
17210|Federal Way School District|1325|1202|0.907169811|2022|Puget Sound ESD|Not Enrolled|0.46|0.51012830206|Bilingual|Not Bilingual
17210|Federal Way School District|856|786.664|0.919|2022|Puget Sound ESD|2 Year / CTC|0.2|0.1838|Gender|Female
17210|Federal Way School District|856|786.664|0.919|2022|Puget Sound ESD|4 Year|0.37|0.34003|Gender|Female
17210|Federal Way School District|856|786.664|0.919|2022|Puget Sound ESD|Not Enrolled|0.43|0.47617|Gender|Female
17210|Federal Way School District|835|718|0.85988024|2022|Puget Sound ESD|2 Year / CTC|0.17|0.1461796408|Gender|Male
17210|Federal Way School District|835|718|0.85988024|2022|Puget Sound ESD|4 Year|0.28|0.2407664672|Gender|Male
17210|Federal Way School District|835|718|0.85988024|2022|Puget Sound ESD|Not Enrolled|0.55|0.613053892|Gender|Male
17210|Federal Way School District|1216|1058.8928|0.8708|2022|Puget Sound ESD|2 Year / CTC|0.19|0.165452|FRPL|FRPL
17210|Federal Way School District|1216|1058.8928|0.8708|2022|Puget Sound ESD|4 Year|0.24|0.208992|FRPL|FRPL
17210|Federal Way School District|1216|1058.8928|0.8708|2022|Puget Sound ESD|Not Enrolled|0.57|0.625556|FRPL|FRPL
17210|Federal Way School District|535|495.945|0.927|2022|Puget Sound ESD|2 Year / CTC|0.19|0.17613|FRPL|Not FRPL
17210|Federal Way School District|535|495.945|0.927|2022|Puget Sound ESD|4 Year|0.49|0.45423|FRPL|Not FRPL
17210|Federal Way School District|535|495.945|0.927|2022|Puget Sound ESD|Not Enrolled|0.32|0.36964|FRPL|Not FRPL
17210|Federal Way School District|222|205|0.923423423|2022|Puget Sound ESD|2 Year / CTC|0.23|0.21238738729|Race/Ethnicity|Asian
17210|Federal Way School District|222|205|0.923423423|2022|Puget Sound ESD|4 Year|0.55|0.50788288265|Race/Ethnicity|Asian
17210|Federal Way School District|222|205|0.923423423|2022|Puget Sound ESD|Not Enrolled|0.21|0.27049549583|Race/Ethnicity|Asian
17210|Federal Way School District|240|223|0.929166667|2022|Puget Sound ESD|2 Year / CTC|0.21|0.19512500007|Race/Ethnicity|Black or African American
17210|Federal Way School District|240|223|0.929166667|2022|Puget Sound ESD|4 Year|0.31|0.28804166677|Race/Ethnicity|Black or African American
17210|Federal Way School District|240|223|0.929166667|2022|Puget Sound ESD|Not Enrolled|0.48|0.51683333316|Race/Ethnicity|Black or African American
17210|Federal Way School District|497|430|0.865191147|2022|Puget Sound ESD|2 Year / CTC|0.21|0.18169014087|Race/Ethnicity|Hispanic or Latino of any race(s)
17210|Federal Way School District|497|430|0.865191147|2022|Puget Sound ESD|4 Year|0.26|0.22494969822|Race/Ethnicity|Hispanic or Latino of any race(s)
17210|Federal Way School District|497|430|0.865191147|2022|Puget Sound ESD|Not Enrolled|0.53|0.59336016091|Race/Ethnicity|Hispanic or Latino of any race(s)
17210|Federal Way School District|165|151|0.915151515|2022|Puget Sound ESD|Not Enrolled|0.54|0.5790303031|Race/Ethnicity|Two or More Races
17210|Federal Way School District|165|151|0.915151515|2022|Puget Sound ESD|2 Year / CTC|0.12|0.1098181818|Race/Ethnicity|Two or More Races
17210|Federal Way School District|165|151|0.915151515|2022|Puget Sound ESD|4 Year|0.34|0.3111515151|Race/Ethnicity|Two or More Races
17210|Federal Way School District|406|349|0.859605911|2022|Puget Sound ESD|2 Year / CTC|0.19|0.16332512309|Race/Ethnicity|White
17210|Federal Way School District|406|349|0.859605911|2022|Puget Sound ESD|4 Year|0.32|0.27507389152|Race/Ethnicity|White
17210|Federal Way School District|406|349|0.859605911|2022|Puget Sound ESD|Not Enrolled|0.49|0.56160098539|Race/Ethnicity|White
17401|Highline School District|1590|1381.869|0.8691|2022|Puget Sound ESD|2 Year / CTC|0.25|0.217275|Section 504|Not Section 504
17401|Highline School District|1590|1381.869|0.8691|2022|Puget Sound ESD|4 Year|0.29|0.252039|Section 504|Not Section 504
17401|Highline School District|1590|1381.869|0.8691|2022|Puget Sound ESD|Not Enrolled|0.46|0.530686|Section 504|Not Section 504
17401|Highline School District|65|55.9|0.86|2022|Puget Sound ESD|2 Year / CTC|0.21|0.1806|Section 504|Section 504
17401|Highline School District|65|55.9|0.86|2022|Puget Sound ESD|4 Year|0.34|0.2924|Section 504|Section 504
17401|Highline School District|65|55.9|0.86|2022|Puget Sound ESD|Not Enrolled|0.45|0.527|Section 504|Section 504
17401|Highline School District|1349|1172|0.868791698|2022|Puget Sound ESD|2 Year / CTC|0.23|0.19982209054|All Students|All
17401|Highline School District|1349|1172|0.868791698|2022|Puget Sound ESD|4 Year|0.32|0.27801334336|All Students|All
17401|Highline School District|1349|1172|0.868791698|2022|Puget Sound ESD|Not Enrolled|0.45|0.5221645661|All Students|All
17401|Highline School District|381|279|0.732283465|2022|Puget Sound ESD|2 Year / CTC|0.29|0.21236220485|Bilingual|Bilingual
17401|Highline School District|381|279|0.732283465|2022|Puget Sound ESD|4 Year|0.14|0.1025196851|Bilingual|Bilingual
17401|Highline School District|381|279|0.732283465|2022|Puget Sound ESD|Not Enrolled|0.57|0.68511811005|Bilingual|Bilingual
17401|Highline School District|968|893|0.922520661|2022|Puget Sound ESD|2 Year / CTC|0.21|0.19372933881|Bilingual|Not Bilingual
17401|Highline School District|968|893|0.922520661|2022|Puget Sound ESD|4 Year|0.39|0.35978305779|Bilingual|Not Bilingual
17401|Highline School District|968|893|0.922520661|2022|Puget Sound ESD|Not Enrolled|0.41|0.45571281001|Bilingual|Not Bilingual
17401|Highline School District|805|732.55|0.91|2022|Puget Sound ESD|2 Year / CTC|0.25|0.2275|Gender|Female
17401|Highline School District|805|732.55|0.91|2022|Puget Sound ESD|4 Year|0.36|0.3276|Gender|Female
17401|Highline School District|805|732.55|0.91|2022|Puget Sound ESD|Not Enrolled|0.38|0.4358|Gender|Female
17401|Highline School District|752|632|0.840425532|2022|Puget Sound ESD|2 Year / CTC|0.21|0.17648936172|Gender|Male
17401|Highline School District|752|632|0.840425532|2022|Puget Sound ESD|4 Year|0.29|0.24372340428|Gender|Male
17401|Highline School District|752|632|0.840425532|2022|Puget Sound ESD|Not Enrolled|0.5|0.579787234|Gender|Male
17401|Highline School District|974|833|0.85523614|2022|Puget Sound ESD|2 Year / CTC|0.23|0.1967043122|FRPL|FRPL
17401|Highline School District|974|833|0.85523614|2022|Puget Sound ESD|4 Year|0.26|0.2223613964|FRPL|FRPL
17401|Highline School District|974|833|0.85523614|2022|Puget Sound ESD|Not Enrolled|0.51|0.5809342914|FRPL|FRPL
17401|Highline School District|375|339|0.904|2022|Puget Sound ESD|2 Year / CTC|0.22|0.19888|FRPL|Not FRPL
17401|Highline School District|375|339|0.904|2022|Puget Sound ESD|4 Year|0.49|0.44296|FRPL|Not FRPL
17401|Highline School District|375|339|0.904|2022|Puget Sound ESD|Not Enrolled|0.29|0.35816|FRPL|Not FRPL
17401|Highline School District|10|||2022|Puget Sound ESD|2 Year / CTC|0.05||Race/Ethnicity|American Indian or Alaska Native
17401|Highline School District|10|||2022|Puget Sound ESD|4 Year|0.15||Race/Ethnicity|American Indian or Alaska Native
17401|Highline School District|10|||2022|Puget Sound ESD|Not Enrolled|0.745||Race/Ethnicity|American Indian or Alaska Native
17401|Highline School District|233|211|0.905579399|2022|Puget Sound ESD|2 Year / CTC|0.29|0.26261802571|Race/Ethnicity|Asian
17401|Highline School District|233|211|0.905579399|2022|Puget Sound ESD|4 Year|0.43|0.38939914157|Race/Ethnicity|Asian
17401|Highline School District|233|211|0.905579399|2022|Puget Sound ESD|Not Enrolled|0.28|0.34798283272|Race/Ethnicity|Asian
17401|Highline School District|191|174|0.910994764|2022|Puget Sound ESD|2 Year / CTC|0.28|0.25507853392|Race/Ethnicity|Black or African American
17401|Highline School District|191|174|0.910994764|2022|Puget Sound ESD|4 Year|0.34|0.30973821976|Race/Ethnicity|Black or African American
17401|Highline School District|191|174|0.910994764|2022|Puget Sound ESD|Not Enrolled|0.38|0.43518324632|Race/Ethnicity|Black or African American
17401|Highline School District|548|443|0.808394161|2022|Puget Sound ESD|2 Year / CTC|0.25|0.20209854025|Race/Ethnicity|Hispanic or Latino of any race(s)
17401|Highline School District|548|443|0.808394161|2022|Puget Sound ESD|4 Year|0.18|0.14551094898|Race/Ethnicity|Hispanic or Latino of any race(s)
17401|Highline School District|548|443|0.808394161|2022|Puget Sound ESD|Not Enrolled|0.57|0.65239051077|Race/Ethnicity|Hispanic or Latino of any race(s)
17401|Highline School District|61|53.07|0.87|2022|Puget Sound ESD|2 Year / CTC|0.15|0.1305|Race/Ethnicity|Native Hawaiian and Other Pacific Islander
17401|Highline School District|61|53.07|0.87|2022|Puget Sound ESD|4 Year|0.12|0.1044|Race/Ethnicity|Native Hawaiian and Other Pacific Islander
17401|Highline School District|61|53.07|0.87|2022|Puget Sound ESD|Not Enrolled|0.73|0.7651|Race/Ethnicity|Native Hawaiian and Other Pacific Islander
17401|Highline School District|78|73|0.935897436|2022|Puget Sound ESD|2 Year / CTC|0.19|0.17782051284|Race/Ethnicity|Two or More Races
17401|Highline School District|78|73|0.935897436|2022|Puget Sound ESD|4 Year|0.32|0.29948717952|Race/Ethnicity|Two or More Races
17401|Highline School District|78|73|0.935897436|2022|Puget Sound ESD|Not Enrolled|0.49|0.52269230764|Race/Ethnicity|Two or More Races
17401|Highline School District|260|236|0.907692308|2022|Puget Sound ESD|2 Year / CTC|0.21|0.19061538468|Race/Ethnicity|White
17401|Highline School District|260|236|0.907692308|2022|Puget Sound ESD|4 Year|0.38|0.34492307704|Race/Ethnicity|White
17401|Highline School District|260|236|0.907692308|2022|Puget Sound ESD|Not Enrolled|0.41|0.46446153828|Race/Ethnicity|White
06098|Hockinson School District|170|163.71|0.963|2022|ESD 112|2 Year / CTC|0.23|0.22149|All Students|All
06098|Hockinson School District|170|163.71|0.963|2022|ESD 112|4 Year|0.33|0.31779|All Students|All
06098|Hockinson School District|170|163.71|0.963|2022|ESD 112|Not Enrolled|0.44|0.46072|All Students|All
06098|Hockinson School District|80|77.12|0.964|2022|ESD 112|2 Year / CTC|0.22|0.21208|Gender|Female
06098|Hockinson School District|80|77.12|0.964|2022|ESD 112|4 Year|0.38|0.36632|Gender|Female
06098|Hockinson School District|80|77.12|0.964|2022|ESD 112|Not Enrolled|0.4|0.4216|Gender|Female
06098|Hockinson School District|90|83.7|0.93|2022|ESD 112|2 Year / CTC|0.25|0.2325|Gender|Male
06098|Hockinson School District|90|83.7|0.93|2022|ESD 112|4 Year|0.28|0.2604|Gender|Male
06098|Hockinson School District|90|83.7|0.93|2022|ESD 112|Not Enrolled|0.48|0.5164|Gender|Male
06098|Hockinson School District|37|32.19|0.87|2022|ESD 112|2 Year / CTC|0.1|0.087|FRPL|FRPL
06098|Hockinson School District|37|32.19|0.87|2022|ESD 112|4 Year|0.27|0.2349|FRPL|FRPL
06098|Hockinson School District|37|32.19|0.87|2022|ESD 112|Not Enrolled|0.62|0.6694|FRPL|FRPL
06098|Hockinson School District|133|129.7016|0.9752|2022|ESD 112|2 Year / CTC|0.27|0.263304|FRPL|Not FRPL
06098|Hockinson School District|133|129.7016|0.9752|2022|ESD 112|4 Year|0.35|0.34132|FRPL|Not FRPL
06098|Hockinson School District|133|129.7016|0.9752|2022|ESD 112|Not Enrolled|0.38|0.395376|FRPL|Not FRPL
06098|Hockinson School District|138|133|0.963768116|2022|ESD 112|2 Year / CTC|0.23|0.22166666668|Race/Ethnicity|White
06098|Hockinson School District|138|133|0.963768116|2022|ESD 112|4 Year|0.35|0.3373188406|Race/Ethnicity|White
06098|Hockinson School District|138|133|0.963768116|2022|ESD 112|Not Enrolled|0.42|0.44101449272|Race/Ethnicity|White
08402|Kalama School District|97|84.39|0.87|2022|ESD 112|2 Year / CTC|0.26|0.2262|All Students|All
08402|Kalama School District|97|84.39|0.87|2022|ESD 112|4 Year|0.12|0.1044|All Students|All
08402|Kalama School District|97|84.39|0.87|2022|ESD 112|Not Enrolled|0.62|0.6694|All Students|All
08402|Kalama School District|46|41.4|0.9|2022|ESD 112|2 Year / CTC|0.34|0.306|Gender|Female
08402|Kalama School District|46|41.4|0.9|2022|ESD 112|4 Year|0.21|0.189|Gender|Female
08402|Kalama School District|46|41.4|0.9|2022|ESD 112|Not Enrolled|0.45|0.505|Gender|Female
08402|Kalama School District|47|40|0.85106383|2022|ESD 112|2 Year / CTC|0.2|0.170212766|Gender|Male
08402|Kalama School District|47|40|0.85106383|2022|ESD 112|4 Year|0.13|0.1106382979|Gender|Male
08402|Kalama School District|47|40|0.85106383|2022|ESD 112|Not Enrolled|0.67|0.7191489361|Gender|Male
08402|Kalama School District|37|29.23|0.79|2022|ESD 112|2 Year / CTC|0.2|0.158|FRPL|FRPL
08402|Kalama School District|37|29.23|0.79|2022|ESD 112|4 Year|0.1|0.079|FRPL|FRPL
08402|Kalama School District|37|29.23|0.79|2022|ESD 112|Not Enrolled|0.7|0.763|FRPL|FRPL
08402|Kalama School District|43|40|0.930232558|2022|ESD 112|2 Year / CTC|0.28|0.26046511624|FRPL|Not FRPL
08402|Kalama School District|43|40|0.930232558|2022|ESD 112|4 Year|0.2|0.1860465116|FRPL|Not FRPL
08402|Kalama School District|43|40|0.930232558|2022|ESD 112|Not Enrolled|0.52|0.55348837216|FRPL|Not FRPL
08402|Kalama School District|60|54|0.9|2022|ESD 112|2 Year / CTC|0.24|0.216|Race/Ethnicity|White
08402|Kalama School District|60|54|0.9|2022|ESD 112|4 Year|0.17|0.153|Race/Ethnicity|White
08402|Kalama School District|60|54|0.9|2022|ESD 112|Not Enrolled|0.59|0.631|Race/Ethnicity|White
20406|Lyle School District|19|11.02|0.58|2022|ESD 112|2 Year / CTC|0.15|0.087|All Students|All
20406|Lyle School District|19|11.02|0.58|2022|ESD 112|4 Year|0.345|0.2001|All Students|All
20406|Lyle School District|19|11.02|0.58|2022|ESD 112|Not Enrolled|0.545|0.7361|All Students|All
20406|Lyle School District|14|9.8|0.7|2022|ESD 112|2 Year / CTC|0.1|0.07|Race/Ethnicity|White
20406|Lyle School District|14|9.8|0.7|2022|ESD 112|4 Year|0.305|0.2135|Race/Ethnicity|White
20406|Lyle School District|14|9.8|0.7|2022|ESD 112|Not Enrolled|0.705|0.7935|Race/Ethnicity|White
25155|Naselle-Grays River Valley School District|24|20.568|0.857|2022|ESD 112|2 Year / CTC|0.28|0.23996|All Students|All
25155|Naselle-Grays River Valley School District|24|20.568|0.857|2022|ESD 112|4 Year|0.24|0.20568|All Students|All
25155|Naselle-Grays River Valley School District|24|20.568|0.857|2022|ESD 112|Not Enrolled|0.49|0.56293|All Students|All
25155|Naselle-Grays River Valley School District|10|||2022|ESD 112|2 Year / CTC|0.41||Gender|Female
25155|Naselle-Grays River Valley School District|10|||2022|ESD 112|4 Year|0.14||Gender|Female
25155|Naselle-Grays River Valley School District|10|||2022|ESD 112|Not Enrolled|0.45||Gender|Female
25155|Naselle-Grays River Valley School District|14|10.5|0.75|2022|ESD 112|2 Year / CTC|0.18|0.135|Gender|Male
25155|Naselle-Grays River Valley School District|14|10.5|0.75|2022|ESD 112|4 Year|0.31|0.2325|Gender|Male
25155|Naselle-Grays River Valley School District|14|10.5|0.75|2022|ESD 112|Not Enrolled|0.51|0.6325|Gender|Male
25155|Naselle-Grays River Valley School District|11|8.25|0.75|2022|ESD 112|2 Year / CTC|0.25|0.1875|FRPL|FRPL
25155|Naselle-Grays River Valley School District|11|8.25|0.75|2022|ESD 112|4 Year|0.19|0.1425|FRPL|FRPL
25155|Naselle-Grays River Valley School District|11|8.25|0.75|2022|ESD 112|Not Enrolled|0.56|0.67|FRPL|FRPL
25155|Naselle-Grays River Valley School District|13|||2022|ESD 112|2 Year / CTC|0.31||FRPL|Not FRPL
25155|Naselle-Grays River Valley School District|13|||2022|ESD 112|4 Year|0.28||FRPL|Not FRPL
25155|Naselle-Grays River Valley School District|13|||2022|ESD 112|Not Enrolled|0.41||FRPL|Not FRPL
25155|Naselle-Grays River Valley School District|18|14.4|0.8|2022|ESD 112|2 Year / CTC|0.25|0.2|Race/Ethnicity|White
25155|Naselle-Grays River Valley School District|18|14.4|0.8|2022|ESD 112|4 Year|0.29|0.232|Race/Ethnicity|White
25155|Naselle-Grays River Valley School District|18|14.4|0.8|2022|ESD 112|Not Enrolled|0.46|0.568|Race/Ethnicity|White
18400|North Kitsap School District|431|394.365|0.915|2022|PREP - Tier 2|2 Year / CTC|0.19|0.17385|Section 504|Not Section 504
18400|North Kitsap School District|431|394.365|0.915|2022|PREP - Tier 2|4 Year|0.4|0.366|Section 504|Not Section 504
18400|North Kitsap School District|431|394.365|0.915|2022|PREP - Tier 2|Not Enrolled|0.41|0.46015|Section 504|Not Section 504
18400|North Kitsap School District|33|29.337|0.889|2022|PREP - Tier 2|2 Year / CTC|0.21|0.18669|Section 504|Section 504
18400|North Kitsap School District|33|29.337|0.889|2022|PREP - Tier 2|4 Year|0.34|0.30226|Section 504|Section 504
18400|North Kitsap School District|33|29.337|0.889|2022|PREP - Tier 2|Not Enrolled|0.45|0.51105|Section 504|Section 504
18400|North Kitsap School District|438|401|0.915525114|2022|PREP - Tier 2|2 Year / CTC|0.18|0.16479452052|All Students|All
18400|North Kitsap School District|438|401|0.915525114|2022|PREP - Tier 2|4 Year|0.44|0.40283105016|All Students|All
18400|North Kitsap School District|438|401|0.915525114|2022|PREP - Tier 2|Not Enrolled|0.37|0.42321917818|All Students|All
18400|North Kitsap School District|222|203.574|0.917|2022|PREP - Tier 2|2 Year / CTC|0.18|0.16506|Gender|Female
18400|North Kitsap School District|222|203.574|0.917|2022|PREP - Tier 2|4 Year|0.5|0.4585|Gender|Female
18400|North Kitsap School District|222|203.574|0.917|2022|PREP - Tier 2|Not Enrolled|0.32|0.37644|Gender|Female
18400|North Kitsap School District|232|212|0.913793103|2022|PREP - Tier 2|2 Year / CTC|0.18|0.16448275854|Gender|Male
18400|North Kitsap School District|232|212|0.913793103|2022|PREP - Tier 2|4 Year|0.4|0.3655172412|Gender|Male
18400|North Kitsap School District|232|212|0.913793103|2022|PREP - Tier 2|Not Enrolled|0.42|0.47000000026|Gender|Male
18400|North Kitsap School District|136|114|0.838235294|2022|PREP - Tier 2|2 Year / CTC|0.17|0.14249999998|FRPL|FRPL
18400|North Kitsap School District|136|114|0.838235294|2022|PREP - Tier 2|4 Year|0.31|0.25985294114|FRPL|FRPL
18400|North Kitsap School District|136|114|0.838235294|2022|PREP - Tier 2|Not Enrolled|0.52|0.59764705888|FRPL|FRPL
18400|North Kitsap School District|328|311.6|0.95|2022|PREP - Tier 2|2 Year / CTC|0.19|0.1805|FRPL|Not FRPL
18400|North Kitsap School District|328|311.6|0.95|2022|PREP - Tier 2|4 Year|0.5|0.475|FRPL|Not FRPL
18400|North Kitsap School District|328|311.6|0.95|2022|PREP - Tier 2|Not Enrolled|0.31|0.3445|FRPL|Not FRPL
18400|North Kitsap School District|12|9.432|0.786|2022|PREP - Tier 2|2 Year / CTC|0.24|0.18864|Race/Ethnicity|American Indian or Alaska Native
18400|North Kitsap School District|12|9.432|0.786|2022|PREP - Tier 2|4 Year|0.3|0.2358|Race/Ethnicity|American Indian or Alaska Native
18400|North Kitsap School District|12|9.432|0.786|2022|PREP - Tier 2|Not Enrolled|0.46|0.57556|Race/Ethnicity|American Indian or Alaska Native
18400|North Kitsap School District|15|12.36|0.824|2022|PREP - Tier 2|2 Year / CTC|0.18|0.14832|Race/Ethnicity|Asian
18400|North Kitsap School District|15|12.36|0.824|2022|PREP - Tier 2|4 Year|0.44|0.36256|Race/Ethnicity|Asian
18400|North Kitsap School District|15|12.36|0.824|2022|PREP - Tier 2|Not Enrolled|0.38|0.48912|Race/Ethnicity|Asian
18400|North Kitsap School District|76|71|0.934210526|2022|PREP - Tier 2|2 Year / CTC|0.19|0.17749999994|Race/Ethnicity|Hispanic or Latino of any race(s)
18400|North Kitsap School District|76|71|0.934210526|2022|PREP - Tier 2|4 Year|0.37|0.34565789462|Race/Ethnicity|Hispanic or Latino of any race(s)
18400|North Kitsap School District|76|71|0.934210526|2022|PREP - Tier 2|Not Enrolled|0.44|0.47684210544|Race/Ethnicity|Hispanic or Latino of any race(s)
18400|North Kitsap School District|38|35.302|0.929|2022|PREP - Tier 2|2 Year / CTC|0.25|0.23225|Race/Ethnicity|Two or More Races
18400|North Kitsap School District|38|35.302|0.929|2022|PREP - Tier 2|4 Year|0.36|0.33444|Race/Ethnicity|Two or More Races
18400|North Kitsap School District|38|35.302|0.929|2022|PREP - Tier 2|Not Enrolled|0.39|0.43331|Race/Ethnicity|Two or More Races
18400|North Kitsap School District|271|245|0.904059041|2022|PREP - Tier 2|2 Year / CTC|0.17|0.15369003697|Race/Ethnicity|White
18400|North Kitsap School District|271|245|0.904059041|2022|PREP - Tier 2|4 Year|0.42|0.37970479722|Race/Ethnicity|White
18400|North Kitsap School District|271|245|0.904059041|2022|PREP - Tier 2|Not Enrolled|0.41|0.46660516581|Race/Ethnicity|White
23403|North Mason School District|203|165.242|0.814|2022|PREP - Tier 1|2 Year / CTC|0.2|0.1628|Section 504|Not Section 504
23403|North Mason School District|203|165.242|0.814|2022|PREP - Tier 1|4 Year|0.17|0.13838|Section 504|Not Section 504
23403|North Mason School District|203|165.242|0.814|2022|PREP - Tier 1|Not Enrolled|0.63|0.69882|Section 504|Not Section 504
23403|North Mason School District|17|13.6|0.8|2022|PREP - Tier 1|2 Year / CTC|0.09|0.072|Section 504|Section 504
23403|North Mason School District|17|13.6|0.8|2022|PREP - Tier 1|4 Year|0.2|0.16|Section 504|Section 504
23403|North Mason School District|17|13.6|0.8|2022|PREP - Tier 1|Not Enrolled|0.7|0.76|Section 504|Section 504
23403|North Mason School District|203|167|0.822660099|2022|PREP - Tier 1|2 Year / CTC|0.15|0.12339901485|All Students|All
23403|North Mason School District|203|167|0.822660099|2022|PREP - Tier 1|4 Year|0.18|0.14807881782|All Students|All
23403|North Mason School District|203|167|0.822660099|2022|PREP - Tier 1|Not Enrolled|0.67|0.72852216733|All Students|All
23403|North Mason School District|116|102.08|0.88|2022|PREP - Tier 1|2 Year / CTC|0.22|0.1936|Gender|Female
23403|North Mason School District|116|102.08|0.88|2022|PREP - Tier 1|4 Year|0.22|0.1936|Gender|Female
23403|North Mason School District|116|102.08|0.88|2022|PREP - Tier 1|Not Enrolled|0.56|0.6128|Gender|Female
23403|North Mason School District|105|82|0.780952381|2022|PREP - Tier 1|2 Year / CTC|0.15|0.11714285715|Gender|Male
23403|North Mason School District|105|82|0.780952381|2022|PREP - Tier 1|4 Year|0.13|0.10152380953|Gender|Male
23403|North Mason School District|105|82|0.780952381|2022|PREP - Tier 1|Not Enrolled|0.71|0.77352380951|Gender|Male
23403|North Mason School District|84|61.74|0.735|2022|PREP - Tier 1|2 Year / CTC|0.15|0.11025|FRPL|FRPL
23403|North Mason School District|84|61.74|0.735|2022|PREP - Tier 1|4 Year|0.14|0.1029|FRPL|FRPL
23403|North Mason School District|84|61.74|0.735|2022|PREP - Tier 1|Not Enrolled|0.71|0.78685|FRPL|FRPL
23403|North Mason School District|136|127.84|0.94|2022|PREP - Tier 1|2 Year / CTC|0.23|0.2162|FRPL|Not FRPL
23403|North Mason School District|136|127.84|0.94|2022|PREP - Tier 1|4 Year|0.22|0.2068|FRPL|Not FRPL
23403|North Mason School District|136|127.84|0.94|2022|PREP - Tier 1|Not Enrolled|0.55|0.577|FRPL|Not FRPL
23403|North Mason School District|39|24|0.615384615|2022|PREP - Tier 1|2 Year / CTC|0.26|0.1599999999|Race/Ethnicity|Hispanic or Latino of any race(s)
23403|North Mason School District|39|24|0.615384615|2022|PREP - Tier 1|4 Year|0.09|0.05538461535|Race/Ethnicity|Hispanic or Latino of any race(s)
23403|North Mason School District|39|24|0.615384615|2022|PREP - Tier 1|Not Enrolled|0.65|0.78461538475|Race/Ethnicity|Hispanic or Latino of any race(s)
23403|North Mason School District|12|||2022|PREP - Tier 1|2 Year / CTC|0.245||Race/Ethnicity|Two or More Races
23403|North Mason School District|12|||2022|PREP - Tier 1|4 Year|0.05||Race/Ethnicity|Two or More Races
23403|North Mason School District|12|||2022|PREP - Tier 1|Not Enrolled|0.745||Race/Ethnicity|Two or More Races
23403|North Mason School District|147|126|0.857142857|2022|PREP - Tier 1|2 Year / CTC|0.17|0.14571428569|Race/Ethnicity|White
23403|North Mason School District|147|126|0.857142857|2022|PREP - Tier 1|4 Year|0.2|0.1714285714|Race/Ethnicity|White
23403|North Mason School District|147|126|0.857142857|2022|PREP - Tier 1|Not Enrolled|0.63|0.68285714291|Race/Ethnicity|White
25101|Ocean Beach School District|86|64.672|0.752|2022|ESD 112|2 Year / CTC|0.05|0.0376|All Students|All
25101|Ocean Beach School District|86|64.672|0.752|2022|ESD 112|4 Year|0.22|0.16544|All Students|All
25101|Ocean Beach School District|86|64.672|0.752|2022|ESD 112|Not Enrolled|0.73|0.79696|All Students|All
25101|Ocean Beach School District|47|33.37|0.71|2022|ESD 112|2 Year / CTC|0.14|0.0994|Gender|Female
25101|Ocean Beach School District|47|33.37|0.71|2022|ESD 112|4 Year|0.31|0.2201|Gender|Female
25101|Ocean Beach School District|47|33.37|0.71|2022|ESD 112|Not Enrolled|0.55|0.6805|Gender|Female
25101|Ocean Beach School District|59|46|0.779661017|2022|ESD 112|2 Year / CTC|0.11|0.08576271187|Gender|Male
25101|Ocean Beach School District|59|46|0.779661017|2022|ESD 112|4 Year|0.15|0.11694915255|Gender|Male
25101|Ocean Beach School District|59|46|0.779661017|2022|ESD 112|Not Enrolled|0.75|0.80508474575|Gender|Male
25101|Ocean Beach School District|75|56|0.746666667|2022|ESD 112|2 Year / CTC|0.13|0.09706666671|FRPL|FRPL
25101|Ocean Beach School District|75|56|0.746666667|2022|ESD 112|4 Year|0.14|0.10453333338|FRPL|FRPL
25101|Ocean Beach School District|75|56|0.746666667|2022|ESD 112|Not Enrolled|0.72|0.79093333324|FRPL|FRPL
25101|Ocean Beach School District|30|23.1|0.77|2022|ESD 112|2 Year / CTC|0.11|0.0847|FRPL|Not FRPL
25101|Ocean Beach School District|30|23.1|0.77|2022|ESD 112|4 Year|0.38|0.2926|FRPL|Not FRPL
25101|Ocean Beach School District|30|23.1|0.77|2022|ESD 112|Not Enrolled|0.51|0.6227|FRPL|Not FRPL
25101|Ocean Beach School District|78|61|0.782051282|2022|ESD 112|2 Year / CTC|0.13|0.10166666666|Race/Ethnicity|White
25101|Ocean Beach School District|78|61|0.782051282|2022|ESD 112|4 Year|0.24|0.18769230768|Race/Ethnicity|White
25101|Ocean Beach School District|78|61|0.782051282|2022|ESD 112|Not Enrolled|0.64|0.71846153848|Race/Ethnicity|White
05121|Port Angeles School District|260|216.06|0.831|2022|PREP - Tier 1|2 Year / CTC|0.19|0.15789|Section 504|Not Section 504
05121|Port Angeles School District|260|216.06|0.831|2022|PREP - Tier 1|4 Year|0.26|0.21606|Section 504|Not Section 504
05121|Port Angeles School District|260|216.06|0.831|2022|PREP - Tier 1|Not Enrolled|0.55|0.62605|Section 504|Not Section 504
05121|Port Angeles School District|13|10.4|0.8|2022|PREP - Tier 1|2 Year / CTC|0.24|0.192|Section 504|Section 504
05121|Port Angeles School District|13|10.4|0.8|2022|PREP - Tier 1|4 Year|0.19|0.152|Section 504|Section 504
05121|Port Angeles School District|13|10.4|0.8|2022|PREP - Tier 1|Not Enrolled|0.57|0.656|Section 504|Section 504
05121|Port Angeles School District|292|242|0.828767123|2022|PREP - Tier 1|2 Year / CTC|0.21|0.17404109583|All Students|All
05121|Port Angeles School District|292|242|0.828767123|2022|PREP - Tier 1|4 Year|0.28|0.23205479444|All Students|All
05121|Port Angeles School District|292|242|0.828767123|2022|PREP - Tier 1|Not Enrolled|0.52|0.60219178096|All Students|All
05121|Port Angeles School District|138|116.886|0.847|2022|PREP - Tier 1|2 Year / CTC|0.23|0.19481|Gender|Female
05121|Port Angeles School District|138|116.886|0.847|2022|PREP - Tier 1|4 Year|0.35|0.29645|Gender|Female
05121|Port Angeles School District|138|116.886|0.847|2022|PREP - Tier 1|Not Enrolled|0.42|0.50874|Gender|Female
05121|Port Angeles School District|154|125|0.811688312|2022|PREP - Tier 1|2 Year / CTC|0.18|0.14610389616|Gender|Male
05121|Port Angeles School District|154|125|0.811688312|2022|PREP - Tier 1|4 Year|0.21|0.17045454552|Gender|Male
05121|Port Angeles School District|154|125|0.811688312|2022|PREP - Tier 1|Not Enrolled|0.61|0.68344155832|Gender|Male
05121|Port Angeles School District|162|120|0.740740741|2022|PREP - Tier 1|2 Year / CTC|0.18|0.13333333338|FRPL|FRPL
05121|Port Angeles School District|162|120|0.740740741|2022|PREP - Tier 1|4 Year|0.19|0.14074074079|FRPL|FRPL
05121|Port Angeles School District|162|120|0.740740741|2022|PREP - Tier 1|Not Enrolled|0.63|0.72592592583|FRPL|FRPL
05121|Port Angeles School District|121|113.498|0.938|2022|PREP - Tier 1|2 Year / CTC|0.23|0.21574|FRPL|Not FRPL
05121|Port Angeles School District|121|113.498|0.938|2022|PREP - Tier 1|4 Year|0.36|0.33768|FRPL|Not FRPL
05121|Port Angeles School District|121|113.498|0.938|2022|PREP - Tier 1|Not Enrolled|0.41|0.44658|FRPL|Not FRPL
05121|Port Angeles School District|10|6|0.6|2022|PREP - Tier 1|2 Year / CTC|0.22|0.132|Race/Ethnicity|American Indian or Alaska Native
05121|Port Angeles School District|10|6|0.6|2022|PREP - Tier 1|4 Year|0.26|0.156|Race/Ethnicity|American Indian or Alaska Native
05121|Port Angeles School District|10|6|0.6|2022|PREP - Tier 1|Not Enrolled|0.52|0.712|Race/Ethnicity|American Indian or Alaska Native
05121|Port Angeles School District|25|18|0.72|2022|PREP - Tier 1|2 Year / CTC|0.16|0.1152|Race/Ethnicity|Hispanic or Latino of any race(s)
05121|Port Angeles School District|25|18|0.72|2022|PREP - Tier 1|4 Year|0.2|0.144|Race/Ethnicity|Hispanic or Latino of any race(s)
05121|Port Angeles School District|25|18|0.72|2022|PREP - Tier 1|Not Enrolled|0.64|0.7408|Race/Ethnicity|Hispanic or Latino of any race(s)
05121|Port Angeles School District|31|23|0.741935484|2022|PREP - Tier 1|2 Year / CTC|0.23|0.17064516132|Race/Ethnicity|Two or More Races
05121|Port Angeles School District|31|23|0.741935484|2022|PREP - Tier 1|4 Year|0.3|0.2225806452|Race/Ethnicity|Two or More Races
05121|Port Angeles School District|31|23|0.741935484|2022|PREP - Tier 1|Not Enrolled|0.47|0.60677419348|Race/Ethnicity|Two or More Races
05121|Port Angeles School District|216|186|0.861111111|2022|PREP - Tier 1|2 Year / CTC|0.19|0.16361111109|Race/Ethnicity|White
05121|Port Angeles School District|216|186|0.861111111|2022|PREP - Tier 1|4 Year|0.24|0.20666666664|Race/Ethnicity|White
05121|Port Angeles School District|216|186|0.861111111|2022|PREP - Tier 1|Not Enrolled|0.56|0.62111111116|Race/Ethnicity|White
16050|Port Townsend School District|138|118.68|0.86|2022|PREP - Tier 1|2 Year / CTC|0.16|0.1376|All Students|All
16050|Port Townsend School District|138|118.68|0.86|2022|PREP - Tier 1|4 Year|0.35|0.301|All Students|All
16050|Port Townsend School District|138|118.68|0.86|2022|PREP - Tier 1|Not Enrolled|0.49|0.5614|All Students|All
16050|Port Townsend School District|48|41|0.854166667|2022|PREP - Tier 1|2 Year / CTC|0.2|0.1708333334|Gender|Female
16050|Port Townsend School District|48|41|0.854166667|2022|PREP - Tier 1|4 Year|0.34|0.29041666678|Gender|Female
16050|Port Townsend School District|48|41|0.854166667|2022|PREP - Tier 1|Not Enrolled|0.45|0.53020833315|Gender|Female
16050|Port Townsend School District|69|59.34|0.86|2022|PREP - Tier 1|2 Year / CTC|0.11|0.0946|Gender|Male
16050|Port Townsend School District|69|59.34|0.86|2022|PREP - Tier 1|4 Year|0.33|0.2838|Gender|Male
16050|Port Townsend School District|69|59.34|0.86|2022|PREP - Tier 1|Not Enrolled|0.56|0.6216|Gender|Male
16050|Port Townsend School District|50|38|0.76|2022|PREP - Tier 1|2 Year / CTC|0.14|0.1064|FRPL|FRPL
16050|Port Townsend School District|50|38|0.76|2022|PREP - Tier 1|4 Year|0.25|0.19|FRPL|FRPL
16050|Port Townsend School District|50|38|0.76|2022|PREP - Tier 1|Not Enrolled|0.61|0.7036|FRPL|FRPL
16050|Port Townsend School District|74|68.746|0.929|2022|PREP - Tier 1|2 Year / CTC|0.15|0.13935|FRPL|Not FRPL
16050|Port Townsend School District|74|68.746|0.929|2022|PREP - Tier 1|4 Year|0.44|0.40876|FRPL|Not FRPL
16050|Port Townsend School District|74|68.746|0.929|2022|PREP - Tier 1|Not Enrolled|0.41|0.45189|FRPL|Not FRPL
16050|Port Townsend School District|81|69|0.851851852|2022|PREP - Tier 1|2 Year / CTC|0.16|0.13629629632|Race/Ethnicity|White
16050|Port Townsend School District|81|69|0.851851852|2022|PREP - Tier 1|4 Year|0.37|0.31518518524|Race/Ethnicity|White
16050|Port Townsend School District|81|69|0.851851852|2022|PREP - Tier 1|Not Enrolled|0.48|0.55703703696|Race/Ethnicity|White
36402|Prescott School District|17|12.75|0.75|2022|United Way of the Blue Mountains|2 Year / CTC|0.43|0.3225|All Students|All
36402|Prescott School District|17|12.75|0.75|2022|United Way of the Blue Mountains|4 Year|0.28|0.21|All Students|All
36402|Prescott School District|17|12.75|0.75|2022|United Way of the Blue Mountains|Not Enrolled|0.3|0.475|All Students|All
36402|Prescott School District|14|9.94|0.71|2022|United Way of the Blue Mountains|2 Year / CTC|0.41|0.2911|Race/Ethnicity|Hispanic or Latino of any race(s)
36402|Prescott School District|14|9.94|0.71|2022|United Way of the Blue Mountains|4 Year|0.3|0.213|Race/Ethnicity|Hispanic or Latino of any race(s)
36402|Prescott School District|14|9.94|0.71|2022|United Way of the Blue Mountains|Not Enrolled|0.3|0.503|Race/Ethnicity|Hispanic or Latino of any race(s)
16048|Quilcene School District|25|21.75|0.87|2022|PREP - Tier 1|2 Year / CTC|0.12|0.1044|All Students|All
16048|Quilcene School District|25|21.75|0.87|2022|PREP - Tier 1|4 Year|0.28|0.2436|All Students|All
16048|Quilcene School District|25|21.75|0.87|2022|PREP - Tier 1|Not Enrolled|0.6|0.652|All Students|All
16048|Quilcene School District|12|9|0.75|2022|PREP - Tier 1|2 Year / CTC|0.12|0.09|Gender|Female
16048|Quilcene School District|12|9|0.75|2022|PREP - Tier 1|4 Year|0.32|0.24|Gender|Female
16048|Quilcene School District|12|9|0.75|2022|PREP - Tier 1|Not Enrolled|0.56|0.67|Gender|Female
16048|Quilcene School District|13|9.451|0.727|2022|PREP - Tier 1|2 Year / CTC|0.13|0.09451|Gender|Male
16048|Quilcene School District|13|9.451|0.727|2022|PREP - Tier 1|4 Year|0.23|0.16721|Gender|Male
16048|Quilcene School District|13|9.451|0.727|2022|PREP - Tier 1|Not Enrolled|0.65|0.74555|Gender|Male
16048|Quilcene School District|11|7.997|0.727|2022|PREP - Tier 1|2 Year / CTC|0.05|0.03635|FRPL|FRPL
16048|Quilcene School District|11|7.997|0.727|2022|PREP - Tier 1|4 Year|0.245|0.178115|FRPL|FRPL
16048|Quilcene School District|11|7.997|0.727|2022|PREP - Tier 1|Not Enrolled|0.645|0.741915|FRPL|FRPL
16048|Quilcene School District|14|10.5|0.75|2022|PREP - Tier 1|2 Year / CTC|0.18|0.135|FRPL|Not FRPL
16048|Quilcene School District|14|10.5|0.75|2022|PREP - Tier 1|4 Year|0.25|0.1875|FRPL|Not FRPL
16048|Quilcene School District|14|10.5|0.75|2022|PREP - Tier 1|Not Enrolled|0.57|0.6775|FRPL|Not FRPL
16048|Quilcene School District|22|17.6|0.8|2022|PREP - Tier 1|2 Year / CTC|0.1|0.08|Race/Ethnicity|White
16048|Quilcene School District|22|17.6|0.8|2022|PREP - Tier 1|4 Year|0.27|0.216|Race/Ethnicity|White
16048|Quilcene School District|22|17.6|0.8|2022|PREP - Tier 1|Not Enrolled|0.63|0.704|Race/Ethnicity|White
05323|Sequim School District|208|155.168|0.746|2022|PREP - Tier 1|2 Year / CTC|0.23|0.17158|All Students|All
05323|Sequim School District|208|155.168|0.746|2022|PREP - Tier 1|4 Year|0.33|0.24618|All Students|All
05323|Sequim School District|208|155.168|0.746|2022|PREP - Tier 1|Not Enrolled|0.45|0.5897|All Students|All
05323|Sequim School District|109|89.162|0.818|2022|PREP - Tier 1|2 Year / CTC|0.21|0.17178|Gender|Female
05323|Sequim School District|109|89.162|0.818|2022|PREP - Tier 1|4 Year|0.34|0.27812|Gender|Female
05323|Sequim School District|109|89.162|0.818|2022|PREP - Tier 1|Not Enrolled|0.45|0.5501|Gender|Female
05323|Sequim School District|114|77|0.675438596|2022|PREP - Tier 1|2 Year / CTC|0.25|0.168859649|Gender|Male
05323|Sequim School District|114|77|0.675438596|2022|PREP - Tier 1|4 Year|0.3|0.2026315788|Gender|Male
05323|Sequim School District|114|77|0.675438596|2022|PREP - Tier 1|Not Enrolled|0.45|0.6285087722|Gender|Male
05323|Sequim School District|113|75|0.663716814|2022|PREP - Tier 1|2 Year / CTC|0.14|0.09292035396|FRPL|FRPL
05323|Sequim School District|113|75|0.663716814|2022|PREP - Tier 1|4 Year|0.25|0.1659292035|FRPL|FRPL
05323|Sequim School District|113|75|0.663716814|2022|PREP - Tier 1|Not Enrolled|0.61|0.74115044254|FRPL|FRPL
05323|Sequim School District|119|98.651|0.829|2022|PREP - Tier 1|2 Year / CTC|0.29|0.24041|FRPL|Not FRPL
05323|Sequim School District|119|98.651|0.829|2022|PREP - Tier 1|4 Year|0.38|0.31502|FRPL|Not FRPL
05323|Sequim School District|119|98.651|0.829|2022|PREP - Tier 1|Not Enrolled|0.33|0.44457|FRPL|Not FRPL
05323|Sequim School District|26|22.464|0.864|2022|PREP - Tier 1|2 Year / CTC|0.17|0.14688|Race/Ethnicity|Hispanic or Latino of any race(s)
05323|Sequim School District|26|22.464|0.864|2022|PREP - Tier 1|4 Year|0.24|0.20736|Race/Ethnicity|Hispanic or Latino of any race(s)
05323|Sequim School District|26|22.464|0.864|2022|PREP - Tier 1|Not Enrolled|0.59|0.64576|Race/Ethnicity|Hispanic or Latino of any race(s)
05323|Sequim School District|183|130|0.710382514|2022|PREP - Tier 1|2 Year / CTC|0.21|0.14918032794|Race/Ethnicity|White
05323|Sequim School District|183|130|0.710382514|2022|PREP - Tier 1|4 Year|0.31|0.22021857934|Race/Ethnicity|White
05323|Sequim School District|183|130|0.710382514|2022|PREP - Tier 1|Not Enrolled|0.48|0.63060109272|Race/Ethnicity|White
18402|South Kitsap School District|662|563.362|0.851|2022|PREP - Tier 2|2 Year / CTC|0.17|0.14467|Section 504|Not Section 504
18402|South Kitsap School District|662|563.362|0.851|2022|PREP - Tier 2|4 Year|0.22|0.18722|Section 504|Not Section 504
18402|South Kitsap School District|662|563.362|0.851|2022|PREP - Tier 2|Not Enrolled|0.61|0.66811|Section 504|Not Section 504
18402|South Kitsap School District|62|54.56|0.88|2022|PREP - Tier 2|2 Year / CTC|0.21|0.1848|Section 504|Section 504
18402|South Kitsap School District|62|54.56|0.88|2022|PREP - Tier 2|4 Year|0.13|0.1144|Section 504|Section 504
18402|South Kitsap School District|62|54.56|0.88|2022|PREP - Tier 2|Not Enrolled|0.66|0.7008|Section 504|Section 504
18402|South Kitsap School District|674|576|0.854599407|2022|PREP - Tier 2|2 Year / CTC|0.18|0.15382789326|All Students|All
18402|South Kitsap School District|674|576|0.854599407|2022|PREP - Tier 2|4 Year|0.19|0.16237388733|All Students|All
18402|South Kitsap School District|674|576|0.854599407|2022|PREP - Tier 2|Not Enrolled|0.63|0.68379821941|All Students|All
18402|South Kitsap School District|347|303.972|0.876|2022|PREP - Tier 2|2 Year / CTC|0.19|0.16644|Gender|Female
18402|South Kitsap School District|347|303.972|0.876|2022|PREP - Tier 2|4 Year|0.25|0.219|Gender|Female
18402|South Kitsap School District|347|303.972|0.876|2022|PREP - Tier 2|Not Enrolled|0.57|0.62332|Gender|Female
18402|South Kitsap School District|374|314|0.839572193|2022|PREP - Tier 2|2 Year / CTC|0.17|0.14272727281|Gender|Male
18402|South Kitsap School District|374|314|0.839572193|2022|PREP - Tier 2|4 Year|0.13|0.10914438509|Gender|Male
18402|South Kitsap School District|374|314|0.839572193|2022|PREP - Tier 2|Not Enrolled|0.7|0.7481283421|Gender|Male
18402|South Kitsap School District|299|221|0.739130435|2022|PREP - Tier 2|2 Year / CTC|0.13|0.09608695655|FRPL|FRPL
18402|South Kitsap School District|299|221|0.739130435|2022|PREP - Tier 2|4 Year|0.11|0.08130434785|FRPL|FRPL
18402|South Kitsap School District|299|221|0.739130435|2022|PREP - Tier 2|Not Enrolled|0.76|0.8226086956|FRPL|FRPL
18402|South Kitsap School District|375|355|0.946666667|2022|PREP - Tier 2|2 Year / CTC|0.2|0.1893333334|FRPL|Not FRPL
18402|South Kitsap School District|375|355|0.946666667|2022|PREP - Tier 2|4 Year|0.28|0.26506666676|FRPL|Not FRPL
18402|South Kitsap School District|375|355|0.946666667|2022|PREP - Tier 2|Not Enrolled|0.53|0.55506666651|FRPL|Not FRPL
18402|South Kitsap School District|41|36.777|0.897|2022|PREP - Tier 2|2 Year / CTC|0.23|0.20631|Race/Ethnicity|Asian
18402|South Kitsap School District|41|36.777|0.897|2022|PREP - Tier 2|4 Year|0.47|0.42159|Race/Ethnicity|Asian
18402|South Kitsap School District|41|36.777|0.897|2022|PREP - Tier 2|Not Enrolled|0.3|0.3721|Race/Ethnicity|Asian
18402|South Kitsap School District|12|||2022|PREP - Tier 2|2 Year / CTC|0.15||Race/Ethnicity|Black or African American
18402|South Kitsap School District|12|||2022|PREP - Tier 2|4 Year|0.05||Race/Ethnicity|Black or African American
18402|South Kitsap School District|12|||2022|PREP - Tier 2|Not Enrolled|0.745||Race/Ethnicity|Black or African American
18402|South Kitsap School District|65|49|0.753846154|2022|PREP - Tier 2|2 Year / CTC|0.18|0.13569230772|Race/Ethnicity|Hispanic or Latino of any race(s)
18402|South Kitsap School District|65|49|0.753846154|2022|PREP - Tier 2|4 Year|0.16|0.12061538464|Race/Ethnicity|Hispanic or Latino of any race(s)
18402|South Kitsap School District|65|49|0.753846154|2022|PREP - Tier 2|Not Enrolled|0.66|0.74369230764|Race/Ethnicity|Hispanic or Latino of any race(s)
18402|South Kitsap School District|80|68|0.85|2022|PREP - Tier 2|2 Year / CTC|0.16|0.136|Race/Ethnicity|Two or More Races
18402|South Kitsap School District|80|68|0.85|2022|PREP - Tier 2|4 Year|0.2|0.17|Race/Ethnicity|Two or More Races
18402|South Kitsap School District|80|68|0.85|2022|PREP - Tier 2|Not Enrolled|0.64|0.694|Race/Ethnicity|Two or More Races
18402|South Kitsap School District|455|394|0.865934066|2022|PREP - Tier 2|2 Year / CTC|0.17|0.14720879122|Race/Ethnicity|White
18402|South Kitsap School District|455|394|0.865934066|2022|PREP - Tier 2|4 Year|0.22|0.19050549452|Race/Ethnicity|White
18402|South Kitsap School District|455|394|0.865934066|2022|PREP - Tier 2|Not Enrolled|0.61|0.66228571426|Race/Ethnicity|White
30303|Stevenson-Carson School District|52|34.84|0.67|2022|ESD 112|2 Year / CTC|0.13|0.0871|All Students|All
30303|Stevenson-Carson School District|52|34.84|0.67|2022|ESD 112|4 Year|0.29|0.1943|All Students|All
30303|Stevenson-Carson School District|52|34.84|0.67|2022|ESD 112|Not Enrolled|0.58|0.7186|All Students|All
30303|Stevenson-Carson School District|28|22|0.785714286|2022|ESD 112|2 Year / CTC|0.16|0.12571428576|Gender|Female
30303|Stevenson-Carson School District|28|22|0.785714286|2022|ESD 112|4 Year|0.25|0.1964285715|Gender|Female
30303|Stevenson-Carson School District|28|22|0.785714286|2022|ESD 112|Not Enrolled|0.59|0.67785714274|Gender|Female
30303|Stevenson-Carson School District|30|16.2|0.54|2022|ESD 112|2 Year / CTC|0.21|0.1134|Gender|Male
30303|Stevenson-Carson School District|30|16.2|0.54|2022|ESD 112|4 Year|0.2|0.108|Gender|Male
30303|Stevenson-Carson School District|30|16.2|0.54|2022|ESD 112|Not Enrolled|0.6|0.784|Gender|Male
30303|Stevenson-Carson School District|30|14.4|0.48|2022|ESD 112|2 Year / CTC|0.15|0.072|FRPL|FRPL
30303|Stevenson-Carson School District|30|14.4|0.48|2022|ESD 112|4 Year|0.2|0.096|FRPL|FRPL
30303|Stevenson-Carson School District|30|14.4|0.48|2022|ESD 112|Not Enrolled|0.66|0.8368|FRPL|FRPL
30303|Stevenson-Carson School District|27|23|0.851851852|2022|ESD 112|2 Year / CTC|0.22|0.18740740744|FRPL|Not FRPL
30303|Stevenson-Carson School District|27|23|0.851851852|2022|ESD 112|4 Year|0.25|0.212962963|FRPL|Not FRPL
30303|Stevenson-Carson School District|27|23|0.851851852|2022|ESD 112|Not Enrolled|0.53|0.59962962956|FRPL|Not FRPL
30303|Stevenson-Carson School District|42|31|0.738095238|2022|ESD 112|2 Year / CTC|0.2|0.1476190476|Race/Ethnicity|White
30303|Stevenson-Carson School District|42|31|0.738095238|2022|ESD 112|4 Year|0.21|0.15499999998|Race/Ethnicity|White
30303|Stevenson-Carson School District|42|31|0.738095238|2022|ESD 112|Not Enrolled|0.58|0.69000000004|Race/Ethnicity|White
20400|Trout Lake School District|13|10.218|0.786|2022|ESD 112|2 Year / CTC|0.09|0.07074|All Students|All
20400|Trout Lake School District|13|10.218|0.786|2022|ESD 112|4 Year|0.55|0.4323|All Students|All
20400|Trout Lake School District|13|10.218|0.786|2022|ESD 112|Not Enrolled|0.36|0.49696|All Students|All
20400|Trout Lake School District|9|||2022|ESD 112|2 Year / CTC|0.14||Race/Ethnicity|White
20400|Trout Lake School District|9|||2022|ESD 112|4 Year|0.5||Race/Ethnicity|White
20400|Trout Lake School District|9|||2022|ESD 112|Not Enrolled|0.36||Race/Ethnicity|White
17406|Tukwila School District|195|174|0.892307692|2022|Puget Sound ESD|2 Year / CTC|0.25|0.223076923|All Students|All
17406|Tukwila School District|195|174|0.892307692|2022|Puget Sound ESD|4 Year|0.24|0.21415384608|All Students|All
17406|Tukwila School District|195|174|0.892307692|2022|Puget Sound ESD|Not Enrolled|0.51|0.56276923092|All Students|All
17406|Tukwila School District|78|63|0.807692308|2022|Puget Sound ESD|2 Year / CTC|0.31|0.25038461548|Bilingual|Bilingual
17406|Tukwila School District|78|63|0.807692308|2022|Puget Sound ESD|4 Year|0.2|0.1615384616|Bilingual|Bilingual
17406|Tukwila School District|78|63|0.807692308|2022|Puget Sound ESD|Not Enrolled|0.5|0.596153846|Bilingual|Bilingual
17406|Tukwila School District|154|146.146|0.949|2022|Puget Sound ESD|2 Year / CTC|0.24|0.22776|Bilingual|Not Bilingual
17406|Tukwila School District|154|146.146|0.949|2022|Puget Sound ESD|4 Year|0.37|0.35113|Bilingual|Not Bilingual
17406|Tukwila School District|154|146.146|0.949|2022|Puget Sound ESD|Not Enrolled|0.39|0.42111|Bilingual|Not Bilingual
17406|Tukwila School District|100|89|0.89|2022|Puget Sound ESD|2 Year / CTC|0.26|0.2314|Gender|Female
17406|Tukwila School District|100|89|0.89|2022|Puget Sound ESD|4 Year|0.28|0.2492|Gender|Female
17406|Tukwila School District|100|89|0.89|2022|Puget Sound ESD|Not Enrolled|0.46|0.5194|Gender|Female
17406|Tukwila School District|117|104.13|0.89|2022|Puget Sound ESD|2 Year / CTC|0.23|0.2047|Gender|Male
17406|Tukwila School District|117|104.13|0.89|2022|Puget Sound ESD|4 Year|0.2|0.178|Gender|Male
17406|Tukwila School District|117|104.13|0.89|2022|Puget Sound ESD|Not Enrolled|0.57|0.6173|Gender|Male
17406|Tukwila School District|170|151.13|0.889|2022|Puget Sound ESD|2 Year / CTC|0.27|0.24003|FRPL|FRPL
17406|Tukwila School District|170|151.13|0.889|2022|Puget Sound ESD|4 Year|0.2|0.1778|FRPL|FRPL
17406|Tukwila School District|170|151.13|0.889|2022|Puget Sound ESD|Not Enrolled|0.53|0.58217|FRPL|FRPL
17406|Tukwila School District|48|43.2|0.9|2022|Puget Sound ESD|2 Year / CTC|0.16|0.144|FRPL|Not FRPL
17406|Tukwila School District|48|43.2|0.9|2022|Puget Sound ESD|4 Year|0.38|0.342|FRPL|Not FRPL
17406|Tukwila School District|48|43.2|0.9|2022|Puget Sound ESD|Not Enrolled|0.46|0.514|FRPL|Not FRPL
17406|Tukwila School District|60|56.46|0.941|2022|Puget Sound ESD|2 Year / CTC|0.27|0.25407|Race/Ethnicity|Asian
17406|Tukwila School District|60|56.46|0.941|2022|Puget Sound ESD|4 Year|0.37|0.34817|Race/Ethnicity|Asian
17406|Tukwila School District|60|56.46|0.941|2022|Puget Sound ESD|Not Enrolled|0.36|0.39776|Race/Ethnicity|Asian
17406|Tukwila School District|36|27|0.75|2022|Puget Sound ESD|2 Year / CTC|0.37|0.2775|Race/Ethnicity|Black or African American
17406|Tukwila School District|36|27|0.75|2022|Puget Sound ESD|4 Year|0.28|0.21|Race/Ethnicity|Black or African American
17406|Tukwila School District|36|27|0.75|2022|Puget Sound ESD|Not Enrolled|0.36|0.52|Race/Ethnicity|Black or African American
17406|Tukwila School District|59|50|0.847457627|2022|Puget Sound ESD|2 Year / CTC|0.19|0.16101694913|Race/Ethnicity|Hispanic or Latino of any race(s)
17406|Tukwila School District|59|50|0.847457627|2022|Puget Sound ESD|4 Year|0.24|0.20338983048|Race/Ethnicity|Hispanic or Latino of any race(s)
17406|Tukwila School District|59|50|0.847457627|2022|Puget Sound ESD|Not Enrolled|0.57|0.63559322039|Race/Ethnicity|Hispanic or Latino of any race(s)
17406|Tukwila School District|18|15.426|0.857|2022|Puget Sound ESD|2 Year / CTC|0.23|0.19711|Race/Ethnicity|White
17406|Tukwila School District|18|15.426|0.857|2022|Puget Sound ESD|4 Year|0.42|0.35994|Race/Ethnicity|White
17406|Tukwila School District|18|15.426|0.857|2022|Puget Sound ESD|Not Enrolled|0.35|0.44295|Race/Ethnicity|White
35200|Wahkiakum School District|48|44.16|0.92|2022|ESD 112|2 Year / CTC|0.16|0.1472|All Students|All
35200|Wahkiakum School District|48|44.16|0.92|2022|ESD 112|4 Year|0.17|0.1564|All Students|All
35200|Wahkiakum School District|48|44.16|0.92|2022|ESD 112|Not Enrolled|0.67|0.6964|All Students|All
35200|Wahkiakum School District|24|19.512|0.813|2022|ESD 112|2 Year / CTC|0.17|0.13821|Gender|Female
35200|Wahkiakum School District|24|19.512|0.813|2022|ESD 112|4 Year|0.29|0.23577|Gender|Female
35200|Wahkiakum School District|24|19.512|0.813|2022|ESD 112|Not Enrolled|0.54|0.62602|Gender|Female
35200|Wahkiakum School District|24|20.568|0.857|2022|ESD 112|2 Year / CTC|0.15|0.12855|Gender|Male
35200|Wahkiakum School District|24|20.568|0.857|2022|ESD 112|4 Year|0.1|0.0857|Gender|Male
35200|Wahkiakum School District|24|20.568|0.857|2022|ESD 112|Not Enrolled|0.74|0.77718|Gender|Male
35200|Wahkiakum School District|31|26.97|0.87|2022|ESD 112|2 Year / CTC|0.13|0.1131|FRPL|FRPL
35200|Wahkiakum School District|31|26.97|0.87|2022|ESD 112|4 Year|0.16|0.1392|FRPL|FRPL
35200|Wahkiakum School District|31|26.97|0.87|2022|ESD 112|Not Enrolled|0.71|0.7477|FRPL|FRPL
35200|Wahkiakum School District|17|13.362|0.786|2022|ESD 112|2 Year / CTC|0.22|0.17292|FRPL|Not FRPL
35200|Wahkiakum School District|17|13.362|0.786|2022|ESD 112|4 Year|0.2|0.1572|FRPL|Not FRPL
35200|Wahkiakum School District|17|13.362|0.786|2022|ESD 112|Not Enrolled|0.59|0.67774|FRPL|Not FRPL
35200|Wahkiakum School District|40|36.36|0.909|2022|ESD 112|2 Year / CTC|0.15|0.13635|Race/Ethnicity|White
35200|Wahkiakum School District|40|36.36|0.909|2022|ESD 112|4 Year|0.18|0.16362|Race/Ethnicity|White
35200|Wahkiakum School District|40|36.36|0.909|2022|ESD 112|Not Enrolled|0.67|0.70003|Race/Ethnicity|White
36140|Walla Walla Public Schools|521|498.076|0.956|2022|United Way of the Blue Mountains|2 Year / CTC|0.29|0.27724|Section 504|Not Section 504
36140|Walla Walla Public Schools|521|498.076|0.956|2022|United Way of the Blue Mountains|4 Year|0.27|0.25812|Section 504|Not Section 504
36140|Walla Walla Public Schools|521|498.076|0.956|2022|United Way of the Blue Mountains|Not Enrolled|0.45|0.4742|Section 504|Not Section 504
36140|Walla Walla Public Schools|41|37.269|0.909|2022|United Way of the Blue Mountains|2 Year / CTC|0.25|0.22725|Section 504|Section 504
36140|Walla Walla Public Schools|41|37.269|0.909|2022|United Way of the Blue Mountains|4 Year|0.3|0.2727|Section 504|Section 504
36140|Walla Walla Public Schools|41|37.269|0.909|2022|United Way of the Blue Mountains|Not Enrolled|0.46|0.50914|Section 504|Section 504
36140|Walla Walla Public Schools|442|423|0.957013575|2022|United Way of the Blue Mountains|2 Year / CTC|0.28|0.267963801|All Students|All
36140|Walla Walla Public Schools|442|423|0.957013575|2022|United Way of the Blue Mountains|4 Year|0.3|0.2871040725|All Students|All
36140|Walla Walla Public Schools|442|423|0.957013575|2022|United Way of the Blue Mountains|Not Enrolled|0.42|0.4449321265|All Students|All
36140|Walla Walla Public Schools|56|50.96|0.91|2022|United Way of the Blue Mountains|2 Year / CTC|0.41|0.3731|Bilingual|Bilingual
36140|Walla Walla Public Schools|56|50.96|0.91|2022|United Way of the Blue Mountains|4 Year|0.06|0.0546|Bilingual|Bilingual
36140|Walla Walla Public Schools|56|50.96|0.91|2022|United Way of the Blue Mountains|Not Enrolled|0.52|0.5632|Bilingual|Bilingual
36140|Walla Walla Public Schools|506|486.266|0.961|2022|United Way of the Blue Mountains|2 Year / CTC|0.27|0.25947|Bilingual|Not Bilingual
36140|Walla Walla Public Schools|506|486.266|0.961|2022|United Way of the Blue Mountains|4 Year|0.28|0.26908|Bilingual|Not Bilingual
36140|Walla Walla Public Schools|506|486.266|0.961|2022|United Way of the Blue Mountains|Not Enrolled|0.44|0.46184|Bilingual|Not Bilingual
36140|Walla Walla Public Schools|227|221|0.973568282|2022|United Way of the Blue Mountains|2 Year / CTC|0.27|0.26286343614|Gender|Female
36140|Walla Walla Public Schools|227|221|0.973568282|2022|United Way of the Blue Mountains|4 Year|0.31|0.30180616742|Gender|Female
36140|Walla Walla Public Schools|227|221|0.973568282|2022|United Way of the Blue Mountains|Not Enrolled|0.42|0.43533039644|Gender|Female
36140|Walla Walla Public Schools|297|278.883|0.939|2022|United Way of the Blue Mountains|2 Year / CTC|0.3|0.2817|Gender|Male
36140|Walla Walla Public Schools|297|278.883|0.939|2022|United Way of the Blue Mountains|4 Year|0.29|0.27231|Gender|Male
36140|Walla Walla Public Schools|297|278.883|0.939|2022|United Way of the Blue Mountains|Not Enrolled|0.41|0.44599|Gender|Male
36140|Walla Walla Public Schools|355|335.12|0.944|2022|United Way of the Blue Mountains|2 Year / CTC|0.33|0.31152|FRPL|FRPL
36140|Walla Walla Public Schools|355|335.12|0.944|2022|United Way of the Blue Mountains|4 Year|0.17|0.16048|FRPL|FRPL
36140|Walla Walla Public Schools|355|335.12|0.944|2022|United Way of the Blue Mountains|Not Enrolled|0.5|0.528|FRPL|FRPL
36140|Walla Walla Public Schools|207|201.618|0.974|2022|United Way of the Blue Mountains|2 Year / CTC|0.23|0.22402|FRPL|Not FRPL
36140|Walla Walla Public Schools|207|201.618|0.974|2022|United Way of the Blue Mountains|4 Year|0.46|0.44804|FRPL|Not FRPL
36140|Walla Walla Public Schools|207|201.618|0.974|2022|United Way of the Blue Mountains|Not Enrolled|0.31|0.32794|FRPL|Not FRPL
36140|Walla Walla Public Schools|161|152|0.944099379|2022|United Way of the Blue Mountains|2 Year / CTC|0.38|0.35875776402|Race/Ethnicity|Hispanic or Latino of any race(s)
36140|Walla Walla Public Schools|161|152|0.944099379|2022|United Way of the Blue Mountains|4 Year|0.17|0.16049689443|Race/Ethnicity|Hispanic or Latino of any race(s)
36140|Walla Walla Public Schools|161|152|0.944099379|2022|United Way of the Blue Mountains|Not Enrolled|0.44|0.47130434776|Race/Ethnicity|Hispanic or Latino of any race(s)
36140|Walla Walla Public Schools|255|246|0.964705882|2022|United Way of the Blue Mountains|2 Year / CTC|0.23|0.22188235286|Race/Ethnicity|White
36140|Walla Walla Public Schools|255|246|0.964705882|2022|United Way of the Blue Mountains|4 Year|0.31|0.29905882342|Race/Ethnicity|White
36140|Walla Walla Public Schools|255|246|0.964705882|2022|United Way of the Blue Mountains|Not Enrolled|0.46|0.47905882372|Race/Ethnicity|White
20405|White Salmon Valley School District|77|67.298|0.874|2022|ESD 112|2 Year / CTC|0.07|0.06118|All Students|All
20405|White Salmon Valley School District|77|67.298|0.874|2022|ESD 112|4 Year|0.26|0.22724|All Students|All
20405|White Salmon Valley School District|77|67.298|0.874|2022|ESD 112|Not Enrolled|0.67|0.71158|All Students|All
20405|White Salmon Valley School District|31|28.52|0.92|2022|ESD 112|2 Year / CTC|0.025|0.023|Gender|Female
20405|White Salmon Valley School District|31|28.52|0.92|2022|ESD 112|4 Year|0.27|0.2484|Gender|Female
20405|White Salmon Valley School District|31|28.52|0.92|2022|ESD 112|Not Enrolled|0.67|0.6964|Gender|Female
20405|White Salmon Valley School District|60|50|0.833333333|2022|ESD 112|2 Year / CTC|0.08|0.06666666664|Gender|Male
20405|White Salmon Valley School District|60|50|0.833333333|2022|ESD 112|4 Year|0.23|0.19166666659|Gender|Male
20405|White Salmon Valley School District|60|50|0.833333333|2022|ESD 112|Not Enrolled|0.69|0.74166666677|Gender|Male
20405|White Salmon Valley School District|59|47|0.796610169|2022|ESD 112|2 Year / CTC|0.1|0.0796610169|FRPL|FRPL
20405|White Salmon Valley School District|59|47|0.796610169|2022|ESD 112|4 Year|0.19|0.15135593211|FRPL|FRPL
20405|White Salmon Valley School District|59|47|0.796610169|2022|ESD 112|Not Enrolled|0.71|0.76898305099|FRPL|FRPL
20405|White Salmon Valley School District|41|38.622|0.942|2022|ESD 112|2 Year / CTC|0.09|0.08478|FRPL|Not FRPL
20405|White Salmon Valley School District|41|38.622|0.942|2022|ESD 112|4 Year|0.34|0.32028|FRPL|Not FRPL
20405|White Salmon Valley School District|41|38.622|0.942|2022|ESD 112|Not Enrolled|0.57|0.59494|FRPL|Not FRPL
20405|White Salmon Valley School District|29|21.75|0.75|2022|ESD 112|2 Year / CTC|0.14|0.105|Race/Ethnicity|Hispanic or Latino of any race(s)
20405|White Salmon Valley School District|29|21.75|0.75|2022|ESD 112|4 Year|0.2|0.15|Race/Ethnicity|Hispanic or Latino of any race(s)
20405|White Salmon Valley School District|29|21.75|0.75|2022|ESD 112|Not Enrolled|0.66|0.745|Race/Ethnicity|Hispanic or Latino of any race(s)
20405|White Salmon Valley School District|42|40.068|0.954|2022|ESD 112|2 Year / CTC|0.07|0.06678|Race/Ethnicity|White
20405|White Salmon Valley School District|42|40.068|0.954|2022|ESD 112|4 Year|0.3|0.2862|Race/Ethnicity|White
20405|White Salmon Valley School District|42|40.068|0.954|2022|ESD 112|Not Enrolled|0.63|0.64702|Race/Ethnicity|White
05402|Quillayute Valley School District|0|0||2014|PREP - Tier 1|2 Year / CTC|0.19||All Students|All
05402|Quillayute Valley School District|0|0||2014|PREP - Tier 1|4 Year|0.21||All Students|All
05402|Quillayute Valley School District|0|0||2014|PREP - Tier 1|Not Enrolled|0.6||All Students|All
05402|Quillayute Valley School District|0|0||2014|PREP - Tier 1|2 Year / CTC|0.26||Gender|Female
05402|Quillayute Valley School District|0|0||2014|PREP - Tier 1|4 Year|0.3||Gender|Female
05402|Quillayute Valley School District|0|0||2014|PREP - Tier 1|Not Enrolled|0.43||Gender|Female
05402|Quillayute Valley School District|0|0||2014|PREP - Tier 1|2 Year / CTC|0.2||Race/Ethnicity|Hispanic or Latino of any race(s)
05402|Quillayute Valley School District|0|0||2014|PREP - Tier 1|4 Year|0.15||Race/Ethnicity|Hispanic or Latino of any race(s)
05402|Quillayute Valley School District|0|0||2014|PREP - Tier 1|Not Enrolled|0.65||Race/Ethnicity|Hispanic or Latino of any race(s)
05402|Quillayute Valley School District|50|43|0.86|2014|PREP - Tier 1|2 Year / CTC|0.23|0.1978|FRPL|FRPL
05402|Quillayute Valley School District|50|43|0.86|2014|PREP - Tier 1|4 Year|0.14|0.1204|FRPL|FRPL
05402|Quillayute Valley School District|50|43|0.86|2014|PREP - Tier 1|Not Enrolled|0.63|0.6818|FRPL|FRPL
05402|Quillayute Valley School District|48|43|0.895833333333333|2014|PREP - Tier 1|2 Year / CTC|0.26|0.232916666666667|Gender|Male
05402|Quillayute Valley School District|48|43|0.895833333333333|2014|PREP - Tier 1|4 Year|0.15|0.134375|Gender|Male
05402|Quillayute Valley School District|48|43|0.895833333333333|2014|PREP - Tier 1|Not Enrolled|0.59|0.632708333333333|Gender|Male
05402|Quillayute Valley School District|0|0||2014|PREP - Tier 1|2 Year / CTC|0.29||FRPL|Not FRPL
05402|Quillayute Valley School District|0|0||2014|PREP - Tier 1|4 Year|0.27||FRPL|Not FRPL
05402|Quillayute Valley School District|0|0||2014|PREP - Tier 1|Not Enrolled|0.44||FRPL|Not FRPL
05402|Quillayute Valley School District|48|41|0.854166666666667|2014|PREP - Tier 1|2 Year / CTC|0.24|0.205|Race/Ethnicity|White
05402|Quillayute Valley School District|48|41|0.854166666666667|2014|PREP - Tier 1|4 Year|0.24|0.205|Race/Ethnicity|White
05402|Quillayute Valley School District|48|41|0.854166666666667|2014|PREP - Tier 1|Not Enrolled|0.51|0.581458333333333|Race/Ethnicity|White
05402|Quillayute Valley School District|76|57|0.75|2015|PREP - Tier 1|2 Year / CTC|0.26|0.195|All Students|All
05402|Quillayute Valley School District|76|57|0.75|2015|PREP - Tier 1|4 Year|0.11|0.0825|All Students|All
05402|Quillayute Valley School District|76|57|0.75|2015|PREP - Tier 1|Not Enrolled|0.63|0.7225|All Students|All
05402|Quillayute Valley School District|0|0||2015|PREP - Tier 1|2 Year / CTC|0.26||Gender|Female
05402|Quillayute Valley School District|0|0||2015|PREP - Tier 1|4 Year|0.26||Gender|Female
05402|Quillayute Valley School District|0|0||2015|PREP - Tier 1|Not Enrolled|0.48||Gender|Female
05402|Quillayute Valley School District|20|16|0.8|2015|PREP - Tier 1|2 Year / CTC|0.27|0.216|Race/Ethnicity|Hispanic or Latino of any race(s)
05402|Quillayute Valley School District|20|16|0.8|2015|PREP - Tier 1|4 Year|0.12|0.096|Race/Ethnicity|Hispanic or Latino of any race(s)
05402|Quillayute Valley School District|20|16|0.8|2015|PREP - Tier 1|Not Enrolled|0.61|0.688|Race/Ethnicity|Hispanic or Latino of any race(s)
05402|Quillayute Valley School District|53|36|0.679245283018868|2015|PREP - Tier 1|2 Year / CTC|0.19|0.129056603773585|FRPL|FRPL
05402|Quillayute Valley School District|53|36|0.679245283018868|2015|PREP - Tier 1|4 Year|0.13|0.0883018867924528|FRPL|FRPL
05402|Quillayute Valley School District|53|36|0.679245283018868|2015|PREP - Tier 1|Not Enrolled|0.68|0.782641509433962|FRPL|FRPL
05402|Quillayute Valley School District|27|19|0.703703703703704|2015|PREP - Tier 1|2 Year / CTC|0.21|0.147777777777778|Gender|Male
05402|Quillayute Valley School District|27|19|0.703703703703704|2015|PREP - Tier 1|4 Year|0.12|0.0844444444444445|Gender|Male
05402|Quillayute Valley School District|27|19|0.703703703703704|2015|PREP - Tier 1|Not Enrolled|0.67|0.767777777777778|Gender|Male
05402|Quillayute Valley School District|0|0||2015|PREP - Tier 1|2 Year / CTC|0.28||FRPL|Not FRPL
05402|Quillayute Valley School District|0|0||2015|PREP - Tier 1|4 Year|0.24||FRPL|Not FRPL
05402|Quillayute Valley School District|0|0||2015|PREP - Tier 1|Not Enrolled|0.48||FRPL|Not FRPL
05402|Quillayute Valley School District|41|33|0.804878048780488|2015|PREP - Tier 1|2 Year / CTC|0.23|0.185121951219512|Race/Ethnicity|White
05402|Quillayute Valley School District|41|33|0.804878048780488|2015|PREP - Tier 1|4 Year|0.23|0.185121951219512|Race/Ethnicity|White
05402|Quillayute Valley School District|41|33|0.804878048780488|2015|PREP - Tier 1|Not Enrolled|0.54|0.629756097560976|Race/Ethnicity|White
05402|Quillayute Valley School District|0|0||2016|PREP - Tier 1|2 Year / CTC|0.29||All Students|All
05402|Quillayute Valley School District|0|0||2016|PREP - Tier 1|4 Year|0.13||All Students|All
05402|Quillayute Valley School District|0|0||2016|PREP - Tier 1|Not Enrolled|0.58||All Students|All
05402|Quillayute Valley School District|0|0||2016|PREP - Tier 1|2 Year / CTC|0.3||Gender|Female
05402|Quillayute Valley School District|0|0||2016|PREP - Tier 1|4 Year|0.18||Gender|Female
05402|Quillayute Valley School District|0|0||2016|PREP - Tier 1|Not Enrolled|0.52||Gender|Female
05402|Quillayute Valley School District|0|0||2016|PREP - Tier 1|2 Year / CTC|0.35||Race/Ethnicity|Hispanic or Latino of any race(s)
05402|Quillayute Valley School District|0|0||2016|PREP - Tier 1|4 Year|0.14||Race/Ethnicity|Hispanic or Latino of any race(s)
05402|Quillayute Valley School District|0|0||2016|PREP - Tier 1|Not Enrolled|0.51||Race/Ethnicity|Hispanic or Latino of any race(s)
05402|Quillayute Valley School District|35|27|0.771428571428571|2016|PREP - Tier 1|2 Year / CTC|0.24|0.185142857142857|FRPL|FRPL
05402|Quillayute Valley School District|35|27|0.771428571428571|2016|PREP - Tier 1|4 Year|0.08|0.0617142857142857|FRPL|FRPL
05402|Quillayute Valley School District|35|27|0.771428571428571|2016|PREP - Tier 1|Not Enrolled|0.68|0.753142857142857|FRPL|FRPL
05402|Quillayute Valley School District|30|23|0.766666666666667|2016|PREP - Tier 1|2 Year / CTC|0.18|0.138|Gender|Male
05402|Quillayute Valley School District|30|23|0.766666666666667|2016|PREP - Tier 1|4 Year|0.13|0.0996666666666667|Gender|Male
05402|Quillayute Valley School District|30|23|0.766666666666667|2016|PREP - Tier 1|Not Enrolled|0.69|0.762333333333333|Gender|Male
05402|Quillayute Valley School District|0|0||2016|PREP - Tier 1|2 Year / CTC|0.25||FRPL|Not FRPL
05402|Quillayute Valley School District|0|0||2016|PREP - Tier 1|4 Year|0.22||FRPL|Not FRPL
05402|Quillayute Valley School District|0|0||2016|PREP - Tier 1|Not Enrolled|0.54||FRPL|Not FRPL
05402|Quillayute Valley School District|29|23|0.793103448275862|2016|PREP - Tier 1|2 Year / CTC|0.23|0.182413793103448|Race/Ethnicity|White
05402|Quillayute Valley School District|29|23|0.793103448275862|2016|PREP - Tier 1|4 Year|0.17|0.134827586206897|Race/Ethnicity|White
05402|Quillayute Valley School District|29|23|0.793103448275862|2016|PREP - Tier 1|Not Enrolled|0.6|0.682758620689655|Race/Ethnicity|White
05402|Quillayute Valley School District|81|67|0.827160493827161|2017|PREP - Tier 1|2 Year / CTC|0.23|0.190246913580247|All Students|All
05402|Quillayute Valley School District|81|67|0.827160493827161|2017|PREP - Tier 1|4 Year|0.21|0.173703703703704|All Students|All
05402|Quillayute Valley School District|81|67|0.827160493827161|2017|PREP - Tier 1|Not Enrolled|0.56|0.636049382716049|All Students|All
05402|Quillayute Valley School District|0|0||2017|PREP - Tier 1|2 Year / CTC|0.24||Gender|Female
05402|Quillayute Valley School District|0|0||2017|PREP - Tier 1|4 Year|0.2||Gender|Female
05402|Quillayute Valley School District|0|0||2017|PREP - Tier 1|Not Enrolled|0.57||Gender|Female
05402|Quillayute Valley School District|24|21|0.875|2017|PREP - Tier 1|2 Year / CTC|0.35|0.30625|Race/Ethnicity|Hispanic or Latino of any race(s)
05402|Quillayute Valley School District|24|21|0.875|2017|PREP - Tier 1|4 Year|0.15|0.13125|Race/Ethnicity|Hispanic or Latino of any race(s)
05402|Quillayute Valley School District|24|21|0.875|2017|PREP - Tier 1|Not Enrolled|0.5|0.5625|Race/Ethnicity|Hispanic or Latino of any race(s)
05402|Quillayute Valley School District|0|0||2017|PREP - Tier 1|2 Year / CTC|0.25||FRPL|FRPL
05402|Quillayute Valley School District|0|0||2017|PREP - Tier 1|4 Year|0.09||FRPL|FRPL
05402|Quillayute Valley School District|0|0||2017|PREP - Tier 1|Not Enrolled|0.67||FRPL|FRPL
05402|Quillayute Valley School District|0|0||2017|PREP - Tier 1|2 Year / CTC|0.27||Gender|Male
05402|Quillayute Valley School District|0|0||2017|PREP - Tier 1|4 Year|0.11||Gender|Male
05402|Quillayute Valley School District|0|0||2017|PREP - Tier 1|Not Enrolled|0.62||Gender|Male
05402|Quillayute Valley School District|0|0||2017|PREP - Tier 1|2 Year / CTC|0.26||FRPL|Not FRPL
05402|Quillayute Valley School District|0|0||2017|PREP - Tier 1|4 Year|0.23||FRPL|Not FRPL
05402|Quillayute Valley School District|0|0||2017|PREP - Tier 1|Not Enrolled|0.51||FRPL|Not FRPL
05402|Quillayute Valley School District|40|31|0.775|2017|PREP - Tier 1|2 Year / CTC|0.23|0.17825|Race/Ethnicity|White
05402|Quillayute Valley School District|40|31|0.775|2017|PREP - Tier 1|4 Year|0.17|0.13175|Race/Ethnicity|White
05402|Quillayute Valley School District|40|31|0.775|2017|PREP - Tier 1|Not Enrolled|0.6|0.69|Race/Ethnicity|White
05402|Quillayute Valley School District|77|64|0.831168831168831|2018|PREP - Tier 1|2 Year / CTC|0.23|0.191168831168831|All Students|All
05402|Quillayute Valley School District|77|64|0.831168831168831|2018|PREP - Tier 1|4 Year|0.13|0.108051948051948|All Students|All
05402|Quillayute Valley School District|77|64|0.831168831168831|2018|PREP - Tier 1|Not Enrolled|0.64|0.700779220779221|All Students|All
05402|Quillayute Valley School District|0|0||2018|PREP - Tier 1|2 Year / CTC|0.24||Gender|Female
05402|Quillayute Valley School District|0|0||2018|PREP - Tier 1|4 Year|0.2||Gender|Female
05402|Quillayute Valley School District|0|0||2018|PREP - Tier 1|Not Enrolled|0.56||Gender|Female
05402|Quillayute Valley School District|31|22|0.709677419354839|2018|PREP - Tier 1|2 Year / CTC|0.33|0.234193548387097|Race/Ethnicity|Hispanic or Latino of any race(s)
05402|Quillayute Valley School District|31|22|0.709677419354839|2018|PREP - Tier 1|4 Year|0.14|0.0993548387096775|Race/Ethnicity|Hispanic or Latino of any race(s)
05402|Quillayute Valley School District|31|22|0.709677419354839|2018|PREP - Tier 1|Not Enrolled|0.53|0.666451612903226|Race/Ethnicity|Hispanic or Latino of any race(s)
05402|Quillayute Valley School District|57|45|0.789473684210526|2018|PREP - Tier 1|2 Year / CTC|0.24|0.189473684210526|FRPL|FRPL
05402|Quillayute Valley School District|57|45|0.789473684210526|2018|PREP - Tier 1|4 Year|0.07|0.0552631578947368|FRPL|FRPL
05402|Quillayute Valley School District|57|45|0.789473684210526|2018|PREP - Tier 1|Not Enrolled|0.69|0.755263157894737|FRPL|FRPL
05402|Quillayute Valley School District|0|0||2018|PREP - Tier 1|2 Year / CTC|0.25||Gender|Male
05402|Quillayute Valley School District|0|0||2018|PREP - Tier 1|4 Year|0.12||Gender|Male
05402|Quillayute Valley School District|0|0||2018|PREP - Tier 1|Not Enrolled|0.63||Gender|Male
05402|Quillayute Valley School District|0|0||2018|PREP - Tier 1|2 Year / CTC|0.25||FRPL|Not FRPL
05402|Quillayute Valley School District|0|0||2018|PREP - Tier 1|4 Year|0.28||FRPL|Not FRPL
05402|Quillayute Valley School District|0|0||2018|PREP - Tier 1|Not Enrolled|0.47||FRPL|Not FRPL
05402|Quillayute Valley School District|31|28|0.903225806451613|2018|PREP - Tier 1|2 Year / CTC|0.2|0.180645161290323|Race/Ethnicity|White
05402|Quillayute Valley School District|31|28|0.903225806451613|2018|PREP - Tier 1|4 Year|0.2|0.180645161290323|Race/Ethnicity|White
05402|Quillayute Valley School District|31|28|0.903225806451613|2018|PREP - Tier 1|Not Enrolled|0.6|0.638709677419355|Race/Ethnicity|White
05402|Quillayute Valley School District|0|0||2019|PREP - Tier 1|2 Year / CTC|0.36||All Students|All
05402|Quillayute Valley School District|0|0||2019|PREP - Tier 1|4 Year|0.18||All Students|All
05402|Quillayute Valley School District|0|0||2019|PREP - Tier 1|Not Enrolled|0.46||All Students|All
05402|Quillayute Valley School District|0|0||2019|PREP - Tier 1|2 Year / CTC|0.29||Gender|Female
05402|Quillayute Valley School District|0|0||2019|PREP - Tier 1|4 Year|0.24||Gender|Female
05402|Quillayute Valley School District|0|0||2019|PREP - Tier 1|Not Enrolled|0.46||Gender|Female
05402|Quillayute Valley School District|23|15|0.652173913043478|2019|PREP - Tier 1|2 Year / CTC|0.35|0.228260869565217|Race/Ethnicity|Hispanic or Latino of any race(s)
05402|Quillayute Valley School District|23|15|0.652173913043478|2019|PREP - Tier 1|4 Year|0.18|0.117391304347826|Race/Ethnicity|Hispanic or Latino of any race(s)
05402|Quillayute Valley School District|23|15|0.652173913043478|2019|PREP - Tier 1|Not Enrolled|0.47|0.654347826086957|Race/Ethnicity|Hispanic or Latino of any race(s)
05402|Quillayute Valley School District|52|42|0.807692307692308|2019|PREP - Tier 1|2 Year / CTC|0.27|0.218076923076923|FRPL|FRPL
05402|Quillayute Valley School District|52|42|0.807692307692308|2019|PREP - Tier 1|4 Year|0.11|0.0888461538461539|FRPL|FRPL
05402|Quillayute Valley School District|52|42|0.807692307692308|2019|PREP - Tier 1|Not Enrolled|0.62|0.693076923076923|FRPL|FRPL
05402|Quillayute Valley School District|46|38|0.826086956521739|2019|PREP - Tier 1|2 Year / CTC|0.25|0.206521739130435|Gender|Male
05402|Quillayute Valley School District|46|38|0.826086956521739|2019|PREP - Tier 1|4 Year|0.11|0.0908695652173913|Gender|Male
05402|Quillayute Valley School District|46|38|0.826086956521739|2019|PREP - Tier 1|Not Enrolled|0.64|0.702608695652174|Gender|Male
05402|Quillayute Valley School District|0|0||2019|PREP - Tier 1|2 Year / CTC|0.27||FRPL|Not FRPL
05402|Quillayute Valley School District|0|0||2019|PREP - Tier 1|4 Year|0.26||FRPL|Not FRPL
05402|Quillayute Valley School District|0|0||2019|PREP - Tier 1|Not Enrolled|0.47||FRPL|Not FRPL
05402|Quillayute Valley School District|0|0||2019|PREP - Tier 1|2 Year / CTC|0.25||Race/Ethnicity|White
05402|Quillayute Valley School District|0|0||2019|PREP - Tier 1|4 Year|0.2||Race/Ethnicity|White
05402|Quillayute Valley School District|0|0||2019|PREP - Tier 1|Not Enrolled|0.55||Race/Ethnicity|White
05402|Quillayute Valley School District|72|62|0.861111111111111|2020|PREP - Tier 1|2 Year / CTC|0.21|0.180833333333333|All Students|All
05402|Quillayute Valley School District|72|62|0.861111111111111|2020|PREP - Tier 1|4 Year|0.15|0.129166666666667|All Students|All
05402|Quillayute Valley School District|72|62|0.861111111111111|2020|PREP - Tier 1|Not Enrolled|0.65|0.698611111111111|All Students|All
05402|Quillayute Valley School District|0|0||2020|PREP - Tier 1|2 Year / CTC|0.32||Gender|Female
05402|Quillayute Valley School District|0|0||2020|PREP - Tier 1|4 Year|0.22||Gender|Female
05402|Quillayute Valley School District|0|0||2020|PREP - Tier 1|Not Enrolled|0.46||Gender|Female
05402|Quillayute Valley School District|26|21|0.807692307692308|2020|PREP - Tier 1|2 Year / CTC|0.38|0.306923076923077|Race/Ethnicity|Hispanic or Latino of any race(s)
05402|Quillayute Valley School District|26|21|0.807692307692308|2020|PREP - Tier 1|4 Year|0.13|0.105|Race/Ethnicity|Hispanic or Latino of any race(s)
05402|Quillayute Valley School District|26|21|0.807692307692308|2020|PREP - Tier 1|Not Enrolled|0.49|0.588076923076923|Race/Ethnicity|Hispanic or Latino of any race(s)
05402|Quillayute Valley School District|0|0||2020|PREP - Tier 1|2 Year / CTC|0.26||FRPL|FRPL
05402|Quillayute Valley School District|0|0||2020|PREP - Tier 1|4 Year|0.11||FRPL|FRPL
05402|Quillayute Valley School District|0|0||2020|PREP - Tier 1|Not Enrolled|0.64||FRPL|FRPL
05402|Quillayute Valley School District|0|0||2020|PREP - Tier 1|2 Year / CTC|0.2||Gender|Male
05402|Quillayute Valley School District|0|0||2020|PREP - Tier 1|4 Year|0.08||Gender|Male
05402|Quillayute Valley School District|0|0||2020|PREP - Tier 1|Not Enrolled|0.71||Gender|Male
05402|Quillayute Valley School District|0|0||2020|PREP - Tier 1|2 Year / CTC|0.27||FRPL|Not FRPL
05402|Quillayute Valley School District|0|0||2020|PREP - Tier 1|4 Year|0.21||FRPL|Not FRPL
05402|Quillayute Valley School District|0|0||2020|PREP - Tier 1|Not Enrolled|0.52||FRPL|Not FRPL
05402|Quillayute Valley School District|33|30|0.909090909090909|2020|PREP - Tier 1|2 Year / CTC|0.22|0.2|Race/Ethnicity|White
05402|Quillayute Valley School District|33|30|0.909090909090909|2020|PREP - Tier 1|4 Year|0.21|0.190909090909091|Race/Ethnicity|White
05402|Quillayute Valley School District|33|30|0.909090909090909|2020|PREP - Tier 1|Not Enrolled|0.58|0.618181818181818|Race/Ethnicity|White
05402|Quillayute Valley School District|83|64|0.771084337349398|2021|PREP - Tier 1|2 Year / CTC|0.32|0.246746987951807|All Students|All
05402|Quillayute Valley School District|83|64|0.771084337349398|2021|PREP - Tier 1|4 Year|0.15|0.11566265060241|All Students|All
05402|Quillayute Valley School District|83|64|0.771084337349398|2021|PREP - Tier 1|Not Enrolled|0.53|0.637590361445783|All Students|All
05402|Quillayute Valley School District|0|0||2021|PREP - Tier 1|2 Year / CTC|0.32||Gender|Female
05402|Quillayute Valley School District|0|0||2021|PREP - Tier 1|4 Year|0.23||Gender|Female
05402|Quillayute Valley School District|0|0||2021|PREP - Tier 1|Not Enrolled|0.44||Gender|Female
05402|Quillayute Valley School District|30|23|0.766666666666667|2021|PREP - Tier 1|2 Year / CTC|0.38|0.291333333333333|Race/Ethnicity|Hispanic or Latino of any race(s)
05402|Quillayute Valley School District|30|23|0.766666666666667|2021|PREP - Tier 1|4 Year|0.15|0.115|Race/Ethnicity|Hispanic or Latino of any race(s)
05402|Quillayute Valley School District|30|23|0.766666666666667|2021|PREP - Tier 1|Not Enrolled|0.48|0.601333333333333|Race/Ethnicity|Hispanic or Latino of any race(s)
05402|Quillayute Valley School District|57|42|0.736842105263158|2021|PREP - Tier 1|2 Year / CTC|0.29|0.213684210526316|FRPL|FRPL
05402|Quillayute Valley School District|57|42|0.736842105263158|2021|PREP - Tier 1|4 Year|0.14|0.103157894736842|FRPL|FRPL
05402|Quillayute Valley School District|57|42|0.736842105263158|2021|PREP - Tier 1|Not Enrolled|0.57|0.683157894736842|FRPL|FRPL
05402|Quillayute Valley School District|0|0||2021|PREP - Tier 1|2 Year / CTC|0.26||Gender|Male
05402|Quillayute Valley School District|0|0||2021|PREP - Tier 1|4 Year|0.09||Gender|Male
05402|Quillayute Valley School District|0|0||2021|PREP - Tier 1|Not Enrolled|0.65||Gender|Male
05402|Quillayute Valley School District|0|0||2021|PREP - Tier 1|2 Year / CTC|0.3||FRPL|Not FRPL
05402|Quillayute Valley School District|0|0||2021|PREP - Tier 1|4 Year|0.18||FRPL|Not FRPL
05402|Quillayute Valley School District|0|0||2021|PREP - Tier 1|Not Enrolled|0.52||FRPL|Not FRPL
05402|Quillayute Valley School District|42|32|0.761904761904762|2021|PREP - Tier 1|2 Year / CTC|0.28|0.213333333333333|Race/Ethnicity|White
05402|Quillayute Valley School District|42|32|0.761904761904762|2021|PREP - Tier 1|4 Year|0.18|0.137142857142857|Race/Ethnicity|White
05402|Quillayute Valley School District|42|32|0.761904761904762|2021|PREP - Tier 1|Not Enrolled|0.55|0.657142857142857|Race/Ethnicity|White
05402|Quillayute Valley School District|0|0||2022|PREP - Tier 1|2 Year / CTC|0.33||All Students|All
05402|Quillayute Valley School District|0|0||2022|PREP - Tier 1|4 Year|0.13||All Students|All
05402|Quillayute Valley School District|0|0||2022|PREP - Tier 1|Not Enrolled|0.54||All Students|All
05402|Quillayute Valley School District|37|31|0.837837837837838|2022|PREP - Tier 1|2 Year / CTC|0.29|0.242972972972973|Gender|Female
05402|Quillayute Valley School District|37|31|0.837837837837838|2022|PREP - Tier 1|4 Year|0.2|0.167567567567568|Gender|Female
05402|Quillayute Valley School District|37|31|0.837837837837838|2022|PREP - Tier 1|Not Enrolled|0.51|0.589459459459459|Gender|Female
05402|Quillayute Valley School District|0|0||2022|PREP - Tier 1|2 Year / CTC|0.37||Race/Ethnicity|Hispanic or Latino of any race(s)
05402|Quillayute Valley School District|0|0||2022|PREP - Tier 1|4 Year|0.09||Race/Ethnicity|Hispanic or Latino of any race(s)
05402|Quillayute Valley School District|0|0||2022|PREP - Tier 1|Not Enrolled|0.54||Race/Ethnicity|Hispanic or Latino of any race(s)
05402|Quillayute Valley School District|0|0||2022|PREP - Tier 1|2 Year / CTC|0.26||FRPL|FRPL
05402|Quillayute Valley School District|0|0||2022|PREP - Tier 1|4 Year|0.13||FRPL|FRPL
05402|Quillayute Valley School District|0|0||2022|PREP - Tier 1|Not Enrolled|0.61||FRPL|FRPL
05402|Quillayute Valley School District|0|0||2022|PREP - Tier 1|2 Year / CTC|0.28||Gender|Male
05402|Quillayute Valley School District|0|0||2022|PREP - Tier 1|4 Year|0.07||Gender|Male
05402|Quillayute Valley School District|0|0||2022|PREP - Tier 1|Not Enrolled|0.65||Gender|Male
05402|Quillayute Valley School District|0|0||2022|PREP - Tier 1|2 Year / CTC|0.31||FRPL|Not FRPL
05402|Quillayute Valley School District|0|0||2022|PREP - Tier 1|4 Year|0.17||FRPL|Not FRPL
05402|Quillayute Valley School District|0|0||2022|PREP - Tier 1|Not Enrolled|0.51||FRPL|Not FRPL
05402|Quillayute Valley School District|31|23|0.741935483870968|2022|PREP - Tier 1|2 Year / CTC|0.22|0.163225806451613|Race/Ethnicity|White
05402|Quillayute Valley School District|31|23|0.741935483870968|2022|PREP - Tier 1|4 Year|0.19|0.140967741935484|Race/Ethnicity|White
05402|Quillayute Valley School District|31|23|0.741935483870968|2022|PREP - Tier 1|Not Enrolled|0.59|0.695806451612903|Race/Ethnicity|White
