SchoolYear|DistrictCode|DistrictName|StudentGroup|StudentGroupType|BeginningGrade9|FinalCohort|Graduate|GraduationRate|TransferIn|Year1Dropout|Year2Dropout|Year3Dropout|Year4Dropout|Year5Dropout|Year6Dropout|Year7Dropout|TransferOut|SchoolCode|SchoolName|CohortType|CohortYearTTL|Horizons.Partner
2020-21|18303|Bainbridge Island School District|Non Section 504|504|259|265|254|0.958490566|||||||||||||2020|PREP - Tier 2
2019-20|18303|Bainbridge Island School District|Non Section 504|504|248|249|239|0.959839357|||||||||||||2019|PREP - Tier 2
2018-19|18303|Bainbridge Island School District|Non Section 504|504||||0.967|||||||||||||2018|PREP - Tier 2
2017-18|18303|Bainbridge Island School District|Non Section 504|504||||0.954|||||||||||||2017|PREP - Tier 2
2016-17|18303|Bainbridge Island School District|Non Section 504|504|289|293|285|0.972696246|||||||||||||2016|PREP - Tier 2
2015-16|18303|Bainbridge Island School District|Non Section 504|504|295|296|287|0.969594595|||||||||||||2015|PREP - Tier 2
2014-15|18303|Bainbridge Island School District|Non Section 504|504|303|302|289|0.956953642|||||||||||||2014|PREP - Tier 2
2020-21|18303|Bainbridge Island School District|Section 504|504||||0.95|||||||||||||2020|PREP - Tier 2
2019-20|18303|Bainbridge Island School District|Section 504|504||||0.96|||||||||||||2019|PREP - Tier 2
2018-19|18303|Bainbridge Island School District|Section 504|504|59|61|53|0.868852459|||||||||||||2018|PREP - Tier 2
2017-18|18303|Bainbridge Island School District|Section 504|504||||0.92|||||||||||||2017|PREP - Tier 2
2016-17|18303|Bainbridge Island School District|Section 504|504||||0.87|||||||||||||2016|PREP - Tier 2
2015-16|18303|Bainbridge Island School District|Section 504|504||||0.88|||||||||||||2015|PREP - Tier 2
2014-15|18303|Bainbridge Island School District|Section 504|504||||0.933|||||||||||||2014|PREP - Tier 2
2020-21|18303|Bainbridge Island School District|All Students|All||||0.955|||||||||||||2020|PREP - Tier 2
2019-20|18303|Bainbridge Island School District|All Students|All||||0.96|||||||||||||2019|PREP - Tier 2
2018-19|18303|Bainbridge Island School District|All Students|All|356|364|346|0.950549451|||||||||||||2018|PREP - Tier 2
2017-18|18303|Bainbridge Island School District|All Students|All|328|343|326|0.950437318|||||||||||||2017|PREP - Tier 2
2016-17|18303|Bainbridge Island School District|All Students|All|344|348|333|0.956896552|||||||||||||2016|PREP - Tier 2
2015-16|18303|Bainbridge Island School District|All Students|All||||0.96|||||||||||||2015|PREP - Tier 2
2014-15|18303|Bainbridge Island School District|All Students|All||||0.954|||||||||||||2014|PREP - Tier 2
2020-21|18303|Bainbridge Island School District|English Language Learners|ELL|||||||||||||||||2020|PREP - Tier 2
2019-20|18303|Bainbridge Island School District|English Language Learners|ELL|||||||||||||||||2019|PREP - Tier 2
2018-19|18303|Bainbridge Island School District|English Language Learners|ELL|||||||||||||||||2018|PREP - Tier 2
2017-18|18303|Bainbridge Island School District|English Language Learners|ELL|||||||||||||||||2017|PREP - Tier 2
2016-17|18303|Bainbridge Island School District|English Language Learners|ELL|||||||||||||||||2016|PREP - Tier 2
2015-16|18303|Bainbridge Island School District|English Language Learners|ELL|||||||||||||||||2015|PREP - Tier 2
2014-15|18303|Bainbridge Island School District|English Language Learners|ELL|||||||||||||||||2014|PREP - Tier 2
2020-21|18303|Bainbridge Island School District|Non-English Language Learners|ELL||||0.954|||||||||||||2020|PREP - Tier 2
2019-20|18303|Bainbridge Island School District|Gender X|Gender|||||||||||||||||2019|PREP - Tier 2
2019-20|18303|Bainbridge Island School District|Non-English Language Learners|ELL||||0.96|||||||||||||2019|PREP - Tier 2
2018-19|18303|Bainbridge Island School District|Non-English Language Learners|ELL||||0.95|||||||||||||2018|PREP - Tier 2
2017-18|18303|Bainbridge Island School District|Non-English Language Learners|ELL||||0.95|||||||||||||2017|PREP - Tier 2
2016-17|18303|Bainbridge Island School District|Non-English Language Learners|ELL||||0.957|||||||||||||2016|PREP - Tier 2
2015-16|18303|Bainbridge Island School District|Non-English Language Learners|ELL|327|329|316|0.960486322|||||||||||||2015|PREP - Tier 2
2014-15|18303|Bainbridge Island School District|Non-English Language Learners|ELL||||0.954|||||||||||||2014|PREP - Tier 2
2018-19|18303|Bainbridge Island School District|Foster Care|Foster|||||||||||||||||2018|PREP - Tier 2
2017-18|18303|Bainbridge Island School District|Foster Care|Foster|||||||||||||||||2017|PREP - Tier 2
2015-16|18303|Bainbridge Island School District|Foster Care|Foster|||||||||||||||||2015|PREP - Tier 2
2020-21|18303|Bainbridge Island School District|Non-Foster Care|Foster||||0.955|||||||||||||2020|PREP - Tier 2
2019-20|18303|Bainbridge Island School District|Non-Foster Care|Foster||||0.96|||||||||||||2019|PREP - Tier 2
2018-19|18303|Bainbridge Island School District|Non-Foster Care|Foster||||0.95|||||||||||||2018|PREP - Tier 2
2017-18|18303|Bainbridge Island School District|Non-Foster Care|Foster||||0.95|||||||||||||2017|PREP - Tier 2
2016-17|18303|Bainbridge Island School District|Non-Foster Care|Foster|344|348|333|0.956896552|||||||||||||2016|PREP - Tier 2
2015-16|18303|Bainbridge Island School District|Non-Foster Care|Foster||||0.96|||||||||||||2015|PREP - Tier 2
2014-15|18303|Bainbridge Island School District|Non-Foster Care|Foster||||0.954|||||||||||||2014|PREP - Tier 2
2020-21|18303|Bainbridge Island School District|Female|Gender||||0.963|||||||||||||2020|PREP - Tier 2
2019-20|18303|Bainbridge Island School District|Female|Gender||||0.967|||||||||||||2019|PREP - Tier 2
2018-19|18303|Bainbridge Island School District|Female|Gender|191|197|190|0.964467005|||||||||||||2018|PREP - Tier 2
2017-18|18303|Bainbridge Island School District|Female|Gender|149|157|148|0.942675159|||||||||||||2017|PREP - Tier 2
2016-17|18303|Bainbridge Island School District|Female|Gender||||0.944|||||||||||||2016|PREP - Tier 2
2015-16|18303|Bainbridge Island School District|Female|Gender|162|169|164|0.970414201|||||||||||||2015|PREP - Tier 2
2014-15|18303|Bainbridge Island School District|Female|Gender|172|176|171|0.971590909|||||||||||||2014|PREP - Tier 2
2020-21|18303|Bainbridge Island School District|Male|Gender|194|196|186|0.948979592|||||||||||||2020|PREP - Tier 2
2019-20|18303|Bainbridge Island School District|Male|Gender|170|172|164|0.953488372|||||||||||||2019|PREP - Tier 2
2018-19|18303|Bainbridge Island School District|Male|Gender||||0.934|||||||||||||2018|PREP - Tier 2
2017-18|18303|Bainbridge Island School District|Male|Gender||||0.957|||||||||||||2017|PREP - Tier 2
2016-17|18303|Bainbridge Island School District|Male|Gender||||0.971|||||||||||||2016|PREP - Tier 2
2015-16|18303|Bainbridge Island School District|Male|Gender||||0.95|||||||||||||2015|PREP - Tier 2
2014-15|18303|Bainbridge Island School District|Male|Gender||||0.936|||||||||||||2014|PREP - Tier 2
2020-21|18303|Bainbridge Island School District|Homeless|Homeless|||||||||||||||||2020|PREP - Tier 2
2019-20|18303|Bainbridge Island School District|Homeless|Homeless|||||||||||||||||2019|PREP - Tier 2
2018-19|18303|Bainbridge Island School District|Homeless|Homeless|||||||||||||||||2018|PREP - Tier 2
2017-18|18303|Bainbridge Island School District|Homeless|Homeless|||||||||||||||||2017|PREP - Tier 2
2016-17|18303|Bainbridge Island School District|Homeless|Homeless|||||||||||||||||2016|PREP - Tier 2
2014-15|18303|Bainbridge Island School District|Homeless|Homeless|||||||||||||||||2014|PREP - Tier 2
2020-21|18303|Bainbridge Island School District|Non-Homeless|Homeless||||0.955|||||||||||||2020|PREP - Tier 2
2019-20|18303|Bainbridge Island School District|Non-Homeless|Homeless||||0.96|||||||||||||2019|PREP - Tier 2
2018-19|18303|Bainbridge Island School District|Non-Homeless|Homeless||||0.95|||||||||||||2018|PREP - Tier 2
2017-18|18303|Bainbridge Island School District|Non-Homeless|Homeless||||0.95|||||||||||||2017|PREP - Tier 2
2016-17|18303|Bainbridge Island School District|Non-Homeless|Homeless||||0.956|||||||||||||2016|PREP - Tier 2
2015-16|18303|Bainbridge Island School District|Non-Homeless|Homeless||||0.96|||||||||||||2015|PREP - Tier 2
2014-15|18303|Bainbridge Island School District|Non-Homeless|Homeless||||0.959|||||||||||||2014|PREP - Tier 2
2020-21|18303|Bainbridge Island School District|Low-Income|LowIncome||||0.84|||||||||||||2020|PREP - Tier 2
2019-20|18303|Bainbridge Island School District|Low-Income|LowIncome||||0.84|||||||||||||2019|PREP - Tier 2
2018-19|18303|Bainbridge Island School District|Low-Income|LowIncome||||0.929|||||||||||||2018|PREP - Tier 2
2017-18|18303|Bainbridge Island School District|Low-Income|LowIncome||||0.83|||||||||||||2017|PREP - Tier 2
2016-17|18303|Bainbridge Island School District|Low-Income|LowIncome||||0.906|||||||||||||2016|PREP - Tier 2
2015-16|18303|Bainbridge Island School District|Low-Income|LowIncome||||0.83|||||||||||||2015|PREP - Tier 2
2014-15|18303|Bainbridge Island School District|Low-Income|LowIncome||||0.79|||||||||||||2014|PREP - Tier 2
2020-21|18303|Bainbridge Island School District|Non-Low Income|LowIncome||||0.966|||||||||||||2020|PREP - Tier 2
2019-20|18303|Bainbridge Island School District|Non-Low Income|LowIncome|296|299|290|0.969899666|||||||||||||2019|PREP - Tier 2
2018-19|18303|Bainbridge Island School District|Non-Low Income|LowIncome||||0.95|||||||||||||2018|PREP - Tier 2
2017-18|18303|Bainbridge Island School District|Non-Low Income|LowIncome||||0.962|||||||||||||2017|PREP - Tier 2
2016-17|18303|Bainbridge Island School District|Non-Low Income|LowIncome||||0.959|||||||||||||2016|PREP - Tier 2
2015-16|18303|Bainbridge Island School District|Non-Low Income|LowIncome|288|294|287|0.976190476|||||||||||||2015|PREP - Tier 2
2014-15|18303|Bainbridge Island School District|Non-Low Income|LowIncome|303|308|300|0.974025974|||||||||||||2014|PREP - Tier 2
2020-21|18303|Bainbridge Island School District|Non Migrant|Migrant||||0.955|||||||||||||2020|PREP - Tier 2
2019-20|18303|Bainbridge Island School District|Non Migrant|Migrant||||0.96|||||||||||||2019|PREP - Tier 2
2018-19|18303|Bainbridge Island School District|Non Migrant|Migrant|356|364|346|0.950549451|||||||||||||2018|PREP - Tier 2
2017-18|18303|Bainbridge Island School District|Non Migrant|Migrant|328|343|326|0.950437318|||||||||||||2017|PREP - Tier 2
2016-17|18303|Bainbridge Island School District|Non Migrant|Migrant|344|348|333|0.956896552|||||||||||||2016|PREP - Tier 2
2015-16|18303|Bainbridge Island School District|Non Migrant|Migrant||||0.96|||||||||||||2015|PREP - Tier 2
2014-15|18303|Bainbridge Island School District|Non Migrant|Migrant||||0.954|||||||||||||2014|PREP - Tier 2
2020-21|18303|Bainbridge Island School District|American Indian/ Alaskan Native|Race|||||||||||||||||2020|PREP - Tier 2
2019-20|18303|Bainbridge Island School District|American Indian/ Alaskan Native|Race|||||||||||||||||2019|PREP - Tier 2
2018-19|18303|Bainbridge Island School District|American Indian/ Alaskan Native|Race|||||||||||||||||2018|PREP - Tier 2
2016-17|18303|Bainbridge Island School District|American Indian/ Alaskan Native|Race|||||||||||||||||2016|PREP - Tier 2
2015-16|18303|Bainbridge Island School District|American Indian/ Alaskan Native|Race|||||||||||||||||2015|PREP - Tier 2
2014-15|18303|Bainbridge Island School District|American Indian/ Alaskan Native|Race|||||||||||||||||2014|PREP - Tier 2
2020-21|18303|Bainbridge Island School District|Asian|Race|||||||||||||||||2020|PREP - Tier 2
2019-20|18303|Bainbridge Island School District|Asian|Race||||0.8|||||||||||||2019|PREP - Tier 2
2018-19|18303|Bainbridge Island School District|Asian|Race||||0.786|||||||||||||2018|PREP - Tier 2
2017-18|18303|Bainbridge Island School District|Asian|Race||||0.8|||||||||||||2017|PREP - Tier 2
2016-17|18303|Bainbridge Island School District|Asian|Race||||0.769|||||||||||||2016|PREP - Tier 2
2015-16|18303|Bainbridge Island School District|Asian|Race|||||||||||||||||2015|PREP - Tier 2
2014-15|18303|Bainbridge Island School District|Asian|Race||||0.727|||||||||||||2014|PREP - Tier 2
2020-21|18303|Bainbridge Island School District|Black/ African American|Race|||||||||||||||||2020|PREP - Tier 2
2018-19|18303|Bainbridge Island School District|Black/ African American|Race|||||||||||||||||2018|PREP - Tier 2
2017-18|18303|Bainbridge Island School District|Black/ African American|Race|||||||||||||||||2017|PREP - Tier 2
2016-17|18303|Bainbridge Island School District|Black/ African American|Race|||||||||||||||||2016|PREP - Tier 2
2015-16|18303|Bainbridge Island School District|Black/ African American|Race|||||||||||||||||2015|PREP - Tier 2
2020-21|18303|Bainbridge Island School District|Hispanic/ Latino of any race(s)|Race||||0.9|||||||||||||2020|PREP - Tier 2
2019-20|18303|Bainbridge Island School District|Hispanic/ Latino of any race(s)|Race||||0.88|||||||||||||2019|PREP - Tier 2
2018-19|18303|Bainbridge Island School District|Hispanic/ Latino of any race(s)|Race||||0.889|||||||||||||2018|PREP - Tier 2
2017-18|18303|Bainbridge Island School District|Hispanic/ Latino of any race(s)|Race||||0.88|||||||||||||2017|PREP - Tier 2
2016-17|18303|Bainbridge Island School District|Hispanic/ Latino of any race(s)|Race||||0.813|||||||||||||2016|PREP - Tier 2
2015-16|18303|Bainbridge Island School District|Hispanic/ Latino of any race(s)|Race|13|13|10|0.769230769|||||||||||||2015|PREP - Tier 2
2014-15|18303|Bainbridge Island School District|Hispanic/ Latino of any race(s)|Race|20|20|17|0.85|||||||||||||2014|PREP - Tier 2
2020-21|18303|Bainbridge Island School District|Two or More Races|Race||||0.906|||||||||||||2020|PREP - Tier 2
2019-20|18303|Bainbridge Island School District|Two or More Races|Race||||0.889|||||||||||||2019|PREP - Tier 2
2018-19|18303|Bainbridge Island School District|Two or More Races|Race||||0.906|||||||||||||2018|PREP - Tier 2
2017-18|18303|Bainbridge Island School District|Two or More Races|Race||||0.875|||||||||||||2017|PREP - Tier 2
2016-17|18303|Bainbridge Island School District|Two or More Races|Race||||0.842|||||||||||||2016|PREP - Tier 2
2015-16|18303|Bainbridge Island School District|Two or More Races|Race||||0.857|||||||||||||2015|PREP - Tier 2
2014-15|18303|Bainbridge Island School District|Two or More Races|Race||||0.824|||||||||||||2014|PREP - Tier 2
2020-21|18303|Bainbridge Island School District|White|Race|279|285|269|0.943859649|||||||||||||2020|PREP - Tier 2
2019-20|18303|Bainbridge Island School District|White|Race|253|253|243|0.960474308|||||||||||||2019|PREP - Tier 2
2018-19|18303|Bainbridge Island School District|White|Race|280|285|269|0.943859649|||||||||||||2018|PREP - Tier 2
2017-18|18303|Bainbridge Island School District|White|Race|271|278|265|0.95323741|||||||||||||2017|PREP - Tier 2
2016-17|18303|Bainbridge Island School District|White|Race|289|294|280|0.952380952|||||||||||||2016|PREP - Tier 2
2015-16|18303|Bainbridge Island School District|White|Race|281|282|273|0.968085106|||||||||||||2015|PREP - Tier 2
2014-15|18303|Bainbridge Island School District|White|Race|288|293|281|0.959044369|||||||||||||2014|PREP - Tier 2
2020-21|18303|Bainbridge Island School District|Students with Disabilities|sped||||0.86|||||||||||||2020|PREP - Tier 2
2019-20|18303|Bainbridge Island School District|Students with Disabilities|sped||||0.88|||||||||||||2019|PREP - Tier 2
2018-19|18303|Bainbridge Island School District|Students with Disabilities|sped||||0.67|||||||||||||2018|PREP - Tier 2
2017-18|18303|Bainbridge Island School District|Students with Disabilities|sped||||0.9|||||||||||||2017|PREP - Tier 2
2016-17|18303|Bainbridge Island School District|Students with Disabilities|sped||||0.87|||||||||||||2016|PREP - Tier 2
2015-16|18303|Bainbridge Island School District|Students with Disabilities|sped||||0.893|||||||||||||2015|PREP - Tier 2
2014-15|18303|Bainbridge Island School District|Students with Disabilities|sped||||0.86|||||||||||||2014|PREP - Tier 2
2020-21|18303|Bainbridge Island School District|Students without Disabilities|sped|318|330|318|0.963636364|||||||||||||2020|PREP - Tier 2
2019-20|18303|Bainbridge Island School District|Students without Disabilities|sped|300|300|290|0.966666667|||||||||||||2019|PREP - Tier 2
2018-19|18303|Bainbridge Island School District|Students without Disabilities|sped|328|337|328|0.973293769|||||||||||||2018|PREP - Tier 2
2017-18|18303|Bainbridge Island School District|Students without Disabilities|sped|301|314|300|0.955414013|||||||||||||2017|PREP - Tier 2
2016-17|18303|Bainbridge Island School District|Students without Disabilities|sped|306|310|300|0.967741935|||||||||||||2016|PREP - Tier 2
2015-16|18303|Bainbridge Island School District|Students without Disabilities|sped|297|301|289|0.96013289|||||||||||||2015|PREP - Tier 2
2014-15|18303|Bainbridge Island School District|Students without Disabilities|sped|317|319|307|0.962382445|||||||||||||2014|PREP - Tier 2
2020-21|05401|Cape Flattery School District|Non Section 504|504||||0.857|||||||||||||2020|PREP - Tier 1
2019-20|05401|Cape Flattery School District|Non Section 504|504||||0.88|||||||||||||2019|PREP - Tier 1
2018-19|05401|Cape Flattery School District|Non Section 504|504||||0.89|||||||||||||2018|PREP - Tier 1
2017-18|05401|Cape Flattery School District|Non Section 504|504||||0.914|||||||||||||2017|PREP - Tier 1
2016-17|05401|Cape Flattery School District|Non Section 504|504||||0.912|||||||||||||2016|PREP - Tier 1
2015-16|05401|Cape Flattery School District|Non Section 504|504||||0.932|||||||||||||2015|PREP - Tier 1
2014-15|05401|Cape Flattery School District|Non Section 504|504||||0.85|||||||||||||2014|PREP - Tier 1
2020-21|05401|Cape Flattery School District|Section 504|504|||||||||||||||||2020|PREP - Tier 1
2019-20|05401|Cape Flattery School District|Section 504|504|||||||||||||||||2019|PREP - Tier 1
2018-19|05401|Cape Flattery School District|Section 504|504|||||||||||||||||2018|PREP - Tier 1
2017-18|05401|Cape Flattery School District|Section 504|504|||||||||||||||||2017|PREP - Tier 1
2016-17|05401|Cape Flattery School District|Section 504|504|||||||||||||||||2016|PREP - Tier 1
2015-16|05401|Cape Flattery School District|Section 504|504|||||||||||||||||2015|PREP - Tier 1
2020-21|05401|Cape Flattery School District|All Students|All||||0.88|||||||||||||2020|PREP - Tier 1
2019-20|05401|Cape Flattery School District|All Students|All||||0.906|||||||||||||2019|PREP - Tier 1
2018-19|05401|Cape Flattery School District|All Students|All||||0.9|||||||||||||2018|PREP - Tier 1
2017-18|05401|Cape Flattery School District|All Students|All||||0.921|||||||||||||2017|PREP - Tier 1
2016-17|05401|Cape Flattery School District|All Students|All||||0.917|||||||||||||2016|PREP - Tier 1
2015-16|05401|Cape Flattery School District|All Students|All||||0.91|||||||||||||2015|PREP - Tier 1
2014-15|05401|Cape Flattery School District|All Students|All||||0.85|||||||||||||2014|PREP - Tier 1
2020-21|05401|Cape Flattery School District|Non-English Language Learners|ELL||||0.88|||||||||||||2020|PREP - Tier 1
2019-20|05401|Cape Flattery School District|Non-English Language Learners|ELL||||0.906|||||||||||||2019|PREP - Tier 1
2018-19|05401|Cape Flattery School District|Non-English Language Learners|ELL||||0.9|||||||||||||2018|PREP - Tier 1
2017-18|05401|Cape Flattery School District|Non-English Language Learners|ELL||||0.921|||||||||||||2017|PREP - Tier 1
2016-17|05401|Cape Flattery School District|Non-English Language Learners|ELL||||0.917|||||||||||||2016|PREP - Tier 1
2015-16|05401|Cape Flattery School District|Non-English Language Learners|ELL||||0.91|||||||||||||2015|PREP - Tier 1
2014-15|05401|Cape Flattery School District|Non-English Language Learners|ELL||||0.85|||||||||||||2014|PREP - Tier 1
2014-15|05401|Cape Flattery School District|Foster Care|Foster|||||||||||||||||2014|PREP - Tier 1
2020-21|05401|Cape Flattery School District|Non-Foster Care|Foster||||0.88|||||||||||||2020|PREP - Tier 1
2019-20|05401|Cape Flattery School District|Non-Foster Care|Foster||||0.906|||||||||||||2019|PREP - Tier 1
2018-19|05401|Cape Flattery School District|Non-Foster Care|Foster||||0.9|||||||||||||2018|PREP - Tier 1
2017-18|05401|Cape Flattery School District|Non-Foster Care|Foster||||0.921|||||||||||||2017|PREP - Tier 1
2016-17|05401|Cape Flattery School District|Non-Foster Care|Foster||||0.917|||||||||||||2016|PREP - Tier 1
2015-16|05401|Cape Flattery School District|Non-Foster Care|Foster||||0.91|||||||||||||2015|PREP - Tier 1
2014-15|05401|Cape Flattery School District|Non-Foster Care|Foster||||0.88|||||||||||||2014|PREP - Tier 1
2020-21|05401|Cape Flattery School District|Female|Gender||||0.7|||||||||||||2020|PREP - Tier 1
2019-20|05401|Cape Flattery School District|Female|Gender||||0.8|||||||||||||2019|PREP - Tier 1
2018-19|05401|Cape Flattery School District|Female|Gender||||0.885|||||||||||||2018|PREP - Tier 1
2017-18|05401|Cape Flattery School District|Female|Gender||||0.85|||||||||||||2017|PREP - Tier 1
2016-17|05401|Cape Flattery School District|Female|Gender||||0.813|||||||||||||2016|PREP - Tier 1
2015-16|05401|Cape Flattery School District|Female|Gender||||0.857|||||||||||||2015|PREP - Tier 1
2014-15|05401|Cape Flattery School District|Female|Gender|||||||||||||||||2014|PREP - Tier 1
2020-21|05401|Cape Flattery School District|Male|Gender||||0.8|||||||||||||2020|PREP - Tier 1
2019-20|05401|Cape Flattery School District|Male|Gender||||0.824|||||||||||||2019|PREP - Tier 1
2018-19|05401|Cape Flattery School District|Male|Gender||||0.8|||||||||||||2018|PREP - Tier 1
2017-18|05401|Cape Flattery School District|Male|Gender||||0.833|||||||||||||2017|PREP - Tier 1
2016-17|05401|Cape Flattery School District|Male|Gender||||0.85|||||||||||||2016|PREP - Tier 1
2015-16|05401|Cape Flattery School District|Male|Gender|23|26|22|0.846153846|||||||||||||2015|PREP - Tier 1
2014-15|05401|Cape Flattery School District|Male|Gender||||0.85|||||||||||||2014|PREP - Tier 1
2019-20|05401|Cape Flattery School District|Homeless|Homeless|||||||||||||||||2019|PREP - Tier 1
2018-19|05401|Cape Flattery School District|Homeless|Homeless|||||||||||||||||2018|PREP - Tier 1
2017-18|05401|Cape Flattery School District|Homeless|Homeless|||||||||||||||||2017|PREP - Tier 1
2016-17|05401|Cape Flattery School District|Homeless|Homeless|||||||||||||||||2016|PREP - Tier 1
2015-16|05401|Cape Flattery School District|Homeless|Homeless|||||||||||||||||2015|PREP - Tier 1
2020-21|05401|Cape Flattery School District|Non-Homeless|Homeless||||0.88|||||||||||||2020|PREP - Tier 1
2019-20|05401|Cape Flattery School District|Non-Homeless|Homeless||||0.903|||||||||||||2019|PREP - Tier 1
2018-19|05401|Cape Flattery School District|Non-Homeless|Homeless||||0.9|||||||||||||2018|PREP - Tier 1
2017-18|05401|Cape Flattery School District|Non-Homeless|Homeless||||0.919|||||||||||||2017|PREP - Tier 1
2016-17|05401|Cape Flattery School District|Non-Homeless|Homeless||||0.909|||||||||||||2016|PREP - Tier 1
2015-16|05401|Cape Flattery School District|Non-Homeless|Homeless||||0.91|||||||||||||2015|PREP - Tier 1
2014-15|05401|Cape Flattery School District|Non-Homeless|Homeless||||0.85|||||||||||||2014|PREP - Tier 1
2020-21|05401|Cape Flattery School District|Low-Income|LowIncome||||0.87|||||||||||||2020|PREP - Tier 1
2019-20|05401|Cape Flattery School District|Low-Income|LowIncome||||0.857|||||||||||||2019|PREP - Tier 1
2018-19|05401|Cape Flattery School District|Low-Income|LowIncome|30|31|28|0.903225806|||||||||||||2018|PREP - Tier 1
2017-18|05401|Cape Flattery School District|Low-Income|LowIncome||||0.885|||||||||||||2017|PREP - Tier 1
2016-17|05401|Cape Flattery School District|Low-Income|LowIncome||||0.897|||||||||||||2016|PREP - Tier 1
2015-16|05401|Cape Flattery School District|Low-Income|LowIncome|29|31|27|0.870967742|||||||||||||2015|PREP - Tier 1
2014-15|05401|Cape Flattery School District|Low-Income|LowIncome|22|23|18|0.782608696|||||||||||||2014|PREP - Tier 1
2020-21|05401|Cape Flattery School District|Non-Low Income|LowIncome|||||||||||||||||2020|PREP - Tier 1
2019-20|05401|Cape Flattery School District|Non-Low Income|LowIncome||||0.727|||||||||||||2019|PREP - Tier 1
2018-19|05401|Cape Flattery School District|Non-Low Income|LowIncome||||0.7|||||||||||||2018|PREP - Tier 1
2017-18|05401|Cape Flattery School District|Non-Low Income|LowIncome||||0.75|||||||||||||2017|PREP - Tier 1
2016-17|05401|Cape Flattery School District|Non-Low Income|LowIncome|||||||||||||||||2016|PREP - Tier 1
2015-16|05401|Cape Flattery School District|Non-Low Income|LowIncome||||0.813|||||||||||||2015|PREP - Tier 1
2014-15|05401|Cape Flattery School District|Non-Low Income|LowIncome||||0.727|||||||||||||2014|PREP - Tier 1
2018-19|05401|Cape Flattery School District|Migrant|Migrant|||||||||||||||||2018|PREP - Tier 1
2020-21|05401|Cape Flattery School District|Non Migrant|Migrant||||0.88|||||||||||||2020|PREP - Tier 1
2019-20|05401|Cape Flattery School District|Non Migrant|Migrant||||0.906|||||||||||||2019|PREP - Tier 1
2018-19|05401|Cape Flattery School District|Non Migrant|Migrant||||0.9|||||||||||||2018|PREP - Tier 1
2017-18|05401|Cape Flattery School District|Non Migrant|Migrant||||0.921|||||||||||||2017|PREP - Tier 1
2016-17|05401|Cape Flattery School District|Non Migrant|Migrant||||0.917|||||||||||||2016|PREP - Tier 1
2015-16|05401|Cape Flattery School District|Non Migrant|Migrant||||0.91|||||||||||||2015|PREP - Tier 1
2014-15|05401|Cape Flattery School District|Non Migrant|Migrant||||0.85|||||||||||||2014|PREP - Tier 1
2020-21|05401|Cape Flattery School District|American Indian/ Alaskan Native|Race|||||||||||||||||2020|PREP - Tier 1
2019-20|05401|Cape Flattery School District|American Indian/ Alaskan Native|Race||||0.813|||||||||||||2019|PREP - Tier 1
2018-19|05401|Cape Flattery School District|American Indian/ Alaskan Native|Race|18|21|18|0.857142857|||||||||||||2018|PREP - Tier 1
2017-18|05401|Cape Flattery School District|American Indian/ Alaskan Native|Race||||0.769|||||||||||||2017|PREP - Tier 1
2016-17|05401|Cape Flattery School District|American Indian/ Alaskan Native|Race||||0.75|||||||||||||2016|PREP - Tier 1
2015-16|05401|Cape Flattery School District|American Indian/ Alaskan Native|Race||||0.813|||||||||||||2015|PREP - Tier 1
2014-15|05401|Cape Flattery School District|American Indian/ Alaskan Native|Race||||0.842|||||||||||||2014|PREP - Tier 1
2020-21|05401|Cape Flattery School District|Hispanic/ Latino of any race(s)|Race|||||||||||||||||2020|PREP - Tier 1
2019-20|05401|Cape Flattery School District|Hispanic/ Latino of any race(s)|Race|||||||||||||||||2019|PREP - Tier 1
2018-19|05401|Cape Flattery School District|Hispanic/ Latino of any race(s)|Race|||||||||||||||||2018|PREP - Tier 1
2017-18|05401|Cape Flattery School District|Hispanic/ Latino of any race(s)|Race|||||||||||||||||2017|PREP - Tier 1
2016-17|05401|Cape Flattery School District|Hispanic/ Latino of any race(s)|Race|||||||||||||||||2016|PREP - Tier 1
2015-16|05401|Cape Flattery School District|Hispanic/ Latino of any race(s)|Race|||||||||||||||||2015|PREP - Tier 1
2014-15|05401|Cape Flattery School District|Hispanic/ Latino of any race(s)|Race|||||||||||||||||2014|PREP - Tier 1
2020-21|05401|Cape Flattery School District|Two or More Races|Race|||||||||||||||||2020|PREP - Tier 1
2019-20|05401|Cape Flattery School District|Two or More Races|Race|||||||||||||||||2019|PREP - Tier 1
2018-19|05401|Cape Flattery School District|Two or More Races|Race|||||||||||||||||2018|PREP - Tier 1
2017-18|05401|Cape Flattery School District|Two or More Races|Race||||0.7|||||||||||||2017|PREP - Tier 1
2016-17|05401|Cape Flattery School District|Two or More Races|Race||||0.7|||||||||||||2016|PREP - Tier 1
2015-16|05401|Cape Flattery School District|Two or More Races|Race||||0.769|||||||||||||2015|PREP - Tier 1
2014-15|05401|Cape Flattery School District|Two or More Races|Race|||||||||||||||||2014|PREP - Tier 1
2020-21|05401|Cape Flattery School District|White|Race|||||||||||||||||2020|PREP - Tier 1
2019-20|05401|Cape Flattery School District|White|Race|||||||||||||||||2019|PREP - Tier 1
2018-19|05401|Cape Flattery School District|White|Race|||||||||||||||||2018|PREP - Tier 1
2017-18|05401|Cape Flattery School District|White|Race|||||||||||||||||2017|PREP - Tier 1
2016-17|05401|Cape Flattery School District|White|Race|||||||||||||||||2016|PREP - Tier 1
2015-16|05401|Cape Flattery School District|White|Race||||0.7|||||||||||||2015|PREP - Tier 1
2014-15|05401|Cape Flattery School District|White|Race|||||||||||||||||2014|PREP - Tier 1
2020-21|05401|Cape Flattery School District|Students with Disabilities|sped|||||||||||||||||2020|PREP - Tier 1
2019-20|05401|Cape Flattery School District|Students with Disabilities|sped|||||||||||||||||2019|PREP - Tier 1
2018-19|05401|Cape Flattery School District|Students with Disabilities|sped|||||||||||||||||2018|PREP - Tier 1
2017-18|05401|Cape Flattery School District|Students with Disabilities|sped|||||||||||||||||2017|PREP - Tier 1
2016-17|05401|Cape Flattery School District|Students with Disabilities|sped|||||||||||||||||2016|PREP - Tier 1
2015-16|05401|Cape Flattery School District|Students with Disabilities|sped|||||||||||||||||2015|PREP - Tier 1
2014-15|05401|Cape Flattery School District|Students with Disabilities|sped|||||||||||||||||2014|PREP - Tier 1
2020-21|05401|Cape Flattery School District|Students without Disabilities|sped||||0.842|||||||||||||2020|PREP - Tier 1
2019-20|05401|Cape Flattery School District|Students without Disabilities|sped||||0.889|||||||||||||2019|PREP - Tier 1
2018-19|05401|Cape Flattery School District|Students without Disabilities|sped||||0.912|||||||||||||2018|PREP - Tier 1
2017-18|05401|Cape Flattery School District|Students without Disabilities|sped||||0.909|||||||||||||2017|PREP - Tier 1
2016-17|05401|Cape Flattery School District|Students without Disabilities|sped||||0.912|||||||||||||2016|PREP - Tier 1
2015-16|05401|Cape Flattery School District|Students without Disabilities|sped||||0.91|||||||||||||2015|PREP - Tier 1
2014-15|05401|Cape Flattery School District|Students without Disabilities|sped||||0.85|||||||||||||2014|PREP - Tier 1
2020-21|08401|Castle Rock School District|Non Section 504|504|91|103|93|0.902912621|||||||||||||2020|ESD 112
2019-20|08401|Castle Rock School District|Non Section 504|504|90|96|87|0.90625|||||||||||||2019|ESD 112
2018-19|08401|Castle Rock School District|Non Section 504|504||||0.83|||||||||||||2018|ESD 112
2017-18|08401|Castle Rock School District|Non Section 504|504||||0.81|||||||||||||2017|ESD 112
2016-17|08401|Castle Rock School District|Non Section 504|504||||0.76|||||||||||||2016|ESD 112
2015-16|08401|Castle Rock School District|Non Section 504|504||||0.864|||||||||||||2015|ESD 112
2014-15|08401|Castle Rock School District|Non Section 504|504||||0.776|||||||||||||2014|ESD 112
2020-21|08401|Castle Rock School District|Section 504|504||||0.824|||||||||||||2020|ESD 112
2019-20|08401|Castle Rock School District|Section 504|504||||0.7|||||||||||||2019|ESD 112
2018-19|08401|Castle Rock School District|Section 504|504||||0.769|||||||||||||2018|ESD 112
2017-18|08401|Castle Rock School District|Section 504|504|||||||||||||||||2017|ESD 112
2016-17|08401|Castle Rock School District|Section 504|504|||||||||||||||||2016|ESD 112
2015-16|08401|Castle Rock School District|Section 504|504|||||||||||||||||2015|ESD 112
2014-15|08401|Castle Rock School District|Section 504|504|||||||||||||||||2014|ESD 112
2020-21|08401|Castle Rock School District|All Students|All||||0.892|||||||||||||2020|ESD 112
2019-20|08401|Castle Rock School District|All Students|All||||0.896|||||||||||||2019|ESD 112
2018-19|08401|Castle Rock School District|All Students|All|104|111|92|0.828828829|||||||||||||2018|ESD 112
2017-18|08401|Castle Rock School District|All Students|All|106|102|83|0.81372549|||||||||||||2017|ESD 112
2016-17|08401|Castle Rock School District|All Students|All|83|87|66|0.75862069|||||||||||||2016|ESD 112
2015-16|08401|Castle Rock School District|All Students|All|111|109|93|0.853211009|||||||||||||2015|ESD 112
2014-15|08401|Castle Rock School District|All Students|All|106|114|87|0.763157895|||||||||||||2014|ESD 112
2020-21|08401|Castle Rock School District|English Language Learners|ELL|||||||||||||||||2020|ESD 112
2019-20|08401|Castle Rock School District|English Language Learners|ELL|||||||||||||||||2019|ESD 112
2018-19|08401|Castle Rock School District|English Language Learners|ELL|||||||||||||||||2018|ESD 112
2017-18|08401|Castle Rock School District|English Language Learners|ELL|||||||||||||||||2017|ESD 112
2016-17|08401|Castle Rock School District|English Language Learners|ELL|||||||||||||||||2016|ESD 112
2015-16|08401|Castle Rock School District|English Language Learners|ELL|||||||||||||||||2015|ESD 112
2014-15|08401|Castle Rock School District|English Language Learners|ELL|||||||||||||||||2014|ESD 112
2020-21|08401|Castle Rock School District|Non-English Language Learners|ELL||||0.889|||||||||||||2020|ESD 112
2019-20|08401|Castle Rock School District|Non-English Language Learners|ELL||||0.89|||||||||||||2019|ESD 112
2018-19|08401|Castle Rock School District|Non-English Language Learners|ELL||||0.822|||||||||||||2018|ESD 112
2017-18|08401|Castle Rock School District|Non-English Language Learners|ELL||||0.81|||||||||||||2017|ESD 112
2016-17|08401|Castle Rock School District|Non-English Language Learners|ELL||||0.76|||||||||||||2016|ESD 112
2015-16|08401|Castle Rock School District|Non-English Language Learners|ELL||||0.849|||||||||||||2015|ESD 112
2014-15|08401|Castle Rock School District|Non-English Language Learners|ELL||||0.775|||||||||||||2014|ESD 112
2017-18|08401|Castle Rock School District|Foster Care|Foster|||||||||||||||||2017|ESD 112
2016-17|08401|Castle Rock School District|Foster Care|Foster|||||||||||||||||2016|ESD 112
2015-16|08401|Castle Rock School District|Foster Care|Foster|||||||||||||||||2015|ESD 112
2014-15|08401|Castle Rock School District|Foster Care|Foster|||||||||||||||||2014|ESD 112
2020-21|08401|Castle Rock School District|Non-Foster Care|Foster||||0.892|||||||||||||2020|ESD 112
2019-20|08401|Castle Rock School District|Non-Foster Care|Foster||||0.896|||||||||||||2019|ESD 112
2018-19|08401|Castle Rock School District|Non-Foster Care|Foster|104|111|92|0.828828829|||||||||||||2018|ESD 112
2017-18|08401|Castle Rock School District|Non-Foster Care|Foster||||0.812|||||||||||||2017|ESD 112
2016-17|08401|Castle Rock School District|Non-Foster Care|Foster||||0.76|||||||||||||2016|ESD 112
2015-16|08401|Castle Rock School District|Non-Foster Care|Foster||||0.861|||||||||||||2015|ESD 112
2014-15|08401|Castle Rock School District|Non-Foster Care|Foster||||0.761|||||||||||||2014|ESD 112
2020-21|08401|Castle Rock School District|Female|Gender||||0.948|||||||||||||2020|ESD 112
2019-20|08401|Castle Rock School District|Female|Gender|49|53|47|0.886792453|||||||||||||2019|ESD 112
2018-19|08401|Castle Rock School District|Female|Gender||||0.88|||||||||||||2018|ESD 112
2017-18|08401|Castle Rock School District|Female|Gender||||0.82|||||||||||||2017|ESD 112
2016-17|08401|Castle Rock School District|Female|Gender|36|35|28|0.8|||||||||||||2016|ESD 112
2015-16|08401|Castle Rock School District|Female|Gender|55|56|47|0.839285714|||||||||||||2015|ESD 112
2014-15|08401|Castle Rock School District|Female|Gender|49|53|39|0.735849057|||||||||||||2014|ESD 112
2020-21|08401|Castle Rock School District|Male|Gender|57|62|51|0.822580645|||||||||||||2020|ESD 112
2019-20|08401|Castle Rock School District|Male|Gender||||0.91|||||||||||||2019|ESD 112
2018-19|08401|Castle Rock School District|Male|Gender||||0.79|||||||||||||2018|ESD 112
2017-18|08401|Castle Rock School District|Male|Gender|58|57|46|0.807017544|||||||||||||2017|ESD 112
2016-17|08401|Castle Rock School District|Male|Gender|47|52|38|0.730769231|||||||||||||2016|ESD 112
2015-16|08401|Castle Rock School District|Male|Gender||||0.87|||||||||||||2015|ESD 112
2014-15|08401|Castle Rock School District|Male|Gender||||0.79|||||||||||||2014|ESD 112
2020-21|08401|Castle Rock School District|Homeless|Homeless||||0.6|||||||||||||2020|ESD 112
2019-20|08401|Castle Rock School District|Homeless|Homeless|||||||||||||||||2019|ESD 112
2018-19|08401|Castle Rock School District|Homeless|Homeless||||0.73|||||||||||||2018|ESD 112
2017-18|08401|Castle Rock School District|Homeless|Homeless||||0.5|||||||||||||2017|ESD 112
2016-17|08401|Castle Rock School District|Homeless|Homeless|||||||||||||||||2016|ESD 112
2015-16|08401|Castle Rock School District|Homeless|Homeless|||||||||||||||||2015|ESD 112
2014-15|08401|Castle Rock School District|Homeless|Homeless|||||||||||||||||2014|ESD 112
2020-21|08401|Castle Rock School District|Non-Homeless|Homeless|101|110|101|0.918181818|||||||||||||2020|ESD 112
2019-20|08401|Castle Rock School District|Non-Homeless|Homeless||||0.892|||||||||||||2019|ESD 112
2018-19|08401|Castle Rock School District|Non-Homeless|Homeless||||0.84|||||||||||||2018|ESD 112
2017-18|08401|Castle Rock School District|Non-Homeless|Homeless|97|92|78|0.847826087|||||||||||||2017|ESD 112
2016-17|08401|Castle Rock School District|Non-Homeless|Homeless||||0.79|||||||||||||2016|ESD 112
2015-16|08401|Castle Rock School District|Non-Homeless|Homeless||||0.875|||||||||||||2015|ESD 112
2014-15|08401|Castle Rock School District|Non-Homeless|Homeless||||0.775|||||||||||||2014|ESD 112
2020-21|08401|Castle Rock School District|Low-Income|LowIncome|66|72|60|0.833333333|||||||||||||2020|ESD 112
2019-20|08401|Castle Rock School District|Low-Income|LowIncome|58|61|52|0.852459016|||||||||||||2019|ESD 112
2018-19|08401|Castle Rock School District|Low-Income|LowIncome||||0.75|||||||||||||2018|ESD 112
2017-18|08401|Castle Rock School District|Low-Income|LowIncome|55|53|38|0.716981132|||||||||||||2017|ESD 112
2016-17|08401|Castle Rock School District|Low-Income|LowIncome||||0.69|||||||||||||2016|ESD 112
2015-16|08401|Castle Rock School District|Low-Income|LowIncome|65|59|49|0.830508475|||||||||||||2015|ESD 112
2014-15|08401|Castle Rock School District|Low-Income|LowIncome|56|60|39|0.65|||||||||||||2014|ESD 112
2020-21|08401|Castle Rock School District|Non-Low Income|LowIncome||||0.938|||||||||||||2020|ESD 112
2019-20|08401|Castle Rock School District|Non-Low Income|LowIncome||||0.933|||||||||||||2019|ESD 112
2018-19|08401|Castle Rock School District|Non-Low Income|LowIncome||||0.929|||||||||||||2018|ESD 112
2017-18|08401|Castle Rock School District|Non-Low Income|LowIncome||||0.92|||||||||||||2017|ESD 112
2016-17|08401|Castle Rock School District|Non-Low Income|LowIncome||||0.893|||||||||||||2016|ESD 112
2015-16|08401|Castle Rock School District|Non-Low Income|LowIncome||||0.88|||||||||||||2015|ESD 112
2014-15|08401|Castle Rock School District|Non-Low Income|LowIncome||||0.89|||||||||||||2014|ESD 112
2020-21|08401|Castle Rock School District|Non Migrant|Migrant||||0.892|||||||||||||2020|ESD 112
2019-20|08401|Castle Rock School District|Non Migrant|Migrant||||0.896|||||||||||||2019|ESD 112
2018-19|08401|Castle Rock School District|Non Migrant|Migrant|104|111|92|0.828828829|||||||||||||2018|ESD 112
2017-18|08401|Castle Rock School District|Non Migrant|Migrant|106|102|83|0.81372549|||||||||||||2017|ESD 112
2016-17|08401|Castle Rock School District|Non Migrant|Migrant|83|87|66|0.75862069|||||||||||||2016|ESD 112
2015-16|08401|Castle Rock School District|Non Migrant|Migrant|111|109|93|0.853211009|||||||||||||2015|ESD 112
2014-15|08401|Castle Rock School District|Non Migrant|Migrant|106|114|87|0.763157895|||||||||||||2014|ESD 112
2020-21|08401|Castle Rock School District|American Indian/ Alaskan Native|Race|||||||||||||||||2020|ESD 112
2018-19|08401|Castle Rock School District|American Indian/ Alaskan Native|Race|||||||||||||||||2018|ESD 112
2017-18|08401|Castle Rock School District|American Indian/ Alaskan Native|Race|||||||||||||||||2017|ESD 112
2016-17|08401|Castle Rock School District|American Indian/ Alaskan Native|Race|||||||||||||||||2016|ESD 112
2015-16|08401|Castle Rock School District|American Indian/ Alaskan Native|Race|||||||||||||||||2015|ESD 112
2020-21|08401|Castle Rock School District|Asian|Race|||||||||||||||||2020|ESD 112
2019-20|08401|Castle Rock School District|Asian|Race|||||||||||||||||2019|ESD 112
2018-19|08401|Castle Rock School District|Asian|Race|||||||||||||||||2018|ESD 112
2015-16|08401|Castle Rock School District|Asian|Race|||||||||||||||||2015|ESD 112
2014-15|08401|Castle Rock School District|Asian|Race|||||||||||||||||2014|ESD 112
2018-19|08401|Castle Rock School District|Black/ African American|Race|||||||||||||||||2018|ESD 112
2016-17|08401|Castle Rock School District|Black/ African American|Race|||||||||||||||||2016|ESD 112
2020-21|08401|Castle Rock School District|Hispanic/ Latino of any race(s)|Race||||0.786|||||||||||||2020|ESD 112
2019-20|08401|Castle Rock School District|Hispanic/ Latino of any race(s)|Race||||0.813|||||||||||||2019|ESD 112
2018-19|08401|Castle Rock School District|Hispanic/ Latino of any race(s)|Race||||0.75|||||||||||||2018|ESD 112
2017-18|08401|Castle Rock School District|Hispanic/ Latino of any race(s)|Race|||||||||||||||||2017|ESD 112
2016-17|08401|Castle Rock School District|Hispanic/ Latino of any race(s)|Race|||||||||||||||||2016|ESD 112
2015-16|08401|Castle Rock School District|Hispanic/ Latino of any race(s)|Race||||0.727|||||||||||||2015|ESD 112
2014-15|08401|Castle Rock School District|Hispanic/ Latino of any race(s)|Race|||||||||||||||||2014|ESD 112
2018-19|08401|Castle Rock School District|Native Hawaiian/ Other Pacific Islander|Race|||||||||||||||||2018|ESD 112
2017-18|08401|Castle Rock School District|Native Hawaiian/ Other Pacific Islander|Race|||||||||||||||||2017|ESD 112
2020-21|08401|Castle Rock School District|Two or More Races|Race|||||||||||||||||2020|ESD 112
2019-20|08401|Castle Rock School District|Two or More Races|Race|||||||||||||||||2019|ESD 112
2018-19|08401|Castle Rock School District|Two or More Races|Race|||||||||||||||||2018|ESD 112
2017-18|08401|Castle Rock School District|Two or More Races|Race|||||||||||||||||2017|ESD 112
2016-17|08401|Castle Rock School District|Two or More Races|Race|||||||||||||||||2016|ESD 112
2015-16|08401|Castle Rock School District|Two or More Races|Race|||||||||||||||||2015|ESD 112
2014-15|08401|Castle Rock School District|Two or More Races|Race|||||||||||||||||2014|ESD 112
2020-21|08401|Castle Rock School District|White|Race|85|94|83|0.882978723|||||||||||||2020|ESD 112
2019-20|08401|Castle Rock School District|White|Race|80|83|76|0.915662651|||||||||||||2019|ESD 112
2018-19|08401|Castle Rock School District|White|Race|83|87|70|0.804597701|||||||||||||2018|ESD 112
2017-18|08401|Castle Rock School District|White|Race|85|85|72|0.847058824|||||||||||||2017|ESD 112
2016-17|08401|Castle Rock School District|White|Race|71|75|56|0.746666667|||||||||||||2016|ESD 112
2015-16|08401|Castle Rock School District|White|Race|92|91|75|0.824175824|||||||||||||2015|ESD 112
2014-15|08401|Castle Rock School District|White|Race|91|96|71|0.739583333|||||||||||||2014|ESD 112
2020-21|08401|Castle Rock School District|Students with Disabilities|sped||||0.77|||||||||||||2020|ESD 112
2019-20|08401|Castle Rock School District|Students with Disabilities|sped||||0.85|||||||||||||2019|ESD 112
2018-19|08401|Castle Rock School District|Students with Disabilities|sped|27|27|17|0.62962963|||||||||||||2018|ESD 112
2017-18|08401|Castle Rock School District|Students with Disabilities|sped||||0.56|||||||||||||2017|ESD 112
2016-17|08401|Castle Rock School District|Students with Disabilities|sped||||0.71|||||||||||||2016|ESD 112
2015-16|08401|Castle Rock School District|Students with Disabilities|sped||||0.786|||||||||||||2015|ESD 112
2014-15|08401|Castle Rock School District|Students with Disabilities|sped||||0.7|||||||||||||2014|ESD 112
2020-21|08401|Castle Rock School District|Students without Disabilities|sped|81|94|87|0.925531915|||||||||||||2020|ESD 112
2019-20|08401|Castle Rock School District|Students without Disabilities|sped|78|86|77|0.895348837|||||||||||||2019|ESD 112
2018-19|08401|Castle Rock School District|Students without Disabilities|sped||||0.89|||||||||||||2018|ESD 112
2017-18|08401|Castle Rock School District|Students without Disabilities|sped|90|86|74|0.860465116|||||||||||||2017|ESD 112
2016-17|08401|Castle Rock School District|Students without Disabilities|sped||||0.77|||||||||||||2016|ESD 112
2015-16|08401|Castle Rock School District|Students without Disabilities|sped|97|95|82|0.863157895|||||||||||||2015|ESD 112
2014-15|08401|Castle Rock School District|Students without Disabilities|sped||||0.78|||||||||||||2014|ESD 112
2020-21|18401|Central Kitsap School District|Non Section 504|504||||0.919|||||||||||||2020|PREP - Tier 2
2019-20|18401|Central Kitsap School District|Non Section 504|504||||0.919|||||||||||||2019|PREP - Tier 2
2018-19|18401|Central Kitsap School District|Non Section 504|504||||0.925|||||||||||||2018|PREP - Tier 2
2017-18|18401|Central Kitsap School District|Non Section 504|504||||0.902|||||||||||||2017|PREP - Tier 2
2016-17|18401|Central Kitsap School District|Non Section 504|504||||0.881|||||||||||||2016|PREP - Tier 2
2015-16|18401|Central Kitsap School District|Non Section 504|504||||0.914|||||||||||||2015|PREP - Tier 2
2014-15|18401|Central Kitsap School District|Non Section 504|504||||0.867|||||||||||||2014|PREP - Tier 2
2020-21|18401|Central Kitsap School District|Section 504|504||||0.94|||||||||||||2020|PREP - Tier 2
2019-20|18401|Central Kitsap School District|Section 504|504||||0.92|||||||||||||2019|PREP - Tier 2
2018-19|18401|Central Kitsap School District|Section 504|504||||0.93|||||||||||||2018|PREP - Tier 2
2017-18|18401|Central Kitsap School District|Section 504|504||||0.88|||||||||||||2017|PREP - Tier 2
2016-17|18401|Central Kitsap School District|Section 504|504||||0.95|||||||||||||2016|PREP - Tier 2
2015-16|18401|Central Kitsap School District|Section 504|504||||0.85|||||||||||||2015|PREP - Tier 2
2014-15|18401|Central Kitsap School District|Section 504|504||||0.903|||||||||||||2014|PREP - Tier 2
2020-21|18401|Central Kitsap School District|All Students|All|892|903|832|0.9213732|||||||||||||2020|PREP - Tier 2
2019-20|18401|Central Kitsap School District|All Students|All|848|848|779|0.918632075|||||||||||||2019|PREP - Tier 2
2018-19|18401|Central Kitsap School District|All Students|All|828|846|783|0.925531915|||||||||||||2018|PREP - Tier 2
2017-18|18401|Central Kitsap School District|All Students|All|813|847|763|0.900826446|||||||||||||2017|PREP - Tier 2
2016-17|18401|Central Kitsap School District|All Students|All|861|871|771|0.885189437|||||||||||||2016|PREP - Tier 2
2015-16|18401|Central Kitsap School District|All Students|All|896|904|823|0.91039823|||||||||||||2015|PREP - Tier 2
2014-15|18401|Central Kitsap School District|All Students|All|926|956|832|0.870292887|||||||||||||2014|PREP - Tier 2
2020-21|18401|Central Kitsap School District|English Language Learners|ELL||||0.842|||||||||||||2020|PREP - Tier 2
2019-20|18401|Central Kitsap School District|English Language Learners|ELL||||0.67|||||||||||||2019|PREP - Tier 2
2018-19|18401|Central Kitsap School District|English Language Learners|ELL||||0.769|||||||||||||2018|PREP - Tier 2
2017-18|18401|Central Kitsap School District|English Language Learners|ELL||||0.69|||||||||||||2017|PREP - Tier 2
2016-17|18401|Central Kitsap School District|English Language Learners|ELL||||0.786|||||||||||||2016|PREP - Tier 2
2015-16|18401|Central Kitsap School District|English Language Learners|ELL||||0.8|||||||||||||2015|PREP - Tier 2
2014-15|18401|Central Kitsap School District|English Language Learners|ELL||||0.76|||||||||||||2014|PREP - Tier 2
2020-21|18401|Central Kitsap School District|Non-English Language Learners|ELL||||0.922|||||||||||||2020|PREP - Tier 2
2019-20|18401|Central Kitsap School District|Non-English Language Learners|ELL||||0.923|||||||||||||2019|PREP - Tier 2
2018-19|18401|Central Kitsap School District|Non-English Language Learners|ELL||||0.927|||||||||||||2018|PREP - Tier 2
2017-18|18401|Central Kitsap School District|Non-English Language Learners|ELL||||0.904|||||||||||||2017|PREP - Tier 2
2016-17|18401|Central Kitsap School District|Non-English Language Learners|ELL||||0.887|||||||||||||2016|PREP - Tier 2
2015-16|18401|Central Kitsap School District|Non-English Language Learners|ELL||||0.912|||||||||||||2015|PREP - Tier 2
2014-15|18401|Central Kitsap School District|Non-English Language Learners|ELL||||0.872|||||||||||||2014|PREP - Tier 2
2020-21|18401|Central Kitsap School District|Foster Care|Foster|||||||||||||||||2020|PREP - Tier 2
2019-20|18401|Central Kitsap School District|Foster Care|Foster||||0.5|||||||||||||2019|PREP - Tier 2
2018-19|18401|Central Kitsap School District|Foster Care|Foster|||||||||||||||||2018|PREP - Tier 2
2017-18|18401|Central Kitsap School District|Foster Care|Foster|||||||||||||||||2017|PREP - Tier 2
2016-17|18401|Central Kitsap School District|Foster Care|Foster||||0.7|||||||||||||2016|PREP - Tier 2
2015-16|18401|Central Kitsap School District|Foster Care|Foster|||||||||||||||||2015|PREP - Tier 2
2014-15|18401|Central Kitsap School District|Foster Care|Foster|||||||||||||||||2014|PREP - Tier 2
2020-21|18401|Central Kitsap School District|Non-Foster Care|Foster||||0.922|||||||||||||2020|PREP - Tier 2
2019-20|18401|Central Kitsap School District|Non-Foster Care|Foster||||0.924|||||||||||||2019|PREP - Tier 2
2018-19|18401|Central Kitsap School District|Non-Foster Care|Foster||||0.927|||||||||||||2018|PREP - Tier 2
2017-18|18401|Central Kitsap School District|Non-Foster Care|Foster||||0.901|||||||||||||2017|PREP - Tier 2
2016-17|18401|Central Kitsap School District|Non-Foster Care|Foster||||0.887|||||||||||||2016|PREP - Tier 2
2015-16|18401|Central Kitsap School District|Non-Foster Care|Foster||||0.911|||||||||||||2015|PREP - Tier 2
2014-15|18401|Central Kitsap School District|Non-Foster Care|Foster||||0.873|||||||||||||2014|PREP - Tier 2
2020-21|18401|Central Kitsap School District|Female|Gender|434|436|418|0.958715596|||||||||||||2020|PREP - Tier 2
2019-20|18401|Central Kitsap School District|Female|Gender|418|417|392|0.940047962|||||||||||||2019|PREP - Tier 2
2018-19|18401|Central Kitsap School District|Female|Gender|420|431|415|0.96287703|||||||||||||2018|PREP - Tier 2
2017-18|18401|Central Kitsap School District|Female|Gender|393|409|376|0.919315403|||||||||||||2017|PREP - Tier 2
2016-17|18401|Central Kitsap School District|Female|Gender|383|372|333|0.89516129|||||||||||||2016|PREP - Tier 2
2015-16|18401|Central Kitsap School District|Female|Gender|442|455|428|0.940659341|||||||||||||2015|PREP - Tier 2
2014-15|18401|Central Kitsap School District|Female|Gender|442|457|393|0.859956236|||||||||||||2014|PREP - Tier 2
2020-21|18401|Central Kitsap School District|Male|Gender|458|467|414|0.886509636|||||||||||||2020|PREP - Tier 2
2019-20|18401|Central Kitsap School District|Male|Gender|430|431|387|0.897911833|||||||||||||2019|PREP - Tier 2
2018-19|18401|Central Kitsap School District|Male|Gender|408|415|368|0.886746988|||||||||||||2018|PREP - Tier 2
2017-18|18401|Central Kitsap School District|Male|Gender|420|438|387|0.883561644|||||||||||||2017|PREP - Tier 2
2016-17|18401|Central Kitsap School District|Male|Gender|478|499|438|0.877755511|||||||||||||2016|PREP - Tier 2
2015-16|18401|Central Kitsap School District|Male|Gender|454|449|395|0.879732739|||||||||||||2015|PREP - Tier 2
2014-15|18401|Central Kitsap School District|Male|Gender|484|499|439|0.879759519|||||||||||||2014|PREP - Tier 2
2020-21|18401|Central Kitsap School District|Homeless|Homeless|68|76|64|0.842105263|||||||||||||2020|PREP - Tier 2
2019-20|18401|Central Kitsap School District|Homeless|Homeless|24|26|15|0.576923077|||||||||||||2019|PREP - Tier 2
2018-19|18401|Central Kitsap School District|Homeless|Homeless|26|34|23|0.676470588|||||||||||||2018|PREP - Tier 2
2017-18|18401|Central Kitsap School District|Homeless|Homeless||||0.78|||||||||||||2017|PREP - Tier 2
2016-17|18401|Central Kitsap School District|Homeless|Homeless||||0.58|||||||||||||2016|PREP - Tier 2
2015-16|18401|Central Kitsap School District|Homeless|Homeless||||0.61|||||||||||||2015|PREP - Tier 2
2014-15|18401|Central Kitsap School District|Homeless|Homeless|33|35|22|0.628571429|||||||||||||2014|PREP - Tier 2
2020-21|18401|Central Kitsap School District|Non-Homeless|Homeless|824|827|768|0.928657799|||||||||||||2020|PREP - Tier 2
2019-20|18401|Central Kitsap School District|Non-Homeless|Homeless|824|822|764|0.929440389|||||||||||||2019|PREP - Tier 2
2018-19|18401|Central Kitsap School District|Non-Homeless|Homeless|802|812|760|0.935960591|||||||||||||2018|PREP - Tier 2
2017-18|18401|Central Kitsap School District|Non-Homeless|Homeless||||0.906|||||||||||||2017|PREP - Tier 2
2016-17|18401|Central Kitsap School District|Non-Homeless|Homeless||||0.899|||||||||||||2016|PREP - Tier 2
2015-16|18401|Central Kitsap School District|Non-Homeless|Homeless||||0.92|||||||||||||2015|PREP - Tier 2
2014-15|18401|Central Kitsap School District|Non-Homeless|Homeless|893|921|810|0.879478827|||||||||||||2014|PREP - Tier 2
2020-21|18401|Central Kitsap School District|Low-Income|LowIncome|377|386|340|0.880829016|||||||||||||2020|PREP - Tier 2
2019-20|18401|Central Kitsap School District|Low-Income|LowIncome|345|340|294|0.864705882|||||||||||||2019|PREP - Tier 2
2018-19|18401|Central Kitsap School District|Low-Income|LowIncome|324|319|275|0.862068966|||||||||||||2018|PREP - Tier 2
2017-18|18401|Central Kitsap School District|Low-Income|LowIncome|317|322|268|0.832298137|||||||||||||2017|PREP - Tier 2
2016-17|18401|Central Kitsap School District|Low-Income|LowIncome|353|347|275|0.792507205|||||||||||||2016|PREP - Tier 2
2015-16|18401|Central Kitsap School District|Low-Income|LowIncome|299|298|245|0.822147651|||||||||||||2015|PREP - Tier 2
2014-15|18401|Central Kitsap School District|Low-Income|LowIncome|345|350|287|0.82|||||||||||||2014|PREP - Tier 2
2020-21|18401|Central Kitsap School District|Non-Low Income|LowIncome|515|517|492|0.951644101|||||||||||||2020|PREP - Tier 2
2019-20|18401|Central Kitsap School District|Non-Low Income|LowIncome|503|508|485|0.954724409|||||||||||||2019|PREP - Tier 2
2018-19|18401|Central Kitsap School District|Non-Low Income|LowIncome|504|527|508|0.963946869|||||||||||||2018|PREP - Tier 2
2017-18|18401|Central Kitsap School District|Non-Low Income|LowIncome|496|525|495|0.942857143|||||||||||||2017|PREP - Tier 2
2016-17|18401|Central Kitsap School District|Non-Low Income|LowIncome|508|524|496|0.946564885|||||||||||||2016|PREP - Tier 2
2015-16|18401|Central Kitsap School District|Non-Low Income|LowIncome|597|606|578|0.95379538|||||||||||||2015|PREP - Tier 2
2014-15|18401|Central Kitsap School District|Non-Low Income|LowIncome|581|606|545|0.899339934|||||||||||||2014|PREP - Tier 2
2020-21|18401|Central Kitsap School District|Migrant|Migrant|||||||||||||||||2020|PREP - Tier 2
2017-18|18401|Central Kitsap School District|Migrant|Migrant|||||||||||||||||2017|PREP - Tier 2
2016-17|18401|Central Kitsap School District|Migrant|Migrant|||||||||||||||||2016|PREP - Tier 2
2014-15|18401|Central Kitsap School District|Migrant|Migrant|||||||||||||||||2014|PREP - Tier 2
2020-21|18401|Central Kitsap School District|Non Migrant|Migrant||||0.921|||||||||||||2020|PREP - Tier 2
2019-20|18401|Central Kitsap School District|Non Migrant|Migrant|848|848|779|0.918632075|||||||||||||2019|PREP - Tier 2
2018-19|18401|Central Kitsap School District|Non Migrant|Migrant|828|846|783|0.925531915|||||||||||||2018|PREP - Tier 2
2017-18|18401|Central Kitsap School District|Non Migrant|Migrant||||0.902|||||||||||||2017|PREP - Tier 2
2016-17|18401|Central Kitsap School District|Non Migrant|Migrant||||0.885|||||||||||||2016|PREP - Tier 2
2015-16|18401|Central Kitsap School District|Non Migrant|Migrant|896|904|823|0.91039823|||||||||||||2015|PREP - Tier 2
2014-15|18401|Central Kitsap School District|Non Migrant|Migrant||||0.87|||||||||||||2014|PREP - Tier 2
2020-21|18401|Central Kitsap School District|American Indian/ Alaskan Native|Race|||||||||||||||||2020|PREP - Tier 2
2019-20|18401|Central Kitsap School District|American Indian/ Alaskan Native|Race|||||||||||||||||2019|PREP - Tier 2
2018-19|18401|Central Kitsap School District|American Indian/ Alaskan Native|Race|||||||||||||||||2018|PREP - Tier 2
2017-18|18401|Central Kitsap School District|American Indian/ Alaskan Native|Race|||||||||||||||||2017|PREP - Tier 2
2016-17|18401|Central Kitsap School District|American Indian/ Alaskan Native|Race|||||||||||||||||2016|PREP - Tier 2
2015-16|18401|Central Kitsap School District|American Indian/ Alaskan Native|Race|||||||||||||||||2015|PREP - Tier 2
2014-15|18401|Central Kitsap School District|American Indian/ Alaskan Native|Race|||||||||||||||||2014|PREP - Tier 2
2020-21|18401|Central Kitsap School District|Asian|Race|44|50|46|0.92|||||||||||||2020|PREP - Tier 2
2019-20|18401|Central Kitsap School District|Asian|Race|58|65|60|0.923076923|||||||||||||2019|PREP - Tier 2
2018-19|18401|Central Kitsap School District|Asian|Race||||0.925|||||||||||||2018|PREP - Tier 2
2017-18|18401|Central Kitsap School District|Asian|Race||||0.945|||||||||||||2017|PREP - Tier 2
2016-17|18401|Central Kitsap School District|Asian|Race|52|53|49|0.924528302|||||||||||||2016|PREP - Tier 2
2015-16|18401|Central Kitsap School District|Asian|Race||||0.958|||||||||||||2015|PREP - Tier 2
2014-15|18401|Central Kitsap School District|Asian|Race|62|61|57|0.93442623|||||||||||||2014|PREP - Tier 2
2020-21|18401|Central Kitsap School District|Black/ African American|Race|40|40|34|0.85|||||||||||||2020|PREP - Tier 2
2019-20|18401|Central Kitsap School District|Black/ African American|Race||||0.813|||||||||||||2019|PREP - Tier 2
2018-19|18401|Central Kitsap School District|Black/ African American|Race||||0.85|||||||||||||2018|PREP - Tier 2
2017-18|18401|Central Kitsap School District|Black/ African American|Race|30|29|25|0.862068966|||||||||||||2017|PREP - Tier 2
2016-17|18401|Central Kitsap School District|Black/ African American|Race||||0.889|||||||||||||2016|PREP - Tier 2
2015-16|18401|Central Kitsap School District|Black/ African American|Race||||0.889|||||||||||||2015|PREP - Tier 2
2014-15|18401|Central Kitsap School District|Black/ African American|Race|19|20|14|0.7|||||||||||||2014|PREP - Tier 2
2020-21|18401|Central Kitsap School District|Hispanic/ Latino of any race(s)|Race|121|121|113|0.933884298|||||||||||||2020|PREP - Tier 2
2019-20|18401|Central Kitsap School District|Hispanic/ Latino of any race(s)|Race|135|129|112|0.868217054|||||||||||||2019|PREP - Tier 2
2018-19|18401|Central Kitsap School District|Hispanic/ Latino of any race(s)|Race|100|99|91|0.919191919|||||||||||||2018|PREP - Tier 2
2017-18|18401|Central Kitsap School District|Hispanic/ Latino of any race(s)|Race|74|80|73|0.9125|||||||||||||2017|PREP - Tier 2
2016-17|18401|Central Kitsap School District|Hispanic/ Latino of any race(s)|Race|92|88|81|0.920454545|||||||||||||2016|PREP - Tier 2
2015-16|18401|Central Kitsap School District|Hispanic/ Latino of any race(s)|Race|75|69|63|0.913043478|||||||||||||2015|PREP - Tier 2
2014-15|18401|Central Kitsap School District|Hispanic/ Latino of any race(s)|Race|92|95|74|0.778947368|||||||||||||2014|PREP - Tier 2
2020-21|18401|Central Kitsap School District|Native Hawaiian/ Other Pacific Islander|Race|9|12|8|0.666666667|||||||||||||2020|PREP - Tier 2
2019-20|18401|Central Kitsap School District|Native Hawaiian/ Other Pacific Islander|Race|||||||||||||||||2019|PREP - Tier 2
2018-19|18401|Central Kitsap School District|Native Hawaiian/ Other Pacific Islander|Race|||||||||||||||||2018|PREP - Tier 2
2017-18|18401|Central Kitsap School District|Native Hawaiian/ Other Pacific Islander|Race||||0.769|||||||||||||2017|PREP - Tier 2
2017-18|18401|Central Kitsap School District|Two or More Races|Race|148|151|129|0.854304636|||||||||||||2017|PREP - Tier 2
2016-17|18401|Central Kitsap School District|Native Hawaiian/ Other Pacific Islander|Race||||0.67|||||||||||||2016|PREP - Tier 2
2015-16|18401|Central Kitsap School District|Native Hawaiian/ Other Pacific Islander|Race||||0.7|||||||||||||2015|PREP - Tier 2
2014-15|18401|Central Kitsap School District|Native Hawaiian/ Other Pacific Islander|Race||||0.727|||||||||||||2014|PREP - Tier 2
2020-21|18401|Central Kitsap School District|Two or More Races|Race|170|177|165|0.93220339|||||||||||||2020|PREP - Tier 2
2019-20|18401|Central Kitsap School District|Two or More Races|Race|131|138|128|0.927536232|||||||||||||2019|PREP - Tier 2
2018-19|18401|Central Kitsap School District|Two or More Races|Race|153|160|145|0.90625|||||||||||||2018|PREP - Tier 2
2016-17|18401|Central Kitsap School District|Two or More Races|Race|118|127|107|0.842519685|||||||||||||2016|PREP - Tier 2
2015-16|18401|Central Kitsap School District|Two or More Races|Race|146|150|131|0.873333333|||||||||||||2015|PREP - Tier 2
2014-15|18401|Central Kitsap School District|Two or More Races|Race|145|153|140|0.91503268|||||||||||||2014|PREP - Tier 2
2020-21|18401|Central Kitsap School District|White|Race|507|503|466|0.926441352|||||||||||||2020|PREP - Tier 2
2019-20|18401|Central Kitsap School District|White|Race|489|491|455|0.926680244|||||||||||||2019|PREP - Tier 2
2018-19|18401|Central Kitsap School District|White|Race|502|517|479|0.926499033|||||||||||||2018|PREP - Tier 2
2017-18|18401|Central Kitsap School District|White|Race|495|517|471|0.911025145|||||||||||||2017|PREP - Tier 2
2016-17|18401|Central Kitsap School District|White|Race|554|558|496|0.888888889|||||||||||||2016|PREP - Tier 2
2015-16|18401|Central Kitsap School District|White|Race|565|573|521|0.909249564|||||||||||||2015|PREP - Tier 2
2014-15|18401|Central Kitsap School District|White|Race|596|614|536|0.872964169|||||||||||||2014|PREP - Tier 2
2020-21|18401|Central Kitsap School District|Students with Disabilities|sped|120|124|96|0.774193548|||||||||||||2020|PREP - Tier 2
2019-20|18401|Central Kitsap School District|Students with Disabilities|sped|98|101|77|0.762376238|||||||||||||2019|PREP - Tier 2
2018-19|18401|Central Kitsap School District|Students with Disabilities|sped|116|106|80|0.754716981|||||||||||||2018|PREP - Tier 2
2017-18|18401|Central Kitsap School District|Students with Disabilities|sped|108|111|81|0.72972973|||||||||||||2017|PREP - Tier 2
2016-17|18401|Central Kitsap School District|Students with Disabilities|sped|124|118|83|0.703389831|||||||||||||2016|PREP - Tier 2
2015-16|18401|Central Kitsap School District|Students with Disabilities|sped|92|85|60|0.705882353|||||||||||||2015|PREP - Tier 2
2014-15|18401|Central Kitsap School District|Students with Disabilities|sped|113|114|88|0.771929825|||||||||||||2014|PREP - Tier 2
2020-21|18401|Central Kitsap School District|Students without Disabilities|sped|772|779|736|0.944801027|||||||||||||2020|PREP - Tier 2
2019-20|18401|Central Kitsap School District|Students without Disabilities|sped|750|747|702|0.939759036|||||||||||||2019|PREP - Tier 2
2018-19|18401|Central Kitsap School District|Students without Disabilities|sped|712|740|703|0.95|||||||||||||2018|PREP - Tier 2
2017-18|18401|Central Kitsap School District|Students without Disabilities|sped|705|736|682|0.926630435|||||||||||||2017|PREP - Tier 2
2016-17|18401|Central Kitsap School District|Students without Disabilities|sped|737|753|688|0.913678619|||||||||||||2016|PREP - Tier 2
2015-16|18401|Central Kitsap School District|Students without Disabilities|sped|804|819|763|0.931623932|||||||||||||2015|PREP - Tier 2
2014-15|18401|Central Kitsap School District|Students without Disabilities|sped|813|842|744|0.883610451|||||||||||||2014|PREP - Tier 2
2020-21|36250|College Place School District|Non Section 504|504||||0.963|||||||||||||2020|United Way of the Blue Mountains
2019-20|36250|College Place School District|Non Section 504|504||||0.94|||||||||||||2019|United Way of the Blue Mountains
2018-19|36250|College Place School District|Non Section 504|504||||0.96|||||||||||||2018|United Way of the Blue Mountains
2017-18|36250|College Place School District|Non Section 504|504|||||||||||||||||2017|United Way of the Blue Mountains
2016-17|36250|College Place School District|Non Section 504|504|||||||||||||||||2016|United Way of the Blue Mountains
2015-16|36250|College Place School District|Non Section 504|504|||||||||||||||||2015|United Way of the Blue Mountains
2014-15|36250|College Place School District|Non Section 504|504|||||||||||||||||2014|United Way of the Blue Mountains
2020-21|36250|College Place School District|Section 504|504|||||||||||||||||2020|United Way of the Blue Mountains
2019-20|36250|College Place School District|Section 504|504|||||||||||||||||2019|United Way of the Blue Mountains
2018-19|36250|College Place School District|Section 504|504|||||||||||||||||2018|United Way of the Blue Mountains
2017-18|36250|College Place School District|Section 504|504|||||||||||||||||2017|United Way of the Blue Mountains
2020-21|36250|College Place School District|All Students|All||||0.965|||||||||||||2020|United Way of the Blue Mountains
2019-20|36250|College Place School District|All Students|All||||0.95|||||||||||||2019|United Way of the Blue Mountains
2018-19|36250|College Place School District|All Students|All||||0.95|||||||||||||2018|United Way of the Blue Mountains
2017-18|36250|College Place School District|All Students|All|||||||||||||||||2017|United Way of the Blue Mountains
2016-17|36250|College Place School District|All Students|All|||||||||||||||||2016|United Way of the Blue Mountains
2015-16|36250|College Place School District|All Students|All|||||||||||||||||2015|United Way of the Blue Mountains
2014-15|36250|College Place School District|All Students|All|||||||||||||||||2014|United Way of the Blue Mountains
2020-21|36250|College Place School District|English Language Learners|ELL||||0.786|||||||||||||2020|United Way of the Blue Mountains
2019-20|36250|College Place School District|English Language Learners|ELL||||0.727|||||||||||||2019|United Way of the Blue Mountains
2018-19|36250|College Place School District|English Language Learners|ELL||||0.769|||||||||||||2018|United Way of the Blue Mountains
2020-21|36250|College Place School District|Non-English Language Learners|ELL|91|99|95|0.95959596|||||||||||||2020|United Way of the Blue Mountains
2019-20|36250|College Place School District|Non-English Language Learners|ELL|75|80|76|0.95|||||||||||||2019|United Way of the Blue Mountains
2018-19|36250|College Place School District|Non-English Language Learners|ELL|88|85|80|0.941176471|||||||||||||2018|United Way of the Blue Mountains
2017-18|36250|College Place School District|Non-English Language Learners|ELL|||||||||||||||||2017|United Way of the Blue Mountains
2016-17|36250|College Place School District|Non-English Language Learners|ELL|||||||||||||||||2016|United Way of the Blue Mountains
2015-16|36250|College Place School District|Non-English Language Learners|ELL|||||||||||||||||2015|United Way of the Blue Mountains
2014-15|36250|College Place School District|Non-English Language Learners|ELL|||||||||||||||||2014|United Way of the Blue Mountains
2020-21|36250|College Place School District|Foster Care|Foster|||||||||||||||||2020|United Way of the Blue Mountains
2020-21|36250|College Place School District|Non-Foster Care|Foster||||0.973|||||||||||||2020|United Way of the Blue Mountains
2019-20|36250|College Place School District|Non-Foster Care|Foster||||0.95|||||||||||||2019|United Way of the Blue Mountains
2018-19|36250|College Place School District|Non-Foster Care|Foster||||0.95|||||||||||||2018|United Way of the Blue Mountains
2017-18|36250|College Place School District|Non-Foster Care|Foster|||||||||||||||||2017|United Way of the Blue Mountains
2016-17|36250|College Place School District|Non-Foster Care|Foster|||||||||||||||||2016|United Way of the Blue Mountains
2015-16|36250|College Place School District|Non-Foster Care|Foster|||||||||||||||||2015|United Way of the Blue Mountains
2014-15|36250|College Place School District|Non-Foster Care|Foster|||||||||||||||||2014|United Way of the Blue Mountains
2020-21|36250|College Place School District|Female|Gender||||0.942|||||||||||||2020|United Way of the Blue Mountains
2019-20|36250|College Place School District|Female|Gender||||0.923|||||||||||||2019|United Way of the Blue Mountains
2018-19|36250|College Place School District|Female|Gender||||0.943|||||||||||||2018|United Way of the Blue Mountains
2017-18|36250|College Place School District|Female|Gender|||||||||||||||||2017|United Way of the Blue Mountains
2016-17|36250|College Place School District|Female|Gender|||||||||||||||||2016|United Way of the Blue Mountains
2015-16|36250|College Place School District|Female|Gender|||||||||||||||||2015|United Way of the Blue Mountains
2014-15|36250|College Place School District|Female|Gender|||||||||||||||||2014|United Way of the Blue Mountains
2020-21|36250|College Place School District|Male|Gender||||0.951|||||||||||||2020|United Way of the Blue Mountains
2019-20|36250|College Place School District|Male|Gender|56|52|48|0.923076923|||||||||||||2019|United Way of the Blue Mountains
2018-19|36250|College Place School District|Male|Gender||||0.933|||||||||||||2018|United Way of the Blue Mountains
2017-18|36250|College Place School District|Male|Gender|||||||||||||||||2017|United Way of the Blue Mountains
2016-17|36250|College Place School District|Male|Gender|||||||||||||||||2016|United Way of the Blue Mountains
2015-16|36250|College Place School District|Male|Gender|||||||||||||||||2015|United Way of the Blue Mountains
2014-15|36250|College Place School District|Male|Gender|||||||||||||||||2014|United Way of the Blue Mountains
2020-21|36250|College Place School District|Homeless|Homeless|||||||||||||||||2020|United Way of the Blue Mountains
2019-20|36250|College Place School District|Homeless|Homeless|||||||||||||||||2019|United Way of the Blue Mountains
2018-19|36250|College Place School District|Homeless|Homeless|||||||||||||||||2018|United Way of the Blue Mountains
2020-21|36250|College Place School District|Non-Homeless|Homeless||||0.962|||||||||||||2020|United Way of the Blue Mountains
2019-20|36250|College Place School District|Non-Homeless|Homeless||||0.95|||||||||||||2019|United Way of the Blue Mountains
2018-19|36250|College Place School District|Non-Homeless|Homeless||||0.95|||||||||||||2018|United Way of the Blue Mountains
2017-18|36250|College Place School District|Non-Homeless|Homeless|||||||||||||||||2017|United Way of the Blue Mountains
2016-17|36250|College Place School District|Non-Homeless|Homeless|||||||||||||||||2016|United Way of the Blue Mountains
2015-16|36250|College Place School District|Non-Homeless|Homeless|||||||||||||||||2015|United Way of the Blue Mountains
2014-15|36250|College Place School District|Non-Homeless|Homeless|||||||||||||||||2014|United Way of the Blue Mountains
2020-21|36250|College Place School District|Low-Income|LowIncome||||0.954|||||||||||||2020|United Way of the Blue Mountains
2019-20|36250|College Place School District|Low-Income|LowIncome|50|54|50|0.925925926|||||||||||||2019|United Way of the Blue Mountains
2018-19|36250|College Place School District|Low-Income|LowIncome||||0.941|||||||||||||2018|United Way of the Blue Mountains
2017-18|36250|College Place School District|Low-Income|LowIncome|||||||||||||||||2017|United Way of the Blue Mountains
2016-17|36250|College Place School District|Low-Income|LowIncome|||||||||||||||||2016|United Way of the Blue Mountains
2015-16|36250|College Place School District|Low-Income|LowIncome|||||||||||||||||2015|United Way of the Blue Mountains
2014-15|36250|College Place School District|Low-Income|LowIncome|||||||||||||||||2014|United Way of the Blue Mountains
2020-21|36250|College Place School District|Non-Low Income|LowIncome||||0.938|||||||||||||2020|United Way of the Blue Mountains
2019-20|36250|College Place School District|Non-Low Income|LowIncome||||0.919|||||||||||||2019|United Way of the Blue Mountains
2018-19|36250|College Place School District|Non-Low Income|LowIncome||||0.936|||||||||||||2018|United Way of the Blue Mountains
2017-18|36250|College Place School District|Non-Low Income|LowIncome|||||||||||||||||2017|United Way of the Blue Mountains
2016-17|36250|College Place School District|Non-Low Income|LowIncome|||||||||||||||||2016|United Way of the Blue Mountains
2015-16|36250|College Place School District|Non-Low Income|LowIncome|||||||||||||||||2015|United Way of the Blue Mountains
2014-15|36250|College Place School District|Non-Low Income|LowIncome|||||||||||||||||2014|United Way of the Blue Mountains
2020-21|36250|College Place School District|Migrant|Migrant||||0.7|||||||||||||2020|United Way of the Blue Mountains
2019-20|36250|College Place School District|Migrant|Migrant|||||||||||||||||2019|United Way of the Blue Mountains
2018-19|36250|College Place School District|Migrant|Migrant||||0.727|||||||||||||2018|United Way of the Blue Mountains
2020-21|36250|College Place School District|Non Migrant|Migrant|94|103|99|0.961165049|||||||||||||2020|United Way of the Blue Mountains
2019-20|36250|College Place School District|Non Migrant|Migrant||||0.94|||||||||||||2019|United Way of the Blue Mountains
2018-19|36250|College Place School District|Non Migrant|Migrant|90|87|82|0.942528736|||||||||||||2018|United Way of the Blue Mountains
2017-18|36250|College Place School District|Non Migrant|Migrant|||||||||||||||||2017|United Way of the Blue Mountains
2016-17|36250|College Place School District|Non Migrant|Migrant|||||||||||||||||2016|United Way of the Blue Mountains
2015-16|36250|College Place School District|Non Migrant|Migrant|||||||||||||||||2015|United Way of the Blue Mountains
2014-15|36250|College Place School District|Non Migrant|Migrant|||||||||||||||||2014|United Way of the Blue Mountains
2020-21|36250|College Place School District|American Indian/ Alaskan Native|Race|||||||||||||||||2020|United Way of the Blue Mountains
2018-19|36250|College Place School District|American Indian/ Alaskan Native|Race|||||||||||||||||2018|United Way of the Blue Mountains
2020-21|36250|College Place School District|Asian|Race|||||||||||||||||2020|United Way of the Blue Mountains
2019-20|36250|College Place School District|Asian|Race|||||||||||||||||2019|United Way of the Blue Mountains
2018-19|36250|College Place School District|Asian|Race|||||||||||||||||2018|United Way of the Blue Mountains
2017-18|36250|College Place School District|Asian|Race|||||||||||||||||2017|United Way of the Blue Mountains
2016-17|36250|College Place School District|Asian|Race|||||||||||||||||2016|United Way of the Blue Mountains
2015-16|36250|College Place School District|Asian|Race|||||||||||||||||2015|United Way of the Blue Mountains
2020-21|36250|College Place School District|Black/ African American|Race|||||||||||||||||2020|United Way of the Blue Mountains
2019-20|36250|College Place School District|Black/ African American|Race|||||||||||||||||2019|United Way of the Blue Mountains
2018-19|36250|College Place School District|Black/ African American|Race|||||||||||||||||2018|United Way of the Blue Mountains
2016-17|36250|College Place School District|Black/ African American|Race|||||||||||||||||2016|United Way of the Blue Mountains
2015-16|36250|College Place School District|Black/ African American|Race|||||||||||||||||2015|United Way of the Blue Mountains
2020-21|36250|College Place School District|Hispanic/ Latino of any race(s)|Race||||0.927|||||||||||||2020|United Way of the Blue Mountains
2019-20|36250|College Place School District|Hispanic/ Latino of any race(s)|Race||||0.903|||||||||||||2019|United Way of the Blue Mountains
2018-19|36250|College Place School District|Hispanic/ Latino of any race(s)|Race||||0.9|||||||||||||2018|United Way of the Blue Mountains
2016-17|36250|College Place School District|Hispanic/ Latino of any race(s)|Race|||||||||||||||||2016|United Way of the Blue Mountains
2015-16|36250|College Place School District|Hispanic/ Latino of any race(s)|Race|||||||||||||||||2015|United Way of the Blue Mountains
2020-21|36250|College Place School District|Native Hawaiian/ Other Pacific Islander|Race|||||||||||||||||2020|United Way of the Blue Mountains
2019-20|36250|College Place School District|Native Hawaiian/ Other Pacific Islander|Race|||||||||||||||||2019|United Way of the Blue Mountains
2018-19|36250|College Place School District|Native Hawaiian/ Other Pacific Islander|Race|||||||||||||||||2018|United Way of the Blue Mountains
2020-21|36250|College Place School District|Two or More Races|Race|||||||||||||||||2020|United Way of the Blue Mountains
2019-20|36250|College Place School District|Two or More Races|Race|||||||||||||||||2019|United Way of the Blue Mountains
2018-19|36250|College Place School District|Two or More Races|Race|||||||||||||||||2018|United Way of the Blue Mountains
2020-21|36250|College Place School District|White|Race|53|59|56|0.949152542|||||||||||||2020|United Way of the Blue Mountains
2019-20|36250|College Place School District|White|Race||||0.945|||||||||||||2019|United Way of the Blue Mountains
2018-19|36250|College Place School District|White|Race|62|61|57|0.93442623|||||||||||||2018|United Way of the Blue Mountains
2017-18|36250|College Place School District|White|Race|||||||||||||||||2017|United Way of the Blue Mountains
2016-17|36250|College Place School District|White|Race|||||||||||||||||2016|United Way of the Blue Mountains
2015-16|36250|College Place School District|White|Race|||||||||||||||||2015|United Way of the Blue Mountains
2014-15|36250|College Place School District|White|Race|||||||||||||||||2014|United Way of the Blue Mountains
2020-21|36250|College Place School District|Students with Disabilities|sped||||0.75|||||||||||||2020|United Way of the Blue Mountains
2019-20|36250|College Place School District|Students with Disabilities|sped||||0.727|||||||||||||2019|United Way of the Blue Mountains
2018-19|36250|College Place School District|Students with Disabilities|sped|||||||||||||||||2018|United Way of the Blue Mountains
2020-21|36250|College Place School District|Students without Disabilities|sped||||0.969|||||||||||||2020|United Way of the Blue Mountains
2019-20|36250|College Place School District|Students without Disabilities|sped|77|80|77|0.9625|||||||||||||2019|United Way of the Blue Mountains
2018-19|36250|College Place School District|Students without Disabilities|sped||||0.967|||||||||||||2018|United Way of the Blue Mountains
2017-18|36250|College Place School District|Students without Disabilities|sped|||||||||||||||||2017|United Way of the Blue Mountains
2016-17|36250|College Place School District|Students without Disabilities|sped|||||||||||||||||2016|United Way of the Blue Mountains
2015-16|36250|College Place School District|Students without Disabilities|sped|||||||||||||||||2015|United Way of the Blue Mountains
2014-15|36250|College Place School District|Students without Disabilities|sped|||||||||||||||||2014|United Way of the Blue Mountains
2020-21|36400|Columbia (Walla Walla) School District|Non Section 504|504||||0.92|||||||||||||2020|United Way of the Blue Mountains
2019-20|36400|Columbia (Walla Walla) School District|Non Section 504|504|52|59|46|0.779661017|||||||||||||2019|United Way of the Blue Mountains
2018-19|36400|Columbia (Walla Walla) School District|Non Section 504|504|52|61|52|0.852459016|||||||||||||2018|United Way of the Blue Mountains
2017-18|36400|Columbia (Walla Walla) School District|Non Section 504|504||||0.84|||||||||||||2017|United Way of the Blue Mountains
2016-17|36400|Columbia (Walla Walla) School District|Non Section 504|504||||0.79|||||||||||||2016|United Way of the Blue Mountains
2015-16|36400|Columbia (Walla Walla) School District|Non Section 504|504||||0.82|||||||||||||2015|United Way of the Blue Mountains
2014-15|36400|Columbia (Walla Walla) School District|Non Section 504|504|68|73|63|0.863013699|||||||||||||2014|United Way of the Blue Mountains
2020-21|36400|Columbia (Walla Walla) School District|Section 504|504|||||||||||||||||2020|United Way of the Blue Mountains
2017-18|36400|Columbia (Walla Walla) School District|Section 504|504|||||||||||||||||2017|United Way of the Blue Mountains
2020-21|36400|Columbia (Walla Walla) School District|All Students|All||||0.91|||||||||||||2020|United Way of the Blue Mountains
2019-20|36400|Columbia (Walla Walla) School District|All Students|All|52|59|46|0.779661017|||||||||||||2019|United Way of the Blue Mountains
2018-19|36400|Columbia (Walla Walla) School District|All Students|All|52|61|52|0.852459016|||||||||||||2018|United Way of the Blue Mountains
2017-18|36400|Columbia (Walla Walla) School District|All Students|All||||0.85|||||||||||||2017|United Way of the Blue Mountains
2016-17|36400|Columbia (Walla Walla) School District|All Students|All||||0.79|||||||||||||2016|United Way of the Blue Mountains
2015-16|36400|Columbia (Walla Walla) School District|All Students|All||||0.82|||||||||||||2015|United Way of the Blue Mountains
2014-15|36400|Columbia (Walla Walla) School District|All Students|All|68|73|63|0.863013699|||||||||||||2014|United Way of the Blue Mountains
2020-21|36400|Columbia (Walla Walla) School District|English Language Learners|ELL|||||||||||||||||2020|United Way of the Blue Mountains
2019-20|36400|Columbia (Walla Walla) School District|English Language Learners|ELL|||||||||||||||||2019|United Way of the Blue Mountains
2018-19|36400|Columbia (Walla Walla) School District|English Language Learners|ELL|||||||||||||||||2018|United Way of the Blue Mountains
2017-18|36400|Columbia (Walla Walla) School District|English Language Learners|ELL|||||||||||||||||2017|United Way of the Blue Mountains
2016-17|36400|Columbia (Walla Walla) School District|English Language Learners|ELL|||||||||||||||||2016|United Way of the Blue Mountains
2015-16|36400|Columbia (Walla Walla) School District|English Language Learners|ELL|||||||||||||||||2015|United Way of the Blue Mountains
2014-15|36400|Columbia (Walla Walla) School District|English Language Learners|ELL|||||||||||||||||2014|United Way of the Blue Mountains
2020-21|36400|Columbia (Walla Walla) School District|Non-English Language Learners|ELL||||0.9|||||||||||||2020|United Way of the Blue Mountains
2019-20|36400|Columbia (Walla Walla) School District|Non-English Language Learners|ELL||||0.83|||||||||||||2019|United Way of the Blue Mountains
2018-19|36400|Columbia (Walla Walla) School District|Non-English Language Learners|ELL||||0.88|||||||||||||2018|United Way of the Blue Mountains
2017-18|36400|Columbia (Walla Walla) School District|Non-English Language Learners|ELL||||0.84|||||||||||||2017|United Way of the Blue Mountains
2016-17|36400|Columbia (Walla Walla) School District|Non-English Language Learners|ELL||||0.81|||||||||||||2016|United Way of the Blue Mountains
2015-16|36400|Columbia (Walla Walla) School District|Non-English Language Learners|ELL||||0.84|||||||||||||2015|United Way of the Blue Mountains
2014-15|36400|Columbia (Walla Walla) School District|Non-English Language Learners|ELL||||0.86|||||||||||||2014|United Way of the Blue Mountains
2017-18|36400|Columbia (Walla Walla) School District|Foster Care|Foster|||||||||||||||||2017|United Way of the Blue Mountains
2016-17|36400|Columbia (Walla Walla) School District|Foster Care|Foster|||||||||||||||||2016|United Way of the Blue Mountains
2015-16|36400|Columbia (Walla Walla) School District|Foster Care|Foster|||||||||||||||||2015|United Way of the Blue Mountains
2014-15|36400|Columbia (Walla Walla) School District|Foster Care|Foster|||||||||||||||||2014|United Way of the Blue Mountains
2020-21|36400|Columbia (Walla Walla) School District|Non-Foster Care|Foster||||0.91|||||||||||||2020|United Way of the Blue Mountains
2019-20|36400|Columbia (Walla Walla) School District|Non-Foster Care|Foster|52|59|46|0.779661017|||||||||||||2019|United Way of the Blue Mountains
2018-19|36400|Columbia (Walla Walla) School District|Non-Foster Care|Foster|52|61|52|0.852459016|||||||||||||2018|United Way of the Blue Mountains
2017-18|36400|Columbia (Walla Walla) School District|Non-Foster Care|Foster||||0.84|||||||||||||2017|United Way of the Blue Mountains
2016-17|36400|Columbia (Walla Walla) School District|Non-Foster Care|Foster||||0.79245283|||||||||||||2016|United Way of the Blue Mountains
2015-16|36400|Columbia (Walla Walla) School District|Non-Foster Care|Foster||||0.81|||||||||||||2015|United Way of the Blue Mountains
2014-15|36400|Columbia (Walla Walla) School District|Non-Foster Care|Foster||||0.86|||||||||||||2014|United Way of the Blue Mountains
2020-21|36400|Columbia (Walla Walla) School District|Female|Gender||||0.897|||||||||||||2020|United Way of the Blue Mountains
2019-20|36400|Columbia (Walla Walla) School District|Female|Gender||||0.78|||||||||||||2019|United Way of the Blue Mountains
2018-19|36400|Columbia (Walla Walla) School District|Female|Gender|32|35|32|0.914285714|||||||||||||2018|United Way of the Blue Mountains
2017-18|36400|Columbia (Walla Walla) School District|Female|Gender|35|36|32|0.888888889|||||||||||||2017|United Way of the Blue Mountains
2016-17|36400|Columbia (Walla Walla) School District|Female|Gender|28|27|22|0.814814815|||||||||||||2016|United Way of the Blue Mountains
2015-16|36400|Columbia (Walla Walla) School District|Female|Gender||||0.85|||||||||||||2015|United Way of the Blue Mountains
2014-15|36400|Columbia (Walla Walla) School District|Female|Gender||||0.914|||||||||||||2014|United Way of the Blue Mountains
2020-21|36400|Columbia (Walla Walla) School District|Male|Gender||||0.885|||||||||||||2020|United Way of the Blue Mountains
2019-20|36400|Columbia (Walla Walla) School District|Male|Gender|30|36|28|0.777777778|||||||||||||2019|United Way of the Blue Mountains
2018-19|36400|Columbia (Walla Walla) School District|Male|Gender||||0.77|||||||||||||2018|United Way of the Blue Mountains
2017-18|36400|Columbia (Walla Walla) School District|Male|Gender||||0.8|||||||||||||2017|United Way of the Blue Mountains
2016-17|36400|Columbia (Walla Walla) School District|Male|Gender||||0.77|||||||||||||2016|United Way of the Blue Mountains
2015-16|36400|Columbia (Walla Walla) School District|Male|Gender||||0.78|||||||||||||2015|United Way of the Blue Mountains
2014-15|36400|Columbia (Walla Walla) School District|Male|Gender|36|38|30|0.789473684|||||||||||||2014|United Way of the Blue Mountains
2020-21|36400|Columbia (Walla Walla) School District|Homeless|Homeless|||||||||||||||||2020|United Way of the Blue Mountains
2019-20|36400|Columbia (Walla Walla) School District|Homeless|Homeless|||||||||||||||||2019|United Way of the Blue Mountains
2018-19|36400|Columbia (Walla Walla) School District|Homeless|Homeless|||||||||||||||||2018|United Way of the Blue Mountains
2016-17|36400|Columbia (Walla Walla) School District|Homeless|Homeless|||||||||||||||||2016|United Way of the Blue Mountains
2015-16|36400|Columbia (Walla Walla) School District|Homeless|Homeless|||||||||||||||||2015|United Way of the Blue Mountains
2014-15|36400|Columbia (Walla Walla) School District|Homeless|Homeless|||||||||||||||||2014|United Way of the Blue Mountains
2020-21|36400|Columbia (Walla Walla) School District|Non-Homeless|Homeless||||0.939|||||||||||||2020|United Way of the Blue Mountains
2019-20|36400|Columbia (Walla Walla) School District|Non-Homeless|Homeless||||0.78|||||||||||||2019|United Way of the Blue Mountains
2018-19|36400|Columbia (Walla Walla) School District|Non-Homeless|Homeless||||0.85|||||||||||||2018|United Way of the Blue Mountains
2017-18|36400|Columbia (Walla Walla) School District|Non-Homeless|Homeless||||0.85|||||||||||||2017|United Way of the Blue Mountains
2016-17|36400|Columbia (Walla Walla) School District|Non-Homeless|Homeless||||0.82|||||||||||||2016|United Way of the Blue Mountains
2015-16|36400|Columbia (Walla Walla) School District|Non-Homeless|Homeless||||0.84|||||||||||||2015|United Way of the Blue Mountains
2014-15|36400|Columbia (Walla Walla) School District|Non-Homeless|Homeless||||0.87|||||||||||||2014|United Way of the Blue Mountains
2020-21|36400|Columbia (Walla Walla) School District|Low-Income|LowIncome|25|30|25|0.833333333|||||||||||||2020|United Way of the Blue Mountains
2019-20|36400|Columbia (Walla Walla) School District|Low-Income|LowIncome||||0.77|||||||||||||2019|United Way of the Blue Mountains
2018-19|36400|Columbia (Walla Walla) School District|Low-Income|LowIncome|25|30|23|0.766666667|||||||||||||2018|United Way of the Blue Mountains
2017-18|36400|Columbia (Walla Walla) School District|Low-Income|LowIncome|40|40|31|0.775|||||||||||||2017|United Way of the Blue Mountains
2016-17|36400|Columbia (Walla Walla) School District|Low-Income|LowIncome||||0.59|||||||||||||2016|United Way of the Blue Mountains
2015-16|36400|Columbia (Walla Walla) School District|Low-Income|LowIncome||||0.68|||||||||||||2015|United Way of the Blue Mountains
2014-15|36400|Columbia (Walla Walla) School District|Low-Income|LowIncome||||0.78|||||||||||||2014|United Way of the Blue Mountains
2020-21|36400|Columbia (Walla Walla) School District|Non-Low Income|LowIncome||||0.88|||||||||||||2020|United Way of the Blue Mountains
2019-20|36400|Columbia (Walla Walla) School District|Non-Low Income|LowIncome||||0.79|||||||||||||2019|United Way of the Blue Mountains
2018-19|36400|Columbia (Walla Walla) School District|Non-Low Income|LowIncome||||0.903|||||||||||||2018|United Way of the Blue Mountains
2017-18|36400|Columbia (Walla Walla) School District|Non-Low Income|LowIncome||||0.903|||||||||||||2017|United Way of the Blue Mountains
2016-17|36400|Columbia (Walla Walla) School District|Non-Low Income|LowIncome||||0.903|||||||||||||2016|United Way of the Blue Mountains
2015-16|36400|Columbia (Walla Walla) School District|Non-Low Income|LowIncome||||0.909|||||||||||||2015|United Way of the Blue Mountains
2014-15|36400|Columbia (Walla Walla) School District|Non-Low Income|LowIncome||||0.919|||||||||||||2014|United Way of the Blue Mountains
2020-21|36400|Columbia (Walla Walla) School District|Migrant|Migrant|||||||||||||||||2020|United Way of the Blue Mountains
2019-20|36400|Columbia (Walla Walla) School District|Migrant|Migrant|||||||||||||||||2019|United Way of the Blue Mountains
2018-19|36400|Columbia (Walla Walla) School District|Migrant|Migrant|||||||||||||||||2018|United Way of the Blue Mountains
2017-18|36400|Columbia (Walla Walla) School District|Migrant|Migrant|||||||||||||||||2017|United Way of the Blue Mountains
2016-17|36400|Columbia (Walla Walla) School District|Migrant|Migrant|||||||||||||||||2016|United Way of the Blue Mountains
2015-16|36400|Columbia (Walla Walla) School District|Migrant|Migrant|||||||||||||||||2015|United Way of the Blue Mountains
2014-15|36400|Columbia (Walla Walla) School District|Migrant|Migrant|||||||||||||||||2014|United Way of the Blue Mountains
2020-21|36400|Columbia (Walla Walla) School District|Non Migrant|Migrant||||0.9|||||||||||||2020|United Way of the Blue Mountains
2019-20|36400|Columbia (Walla Walla) School District|Non Migrant|Migrant||||0.81|||||||||||||2019|United Way of the Blue Mountains
2018-19|36400|Columbia (Walla Walla) School District|Non Migrant|Migrant||||0.88|||||||||||||2018|United Way of the Blue Mountains
2017-18|36400|Columbia (Walla Walla) School District|Non Migrant|Migrant||||0.85|||||||||||||2017|United Way of the Blue Mountains
2016-17|36400|Columbia (Walla Walla) School District|Non Migrant|Migrant||||0.81|||||||||||||2016|United Way of the Blue Mountains
2015-16|36400|Columbia (Walla Walla) School District|Non Migrant|Migrant||||0.85|||||||||||||2015|United Way of the Blue Mountains
2014-15|36400|Columbia (Walla Walla) School District|Non Migrant|Migrant||||0.86|||||||||||||2014|United Way of the Blue Mountains
2019-20|36400|Columbia (Walla Walla) School District|American Indian/ Alaskan Native|Race|||||||||||||||||2019|United Way of the Blue Mountains
2017-18|36400|Columbia (Walla Walla) School District|American Indian/ Alaskan Native|Race|||||||||||||||||2017|United Way of the Blue Mountains
2014-15|36400|Columbia (Walla Walla) School District|American Indian/ Alaskan Native|Race|||||||||||||||||2014|United Way of the Blue Mountains
2020-21|36400|Columbia (Walla Walla) School District|Asian|Race|||||||||||||||||2020|United Way of the Blue Mountains
2018-19|36400|Columbia (Walla Walla) School District|Asian|Race|||||||||||||||||2018|United Way of the Blue Mountains
2017-18|36400|Columbia (Walla Walla) School District|Asian|Race|||||||||||||||||2017|United Way of the Blue Mountains
2016-17|36400|Columbia (Walla Walla) School District|Asian|Race|||||||||||||||||2016|United Way of the Blue Mountains
2015-16|36400|Columbia (Walla Walla) School District|Asian|Race|||||||||||||||||2015|United Way of the Blue Mountains
2014-15|36400|Columbia (Walla Walla) School District|Asian|Race|||||||||||||||||2014|United Way of the Blue Mountains
2020-21|36400|Columbia (Walla Walla) School District|Black/ African American|Race|||||||||||||||||2020|United Way of the Blue Mountains
2016-17|36400|Columbia (Walla Walla) School District|Black/ African American|Race|||||||||||||||||2016|United Way of the Blue Mountains
2020-21|36400|Columbia (Walla Walla) School District|Hispanic/ Latino of any race(s)|Race||||0.786|||||||||||||2020|United Way of the Blue Mountains
2019-20|36400|Columbia (Walla Walla) School District|Hispanic/ Latino of any race(s)|Race||||0.68|||||||||||||2019|United Way of the Blue Mountains
2018-19|36400|Columbia (Walla Walla) School District|Hispanic/ Latino of any race(s)|Race||||0.8|||||||||||||2018|United Way of the Blue Mountains
2017-18|36400|Columbia (Walla Walla) School District|Hispanic/ Latino of any race(s)|Race||||0.85|||||||||||||2017|United Way of the Blue Mountains
2016-17|36400|Columbia (Walla Walla) School District|Hispanic/ Latino of any race(s)|Race|||||||||||||||||2016|United Way of the Blue Mountains
2015-16|36400|Columbia (Walla Walla) School District|Hispanic/ Latino of any race(s)|Race||||0.67|||||||||||||2015|United Way of the Blue Mountains
2014-15|36400|Columbia (Walla Walla) School District|Hispanic/ Latino of any race(s)|Race||||0.8|||||||||||||2014|United Way of the Blue Mountains
2020-21|36400|Columbia (Walla Walla) School District|Two or More Races|Race|||||||||||||||||2020|United Way of the Blue Mountains
2019-20|36400|Columbia (Walla Walla) School District|Two or More Races|Race|||||||||||||||||2019|United Way of the Blue Mountains
2018-19|36400|Columbia (Walla Walla) School District|Two or More Races|Race|||||||||||||||||2018|United Way of the Blue Mountains
2017-18|36400|Columbia (Walla Walla) School District|Two or More Races|Race|||||||||||||||||2017|United Way of the Blue Mountains
2016-17|36400|Columbia (Walla Walla) School District|Two or More Races|Race|||||||||||||||||2016|United Way of the Blue Mountains
2015-16|36400|Columbia (Walla Walla) School District|Two or More Races|Race|||||||||||||||||2015|United Way of the Blue Mountains
2014-15|36400|Columbia (Walla Walla) School District|Two or More Races|Race|||||||||||||||||2014|United Way of the Blue Mountains
2020-21|36400|Columbia (Walla Walla) School District|White|Race|33|38|35|0.921052632|||||||||||||2020|United Way of the Blue Mountains
2019-20|36400|Columbia (Walla Walla) School District|White|Race|34|35|30|0.857142857|||||||||||||2019|United Way of the Blue Mountains
2018-19|36400|Columbia (Walla Walla) School District|White|Race|33|39|34|0.871794872|||||||||||||2018|United Way of the Blue Mountains
2017-18|36400|Columbia (Walla Walla) School District|White|Race|43|45|36|0.8|||||||||||||2017|United Way of the Blue Mountains
2016-17|36400|Columbia (Walla Walla) School District|White|Race|44|43|35|0.813953488|||||||||||||2016|United Way of the Blue Mountains
2015-16|36400|Columbia (Walla Walla) School District|White|Race|50|53|44|0.830188679|||||||||||||2015|United Way of the Blue Mountains
2014-15|36400|Columbia (Walla Walla) School District|White|Race|50|54|46|0.851851852|||||||||||||2014|United Way of the Blue Mountains
2020-21|36400|Columbia (Walla Walla) School District|Students with Disabilities|sped|||||||||||||||||2020|United Way of the Blue Mountains
2019-20|36400|Columbia (Walla Walla) School District|Students with Disabilities|sped||||0.727|||||||||||||2019|United Way of the Blue Mountains
2018-19|36400|Columbia (Walla Walla) School District|Students with Disabilities|sped||||0.75|||||||||||||2018|United Way of the Blue Mountains
2017-18|36400|Columbia (Walla Walla) School District|Students with Disabilities|sped||||0.7|||||||||||||2017|United Way of the Blue Mountains
2016-17|36400|Columbia (Walla Walla) School District|Students with Disabilities|sped|||||||||||||||||2016|United Way of the Blue Mountains
2015-16|36400|Columbia (Walla Walla) School District|Students with Disabilities|sped|||||||||||||||||2015|United Way of the Blue Mountains
2014-15|36400|Columbia (Walla Walla) School District|Students with Disabilities|sped||||0.58|||||||||||||2014|United Way of the Blue Mountains
2020-21|36400|Columbia (Walla Walla) School District|Students without Disabilities|sped||||0.938|||||||||||||2020|United Way of the Blue Mountains
2019-20|36400|Columbia (Walla Walla) School District|Students without Disabilities|sped|44|48|36|0.75|||||||||||||2019|United Way of the Blue Mountains
2018-19|36400|Columbia (Walla Walla) School District|Students without Disabilities|sped|40|49|42|0.857142857|||||||||||||2018|United Way of the Blue Mountains
2017-18|36400|Columbia (Walla Walla) School District|Students without Disabilities|sped|58|61|52|0.852459016|||||||||||||2017|United Way of the Blue Mountains
2016-17|36400|Columbia (Walla Walla) School District|Students without Disabilities|sped||||0.83|||||||||||||2016|United Way of the Blue Mountains
2015-16|36400|Columbia (Walla Walla) School District|Students without Disabilities|sped||||0.83|||||||||||||2015|United Way of the Blue Mountains
2014-15|36400|Columbia (Walla Walla) School District|Students without Disabilities|sped|58|61|56|0.918032787|||||||||||||2014|United Way of the Blue Mountains
2020-21|05313|Crescent School District|Non Section 504|504||||0.85|||||||||||||2020|PREP - Tier 1
2019-20|05313|Crescent School District|Non Section 504|504||||0.833|||||||||||||2019|PREP - Tier 1
2018-19|05313|Crescent School District|Non Section 504|504||||0.833|||||||||||||2018|PREP - Tier 1
2017-18|05313|Crescent School District|Non Section 504|504||||0.813|||||||||||||2017|PREP - Tier 1
2016-17|05313|Crescent School District|Non Section 504|504||||0.65|||||||||||||2016|PREP - Tier 1
2015-16|05313|Crescent School District|Non Section 504|504||||0.85|||||||||||||2015|PREP - Tier 1
2014-15|05313|Crescent School District|Non Section 504|504||||0.8|||||||||||||2014|PREP - Tier 1
2020-21|05313|Crescent School District|Section 504|504|||||||||||||||||2020|PREP - Tier 1
2016-17|05313|Crescent School District|Section 504|504|||||||||||||||||2016|PREP - Tier 1
2014-15|05313|Crescent School District|Section 504|504|||||||||||||||||2014|PREP - Tier 1
2020-21|05313|Crescent School District|All Students|All||||0.857|||||||||||||2020|PREP - Tier 1
2019-20|05313|Crescent School District|All Students|All||||0.833|||||||||||||2019|PREP - Tier 1
2018-19|05313|Crescent School District|All Students|All||||0.833|||||||||||||2018|PREP - Tier 1
2017-18|05313|Crescent School District|All Students|All||||0.813|||||||||||||2017|PREP - Tier 1
2016-17|05313|Crescent School District|All Students|All||||0.61|||||||||||||2016|PREP - Tier 1
2015-16|05313|Crescent School District|All Students|All||||0.85|||||||||||||2015|PREP - Tier 1
2014-15|05313|Crescent School District|All Students|All||||0.813|||||||||||||2014|PREP - Tier 1
2020-21|05313|Crescent School District|Non-English Language Learners|ELL||||0.857|||||||||||||2020|PREP - Tier 1
2019-20|05313|Crescent School District|Non-English Language Learners|ELL||||0.833|||||||||||||2019|PREP - Tier 1
2018-19|05313|Crescent School District|Non-English Language Learners|ELL||||0.833|||||||||||||2018|PREP - Tier 1
2017-18|05313|Crescent School District|Non-English Language Learners|ELL||||0.813|||||||||||||2017|PREP - Tier 1
2016-17|05313|Crescent School District|Non-English Language Learners|ELL||||0.61|||||||||||||2016|PREP - Tier 1
2015-16|05313|Crescent School District|Non-English Language Learners|ELL||||0.85|||||||||||||2015|PREP - Tier 1
2014-15|05313|Crescent School District|Non-English Language Learners|ELL||||0.813|||||||||||||2014|PREP - Tier 1
2020-21|05313|Crescent School District|Foster Care|Foster|||||||||||||||||2020|PREP - Tier 1
2020-21|05313|Crescent School District|Non-Foster Care|Foster|||||||||||||||||2020|PREP - Tier 1
2019-20|05313|Crescent School District|Non-Foster Care|Foster||||0.833|||||||||||||2019|PREP - Tier 1
2018-19|05313|Crescent School District|Non-Foster Care|Foster||||0.833|||||||||||||2018|PREP - Tier 1
2017-18|05313|Crescent School District|Non-Foster Care|Foster||||0.813|||||||||||||2017|PREP - Tier 1
2016-17|05313|Crescent School District|Non-Foster Care|Foster||||0.61|||||||||||||2016|PREP - Tier 1
2015-16|05313|Crescent School District|Non-Foster Care|Foster||||0.85|||||||||||||2015|PREP - Tier 1
2014-15|05313|Crescent School District|Non-Foster Care|Foster||||0.813|||||||||||||2014|PREP - Tier 1
2020-21|05313|Crescent School District|Female|Gender||||0.75|||||||||||||2020|PREP - Tier 1
2019-20|05313|Crescent School District|Female|Gender|||||||||||||||||2019|PREP - Tier 1
2018-19|05313|Crescent School District|Female|Gender|||||||||||||||||2018|PREP - Tier 1
2017-18|05313|Crescent School District|Female|Gender||||0.7|||||||||||||2017|PREP - Tier 1
2016-17|05313|Crescent School District|Female|Gender||||0.73|||||||||||||2016|PREP - Tier 1
2015-16|05313|Crescent School District|Female|Gender|||||||||||||||||2015|PREP - Tier 1
2014-15|05313|Crescent School District|Female|Gender|||||||||||||||||2014|PREP - Tier 1
2020-21|05313|Crescent School District|Male|Gender|||||||||||||||||2020|PREP - Tier 1
2019-20|05313|Crescent School District|Male|Gender||||0.727|||||||||||||2019|PREP - Tier 1
2018-19|05313|Crescent School District|Male|Gender||||0.7|||||||||||||2018|PREP - Tier 1
2017-18|05313|Crescent School District|Male|Gender|||||||||||||||||2017|PREP - Tier 1
2016-17|05313|Crescent School District|Male|Gender|||||||||||||||||2016|PREP - Tier 1
2015-16|05313|Crescent School District|Male|Gender||||0.727|||||||||||||2015|PREP - Tier 1
2014-15|05313|Crescent School District|Male|Gender||||0.7|||||||||||||2014|PREP - Tier 1
2020-21|05313|Crescent School District|Homeless|Homeless|||||||||||||||||2020|PREP - Tier 1
2019-20|05313|Crescent School District|Homeless|Homeless|||||||||||||||||2019|PREP - Tier 1
2018-19|05313|Crescent School District|Homeless|Homeless|||||||||||||||||2018|PREP - Tier 1
2017-18|05313|Crescent School District|Homeless|Homeless|||||||||||||||||2017|PREP - Tier 1
2016-17|05313|Crescent School District|Homeless|Homeless|||||||||||||||||2016|PREP - Tier 1
2015-16|05313|Crescent School District|Homeless|Homeless|||||||||||||||||2015|PREP - Tier 1
2020-21|05313|Crescent School District|Non-Homeless|Homeless||||0.842|||||||||||||2020|PREP - Tier 1
2019-20|05313|Crescent School District|Non-Homeless|Homeless||||0.824|||||||||||||2019|PREP - Tier 1
2018-19|05313|Crescent School District|Non-Homeless|Homeless||||0.824|||||||||||||2018|PREP - Tier 1
2017-18|05313|Crescent School District|Non-Homeless|Homeless||||0.8|||||||||||||2017|PREP - Tier 1
2016-17|05313|Crescent School District|Non-Homeless|Homeless||||0.65|||||||||||||2016|PREP - Tier 1
2015-16|05313|Crescent School District|Non-Homeless|Homeless||||0.842|||||||||||||2015|PREP - Tier 1
2014-15|05313|Crescent School District|Non-Homeless|Homeless||||0.813|||||||||||||2014|PREP - Tier 1
2020-21|05313|Crescent School District|Low-Income|LowIncome||||0.824|||||||||||||2020|PREP - Tier 1
2019-20|05313|Crescent School District|Low-Income|LowIncome||||0.75|||||||||||||2019|PREP - Tier 1
2018-19|05313|Crescent School District|Low-Income|LowIncome||||0.786|||||||||||||2018|PREP - Tier 1
2017-18|05313|Crescent School District|Low-Income|LowIncome|||||||||||||||||2017|PREP - Tier 1
2016-17|05313|Crescent School District|Low-Income|LowIncome||||0.64|||||||||||||2016|PREP - Tier 1
2015-16|05313|Crescent School District|Low-Income|LowIncome||||0.769|||||||||||||2015|PREP - Tier 1
2014-15|05313|Crescent School District|Low-Income|LowIncome||||0.769|||||||||||||2014|PREP - Tier 1
2020-21|05313|Crescent School District|Non-Low Income|LowIncome|||||||||||||||||2020|PREP - Tier 1
2019-20|05313|Crescent School District|Non-Low Income|LowIncome|||||||||||||||||2019|PREP - Tier 1
2018-19|05313|Crescent School District|Non-Low Income|LowIncome|||||||||||||||||2018|PREP - Tier 1
2017-18|05313|Crescent School District|Non-Low Income|LowIncome|||||||||||||||||2017|PREP - Tier 1
2016-17|05313|Crescent School District|Non-Low Income|LowIncome|||||||||||||||||2016|PREP - Tier 1
2015-16|05313|Crescent School District|Non-Low Income|LowIncome|||||||||||||||||2015|PREP - Tier 1
2014-15|05313|Crescent School District|Non-Low Income|LowIncome|||||||||||||||||2014|PREP - Tier 1
2020-21|05313|Crescent School District|Non Migrant|Migrant||||0.857|||||||||||||2020|PREP - Tier 1
2019-20|05313|Crescent School District|Non Migrant|Migrant||||0.833|||||||||||||2019|PREP - Tier 1
2018-19|05313|Crescent School District|Non Migrant|Migrant||||0.833|||||||||||||2018|PREP - Tier 1
2017-18|05313|Crescent School District|Non Migrant|Migrant||||0.813|||||||||||||2017|PREP - Tier 1
2016-17|05313|Crescent School District|Non Migrant|Migrant||||0.61|||||||||||||2016|PREP - Tier 1
2015-16|05313|Crescent School District|Non Migrant|Migrant||||0.85|||||||||||||2015|PREP - Tier 1
2014-15|05313|Crescent School District|Non Migrant|Migrant||||0.813|||||||||||||2014|PREP - Tier 1
2020-21|05313|Crescent School District|American Indian/ Alaskan Native|Race|||||||||||||||||2020|PREP - Tier 1
2018-19|05313|Crescent School District|American Indian/ Alaskan Native|Race|||||||||||||||||2018|PREP - Tier 1
2017-18|05313|Crescent School District|American Indian/ Alaskan Native|Race|||||||||||||||||2017|PREP - Tier 1
2015-16|05313|Crescent School District|American Indian/ Alaskan Native|Race|||||||||||||||||2015|PREP - Tier 1
2014-15|05313|Crescent School District|American Indian/ Alaskan Native|Race|||||||||||||||||2014|PREP - Tier 1
2020-21|05313|Crescent School District|Hispanic/ Latino of any race(s)|Race|||||||||||||||||2020|PREP - Tier 1
2019-20|05313|Crescent School District|Hispanic/ Latino of any race(s)|Race|||||||||||||||||2019|PREP - Tier 1
2014-15|05313|Crescent School District|Hispanic/ Latino of any race(s)|Race|||||||||||||||||2014|PREP - Tier 1
2020-21|05313|Crescent School District|Two or More Races|Race|||||||||||||||||2020|PREP - Tier 1
2019-20|05313|Crescent School District|Two or More Races|Race|||||||||||||||||2019|PREP - Tier 1
2018-19|05313|Crescent School District|Two or More Races|Race|||||||||||||||||2018|PREP - Tier 1
2017-18|05313|Crescent School District|Two or More Races|Race|||||||||||||||||2017|PREP - Tier 1
2016-17|05313|Crescent School District|Two or More Races|Race|||||||||||||||||2016|PREP - Tier 1
2014-15|05313|Crescent School District|Two or More Races|Race|||||||||||||||||2014|PREP - Tier 1
2020-21|05313|Crescent School District|White|Race||||0.813|||||||||||||2020|PREP - Tier 1
2019-20|05313|Crescent School District|White|Race||||0.81|||||||||||||2019|PREP - Tier 1
2018-19|05313|Crescent School District|White|Race||||0.786|||||||||||||2018|PREP - Tier 1
2017-18|05313|Crescent School District|White|Race||||0.727|||||||||||||2017|PREP - Tier 1
2016-17|05313|Crescent School District|White|Race||||0.59|||||||||||||2016|PREP - Tier 1
2015-16|05313|Crescent School District|White|Race||||0.842|||||||||||||2015|PREP - Tier 1
2014-15|05313|Crescent School District|White|Race||||0.75|||||||||||||2014|PREP - Tier 1
2020-21|05313|Crescent School District|Students with Disabilities|sped|||||||||||||||||2020|PREP - Tier 1
2019-20|05313|Crescent School District|Students with Disabilities|sped|||||||||||||||||2019|PREP - Tier 1
2018-19|05313|Crescent School District|Students with Disabilities|sped|||||||||||||||||2018|PREP - Tier 1
2017-18|05313|Crescent School District|Students with Disabilities|sped|||||||||||||||||2017|PREP - Tier 1
2016-17|05313|Crescent School District|Students with Disabilities|sped|||||||||||||||||2016|PREP - Tier 1
2015-16|05313|Crescent School District|Students with Disabilities|sped|||||||||||||||||2015|PREP - Tier 1
2014-15|05313|Crescent School District|Students with Disabilities|sped|||||||||||||||||2014|PREP - Tier 1
2020-21|05313|Crescent School District|Students without Disabilities|sped||||0.824|||||||||||||2020|PREP - Tier 1
2019-20|05313|Crescent School District|Students without Disabilities|sped||||0.786|||||||||||||2019|PREP - Tier 1
2018-19|05313|Crescent School District|Students without Disabilities|sped||||0.8|||||||||||||2018|PREP - Tier 1
2017-18|05313|Crescent School District|Students without Disabilities|sped||||0.8|||||||||||||2017|PREP - Tier 1
2016-17|05313|Crescent School District|Students without Disabilities|sped||||0.64|||||||||||||2016|PREP - Tier 1
2015-16|05313|Crescent School District|Students without Disabilities|sped||||0.813|||||||||||||2015|PREP - Tier 1
2014-15|05313|Crescent School District|Students without Disabilities|sped||||0.769|||||||||||||2014|PREP - Tier 1
2018-19|07002|Dayton School District|Male|Gender|15|16|11|0.6875|||||||||||||2018|United Way of the Blue Mountains
2020-21|07002|Dayton School District|Non Section 504|504||||0.71|||||||||||||2020|United Way of the Blue Mountains
2019-20|07002|Dayton School District|Non Section 504|504||||0.87|||||||||||||2019|United Way of the Blue Mountains
2018-19|07002|Dayton School District|Non Section 504|504||||0.72|||||||||||||2018|United Way of the Blue Mountains
2017-18|07002|Dayton School District|Non Section 504|504||||0.87|||||||||||||2017|United Way of the Blue Mountains
2016-17|07002|Dayton School District|Non Section 504|504||||0.87|||||||||||||2016|United Way of the Blue Mountains
2015-16|07002|Dayton School District|Non Section 504|504||||0.912|||||||||||||2015|United Way of the Blue Mountains
2014-15|07002|Dayton School District|Non Section 504|504||||0.897|||||||||||||2014|United Way of the Blue Mountains
2020-21|07002|Dayton School District|Section 504|504|||||||||||||||||2020|United Way of the Blue Mountains
2019-20|07002|Dayton School District|Section 504|504|||||||||||||||||2019|United Way of the Blue Mountains
2018-19|07002|Dayton School District|Section 504|504|||||||||||||||||2018|United Way of the Blue Mountains
2017-18|07002|Dayton School District|Section 504|504|||||||||||||||||2017|United Way of the Blue Mountains
2016-17|07002|Dayton School District|Section 504|504|||||||||||||||||2016|United Way of the Blue Mountains
2015-16|07002|Dayton School District|Section 504|504|||||||||||||||||2015|United Way of the Blue Mountains
2014-15|07002|Dayton School District|Section 504|504|||||||||||||||||2014|United Way of the Blue Mountains
2020-21|07002|Dayton School District|All Students|All||||0.76|||||||||||||2020|United Way of the Blue Mountains
2019-20|07002|Dayton School District|All Students|All||||0.88|||||||||||||2019|United Way of the Blue Mountains
2018-19|07002|Dayton School District|All Students|All|23|27|20|0.740740741|||||||||||||2018|United Way of the Blue Mountains
2017-18|07002|Dayton School District|All Students|All||||0.88|||||||||||||2017|United Way of the Blue Mountains
2016-17|07002|Dayton School District|All Students|All||||0.88|||||||||||||2016|United Way of the Blue Mountains
2015-16|07002|Dayton School District|All Students|All||||0.919|||||||||||||2015|United Way of the Blue Mountains
2014-15|07002|Dayton School District|All Students|All||||0.9|||||||||||||2014|United Way of the Blue Mountains
2016-17|07002|Dayton School District|English Language Learners|ELL|||||||||||||||||2016|United Way of the Blue Mountains
2020-21|07002|Dayton School District|Non-English Language Learners|ELL||||0.76|||||||||||||2020|United Way of the Blue Mountains
2019-20|07002|Dayton School District|Non-English Language Learners|ELL||||0.88|||||||||||||2019|United Way of the Blue Mountains
2018-19|07002|Dayton School District|Non-English Language Learners|ELL|23|27|20|0.740740741|||||||||||||2018|United Way of the Blue Mountains
2017-18|07002|Dayton School District|Non-English Language Learners|ELL||||0.88|||||||||||||2017|United Way of the Blue Mountains
2016-17|07002|Dayton School District|Non-English Language Learners|ELL||||0.875|||||||||||||2016|United Way of the Blue Mountains
2015-16|07002|Dayton School District|Non-English Language Learners|ELL||||0.919|||||||||||||2015|United Way of the Blue Mountains
2014-15|07002|Dayton School District|Non-English Language Learners|ELL||||0.9|||||||||||||2014|United Way of the Blue Mountains
2019-20|07002|Dayton School District|Foster Care|Foster|||||||||||||||||2019|United Way of the Blue Mountains
2018-19|07002|Dayton School District|Foster Care|Foster|||||||||||||||||2018|United Way of the Blue Mountains
2017-18|07002|Dayton School District|Foster Care|Foster|||||||||||||||||2017|United Way of the Blue Mountains
2015-16|07002|Dayton School District|Foster Care|Foster|||||||||||||||||2015|United Way of the Blue Mountains
2014-15|07002|Dayton School District|Foster Care|Foster|||||||||||||||||2014|United Way of the Blue Mountains
2020-21|07002|Dayton School District|Non-Foster Care|Foster||||0.76|||||||||||||2020|United Way of the Blue Mountains
2019-20|07002|Dayton School District|Non-Foster Care|Foster||||0.91|||||||||||||2019|United Way of the Blue Mountains
2018-19|07002|Dayton School District|Non-Foster Care|Foster||||0.73|||||||||||||2018|United Way of the Blue Mountains
2017-18|07002|Dayton School District|Non-Foster Care|Foster||||0.9|||||||||||||2017|United Way of the Blue Mountains
2016-17|07002|Dayton School District|Non-Foster Care|Foster||||0.88|||||||||||||2016|United Way of the Blue Mountains
2015-16|07002|Dayton School District|Non-Foster Care|Foster|||||||||||||||||2015|United Way of the Blue Mountains
2014-15|07002|Dayton School District|Non-Foster Care|Foster|||||||||||||||||2014|United Way of the Blue Mountains
2020-21|07002|Dayton School District|Female|Gender||||0.75|||||||||||||2020|United Way of the Blue Mountains
2019-20|07002|Dayton School District|Female|Gender||||0.824|||||||||||||2019|United Way of the Blue Mountains
2018-19|07002|Dayton School District|Female|Gender||||0.727|||||||||||||2018|United Way of the Blue Mountains
2017-18|07002|Dayton School District|Female|Gender||||0.864|||||||||||||2017|United Way of the Blue Mountains
2016-17|07002|Dayton School District|Female|Gender||||0.8|||||||||||||2016|United Way of the Blue Mountains
2015-16|07002|Dayton School District|Female|Gender||||0.857|||||||||||||2015|United Way of the Blue Mountains
2014-15|07002|Dayton School District|Female|Gender||||0.813|||||||||||||2014|United Way of the Blue Mountains
2020-21|07002|Dayton School District|Male|Gender|||||||||||||||||2020|United Way of the Blue Mountains
2019-20|07002|Dayton School District|Male|Gender||||0.824|||||||||||||2019|United Way of the Blue Mountains
2017-18|07002|Dayton School District|Male|Gender||||0.79|||||||||||||2017|United Way of the Blue Mountains
2016-17|07002|Dayton School District|Male|Gender||||0.7|||||||||||||2016|United Way of the Blue Mountains
2015-16|07002|Dayton School District|Male|Gender||||0.813|||||||||||||2015|United Way of the Blue Mountains
2014-15|07002|Dayton School District|Male|Gender||||0.786|||||||||||||2014|United Way of the Blue Mountains
2020-21|07002|Dayton School District|Homeless|Homeless|||||||||||||||||2020|United Way of the Blue Mountains
2019-20|07002|Dayton School District|Homeless|Homeless|||||||||||||||||2019|United Way of the Blue Mountains
2018-19|07002|Dayton School District|Homeless|Homeless|||||||||||||||||2018|United Way of the Blue Mountains
2017-18|07002|Dayton School District|Homeless|Homeless|||||||||||||||||2017|United Way of the Blue Mountains
2015-16|07002|Dayton School District|Homeless|Homeless|||||||||||||||||2015|United Way of the Blue Mountains
2014-15|07002|Dayton School District|Homeless|Homeless|||||||||||||||||2014|United Way of the Blue Mountains
2020-21|07002|Dayton School District|Non-Homeless|Homeless||||0.833|||||||||||||2020|United Way of the Blue Mountains
2019-20|07002|Dayton School District|Non-Homeless|Homeless||||0.9|||||||||||||2019|United Way of the Blue Mountains
2018-19|07002|Dayton School District|Non-Homeless|Homeless||||0.76|||||||||||||2018|United Way of the Blue Mountains
2017-18|07002|Dayton School District|Non-Homeless|Homeless||||0.87|||||||||||||2017|United Way of the Blue Mountains
2016-17|07002|Dayton School District|Non-Homeless|Homeless||||0.88|||||||||||||2016|United Way of the Blue Mountains
2015-16|07002|Dayton School District|Non-Homeless|Homeless||||0.917|||||||||||||2015|United Way of the Blue Mountains
2014-15|07002|Dayton School District|Non-Homeless|Homeless||||0.889|||||||||||||2014|United Way of the Blue Mountains
2020-21|07002|Dayton School District|Low-Income|LowIncome||||0.69|||||||||||||2020|United Way of the Blue Mountains
2019-20|07002|Dayton School District|Low-Income|LowIncome|17|18|14|0.777777778|||||||||||||2019|United Way of the Blue Mountains
2018-19|07002|Dayton School District|Low-Income|LowIncome||||0.67|||||||||||||2018|United Way of the Blue Mountains
2017-18|07002|Dayton School District|Low-Income|LowIncome|21|21|17|0.80952381|||||||||||||2017|United Way of the Blue Mountains
2016-17|07002|Dayton School District|Low-Income|LowIncome||||0.813|||||||||||||2016|United Way of the Blue Mountains
2015-16|07002|Dayton School District|Low-Income|LowIncome||||0.875|||||||||||||2015|United Way of the Blue Mountains
2014-15|07002|Dayton School District|Low-Income|LowIncome||||0.813|||||||||||||2014|United Way of the Blue Mountains
2020-21|07002|Dayton School District|Non-Low Income|LowIncome|||||||||||||||||2020|United Way of the Blue Mountains
2019-20|07002|Dayton School District|Non-Low Income|LowIncome||||0.813|||||||||||||2019|United Way of the Blue Mountains
2018-19|07002|Dayton School District|Non-Low Income|LowIncome|||||||||||||||||2018|United Way of the Blue Mountains
2017-18|07002|Dayton School District|Non-Low Income|LowIncome||||0.85|||||||||||||2017|United Way of the Blue Mountains
2016-17|07002|Dayton School District|Non-Low Income|LowIncome|||||||||||||||||2016|United Way of the Blue Mountains
2015-16|07002|Dayton School District|Non-Low Income|LowIncome||||0.769|||||||||||||2015|United Way of the Blue Mountains
2014-15|07002|Dayton School District|Non-Low Income|LowIncome||||0.786|||||||||||||2014|United Way of the Blue Mountains
2020-21|07002|Dayton School District|Non Migrant|Migrant||||0.76|||||||||||||2020|United Way of the Blue Mountains
2019-20|07002|Dayton School District|Non Migrant|Migrant||||0.88|||||||||||||2019|United Way of the Blue Mountains
2018-19|07002|Dayton School District|Non Migrant|Migrant|23|27|20|0.740740741|||||||||||||2018|United Way of the Blue Mountains
2017-18|07002|Dayton School District|Non Migrant|Migrant||||0.88|||||||||||||2017|United Way of the Blue Mountains
2016-17|07002|Dayton School District|Non Migrant|Migrant||||0.88|||||||||||||2016|United Way of the Blue Mountains
2015-16|07002|Dayton School District|Non Migrant|Migrant||||0.919|||||||||||||2015|United Way of the Blue Mountains
2014-15|07002|Dayton School District|Non Migrant|Migrant||||0.9|||||||||||||2014|United Way of the Blue Mountains
2020-21|07002|Dayton School District|American Indian/ Alaskan Native|Race|||||||||||||||||2020|United Way of the Blue Mountains
2019-20|07002|Dayton School District|American Indian/ Alaskan Native|Race|||||||||||||||||2019|United Way of the Blue Mountains
2018-19|07002|Dayton School District|American Indian/ Alaskan Native|Race|||||||||||||||||2018|United Way of the Blue Mountains
2017-18|07002|Dayton School District|American Indian/ Alaskan Native|Race|||||||||||||||||2017|United Way of the Blue Mountains
2016-17|07002|Dayton School District|American Indian/ Alaskan Native|Race|||||||||||||||||2016|United Way of the Blue Mountains
2015-16|07002|Dayton School District|American Indian/ Alaskan Native|Race|||||||||||||||||2015|United Way of the Blue Mountains
2020-21|07002|Dayton School District|Asian|Race|||||||||||||||||2020|United Way of the Blue Mountains
2019-20|07002|Dayton School District|Asian|Race|||||||||||||||||2019|United Way of the Blue Mountains
2018-19|07002|Dayton School District|Asian|Race|||||||||||||||||2018|United Way of the Blue Mountains
2017-18|07002|Dayton School District|Asian|Race|||||||||||||||||2017|United Way of the Blue Mountains
2015-16|07002|Dayton School District|Asian|Race|||||||||||||||||2015|United Way of the Blue Mountains
2014-15|07002|Dayton School District|Asian|Race|||||||||||||||||2014|United Way of the Blue Mountains
2015-16|07002|Dayton School District|Black/ African American|Race|||||||||||||||||2015|United Way of the Blue Mountains
2014-15|07002|Dayton School District|Black/ African American|Race|||||||||||||||||2014|United Way of the Blue Mountains
2020-21|07002|Dayton School District|Hispanic/ Latino of any race(s)|Race|||||||||||||||||2020|United Way of the Blue Mountains
2019-20|07002|Dayton School District|Hispanic/ Latino of any race(s)|Race|||||||||||||||||2019|United Way of the Blue Mountains
2018-19|07002|Dayton School District|Hispanic/ Latino of any race(s)|Race|||||||||||||||||2018|United Way of the Blue Mountains
2017-18|07002|Dayton School District|Hispanic/ Latino of any race(s)|Race|||||||||||||||||2017|United Way of the Blue Mountains
2016-17|07002|Dayton School District|Hispanic/ Latino of any race(s)|Race|||||||||||||||||2016|United Way of the Blue Mountains
2015-16|07002|Dayton School District|Hispanic/ Latino of any race(s)|Race|||||||||||||||||2015|United Way of the Blue Mountains
2014-15|07002|Dayton School District|Hispanic/ Latino of any race(s)|Race|||||||||||||||||2014|United Way of the Blue Mountains
2020-21|07002|Dayton School District|Two or More Races|Race|||||||||||||||||2020|United Way of the Blue Mountains
2019-20|07002|Dayton School District|Two or More Races|Race|||||||||||||||||2019|United Way of the Blue Mountains
2017-18|07002|Dayton School District|Two or More Races|Race|||||||||||||||||2017|United Way of the Blue Mountains
2014-15|07002|Dayton School District|Two or More Races|Race|||||||||||||||||2014|United Way of the Blue Mountains
2020-21|07002|Dayton School District|White|Race||||0.8|||||||||||||2020|United Way of the Blue Mountains
2019-20|07002|Dayton School District|White|Race||||0.893|||||||||||||2019|United Way of the Blue Mountains
2018-19|07002|Dayton School District|White|Race||||0.8|||||||||||||2018|United Way of the Blue Mountains
2017-18|07002|Dayton School District|White|Race||||0.86|||||||||||||2017|United Way of the Blue Mountains
2016-17|07002|Dayton School District|White|Race||||0.842|||||||||||||2016|United Way of the Blue Mountains
2015-16|07002|Dayton School District|White|Race||||0.9|||||||||||||2015|United Way of the Blue Mountains
2014-15|07002|Dayton School District|White|Race||||0.885|||||||||||||2014|United Way of the Blue Mountains
2020-21|07002|Dayton School District|Students with Disabilities|sped|||||||||||||||||2020|United Way of the Blue Mountains
2019-20|07002|Dayton School District|Students with Disabilities|sped|||||||||||||||||2019|United Way of the Blue Mountains
2018-19|07002|Dayton School District|Students with Disabilities|sped|||||||||||||||||2018|United Way of the Blue Mountains
2017-18|07002|Dayton School District|Students with Disabilities|sped|||||||||||||||||2017|United Way of the Blue Mountains
2016-17|07002|Dayton School District|Students with Disabilities|sped|||||||||||||||||2016|United Way of the Blue Mountains
2015-16|07002|Dayton School District|Students with Disabilities|sped|||||||||||||||||2015|United Way of the Blue Mountains
2014-15|07002|Dayton School District|Students with Disabilities|sped|||||||||||||||||2014|United Way of the Blue Mountains
2020-21|07002|Dayton School District|Students without Disabilities|sped||||0.833|||||||||||||2020|United Way of the Blue Mountains
2019-20|07002|Dayton School District|Students without Disabilities|sped||||0.897|||||||||||||2019|United Way of the Blue Mountains
2018-19|07002|Dayton School District|Students without Disabilities|sped||||0.857|||||||||||||2018|United Way of the Blue Mountains
2017-18|07002|Dayton School District|Students without Disabilities|sped||||0.91|||||||||||||2017|United Way of the Blue Mountains
2016-17|07002|Dayton School District|Students without Disabilities|sped||||0.85|||||||||||||2016|United Way of the Blue Mountains
2015-16|07002|Dayton School District|Students without Disabilities|sped||||0.906|||||||||||||2015|United Way of the Blue Mountains
2014-15|07002|Dayton School District|Students without Disabilities|sped||||0.88|||||||||||||2014|United Way of the Blue Mountains
2020-21|17210|Federal Way School District|Non Section 504|504||||0.8662|||||||||||||2020|Puget Sound ESD
2019-20|17210|Federal Way School District|Non Section 504|504||||0.8844|||||||||||||2019|Puget Sound ESD
2018-19|17210|Federal Way School District|Non Section 504|504||||0.8824|||||||||||||2018|Puget Sound ESD
2017-18|17210|Federal Way School District|Non Section 504|504||||0.8702|||||||||||||2017|Puget Sound ESD
2016-17|17210|Federal Way School District|Non Section 504|504||||0.8568|||||||||||||2016|Puget Sound ESD
2015-16|17210|Federal Way School District|Non Section 504|504|1556|1569|1305|0.831739962|||||||||||||2015|Puget Sound ESD
2014-15|17210|Federal Way School District|Non Section 504|504||||0.8178|||||||||||||2014|Puget Sound ESD
2020-21|17210|Federal Way School District|Section 504|504||||0.9|||||||||||||2020|Puget Sound ESD
2019-20|17210|Federal Way School District|Section 504|504||||0.88|||||||||||||2019|Puget Sound ESD
2018-19|17210|Federal Way School District|Section 504|504||||0.88|||||||||||||2018|Puget Sound ESD
2017-18|17210|Federal Way School District|Section 504|504||||0.87|||||||||||||2017|Puget Sound ESD
2016-17|17210|Federal Way School District|Section 504|504||||0.88|||||||||||||2016|Puget Sound ESD
2015-16|17210|Federal Way School District|Section 504|504|62|57|43|0.754385965|||||||||||||2015|Puget Sound ESD
2014-15|17210|Federal Way School District|Section 504|504||||0.78|||||||||||||2014|Puget Sound ESD
2020-21|17210|Federal Way School District|All Students|All|1564|1647|1429|0.86763813|||||||||||||2020|Puget Sound ESD
2019-20|17210|Federal Way School District|All Students|All|1524|1601|1416|0.88444722|||||||||||||2019|Puget Sound ESD
2018-19|17210|Federal Way School District|All Students|All|1477|1545|1363|0.882200647|||||||||||||2018|Puget Sound ESD
2017-18|17210|Federal Way School District|All Students|All|1578|1626|1415|0.870233702|||||||||||||2017|Puget Sound ESD
2016-17|17210|Federal Way School District|All Students|All|1612|1635|1402|0.857492355|||||||||||||2016|Puget Sound ESD
2015-16|17210|Federal Way School District|All Students|All|1618|1626|1348|0.82902829|||||||||||||2015|Puget Sound ESD
2014-15|17210|Federal Way School District|All Students|All|1638|1650|1347|0.816363636|||||||||||||2014|Puget Sound ESD
2020-21|17210|Federal Way School District|English Language Learners|ELL|179|241|194|0.804979253|||||||||||||2020|Puget Sound ESD
2019-20|17210|Federal Way School District|English Language Learners|ELL||||0.774|||||||||||||2019|Puget Sound ESD
2018-19|17210|Federal Way School District|English Language Learners|ELL|118|189|142|0.751322751|||||||||||||2018|Puget Sound ESD
2017-18|17210|Federal Way School District|English Language Learners|ELL|109|145|97|0.668965517|||||||||||||2017|Puget Sound ESD
2016-17|17210|Federal Way School District|English Language Learners|ELL|72|91|63|0.692307692|||||||||||||2016|Puget Sound ESD
2015-16|17210|Federal Way School District|English Language Learners|ELL||||0.708|||||||||||||2015|Puget Sound ESD
2014-15|17210|Federal Way School District|English Language Learners|ELL|92|122|73|0.598360656|||||||||||||2014|Puget Sound ESD
2020-21|17210|Federal Way School District|Non-English Language Learners|ELL|1385|1406|1235|0.878378378|||||||||||||2020|Puget Sound ESD
2019-20|17210|Federal Way School District|Non-English Language Learners|ELL||||0.9009|||||||||||||2019|Puget Sound ESD
2018-19|17210|Federal Way School District|Non-English Language Learners|ELL|1359|1356|1221|0.900442478|||||||||||||2018|Puget Sound ESD
2017-18|17210|Federal Way School District|Non-English Language Learners|ELL|1469|1481|1318|0.88993923|||||||||||||2017|Puget Sound ESD
2016-17|17210|Federal Way School District|Non-English Language Learners|ELL|1540|1544|1339|0.867227979|||||||||||||2016|Puget Sound ESD
2015-16|17210|Federal Way School District|Non-English Language Learners|ELL||||0.8381|||||||||||||2015|Puget Sound ESD
2014-15|17210|Federal Way School District|Non-English Language Learners|ELL|1546|1528|1274|0.833769634|||||||||||||2014|Puget Sound ESD
2020-21|17210|Federal Way School District|Foster Care|Foster|||||||||||||||||2020|Puget Sound ESD
2019-20|17210|Federal Way School District|Foster Care|Foster||||0.69|||||||||||||2019|Puget Sound ESD
2018-19|17210|Federal Way School District|Foster Care|Foster|||||||||||||||||2018|Puget Sound ESD
2017-18|17210|Federal Way School District|Foster Care|Foster||||0.73|||||||||||||2017|Puget Sound ESD
2016-17|17210|Federal Way School District|Foster Care|Foster|||||||||||||||||2016|Puget Sound ESD
2015-16|17210|Federal Way School District|Foster Care|Foster||||0.64|||||||||||||2015|Puget Sound ESD
2014-15|17210|Federal Way School District|Foster Care|Foster||||0.5|||||||||||||2014|Puget Sound ESD
2020-21|17210|Federal Way School District|Non-Foster Care|Foster||||0.8695|||||||||||||2020|Puget Sound ESD
2019-20|17210|Federal Way School District|Non-Foster Care|Foster||||0.886|||||||||||||2019|Puget Sound ESD
2018-19|17210|Federal Way School District|Non-Foster Care|Foster||||0.8831|||||||||||||2018|Puget Sound ESD
2017-18|17210|Federal Way School District|Non-Foster Care|Foster||||0.8715|||||||||||||2017|Puget Sound ESD
2016-17|17210|Federal Way School District|Non-Foster Care|Foster||||0.8586|||||||||||||2016|Puget Sound ESD
2015-16|17210|Federal Way School District|Non-Foster Care|Foster||||0.8303|||||||||||||2015|Puget Sound ESD
2014-15|17210|Federal Way School District|Non-Foster Care|Foster||||0.8183|||||||||||||2014|Puget Sound ESD
2020-21|17210|Federal Way School District|Female|Gender|793|839|740|0.882002384|||||||||||||2020|Puget Sound ESD
2019-20|17210|Federal Way School District|Female|Gender||||0.917|||||||||||||2019|Puget Sound ESD
2018-19|17210|Federal Way School District|Female|Gender|725|760|692|0.910526316|||||||||||||2018|Puget Sound ESD
2017-18|17210|Federal Way School District|Female|Gender|757|768|689|0.897135417|||||||||||||2017|Puget Sound ESD
2016-17|17210|Federal Way School District|Female|Gender|795|798|694|0.869674185|||||||||||||2016|Puget Sound ESD
2015-16|17210|Federal Way School District|Female|Gender|850|838|738|0.880668258|||||||||||||2015|Puget Sound ESD
2014-15|17210|Federal Way School District|Female|Gender|775|784|668|0.852040816|||||||||||||2014|Puget Sound ESD
2020-21|17210|Federal Way School District|Gender X|Gender|||||||||||||||||2020|Puget Sound ESD
2019-20|17210|Federal Way School District|Gender X|Gender|||||||||||||||||2019|Puget Sound ESD
2020-21|17210|Federal Way School District|Male|Gender||||0.853|||||||||||||2020|Puget Sound ESD
2019-20|17210|Federal Way School District|Male|Gender|757|801|682|0.851435705|||||||||||||2019|Puget Sound ESD
2018-19|17210|Federal Way School District|Male|Gender|752|785|671|0.85477707|||||||||||||2018|Puget Sound ESD
2017-18|17210|Federal Way School District|Male|Gender|821|858|726|0.846153846|||||||||||||2017|Puget Sound ESD
2016-17|17210|Federal Way School District|Male|Gender|817|837|708|0.845878136|||||||||||||2016|Puget Sound ESD
2015-16|17210|Federal Way School District|Male|Gender|768|788|610|0.774111675|||||||||||||2015|Puget Sound ESD
2014-15|17210|Federal Way School District|Male|Gender|863|866|679|0.784064665|||||||||||||2014|Puget Sound ESD
2020-21|17210|Federal Way School District|Homeless|Homeless||||0.75|||||||||||||2020|Puget Sound ESD
2019-20|17210|Federal Way School District|Homeless|Homeless||||0.82|||||||||||||2019|Puget Sound ESD
2018-19|17210|Federal Way School District|Homeless|Homeless||||0.84|||||||||||||2018|Puget Sound ESD
2017-18|17210|Federal Way School District|Homeless|Homeless||||0.87|||||||||||||2017|Puget Sound ESD
2016-17|17210|Federal Way School District|Homeless|Homeless||||0.71|||||||||||||2016|Puget Sound ESD
2015-16|17210|Federal Way School District|Homeless|Homeless||||0.66|||||||||||||2015|Puget Sound ESD
2014-15|17210|Federal Way School District|Homeless|Homeless||||0.67|||||||||||||2014|Puget Sound ESD
2020-21|17210|Federal Way School District|Non-Homeless|Homeless||||0.8759|||||||||||||2020|Puget Sound ESD
2019-20|17210|Federal Way School District|Non-Homeless|Homeless||||0.8875|||||||||||||2019|Puget Sound ESD
2018-19|17210|Federal Way School District|Non-Homeless|Homeless||||0.8838|||||||||||||2018|Puget Sound ESD
2017-18|17210|Federal Way School District|Non-Homeless|Homeless||||0.8701|||||||||||||2017|Puget Sound ESD
2016-17|17210|Federal Way School District|Non-Homeless|Homeless||||0.863|||||||||||||2016|Puget Sound ESD
2015-16|17210|Federal Way School District|Non-Homeless|Homeless||||0.8331|||||||||||||2015|Puget Sound ESD
2014-15|17210|Federal Way School District|Non-Homeless|Homeless||||0.8207|||||||||||||2014|Puget Sound ESD
2020-21|17210|Federal Way School District|Low-Income|LowIncome|1008|1055|883|0.836966825|||||||||||||2020|Puget Sound ESD
2019-20|17210|Federal Way School District|Low-Income|LowIncome||||0.8582|||||||||||||2019|Puget Sound ESD
2018-19|17210|Federal Way School District|Low-Income|LowIncome|881|957|820|0.856844305|||||||||||||2018|Puget Sound ESD
2017-18|17210|Federal Way School District|Low-Income|LowIncome|1020|1055|887|0.840758294|||||||||||||2017|Puget Sound ESD
2016-17|17210|Federal Way School District|Low-Income|LowIncome|1004|1015|824|0.81182266|||||||||||||2016|Puget Sound ESD
2015-16|17210|Federal Way School District|Low-Income|LowIncome|1011|1018|792|0.777996071|||||||||||||2015|Puget Sound ESD
2014-15|17210|Federal Way School District|Low-Income|LowIncome||||0.74|||||||||||||2014|Puget Sound ESD
2020-21|17210|Federal Way School District|Non-Low Income|LowIncome|556|592|546|0.922297297|||||||||||||2020|Puget Sound ESD
2019-20|17210|Federal Way School District|Non-Low Income|LowIncome||||0.936|||||||||||||2019|Puget Sound ESD
2018-19|17210|Federal Way School District|Non-Low Income|LowIncome|596|588|543|0.923469388|||||||||||||2018|Puget Sound ESD
2017-18|17210|Federal Way School District|Non-Low Income|LowIncome|558|571|528|0.92469352|||||||||||||2017|Puget Sound ESD
2016-17|17210|Federal Way School District|Non-Low Income|LowIncome|608|620|578|0.932258065|||||||||||||2016|Puget Sound ESD
2015-16|17210|Federal Way School District|Non-Low Income|LowIncome|607|608|556|0.914473684|||||||||||||2015|Puget Sound ESD
2014-15|17210|Federal Way School District|Non-Low Income|LowIncome||||0.93|||||||||||||2014|Puget Sound ESD
2020-21|17210|Federal Way School District|Migrant|Migrant|||||||||||||||||2020|Puget Sound ESD
2019-20|17210|Federal Way School District|Migrant|Migrant|||||||||||||||||2019|Puget Sound ESD
2018-19|17210|Federal Way School District|Migrant|Migrant|||||||||||||||||2018|Puget Sound ESD
2017-18|17210|Federal Way School District|Migrant|Migrant|||||||||||||||||2017|Puget Sound ESD
2016-17|17210|Federal Way School District|Migrant|Migrant|||||||||||||||||2016|Puget Sound ESD
2015-16|17210|Federal Way School District|Migrant|Migrant|||||||||||||||||2015|Puget Sound ESD
2014-15|17210|Federal Way School District|Migrant|Migrant|||||||||||||||||2014|Puget Sound ESD
2020-21|17210|Federal Way School District|Non Migrant|Migrant||||0.8685|||||||||||||2020|Puget Sound ESD
2019-20|17210|Federal Way School District|Non Migrant|Migrant||||0.8843|||||||||||||2019|Puget Sound ESD
2018-19|17210|Federal Way School District|Non Migrant|Migrant||||0.882|||||||||||||2018|Puget Sound ESD
2017-18|17210|Federal Way School District|Non Migrant|Migrant||||0.8701|||||||||||||2017|Puget Sound ESD
2016-17|17210|Federal Way School District|Non Migrant|Migrant||||0.8582|||||||||||||2016|Puget Sound ESD
2015-16|17210|Federal Way School District|Non Migrant|Migrant||||0.831|||||||||||||2015|Puget Sound ESD
2014-15|17210|Federal Way School District|Non Migrant|Migrant||||0.8163|||||||||||||2014|Puget Sound ESD
2020-21|17210|Federal Way School District|American Indian/ Alaskan Native|Race||||0.77|||||||||||||2020|Puget Sound ESD
2019-20|17210|Federal Way School District|American Indian/ Alaskan Native|Race|||||||||||||||||2019|Puget Sound ESD
2018-19|17210|Federal Way School District|American Indian/ Alaskan Native|Race|||||||||||||||||2018|Puget Sound ESD
2017-18|17210|Federal Way School District|American Indian/ Alaskan Native|Race||||0.727|||||||||||||2017|Puget Sound ESD
2016-17|17210|Federal Way School District|American Indian/ Alaskan Native|Race||||0.73|||||||||||||2016|Puget Sound ESD
2015-16|17210|Federal Way School District|American Indian/ Alaskan Native|Race||||0.73|||||||||||||2015|Puget Sound ESD
2014-15|17210|Federal Way School District|American Indian/ Alaskan Native|Race||||0.727|||||||||||||2014|Puget Sound ESD
2020-21|17210|Federal Way School District|Asian|Race|207|233|219|0.939914163|||||||||||||2020|Puget Sound ESD
2019-20|17210|Federal Way School District|Asian|Race|223|252|240|0.952380952|||||||||||||2019|Puget Sound ESD
2018-19|17210|Federal Way School District|Asian|Race|201|229|211|0.92139738|||||||||||||2018|Puget Sound ESD
2017-18|17210|Federal Way School District|Asian|Race|232|246|224|0.910569106|||||||||||||2017|Puget Sound ESD
2016-17|17210|Federal Way School District|Asian|Race|249|257|233|0.906614786|||||||||||||2016|Puget Sound ESD
2015-16|17210|Federal Way School District|Asian|Race|275|292|266|0.910958904|||||||||||||2015|Puget Sound ESD
2014-15|17210|Federal Way School District|Asian|Race|257|272|235|0.863970588|||||||||||||2014|Puget Sound ESD
2020-21|17210|Federal Way School District|Black/ African American|Race|203|217|177|0.815668203|||||||||||||2020|Puget Sound ESD
2019-20|17210|Federal Way School District|Black/ African American|Race|208|235|212|0.90212766|||||||||||||2019|Puget Sound ESD
2018-19|17210|Federal Way School District|Black/ African American|Race|180|188|166|0.882978723|||||||||||||2018|Puget Sound ESD
2017-18|17210|Federal Way School District|Black/ African American|Race|196|216|183|0.847222222|||||||||||||2017|Puget Sound ESD
2016-17|17210|Federal Way School District|Black/ African American|Race|199|216|181|0.837962963|||||||||||||2016|Puget Sound ESD
2015-16|17210|Federal Way School District|Black/ African American|Race|210|216|181|0.837962963|||||||||||||2015|Puget Sound ESD
2014-15|17210|Federal Way School District|Black/ African American|Race|205|203|165|0.812807882|||||||||||||2014|Puget Sound ESD
2020-21|17210|Federal Way School District|Hispanic/ Latino of any race(s)|Race|408|431|377|0.874709977|||||||||||||2020|Puget Sound ESD
2019-20|17210|Federal Way School District|Hispanic/ Latino of any race(s)|Race|418|442|380|0.859728507|||||||||||||2019|Puget Sound ESD
2018-19|17210|Federal Way School District|Hispanic/ Latino of any race(s)|Race|345|368|307|0.83423913|||||||||||||2018|Puget Sound ESD
2017-18|17210|Federal Way School District|Hispanic/ Latino of any race(s)|Race|368|377|321|0.851458886|||||||||||||2017|Puget Sound ESD
2016-17|17210|Federal Way School District|Hispanic/ Latino of any race(s)|Race|355|358|283|0.790502793|||||||||||||2016|Puget Sound ESD
2015-16|17210|Federal Way School District|Hispanic/ Latino of any race(s)|Race|301|302|226|0.748344371|||||||||||||2015|Puget Sound ESD
2014-15|17210|Federal Way School District|Hispanic/ Latino of any race(s)|Race|310|322|226|0.701863354|||||||||||||2014|Puget Sound ESD
2020-21|17210|Federal Way School District|Native Hawaiian/ Other Pacific Islander|Race|81|86|80|0.930232558|||||||||||||2020|Puget Sound ESD
2019-20|17210|Federal Way School District|Native Hawaiian/ Other Pacific Islander|Race||||0.89|||||||||||||2019|Puget Sound ESD
2018-19|17210|Federal Way School District|Native Hawaiian/ Other Pacific Islander|Race||||0.87|||||||||||||2018|Puget Sound ESD
2017-18|17210|Federal Way School District|Native Hawaiian/ Other Pacific Islander|Race|44|61|46|0.754098361|||||||||||||2017|Puget Sound ESD
2016-17|17210|Federal Way School District|Native Hawaiian/ Other Pacific Islander|Race|50|54|44|0.814814815|||||||||||||2016|Puget Sound ESD
2015-16|17210|Federal Way School District|Native Hawaiian/ Other Pacific Islander|Race|75|85|61|0.717647059|||||||||||||2015|Puget Sound ESD
2014-15|17210|Federal Way School District|Native Hawaiian/ Other Pacific Islander|Race|63|66|49|0.742424242|||||||||||||2014|Puget Sound ESD
2020-21|17210|Federal Way School District|Two or More Races|Race|167|172|147|0.854651163|||||||||||||2020|Puget Sound ESD
2019-20|17210|Federal Way School District|Two or More Races|Race|152|149|134|0.899328859|||||||||||||2019|Puget Sound ESD
2018-19|17210|Federal Way School District|Two or More Races|Race|166|169|152|0.899408284|||||||||||||2018|Puget Sound ESD
2017-18|17210|Federal Way School District|Two or More Races|Race|160|155|136|0.877419355|||||||||||||2017|Puget Sound ESD
2016-17|17210|Federal Way School District|Two or More Races|Race|139|137|115|0.839416058|||||||||||||2016|Puget Sound ESD
2015-16|17210|Federal Way School District|Two or More Races|Race|137|135|111|0.822222222|||||||||||||2015|Puget Sound ESD
2014-15|17210|Federal Way School District|Two or More Races|Race|154|150|119|0.793333333|||||||||||||2014|Puget Sound ESD
2020-21|17210|Federal Way School District|White|Race|487|495|419|0.846464646|||||||||||||2020|Puget Sound ESD
2019-20|17210|Federal Way School District|White|Race|443|443|381|0.860045147|||||||||||||2019|Puget Sound ESD
2018-19|17210|Federal Way School District|White|Race|483|484|434|0.896694215|||||||||||||2018|Puget Sound ESD
2017-18|17210|Federal Way School District|White|Race|566|560|496|0.885714286|||||||||||||2017|Puget Sound ESD
2016-17|17210|Federal Way School District|White|Race|609|602|538|0.893687708|||||||||||||2016|Puget Sound ESD
2015-16|17210|Federal Way School District|White|Race|610|585|495|0.846153846|||||||||||||2015|Puget Sound ESD
2014-15|17210|Federal Way School District|White|Race|639|626|543|0.867412141|||||||||||||2014|Puget Sound ESD
2020-21|17210|Federal Way School District|Students with Disabilities|sped|217|219|156|0.712328767|||||||||||||2020|Puget Sound ESD
2019-20|17210|Federal Way School District|Students with Disabilities|sped|208|205|164|0.8|||||||||||||2019|Puget Sound ESD
2018-19|17210|Federal Way School District|Students with Disabilities|sped|165|168|123|0.732142857|||||||||||||2018|Puget Sound ESD
2017-18|17210|Federal Way School District|Students with Disabilities|sped|210|209|174|0.832535885|||||||||||||2017|Puget Sound ESD
2016-17|17210|Federal Way School District|Students with Disabilities|sped|199|197|147|0.746192893|||||||||||||2016|Puget Sound ESD
2015-16|17210|Federal Way School District|Students with Disabilities|sped|170|161|110|0.683229814|||||||||||||2015|Puget Sound ESD
2014-15|17210|Federal Way School District|Students with Disabilities|sped|216|212|157|0.740566038|||||||||||||2014|Puget Sound ESD
2020-21|17210|Federal Way School District|Students without Disabilities|sped|1347|1428|1273|0.891456583|||||||||||||2020|Puget Sound ESD
2019-20|17210|Federal Way School District|Students without Disabilities|sped||||0.8968|||||||||||||2019|Puget Sound ESD
2018-19|17210|Federal Way School District|Students without Disabilities|sped|1312|1377|1240|0.900508351|||||||||||||2018|Puget Sound ESD
2017-18|17210|Federal Way School District|Students without Disabilities|sped|1368|1417|1241|0.875793931|||||||||||||2017|Puget Sound ESD
2016-17|17210|Federal Way School District|Students without Disabilities|sped|1413|1438|1255|0.872739917|||||||||||||2016|Puget Sound ESD
2015-16|17210|Federal Way School District|Students without Disabilities|sped|1448|1465|1238|0.845051195|||||||||||||2015|Puget Sound ESD
2014-15|17210|Federal Way School District|Students without Disabilities|sped|1422|1438|1190|0.827538248|||||||||||||2014|Puget Sound ESD
2020-21|20401|Glenwood School District|Non Section 504|504|||||||||||||||||2020|ESD 112
2019-20|20401|Glenwood School District|Non Section 504|504|||||||||||||||||2019|ESD 112
2018-19|20401|Glenwood School District|Non Section 504|504|||||||||||||||||2018|ESD 112
2017-18|20401|Glenwood School District|Non Section 504|504|||||||||||||||||2017|ESD 112
2016-17|20401|Glenwood School District|Non Section 504|504|||||||||||||||||2016|ESD 112
2015-16|20401|Glenwood School District|Non Section 504|504|||||||||||||||||2015|ESD 112
2014-15|20401|Glenwood School District|Non Section 504|504|||||||||||||||||2014|ESD 112
2020-21|20401|Glenwood School District|All Students|All|||||||||||||||||2020|ESD 112
2019-20|20401|Glenwood School District|All Students|All|||||||||||||||||2019|ESD 112
2018-19|20401|Glenwood School District|All Students|All|||||||||||||||||2018|ESD 112
2017-18|20401|Glenwood School District|All Students|All|||||||||||||||||2017|ESD 112
2016-17|20401|Glenwood School District|All Students|All|||||||||||||||||2016|ESD 112
2015-16|20401|Glenwood School District|All Students|All|||||||||||||||||2015|ESD 112
2014-15|20401|Glenwood School District|All Students|All|||||||||||||||||2014|ESD 112
2020-21|20401|Glenwood School District|Non-English Language Learners|ELL|||||||||||||||||2020|ESD 112
2019-20|20401|Glenwood School District|Non-English Language Learners|ELL|||||||||||||||||2019|ESD 112
2018-19|20401|Glenwood School District|Non-English Language Learners|ELL|||||||||||||||||2018|ESD 112
2017-18|20401|Glenwood School District|Non-English Language Learners|ELL|||||||||||||||||2017|ESD 112
2016-17|20401|Glenwood School District|Non-English Language Learners|ELL|||||||||||||||||2016|ESD 112
2015-16|20401|Glenwood School District|Non-English Language Learners|ELL|||||||||||||||||2015|ESD 112
2014-15|20401|Glenwood School District|Non-English Language Learners|ELL|||||||||||||||||2014|ESD 112
2020-21|20401|Glenwood School District|Non-Foster Care|Foster|||||||||||||||||2020|ESD 112
2019-20|20401|Glenwood School District|Non-Foster Care|Foster|||||||||||||||||2019|ESD 112
2018-19|20401|Glenwood School District|Non-Foster Care|Foster|||||||||||||||||2018|ESD 112
2017-18|20401|Glenwood School District|Non-Foster Care|Foster|||||||||||||||||2017|ESD 112
2016-17|20401|Glenwood School District|Non-Foster Care|Foster|||||||||||||||||2016|ESD 112
2015-16|20401|Glenwood School District|Non-Foster Care|Foster|||||||||||||||||2015|ESD 112
2014-15|20401|Glenwood School District|Non-Foster Care|Foster|||||||||||||||||2014|ESD 112
2020-21|20401|Glenwood School District|Female|Gender|||||||||||||||||2020|ESD 112
2019-20|20401|Glenwood School District|Female|Gender|||||||||||||||||2019|ESD 112
2018-19|20401|Glenwood School District|Female|Gender|||||||||||||||||2018|ESD 112
2016-17|20401|Glenwood School District|Female|Gender|||||||||||||||||2016|ESD 112
2015-16|20401|Glenwood School District|Female|Gender|||||||||||||||||2015|ESD 112
2020-21|20401|Glenwood School District|Male|Gender|||||||||||||||||2020|ESD 112
2019-20|20401|Glenwood School District|Male|Gender|||||||||||||||||2019|ESD 112
2017-18|20401|Glenwood School District|Male|Gender|||||||||||||||||2017|ESD 112
2016-17|20401|Glenwood School District|Male|Gender|||||||||||||||||2016|ESD 112
2015-16|20401|Glenwood School District|Male|Gender|||||||||||||||||2015|ESD 112
2014-15|20401|Glenwood School District|Male|Gender|||||||||||||||||2014|ESD 112
2019-20|20401|Glenwood School District|Homeless|Homeless|||||||||||||||||2019|ESD 112
2014-15|20401|Glenwood School District|Homeless|Homeless|||||||||||||||||2014|ESD 112
2020-21|20401|Glenwood School District|Non-Homeless|Homeless|||||||||||||||||2020|ESD 112
2019-20|20401|Glenwood School District|Non-Homeless|Homeless|||||||||||||||||2019|ESD 112
2018-19|20401|Glenwood School District|Non-Homeless|Homeless|||||||||||||||||2018|ESD 112
2017-18|20401|Glenwood School District|Non-Homeless|Homeless|||||||||||||||||2017|ESD 112
2016-17|20401|Glenwood School District|Non-Homeless|Homeless|||||||||||||||||2016|ESD 112
2015-16|20401|Glenwood School District|Non-Homeless|Homeless|||||||||||||||||2015|ESD 112
2014-15|20401|Glenwood School District|Non-Homeless|Homeless|||||||||||||||||2014|ESD 112
2020-21|20401|Glenwood School District|Low-Income|LowIncome|||||||||||||||||2020|ESD 112
2019-20|20401|Glenwood School District|Low-Income|LowIncome|||||||||||||||||2019|ESD 112
2016-17|20401|Glenwood School District|Low-Income|LowIncome|||||||||||||||||2016|ESD 112
2015-16|20401|Glenwood School District|Low-Income|LowIncome|||||||||||||||||2015|ESD 112
2014-15|20401|Glenwood School District|Low-Income|LowIncome|||||||||||||||||2014|ESD 112
2020-21|20401|Glenwood School District|Non-Low Income|LowIncome|||||||||||||||||2020|ESD 112
2019-20|20401|Glenwood School District|Non-Low Income|LowIncome|||||||||||||||||2019|ESD 112
2018-19|20401|Glenwood School District|Non-Low Income|LowIncome|||||||||||||||||2018|ESD 112
2017-18|20401|Glenwood School District|Non-Low Income|LowIncome|||||||||||||||||2017|ESD 112
2016-17|20401|Glenwood School District|Non-Low Income|LowIncome|||||||||||||||||2016|ESD 112
2015-16|20401|Glenwood School District|Non-Low Income|LowIncome|||||||||||||||||2015|ESD 112
2014-15|20401|Glenwood School District|Non-Low Income|LowIncome|||||||||||||||||2014|ESD 112
2020-21|20401|Glenwood School District|Non Migrant|Migrant|||||||||||||||||2020|ESD 112
2019-20|20401|Glenwood School District|Non Migrant|Migrant|||||||||||||||||2019|ESD 112
2018-19|20401|Glenwood School District|Non Migrant|Migrant|||||||||||||||||2018|ESD 112
2017-18|20401|Glenwood School District|Non Migrant|Migrant|||||||||||||||||2017|ESD 112
2016-17|20401|Glenwood School District|Non Migrant|Migrant|||||||||||||||||2016|ESD 112
2015-16|20401|Glenwood School District|Non Migrant|Migrant|||||||||||||||||2015|ESD 112
2014-15|20401|Glenwood School District|Non Migrant|Migrant|||||||||||||||||2014|ESD 112
2019-20|20401|Glenwood School District|American Indian/ Alaskan Native|Race|||||||||||||||||2019|ESD 112
2016-17|20401|Glenwood School District|Hispanic/ Latino of any race(s)|Race|||||||||||||||||2016|ESD 112
2020-21|20401|Glenwood School District|Two or More Races|Race|||||||||||||||||2020|ESD 112
2019-20|20401|Glenwood School District|Two or More Races|Race|||||||||||||||||2019|ESD 112
2015-16|20401|Glenwood School District|Two or More Races|Race|||||||||||||||||2015|ESD 112
2020-21|20401|Glenwood School District|White|Race|||||||||||||||||2020|ESD 112
2019-20|20401|Glenwood School District|White|Race|||||||||||||||||2019|ESD 112
2018-19|20401|Glenwood School District|White|Race|||||||||||||||||2018|ESD 112
2017-18|20401|Glenwood School District|White|Race|||||||||||||||||2017|ESD 112
2016-17|20401|Glenwood School District|White|Race|||||||||||||||||2016|ESD 112
2015-16|20401|Glenwood School District|White|Race|||||||||||||||||2015|ESD 112
2014-15|20401|Glenwood School District|White|Race|||||||||||||||||2014|ESD 112
2019-20|20401|Glenwood School District|Students with Disabilities|sped|||||||||||||||||2019|ESD 112
2016-17|20401|Glenwood School District|Students with Disabilities|sped|||||||||||||||||2016|ESD 112
2014-15|20401|Glenwood School District|Students with Disabilities|sped|||||||||||||||||2014|ESD 112
2020-21|20401|Glenwood School District|Students without Disabilities|sped|||||||||||||||||2020|ESD 112
2019-20|20401|Glenwood School District|Students without Disabilities|sped|||||||||||||||||2019|ESD 112
2018-19|20401|Glenwood School District|Students without Disabilities|sped|||||||||||||||||2018|ESD 112
2017-18|20401|Glenwood School District|Students without Disabilities|sped|||||||||||||||||2017|ESD 112
2016-17|20401|Glenwood School District|Students without Disabilities|sped|||||||||||||||||2016|ESD 112
2015-16|20401|Glenwood School District|Students without Disabilities|sped|||||||||||||||||2015|ESD 112
2014-15|20401|Glenwood School District|Students without Disabilities|sped|||||||||||||||||2014|ESD 112
2019-20|06098|Hockinson School District|Male|Gender|84|85|80|0.941176471|||||||||||||2019|ESD 112
2020-21|17401|Highline School District|Non Section 504|504||||0.8776|||||||||||||2020|Puget Sound ESD
2019-20|17401|Highline School District|Non Section 504|504||||0.8623|||||||||||||2019|Puget Sound ESD
2018-19|17401|Highline School District|Non Section 504|504||||0.856|||||||||||||2018|Puget Sound ESD
2017-18|17401|Highline School District|Non Section 504|504||||0.835|||||||||||||2017|Puget Sound ESD
2016-17|17401|Highline School District|Non Section 504|504|1015|1102|892|0.809437387|||||||||||||2016|Puget Sound ESD
2015-16|17401|Highline School District|Non Section 504|504|1075|1158|908|0.784110535|||||||||||||2015|Puget Sound ESD
2014-15|17401|Highline School District|Non Section 504|504|1175|1261|904|0.716891356|||||||||||||2014|Puget Sound ESD
2020-21|17401|Highline School District|Section 504|504||||0.88|||||||||||||2020|Puget Sound ESD
2019-20|17401|Highline School District|Section 504|504||||0.92|||||||||||||2019|Puget Sound ESD
2018-19|17401|Highline School District|Section 504|504||||0.91|||||||||||||2018|Puget Sound ESD
2017-18|17401|Highline School District|Section 504|504||||0.95|||||||||||||2017|Puget Sound ESD
2016-17|17401|Highline School District|Section 504|504|127|122|104|0.852459016|||||||||||||2016|Puget Sound ESD
2015-16|17401|Highline School District|Section 504|504|103|103|89|0.86407767|||||||||||||2015|Puget Sound ESD
2014-15|17401|Highline School District|Section 504|504|102|100|80|0.8|||||||||||||2014|Puget Sound ESD
2020-21|17401|Highline School District|All Students|All|1298|1359|1193|0.877851361|||||||||||||2020|Puget Sound ESD
2019-20|17401|Highline School District|All Students|All|1178|1291|1117|0.865220759|||||||||||||2019|Puget Sound ESD
2018-19|17401|Highline School District|All Students|All|1300|1383|1187|0.858279103|||||||||||||2018|Puget Sound ESD
2017-18|17401|Highline School District|All Students|All|1177|1280|1076|0.840625|||||||||||||2017|Puget Sound ESD
2016-17|17401|Highline School District|All Students|All|1142|1224|996|0.81372549|||||||||||||2016|Puget Sound ESD
2015-16|17401|Highline School District|All Students|All|1178|1261|997|0.790642347|||||||||||||2015|Puget Sound ESD
2014-15|17401|Highline School District|All Students|All|1277|1361|984|0.722997796|||||||||||||2014|Puget Sound ESD
2020-21|17401|Highline School District|English Language Learners|ELL|256|336|236|0.702380952|||||||||||||2020|Puget Sound ESD
2019-20|17401|Highline School District|English Language Learners|ELL|175|265|177|0.667924528|||||||||||||2019|Puget Sound ESD
2018-19|17401|Highline School District|English Language Learners|ELL|194|266|193|0.72556391|||||||||||||2018|Puget Sound ESD
2017-18|17401|Highline School District|English Language Learners|ELL|164|233|158|0.678111588|||||||||||||2017|Puget Sound ESD
2016-17|17401|Highline School District|English Language Learners|ELL|142|191|123|0.643979058|||||||||||||2016|Puget Sound ESD
2015-16|17401|Highline School District|English Language Learners|ELL|155|200|128|0.64|||||||||||||2015|Puget Sound ESD
2014-15|17401|Highline School District|English Language Learners|ELL|180|233|131|0.56223176|||||||||||||2014|Puget Sound ESD
2020-21|17401|Highline School District|Non-English Language Learners|ELL|1042|1023|957|0.935483871|||||||||||||2020|Puget Sound ESD
2019-20|17401|Highline School District|Non-English Language Learners|ELL|1003|1026|940|0.916179337|||||||||||||2019|Puget Sound ESD
2018-19|17401|Highline School District|Non-English Language Learners|ELL|1106|1117|994|0.889883617|||||||||||||2018|Puget Sound ESD
2017-18|17401|Highline School District|Non-English Language Learners|ELL|1013|1047|918|0.876790831|||||||||||||2017|Puget Sound ESD
2016-17|17401|Highline School District|Non-English Language Learners|ELL|1000|1033|873|0.845111326|||||||||||||2016|Puget Sound ESD
2015-16|17401|Highline School District|Non-English Language Learners|ELL|1023|1061|869|0.819038643|||||||||||||2015|Puget Sound ESD
2014-15|17401|Highline School District|Non-English Language Learners|ELL|1097|1128|853|0.756205674|||||||||||||2014|Puget Sound ESD
2020-21|17401|Highline School District|Foster Care|Foster|||||||||||||||||2020|Puget Sound ESD
2019-20|17401|Highline School District|Foster Care|Foster|||||||||||||||||2019|Puget Sound ESD
2018-19|17401|Highline School District|Foster Care|Foster||||0.6|||||||||||||2018|Puget Sound ESD
2017-18|17401|Highline School District|Foster Care|Foster||||0.4|||||||||||||2017|Puget Sound ESD
2016-17|17401|Highline School District|Foster Care|Foster|14||||||||||||||||2016|Puget Sound ESD
2015-16|17401|Highline School District|Foster Care|Foster|10||||||||||||||||2015|Puget Sound ESD
2014-15|17401|Highline School District|Foster Care|Foster|||||||||||||||||2014|Puget Sound ESD
2020-21|17401|Highline School District|Non-Foster Care|Foster||||0.8789|||||||||||||2020|Puget Sound ESD
2019-20|17401|Highline School District|Non-Foster Care|Foster||||0.866|||||||||||||2019|Puget Sound ESD
2018-19|17401|Highline School District|Non-Foster Care|Foster||||0.8602|||||||||||||2018|Puget Sound ESD
2017-18|17401|Highline School District|Non-Foster Care|Foster||||0.8441|||||||||||||2017|Puget Sound ESD
2016-17|17401|Highline School District|Non-Foster Care|Foster|1128|||0.816680429|||||||||||||2016|Puget Sound ESD
2015-16|17401|Highline School District|Non-Foster Care|Foster|1168|||0.794871795|||||||||||||2015|Puget Sound ESD
2014-15|17401|Highline School District|Non-Foster Care|Foster||||0.7287|||||||||||||2014|Puget Sound ESD
2020-21|17401|Highline School District|Female|Gender||||0.904|||||||||||||2020|Puget Sound ESD
2019-20|17401|Highline School District|Female|Gender|585|629|562|0.893481717|||||||||||||2019|Puget Sound ESD
2018-19|17401|Highline School District|Female|Gender|609|658|585|0.889057751|||||||||||||2018|Puget Sound ESD
2017-18|17401|Highline School District|Female|Gender|545|589|530|0.899830221|||||||||||||2017|Puget Sound ESD
2016-17|17401|Highline School District|Female|Gender|547|590|497|0.842372881|||||||||||||2016|Puget Sound ESD
2015-16|17401|Highline School District|Female|Gender|550|610|506|0.829508197|||||||||||||2015|Puget Sound ESD
2014-15|17401|Highline School District|Female|Gender|612|650|511|0.786153846|||||||||||||2014|Puget Sound ESD
2020-21|17401|Highline School District|Gender X|Gender|||||||||||||||||2020|Puget Sound ESD
2020-21|17401|Highline School District|Male|Gender|690|724|620|0.856353591|||||||||||||2020|Puget Sound ESD
2019-20|17401|Highline School District|Male|Gender|593|662|555|0.83836858|||||||||||||2019|Puget Sound ESD
2018-19|17401|Highline School District|Male|Gender|691|725|602|0.830344828|||||||||||||2018|Puget Sound ESD
2017-18|17401|Highline School District|Male|Gender|632|691|546|0.79015919|||||||||||||2017|Puget Sound ESD
2016-17|17401|Highline School District|Male|Gender|595|634|499|0.787066246|||||||||||||2016|Puget Sound ESD
2015-16|17401|Highline School District|Male|Gender|628|651|491|0.75422427|||||||||||||2015|Puget Sound ESD
2014-15|17401|Highline School District|Male|Gender|665|711|473|0.665260197|||||||||||||2014|Puget Sound ESD
2020-21|17401|Highline School District|Homeless|Homeless|135|163|120|0.736196319|||||||||||||2020|Puget Sound ESD
2019-20|17401|Highline School District|Homeless|Homeless|127|152|106|0.697368421|||||||||||||2019|Puget Sound ESD
2018-19|17401|Highline School District|Homeless|Homeless|129|153|98|0.640522876|||||||||||||2018|Puget Sound ESD
2017-18|17401|Highline School District|Homeless|Homeless|106|125|90|0.72|||||||||||||2017|Puget Sound ESD
2016-17|17401|Highline School District|Homeless|Homeless|99|116|80|0.689655172|||||||||||||2016|Puget Sound ESD
2015-16|17401|Highline School District|Homeless|Homeless|71|78|40|0.512820513|||||||||||||2015|Puget Sound ESD
2014-15|17401|Highline School District|Homeless|Homeless|80|81|42|0.518518519|||||||||||||2014|Puget Sound ESD
2020-21|17401|Highline School District|Non-Homeless|Homeless|1163|1196|1073|0.897157191|||||||||||||2020|Puget Sound ESD
2019-20|17401|Highline School District|Non-Homeless|Homeless|1051|1139|1011|0.88762072|||||||||||||2019|Puget Sound ESD
2018-19|17401|Highline School District|Non-Homeless|Homeless|1171|1230|1089|0.885365854|||||||||||||2018|Puget Sound ESD
2017-18|17401|Highline School District|Non-Homeless|Homeless|1071|1155|986|0.853679654|||||||||||||2017|Puget Sound ESD
2016-17|17401|Highline School District|Non-Homeless|Homeless|1043|1108|916|0.826714801|||||||||||||2016|Puget Sound ESD
2015-16|17401|Highline School District|Non-Homeless|Homeless|1107|1183|957|0.80896027|||||||||||||2015|Puget Sound ESD
2014-15|17401|Highline School District|Non-Homeless|Homeless|1197|1280|942|0.7359375|||||||||||||2014|Puget Sound ESD
2020-21|17401|Highline School District|Low-Income|LowIncome|939|1005|856|0.851741294|||||||||||||2020|Puget Sound ESD
2019-20|17401|Highline School District|Low-Income|LowIncome||||0.831|||||||||||||2019|Puget Sound ESD
2018-19|17401|Highline School District|Low-Income|LowIncome|913|973|812|0.834532374|||||||||||||2018|Puget Sound ESD
2017-18|17401|Highline School District|Low-Income|LowIncome|810|892|727|0.815022422|||||||||||||2017|Puget Sound ESD
2016-17|17401|Highline School District|Low-Income|LowIncome|809|865|674|0.779190751|||||||||||||2016|Puget Sound ESD
2015-16|17401|Highline School District|Low-Income|LowIncome|823|888|657|0.739864865|||||||||||||2015|Puget Sound ESD
2014-15|17401|Highline School District|Low-Income|LowIncome|914|973|657|0.675231244|||||||||||||2014|Puget Sound ESD
2020-21|17401|Highline School District|Non-Low Income|LowIncome|359|354|337|0.951977401|||||||||||||2020|Puget Sound ESD
2019-20|17401|Highline School District|Non-Low Income|LowIncome||||0.947|||||||||||||2019|Puget Sound ESD
2018-19|17401|Highline School District|Non-Low Income|LowIncome|387|410|375|0.914634146|||||||||||||2018|Puget Sound ESD
2017-18|17401|Highline School District|Non-Low Income|LowIncome|367|388|349|0.899484536|||||||||||||2017|Puget Sound ESD
2016-17|17401|Highline School District|Non-Low Income|LowIncome|333|359|322|0.896935933|||||||||||||2016|Puget Sound ESD
2015-16|17401|Highline School District|Non-Low Income|LowIncome|355|373|340|0.91152815|||||||||||||2015|Puget Sound ESD
2014-15|17401|Highline School District|Non-Low Income|LowIncome|363|388|327|0.842783505|||||||||||||2014|Puget Sound ESD
2020-21|17401|Highline School District|Migrant|Migrant|||||||||||||||||2020|Puget Sound ESD
2019-20|17401|Highline School District|Migrant|Migrant|||||||||||||||||2019|Puget Sound ESD
2018-19|17401|Highline School District|Migrant|Migrant|||||||||||||||||2018|Puget Sound ESD
2017-18|17401|Highline School District|Migrant|Migrant|||||||||||||||||2017|Puget Sound ESD
2016-17|17401|Highline School District|Migrant|Migrant|||||||||||||||||2016|Puget Sound ESD
2014-15|17401|Highline School District|Migrant|Migrant|||||||||||||||||2014|Puget Sound ESD
2020-21|17401|Highline School District|Non Migrant|Migrant||||0.879|||||||||||||2020|Puget Sound ESD
2019-20|17401|Highline School District|Non Migrant|Migrant||||0.8664|||||||||||||2019|Puget Sound ESD
2018-19|17401|Highline School District|Non Migrant|Migrant||||0.8588|||||||||||||2018|Puget Sound ESD
2017-18|17401|Highline School District|Non Migrant|Migrant||||0.8405|||||||||||||2017|Puget Sound ESD
2016-17|17401|Highline School District|Non Migrant|Migrant||||0.8141|||||||||||||2016|Puget Sound ESD
2015-16|17401|Highline School District|Non Migrant|Migrant|1178|1261|997|0.790642347|||||||||||||2015|Puget Sound ESD
2014-15|17401|Highline School District|Non Migrant|Migrant||||0.7241|||||||||||||2014|Puget Sound ESD
2020-21|17401|Highline School District|American Indian/ Alaskan Native|Race||||0.7|||||||||||||2020|Puget Sound ESD
2019-20|17401|Highline School District|American Indian/ Alaskan Native|Race||||0.53|||||||||||||2019|Puget Sound ESD
2018-19|17401|Highline School District|American Indian/ Alaskan Native|Race|||||||||||||||||2018|Puget Sound ESD
2017-18|17401|Highline School District|American Indian/ Alaskan Native|Race|||||||||||||||||2017|Puget Sound ESD
2016-17|17401|Highline School District|American Indian/ Alaskan Native|Race||||0.6|||||||||||||2016|Puget Sound ESD
2015-16|17401|Highline School District|American Indian/ Alaskan Native|Race||||0.63|||||||||||||2015|Puget Sound ESD
2014-15|17401|Highline School District|American Indian/ Alaskan Native|Race||||0.31|||||||||||||2014|Puget Sound ESD
2020-21|17401|Highline School District|Asian|Race|226|246|226|0.918699187|||||||||||||2020|Puget Sound ESD
2019-20|17401|Highline School District|Asian|Race|210|237|216|0.911392405|||||||||||||2019|Puget Sound ESD
2018-19|17401|Highline School District|Asian|Race|210|235|214|0.910638298|||||||||||||2018|Puget Sound ESD
2017-18|17401|Highline School District|Asian|Race|194|220|185|0.840909091|||||||||||||2017|Puget Sound ESD
2016-17|17401|Highline School District|Asian|Race|174|186|166|0.892473118|||||||||||||2016|Puget Sound ESD
2015-16|17401|Highline School District|Asian|Race|175|196|178|0.908163265|||||||||||||2015|Puget Sound ESD
2014-15|17401|Highline School District|Asian|Race||||0.861|||||||||||||2014|Puget Sound ESD
2020-21|17401|Highline School District|Black/ African American|Race|152|173|163|0.942196532|||||||||||||2020|Puget Sound ESD
2019-20|17401|Highline School District|Black/ African American|Race|110|150|125|0.833333333|||||||||||||2019|Puget Sound ESD
2018-19|17401|Highline School District|Black/ African American|Race|152|168|146|0.869047619|||||||||||||2018|Puget Sound ESD
2017-18|17401|Highline School District|Black/ African American|Race|125|151|125|0.82781457|||||||||||||2017|Puget Sound ESD
2016-17|17401|Highline School District|Black/ African American|Race|112|138|114|0.826086957|||||||||||||2016|Puget Sound ESD
2015-16|17401|Highline School District|Black/ African American|Race|105|124|91|0.733870968|||||||||||||2015|Puget Sound ESD
2014-15|17401|Highline School District|Black/ African American|Race||||0.672|||||||||||||2014|Puget Sound ESD
2020-21|17401|Highline School District|Hispanic/ Latino of any race(s)|Race|502|532|431|0.810150376|||||||||||||2020|Puget Sound ESD
2019-20|17401|Highline School District|Hispanic/ Latino of any race(s)|Race|420|456|373|0.817982456|||||||||||||2019|Puget Sound ESD
2018-19|17401|Highline School District|Hispanic/ Latino of any race(s)|Race|424|455|362|0.795604396|||||||||||||2018|Puget Sound ESD
2017-18|17401|Highline School District|Hispanic/ Latino of any race(s)|Race|369|394|323|0.819796954|||||||||||||2017|Puget Sound ESD
2016-17|17401|Highline School District|Hispanic/ Latino of any race(s)|Race|364|377|291|0.771883289|||||||||||||2016|Puget Sound ESD
2015-16|17401|Highline School District|Hispanic/ Latino of any race(s)|Race|369|391|290|0.74168798|||||||||||||2015|Puget Sound ESD
2014-15|17401|Highline School District|Hispanic/ Latino of any race(s)|Race||||0.644|||||||||||||2014|Puget Sound ESD
2020-21|17401|Highline School District|Native Hawaiian/ Other Pacific Islander|Race|52|53|43|0.811320755|||||||||||||2020|Puget Sound ESD
2019-20|17401|Highline School District|Native Hawaiian/ Other Pacific Islander|Race|38|43|35|0.813953488|||||||||||||2019|Puget Sound ESD
2018-19|17401|Highline School District|Native Hawaiian/ Other Pacific Islander|Race||||0.8|||||||||||||2018|Puget Sound ESD
2017-18|17401|Highline School District|Native Hawaiian/ Other Pacific Islander|Race|52|55|46|0.836363636|||||||||||||2017|Puget Sound ESD
2016-17|17401|Highline School District|Native Hawaiian/ Other Pacific Islander|Race|42|41|28|0.682926829|||||||||||||2016|Puget Sound ESD
2015-16|17401|Highline School District|Native Hawaiian/ Other Pacific Islander|Race|36|36|21|0.583333333|||||||||||||2015|Puget Sound ESD
2014-15|17401|Highline School District|Native Hawaiian/ Other Pacific Islander|Race||||0.55|||||||||||||2014|Puget Sound ESD
2020-21|17401|Highline School District|Two or More Races|Race||||0.954|||||||||||||2020|Puget Sound ESD
2019-20|17401|Highline School District|Two or More Races|Race|74|74|69|0.932432432|||||||||||||2019|Puget Sound ESD
2018-19|17401|Highline School District|Two or More Races|Race|71|72|62|0.861111111|||||||||||||2018|Puget Sound ESD
2017-18|17401|Highline School District|Two or More Races|Race||||0.78|||||||||||||2017|Puget Sound ESD
2016-17|17401|Highline School District|Two or More Races|Race|99|98|80|0.816326531|||||||||||||2016|Puget Sound ESD
2015-16|17401|Highline School District|Two or More Races|Race|122|121|102|0.842975207|||||||||||||2015|Puget Sound ESD
2014-15|17401|Highline School District|Two or More Races|Race||||0.761|||||||||||||2014|Puget Sound ESD
2020-21|17401|Highline School District|White|Race|287|280|261|0.932142857|||||||||||||2020|Puget Sound ESD
2019-20|17401|Highline School District|White|Race|315|316|291|0.920886076|||||||||||||2019|Puget Sound ESD
2018-19|17401|Highline School District|White|Race|378|389|352|0.904884319|||||||||||||2018|Puget Sound ESD
2017-18|17401|Highline School District|White|Race|369|397|348|0.876574307|||||||||||||2017|Puget Sound ESD
2016-17|17401|Highline School District|White|Race|340|374|311|0.831550802|||||||||||||2016|Puget Sound ESD
2015-16|17401|Highline School District|White|Race|354|374|303|0.810160428|||||||||||||2015|Puget Sound ESD
2014-15|17401|Highline School District|White|Race||||0.773|||||||||||||2014|Puget Sound ESD
2020-21|17401|Highline School District|Students with Disabilities|sped|170|162|114|0.703703704|||||||||||||2020|Puget Sound ESD
2019-20|17401|Highline School District|Students with Disabilities|sped|161|157|107|0.681528662|||||||||||||2019|Puget Sound ESD
2018-19|17401|Highline School District|Students with Disabilities|sped|165|157|101|0.643312102|||||||||||||2018|Puget Sound ESD
2017-18|17401|Highline School District|Students with Disabilities|sped|177|174|112|0.643678161|||||||||||||2017|Puget Sound ESD
2016-17|17401|Highline School District|Students with Disabilities|sped|156|162|90|0.555555556|||||||||||||2016|Puget Sound ESD
2015-16|17401|Highline School District|Students with Disabilities|sped|186|182|94|0.516483516|||||||||||||2015|Puget Sound ESD
2014-15|17401|Highline School District|Students with Disabilities|sped|167|162|76|0.469135802|||||||||||||2014|Puget Sound ESD
2020-21|17401|Highline School District|Students without Disabilities|sped|1128|1197|1079|0.901420217|||||||||||||2020|Puget Sound ESD
2019-20|17401|Highline School District|Students without Disabilities|sped|1017|1134|1010|0.890652557|||||||||||||2019|Puget Sound ESD
2018-19|17401|Highline School District|Students without Disabilities|sped|1135|1226|1086|0.885807504|||||||||||||2018|Puget Sound ESD
2017-18|17401|Highline School District|Students without Disabilities|sped|1000|1106|964|0.871609403|||||||||||||2017|Puget Sound ESD
2016-17|17401|Highline School District|Students without Disabilities|sped|986|1062|906|0.853107345|||||||||||||2016|Puget Sound ESD
2015-16|17401|Highline School District|Students without Disabilities|sped|992|1079|903|0.836886006|||||||||||||2015|Puget Sound ESD
2014-15|17401|Highline School District|Students without Disabilities|sped|1110|1199|908|0.757297748|||||||||||||2014|Puget Sound ESD
2020-21|06098|Hockinson School District|Non Section 504|504|159|170|163|0.958823529|||||||||||||2020|ESD 112
2019-20|06098|Hockinson School District|Non Section 504|504|137|139|132|0.949640288|||||||||||||2019|ESD 112
2018-19|06098|Hockinson School District|Non Section 504|504||||0.952|||||||||||||2018|ESD 112
2017-18|06098|Hockinson School District|Non Section 504|504||||0.959|||||||||||||2017|ESD 112
2016-17|06098|Hockinson School District|Non Section 504|504||||0.942|||||||||||||2016|ESD 112
2015-16|06098|Hockinson School District|Non Section 504|504||||0.955|||||||||||||2015|ESD 112
2014-15|06098|Hockinson School District|Non Section 504|504||||0.917|||||||||||||2014|ESD 112
2020-21|06098|Hockinson School District|Section 504|504||||0.75|||||||||||||2020|ESD 112
2019-20|06098|Hockinson School District|Section 504|504||||0.7|||||||||||||2019|ESD 112
2018-19|06098|Hockinson School District|Section 504|504||||0.813|||||||||||||2018|ESD 112
2017-18|06098|Hockinson School District|Section 504|504|||||||||||||||||2017|ESD 112
2016-17|06098|Hockinson School District|Section 504|504|||||||||||||||||2016|ESD 112
2015-16|06098|Hockinson School District|Section 504|504|||||||||||||||||2015|ESD 112
2014-15|06098|Hockinson School District|Section 504|504|||||||||||||||||2014|ESD 112
2020-21|06098|Hockinson School District|All Students|All||||0.956|||||||||||||2020|ESD 112
2019-20|06098|Hockinson School District|All Students|All||||0.953|||||||||||||2019|ESD 112
2018-19|06098|Hockinson School District|All Students|All|184|183|175|0.956284153|||||||||||||2018|ESD 112
2017-18|06098|Hockinson School District|All Students|All||||0.961|||||||||||||2017|ESD 112
2016-17|06098|Hockinson School District|All Students|All||||0.944|||||||||||||2016|ESD 112
2015-16|06098|Hockinson School District|All Students|All||||0.957|||||||||||||2015|ESD 112
2014-15|06098|Hockinson School District|All Students|All||||0.921|||||||||||||2014|ESD 112
2020-21|06098|Hockinson School District|English Language Learners|ELL|||||||||||||||||2020|ESD 112
2019-20|06098|Hockinson School District|English Language Learners|ELL|||||||||||||||||2019|ESD 112
2018-19|06098|Hockinson School District|English Language Learners|ELL|||||||||||||||||2018|ESD 112
2016-17|06098|Hockinson School District|English Language Learners|ELL|||||||||||||||||2016|ESD 112
2020-21|06098|Hockinson School District|Non-English Language Learners|ELL||||0.961|||||||||||||2020|ESD 112
2019-20|06098|Hockinson School District|Non-English Language Learners|ELL||||0.966|||||||||||||2019|ESD 112
2018-19|06098|Hockinson School District|Non-English Language Learners|ELL||||0.962|||||||||||||2018|ESD 112
2017-18|06098|Hockinson School District|Non-English Language Learners|ELL||||0.961|||||||||||||2017|ESD 112
2016-17|06098|Hockinson School District|Non-English Language Learners|ELL||||0.944|||||||||||||2016|ESD 112
2015-16|06098|Hockinson School District|Non-English Language Learners|ELL||||0.957|||||||||||||2015|ESD 112
2014-15|06098|Hockinson School District|Non-English Language Learners|ELL||||0.921|||||||||||||2014|ESD 112
2017-18|06098|Hockinson School District|Foster Care|Foster|||||||||||||||||2017|ESD 112
2015-16|06098|Hockinson School District|Foster Care|Foster|||||||||||||||||2015|ESD 112
2020-21|06098|Hockinson School District|Non-Foster Care|Foster||||0.956|||||||||||||2020|ESD 112
2019-20|06098|Hockinson School District|Non-Foster Care|Foster||||0.953|||||||||||||2019|ESD 112
2018-19|06098|Hockinson School District|Non-Foster Care|Foster|184|183|175|0.956284153|||||||||||||2018|ESD 112
2017-18|06098|Hockinson School District|Non-Foster Care|Foster||||0.96124031|||||||||||||2017|ESD 112
2016-17|06098|Hockinson School District|Non-Foster Care|Foster||||0.944|||||||||||||2016|ESD 112
2015-16|06098|Hockinson School District|Non-Foster Care|Foster||||0.957|||||||||||||2015|ESD 112
2014-15|06098|Hockinson School District|Non-Foster Care|Foster||||0.921|||||||||||||2014|ESD 112
2020-21|06098|Hockinson School District|Female|Gender||||0.95|||||||||||||2020|ESD 112
2019-20|06098|Hockinson School District|Female|Gender||||0.953|||||||||||||2019|ESD 112
2018-19|06098|Hockinson School District|Female|Gender||||0.963|||||||||||||2018|ESD 112
2017-18|06098|Hockinson School District|Female|Gender||||0.945|||||||||||||2017|ESD 112
2016-17|06098|Hockinson School District|Female|Gender||||0.966|||||||||||||2016|ESD 112
2015-16|06098|Hockinson School District|Female|Gender||||0.95|||||||||||||2015|ESD 112
2014-15|06098|Hockinson School District|Female|Gender||||0.96|||||||||||||2014|ESD 112
2020-21|06098|Hockinson School District|Male|Gender|89|95|91|0.957894737|||||||||||||2020|ESD 112
2018-19|06098|Hockinson School District|Male|Gender|101|102|96|0.941176471|||||||||||||2018|ESD 112
2017-18|06098|Hockinson School District|Male|Gender||||0.959|||||||||||||2017|ESD 112
2016-17|06098|Hockinson School District|Male|Gender|92|90|83|0.922222222|||||||||||||2016|ESD 112
2015-16|06098|Hockinson School District|Male|Gender|83|84|81|0.964285714|||||||||||||2015|ESD 112
2014-15|06098|Hockinson School District|Male|Gender|100|90|80|0.888888889|||||||||||||2014|ESD 112
2020-21|06098|Hockinson School District|Homeless|Homeless|||||||||||||||||2020|ESD 112
2019-20|06098|Hockinson School District|Homeless|Homeless|||||||||||||||||2019|ESD 112
2018-19|06098|Hockinson School District|Homeless|Homeless|||||||||||||||||2018|ESD 112
2017-18|06098|Hockinson School District|Homeless|Homeless|||||||||||||||||2017|ESD 112
2015-16|06098|Hockinson School District|Homeless|Homeless|||||||||||||||||2015|ESD 112
2014-15|06098|Hockinson School District|Homeless|Homeless|||||||||||||||||2014|ESD 112
2020-21|06098|Hockinson School District|Non-Homeless|Homeless||||0.961|||||||||||||2020|ESD 112
2019-20|06098|Hockinson School District|Non-Homeless|Homeless||||0.959|||||||||||||2019|ESD 112
2018-19|06098|Hockinson School District|Non-Homeless|Homeless||||0.956|||||||||||||2018|ESD 112
2017-18|06098|Hockinson School District|Non-Homeless|Homeless||||0.961|||||||||||||2017|ESD 112
2016-17|06098|Hockinson School District|Non-Homeless|Homeless||||0.944|||||||||||||2016|ESD 112
2015-16|06098|Hockinson School District|Non-Homeless|Homeless||||0.956|||||||||||||2015|ESD 112
2014-15|06098|Hockinson School District|Non-Homeless|Homeless||||0.931|||||||||||||2014|ESD 112
2020-21|06098|Hockinson School District|Low-Income|LowIncome||||0.88|||||||||||||2020|ESD 112
2019-20|06098|Hockinson School District|Low-Income|LowIncome||||0.906|||||||||||||2019|ESD 112
2018-19|06098|Hockinson School District|Low-Income|LowIncome||||0.88|||||||||||||2018|ESD 112
2017-18|06098|Hockinson School District|Low-Income|LowIncome||||0.88|||||||||||||2017|ESD 112
2016-17|06098|Hockinson School District|Low-Income|LowIncome||||0.86|||||||||||||2016|ESD 112
2015-16|06098|Hockinson School District|Low-Income|LowIncome||||0.88|||||||||||||2015|ESD 112
2014-15|06098|Hockinson School District|Low-Income|LowIncome||||0.8|||||||||||||2014|ESD 112
2020-21|06098|Hockinson School District|Non-Low Income|LowIncome|138|148|144|0.972972973|||||||||||||2020|ESD 112
2019-20|06098|Hockinson School District|Non-Low Income|LowIncome|119|117|112|0.957264957|||||||||||||2019|ESD 112
2018-19|06098|Hockinson School District|Non-Low Income|LowIncome||||0.9787|||||||||||||2018|ESD 112
2017-18|06098|Hockinson School District|Non-Low Income|LowIncome||||0.969|||||||||||||2017|ESD 112
2016-17|06098|Hockinson School District|Non-Low Income|LowIncome||||0.9766|||||||||||||2016|ESD 112
2015-16|06098|Hockinson School District|Non-Low Income|LowIncome||||0.9752|||||||||||||2015|ESD 112
2014-15|06098|Hockinson School District|Non-Low Income|LowIncome|121|119|115|0.966386555|||||||||||||2014|ESD 112
2020-21|06098|Hockinson School District|Non Migrant|Migrant||||0.956|||||||||||||2020|ESD 112
2019-20|06098|Hockinson School District|Non Migrant|Migrant||||0.953|||||||||||||2019|ESD 112
2018-19|06098|Hockinson School District|Non Migrant|Migrant|184|183|175|0.956284153|||||||||||||2018|ESD 112
2017-18|06098|Hockinson School District|Non Migrant|Migrant||||0.961|||||||||||||2017|ESD 112
2016-17|06098|Hockinson School District|Non Migrant|Migrant||||0.944|||||||||||||2016|ESD 112
2015-16|06098|Hockinson School District|Non Migrant|Migrant||||0.957|||||||||||||2015|ESD 112
2014-15|06098|Hockinson School District|Non Migrant|Migrant||||0.921|||||||||||||2014|ESD 112
2020-21|06098|Hockinson School District|American Indian/ Alaskan Native|Race|||||||||||||||||2020|ESD 112
2014-15|06098|Hockinson School District|White|Race|161|154|141|0.915584416|||||||||||||2014|ESD 112
2018-19|06098|Hockinson School District|American Indian/ Alaskan Native|Race|||||||||||||||||2018|ESD 112
2017-18|06098|Hockinson School District|American Indian/ Alaskan Native|Race|||||||||||||||||2017|ESD 112
2020-21|06098|Hockinson School District|Asian|Race|||||||||||||||||2020|ESD 112
2019-20|06098|Hockinson School District|Asian|Race|||||||||||||||||2019|ESD 112
2018-19|06098|Hockinson School District|Asian|Race|||||||||||||||||2018|ESD 112
2017-18|06098|Hockinson School District|Asian|Race|||||||||||||||||2017|ESD 112
2016-17|06098|Hockinson School District|Asian|Race|||||||||||||||||2016|ESD 112
2015-16|06098|Hockinson School District|Asian|Race|||||||||||||||||2015|ESD 112
2014-15|06098|Hockinson School District|Asian|Race|||||||||||||||||2014|ESD 112
2020-21|06098|Hockinson School District|Black/ African American|Race|||||||||||||||||2020|ESD 112
2018-19|06098|Hockinson School District|Black/ African American|Race|||||||||||||||||2018|ESD 112
2017-18|06098|Hockinson School District|Black/ African American|Race|||||||||||||||||2017|ESD 112
2016-17|06098|Hockinson School District|Black/ African American|Race|||||||||||||||||2016|ESD 112
2014-15|06098|Hockinson School District|Black/ African American|Race|||||||||||||||||2014|ESD 112
2020-21|06098|Hockinson School District|Hispanic/ Latino of any race(s)|Race||||0.727|||||||||||||2020|ESD 112
2019-20|06098|Hockinson School District|Hispanic/ Latino of any race(s)|Race|||||||||||||||||2019|ESD 112
2018-19|06098|Hockinson School District|Hispanic/ Latino of any race(s)|Race||||0.727|||||||||||||2018|ESD 112
2017-18|06098|Hockinson School District|Hispanic/ Latino of any race(s)|Race|||||||||||||||||2017|ESD 112
2016-17|06098|Hockinson School District|Hispanic/ Latino of any race(s)|Race|||||||||||||||||2016|ESD 112
2015-16|06098|Hockinson School District|Hispanic/ Latino of any race(s)|Race|||||||||||||||||2015|ESD 112
2014-15|06098|Hockinson School District|Hispanic/ Latino of any race(s)|Race|||||||||||||||||2014|ESD 112
2020-21|06098|Hockinson School District|Two or More Races|Race|||||||||||||||||2020|ESD 112
2019-20|06098|Hockinson School District|Two or More Races|Race|||||||||||||||||2019|ESD 112
2018-19|06098|Hockinson School District|Two or More Races|Race|||||||||||||||||2018|ESD 112
2017-18|06098|Hockinson School District|Two or More Races|Race|||||||||||||||||2017|ESD 112
2016-17|06098|Hockinson School District|Two or More Races|Race|||||||||||||||||2016|ESD 112
2015-16|06098|Hockinson School District|Two or More Races|Race|||||||||||||||||2015|ESD 112
2020-21|06098|Hockinson School District|White|Race|153|158|154|0.974683544|||||||||||||2020|ESD 112
2019-20|06098|Hockinson School District|White|Race|137|137|131|0.95620438|||||||||||||2019|ESD 112
2018-19|06098|Hockinson School District|White|Race|160|160|153|0.95625|||||||||||||2018|ESD 112
2017-18|06098|Hockinson School District|White|Race|125|119|116|0.974789916|||||||||||||2017|ESD 112
2016-17|06098|Hockinson School District|White|Race|154|158|149|0.943037975|||||||||||||2016|ESD 112
2015-16|06098|Hockinson School District|White|Race||||0.954|||||||||||||2015|ESD 112
2020-21|06098|Hockinson School District|Students with Disabilities|sped||||0.75|||||||||||||2020|ESD 112
2019-20|06098|Hockinson School District|Students with Disabilities|sped|||||||||||||||||2019|ESD 112
2018-19|06098|Hockinson School District|Students with Disabilities|sped||||0.82|||||||||||||2018|ESD 112
2017-18|06098|Hockinson School District|Students with Disabilities|sped||||0.8|||||||||||||2017|ESD 112
2016-17|06098|Hockinson School District|Students with Disabilities|sped||||0.65|||||||||||||2016|ESD 112
2015-16|06098|Hockinson School District|Students with Disabilities|sped||||0.75|||||||||||||2015|ESD 112
2014-15|06098|Hockinson School District|Students with Disabilities|sped||||0.54|||||||||||||2014|ESD 112
2020-21|06098|Hockinson School District|Students without Disabilities|sped|157|170|164|0.964705882|||||||||||||2020|ESD 112
2019-20|06098|Hockinson School District|Students without Disabilities|sped||||0.964|||||||||||||2019|ESD 112
2018-19|06098|Hockinson School District|Students without Disabilities|sped|161|161|157|0.97515528|||||||||||||2018|ESD 112
2017-18|06098|Hockinson School District|Students without Disabilities|sped||||0.9737|||||||||||||2017|ESD 112
2016-17|06098|Hockinson School District|Students without Disabilities|sped|157|162|158|0.975308642|||||||||||||2016|ESD 112
2015-16|06098|Hockinson School District|Students without Disabilities|sped|152|150|145|0.966666667|||||||||||||2015|ESD 112
2014-15|06098|Hockinson School District|Students without Disabilities|sped|154|152|145|0.953947368|||||||||||||2014|ESD 112
2020-21|08402|Kalama School District|Non Section 504|504||||0.956|||||||||||||2020|ESD 112
2019-20|08402|Kalama School District|Non Section 504|504||||0.89|||||||||||||2019|ESD 112
2018-19|08402|Kalama School District|Non Section 504|504||||0.91|||||||||||||2018|ESD 112
2017-18|08402|Kalama School District|Non Section 504|504||||0.947|||||||||||||2017|ESD 112
2016-17|08402|Kalama School District|Non Section 504|504|65|64|59|0.921875|||||||||||||2016|ESD 112
2015-16|08402|Kalama School District|Non Section 504|504||||0.89|||||||||||||2015|ESD 112
2014-15|08402|Kalama School District|Non Section 504|504||||0.92|||||||||||||2014|ESD 112
2020-21|08402|Kalama School District|Section 504|504||||0.7|||||||||||||2020|ESD 112
2019-20|08402|Kalama School District|Section 504|504|||||||||||||||||2019|ESD 112
2018-19|08402|Kalama School District|Section 504|504|||||||||||||||||2018|ESD 112
2017-18|08402|Kalama School District|Section 504|504|||||||||||||||||2017|ESD 112
2016-17|08402|Kalama School District|Section 504|504||||0.7|||||||||||||2016|ESD 112
2015-16|08402|Kalama School District|Section 504|504|||||||||||||||||2015|ESD 112
2014-15|08402|Kalama School District|Section 504|504|||||||||||||||||2014|ESD 112
2020-21|08402|Kalama School District|All Students|All||||0.962|||||||||||||2020|ESD 112
2019-20|08402|Kalama School District|All Students|All||||0.89|||||||||||||2019|ESD 112
2018-19|08402|Kalama School District|All Students|All||||0.89|||||||||||||2018|ESD 112
2017-18|08402|Kalama School District|All Students|All||||0.95|||||||||||||2017|ESD 112
2016-17|08402|Kalama School District|All Students|All||||0.92|||||||||||||2016|ESD 112
2015-16|08402|Kalama School District|All Students|All||||0.9|||||||||||||2015|ESD 112
2014-15|08402|Kalama School District|All Students|All||||0.9|||||||||||||2014|ESD 112
2020-21|08402|Kalama School District|English Language Learners|ELL|||||||||||||||||2020|ESD 112
2018-19|08402|Kalama School District|English Language Learners|ELL|||||||||||||||||2018|ESD 112
2017-18|08402|Kalama School District|English Language Learners|ELL|||||||||||||||||2017|ESD 112
2016-17|08402|Kalama School District|English Language Learners|ELL|||||||||||||||||2016|ESD 112
2020-21|08402|Kalama School District|Non-English Language Learners|ELL||||0.96|||||||||||||2020|ESD 112
2019-20|08402|Kalama School District|Non-English Language Learners|ELL||||0.89|||||||||||||2019|ESD 112
2018-19|08402|Kalama School District|Non-English Language Learners|ELL||||0.91|||||||||||||2018|ESD 112
2017-18|08402|Kalama School District|Non-English Language Learners|ELL||||0.95|||||||||||||2017|ESD 112
2016-17|08402|Kalama School District|Non-English Language Learners|ELL||||0.92|||||||||||||2016|ESD 112
2015-16|08402|Kalama School District|Non-English Language Learners|ELL||||0.9|||||||||||||2015|ESD 112
2014-15|08402|Kalama School District|Non-English Language Learners|ELL||||0.9|||||||||||||2014|ESD 112
2017-18|08402|Kalama School District|Foster Care|Foster|||||||||||||||||2017|ESD 112
2016-17|08402|Kalama School District|Foster Care|Foster|||||||||||||||||2016|ESD 112
2020-21|08402|Kalama School District|Non-Foster Care|Foster||||0.962|||||||||||||2020|ESD 112
2019-20|08402|Kalama School District|Non-Foster Care|Foster||||0.89|||||||||||||2019|ESD 112
2018-19|08402|Kalama School District|Non-Foster Care|Foster||||0.89|||||||||||||2018|ESD 112
2017-18|08402|Kalama School District|Non-Foster Care|Foster||||0.95|||||||||||||2017|ESD 112
2016-17|08402|Kalama School District|Non-Foster Care|Foster||||0.93|||||||||||||2016|ESD 112
2015-16|08402|Kalama School District|Non-Foster Care|Foster||||0.9|||||||||||||2015|ESD 112
2014-15|08402|Kalama School District|Non-Foster Care|Foster||||0.9|||||||||||||2014|ESD 112
2020-21|08402|Kalama School District|Female|Gender||||0.909|||||||||||||2020|ESD 112
2019-20|08402|Kalama School District|Female|Gender||||0.893|||||||||||||2019|ESD 112
2018-19|08402|Kalama School District|Female|Gender||||0.917|||||||||||||2018|ESD 112
2017-18|08402|Kalama School District|Female|Gender||||0.919|||||||||||||2017|ESD 112
2016-17|08402|Kalama School District|Female|Gender||||0.88|||||||||||||2016|ESD 112
2015-16|08402|Kalama School District|Female|Gender|48|47|43|0.914893617|||||||||||||2015|ESD 112
2014-15|08402|Kalama School District|Female|Gender||||0.927|||||||||||||2014|ESD 112
2020-21|08402|Kalama School District|Male|Gender||||0.933|||||||||||||2020|ESD 112
2019-20|08402|Kalama School District|Male|Gender|44|44|38|0.863636364|||||||||||||2019|ESD 112
2018-19|08402|Kalama School District|Male|Gender|47|46|39|0.847826087|||||||||||||2018|ESD 112
2017-18|08402|Kalama School District|Male|Gender||||0.889|||||||||||||2017|ESD 112
2016-17|08402|Kalama School District|Male|Gender||||0.925|||||||||||||2016|ESD 112
2015-16|08402|Kalama School District|Male|Gender||||0.88|||||||||||||2015|ESD 112
2014-15|08402|Kalama School District|Male|Gender||||0.85|||||||||||||2014|ESD 112
2020-21|08402|Kalama School District|Homeless|Homeless|||||||||||||||||2020|ESD 112
2019-20|08402|Kalama School District|Homeless|Homeless|||||||||||||||||2019|ESD 112
2018-19|08402|Kalama School District|Homeless|Homeless|||||||||||||||||2018|ESD 112
2017-18|08402|Kalama School District|Homeless|Homeless|||||||||||||||||2017|ESD 112
2016-17|08402|Kalama School District|Homeless|Homeless|||||||||||||||||2016|ESD 112
2015-16|08402|Kalama School District|Homeless|Homeless|||||||||||||||||2015|ESD 112
2014-15|08402|Kalama School District|Homeless|Homeless|||||||||||||||||2014|ESD 112
2020-21|08402|Kalama School District|Non-Homeless|Homeless||||0.96|||||||||||||2020|ESD 112
2019-20|08402|Kalama School District|Non-Homeless|Homeless||||0.9|||||||||||||2019|ESD 112
2018-19|08402|Kalama School District|Non-Homeless|Homeless||||0.9|||||||||||||2018|ESD 112
2017-18|08402|Kalama School District|Non-Homeless|Homeless||||0.949|||||||||||||2017|ESD 112
2016-17|08402|Kalama School District|Non-Homeless|Homeless||||0.93|||||||||||||2016|ESD 112
2015-16|08402|Kalama School District|Non-Homeless|Homeless||||0.91|||||||||||||2015|ESD 112
2014-15|08402|Kalama School District|Non-Homeless|Homeless||||0.91|||||||||||||2014|ESD 112
2020-21|08402|Kalama School District|Low-Income|LowIncome|41|40|37|0.925|||||||||||||2020|ESD 112
2019-20|08402|Kalama School District|Low-Income|LowIncome||||0.87|||||||||||||2019|ESD 112
2018-19|08402|Kalama School District|Low-Income|LowIncome||||0.78|||||||||||||2018|ESD 112
2017-18|08402|Kalama School District|Low-Income|LowIncome||||0.897|||||||||||||2017|ESD 112
2016-17|08402|Kalama School District|Low-Income|LowIncome||||0.88|||||||||||||2016|ESD 112
2015-16|08402|Kalama School District|Low-Income|LowIncome||||0.89|||||||||||||2015|ESD 112
2014-15|08402|Kalama School District|Low-Income|LowIncome||||0.82|||||||||||||2014|ESD 112
2020-21|08402|Kalama School District|Non-Low Income|LowIncome||||0.921|||||||||||||2020|ESD 112
2019-20|08402|Kalama School District|Non-Low Income|LowIncome|41|42|38|0.904761905|||||||||||||2019|ESD 112
2018-19|08402|Kalama School District|Non-Low Income|LowIncome||||0.94|||||||||||||2018|ESD 112
2017-18|08402|Kalama School District|Non-Low Income|LowIncome||||0.914|||||||||||||2017|ESD 112
2016-17|08402|Kalama School District|Non-Low Income|LowIncome||||0.925|||||||||||||2016|ESD 112
2015-16|08402|Kalama School District|Non-Low Income|LowIncome|36|37|34|0.918918919|||||||||||||2015|ESD 112
2014-15|08402|Kalama School District|Non-Low Income|LowIncome||||0.929|||||||||||||2014|ESD 112
2020-21|08402|Kalama School District|Migrant|Migrant|||||||||||||||||2020|ESD 112
2020-21|08402|Kalama School District|Non Migrant|Migrant||||0.96|||||||||||||2020|ESD 112
2019-20|08402|Kalama School District|Non Migrant|Migrant||||0.89|||||||||||||2019|ESD 112
2018-19|08402|Kalama School District|Non Migrant|Migrant||||0.89|||||||||||||2018|ESD 112
2017-18|08402|Kalama School District|Non Migrant|Migrant||||0.95|||||||||||||2017|ESD 112
2016-17|08402|Kalama School District|Non Migrant|Migrant||||0.92|||||||||||||2016|ESD 112
2015-16|08402|Kalama School District|Non Migrant|Migrant||||0.9|||||||||||||2015|ESD 112
2014-15|08402|Kalama School District|Non Migrant|Migrant||||0.9|||||||||||||2014|ESD 112
2020-21|08402|Kalama School District|American Indian/ Alaskan Native|Race|||||||||||||||||2020|ESD 112
2019-20|08402|Kalama School District|American Indian/ Alaskan Native|Race|||||||||||||||||2019|ESD 112
2017-18|08402|Kalama School District|American Indian/ Alaskan Native|Race|||||||||||||||||2017|ESD 112
2016-17|08402|Kalama School District|American Indian/ Alaskan Native|Race|||||||||||||||||2016|ESD 112
2015-16|08402|Kalama School District|American Indian/ Alaskan Native|Race|||||||||||||||||2015|ESD 112
2020-21|08402|Kalama School District|Asian|Race|||||||||||||||||2020|ESD 112
2019-20|08402|Kalama School District|Asian|Race|||||||||||||||||2019|ESD 112
2018-19|08402|Kalama School District|Asian|Race|||||||||||||||||2018|ESD 112
2017-18|08402|Kalama School District|Asian|Race|||||||||||||||||2017|ESD 112
2016-17|08402|Kalama School District|Asian|Race|||||||||||||||||2016|ESD 112
2015-16|08402|Kalama School District|Asian|Race|||||||||||||||||2015|ESD 112
2014-15|08402|Kalama School District|Asian|Race|||||||||||||||||2014|ESD 112
2020-21|08402|Kalama School District|Black/ African American|Race|||||||||||||||||2020|ESD 112
2019-20|08402|Kalama School District|Black/ African American|Race|||||||||||||||||2019|ESD 112
2018-19|08402|Kalama School District|Black/ African American|Race|||||||||||||||||2018|ESD 112
2017-18|08402|Kalama School District|Black/ African American|Race|||||||||||||||||2017|ESD 112
2016-17|08402|Kalama School District|Black/ African American|Race|||||||||||||||||2016|ESD 112
2015-16|08402|Kalama School District|Black/ African American|Race|||||||||||||||||2015|ESD 112
2020-21|08402|Kalama School District|Hispanic/ Latino of any race(s)|Race|||||||||||||||||2020|ESD 112
2019-20|08402|Kalama School District|Hispanic/ Latino of any race(s)|Race|||||||||||||||||2019|ESD 112
2018-19|08402|Kalama School District|Hispanic/ Latino of any race(s)|Race|||||||||||||||||2018|ESD 112
2017-18|08402|Kalama School District|Hispanic/ Latino of any race(s)|Race|||||||||||||||||2017|ESD 112
2016-17|08402|Kalama School District|Hispanic/ Latino of any race(s)|Race|||||||||||||||||2016|ESD 112
2015-16|08402|Kalama School District|Hispanic/ Latino of any race(s)|Race|||||||||||||||||2015|ESD 112
2014-15|08402|Kalama School District|Hispanic/ Latino of any race(s)|Race|||||||||||||||||2014|ESD 112
2018-19|08402|Kalama School District|Native Hawaiian/ Other Pacific Islander|Race|||||||||||||||||2018|ESD 112
2020-21|08402|Kalama School District|Two or More Races|Race|||||||||||||||||2020|ESD 112
2019-20|08402|Kalama School District|Two or More Races|Race|||||||||||||||||2019|ESD 112
2018-19|08402|Kalama School District|Two or More Races|Race|||||||||||||||||2018|ESD 112
2017-18|08402|Kalama School District|Two or More Races|Race|||||||||||||||||2017|ESD 112
2016-17|08402|Kalama School District|Two or More Races|Race|||||||||||||||||2016|ESD 112
2015-16|08402|Kalama School District|Two or More Races|Race|||||||||||||||||2015|ESD 112
2014-15|08402|Kalama School District|Two or More Races|Race|||||||||||||||||2014|ESD 112
2020-21|08402|Kalama School District|White|Race||||0.955|||||||||||||2020|ESD 112
2019-20|08402|Kalama School District|White|Race|59|59|51|0.86440678|||||||||||||2019|ESD 112
2018-19|08402|Kalama School District|White|Race|70|66|60|0.909090909|||||||||||||2018|ESD 112
2017-18|08402|Kalama School District|White|Race||||0.941|||||||||||||2017|ESD 112
2016-17|08402|Kalama School District|White|Race||||0.92|||||||||||||2016|ESD 112
2015-16|08402|Kalama School District|White|Race||||0.91|||||||||||||2015|ESD 112
2014-15|08402|Kalama School District|White|Race||||0.89|||||||||||||2014|ESD 112
2020-21|08402|Kalama School District|Students with Disabilities|sped||||0.8|||||||||||||2020|ESD 112
2019-20|08402|Kalama School District|Students with Disabilities|sped||||0.62|||||||||||||2019|ESD 112
2018-19|08402|Kalama School District|Students with Disabilities|sped|||||||||||||||||2018|ESD 112
2017-18|08402|Kalama School District|Students with Disabilities|sped|||||||||||||||||2017|ESD 112
2016-17|08402|Kalama School District|Students with Disabilities|sped|||||||||||||||||2016|ESD 112
2015-16|08402|Kalama School District|Students with Disabilities|sped|||||||||||||||||2015|ESD 112
2014-15|08402|Kalama School District|Students with Disabilities|sped||||0.77|||||||||||||2014|ESD 112
2020-21|08402|Kalama School District|Students without Disabilities|sped||||0.952|||||||||||||2020|ESD 112
2019-20|08402|Kalama School District|Students without Disabilities|sped|57|59|56|0.949152542|||||||||||||2019|ESD 112
2018-19|08402|Kalama School District|Students without Disabilities|sped||||0.89|||||||||||||2018|ESD 112
2017-18|08402|Kalama School District|Students without Disabilities|sped||||0.95|||||||||||||2017|ESD 112
2016-17|08402|Kalama School District|Students without Disabilities|sped||||0.91|||||||||||||2016|ESD 112
2015-16|08402|Kalama School District|Students without Disabilities|sped||||0.91|||||||||||||2015|ESD 112
2014-15|08402|Kalama School District|Students without Disabilities|sped|66|67|62|0.925373134|||||||||||||2014|ESD 112
2020-21|20402|Klickitat School District|Non Section 504|504|||||||||||||||||2020|ESD 112
2019-20|20402|Klickitat School District|Non Section 504|504|||||||||||||||||2019|ESD 112
2018-19|20402|Klickitat School District|Non Section 504|504|||||||||||||||||2018|ESD 112
2017-18|20402|Klickitat School District|Non Section 504|504|||||||||||||||||2017|ESD 112
2016-17|20402|Klickitat School District|Non Section 504|504|||||||||||||||||2016|ESD 112
2015-16|20402|Klickitat School District|Non Section 504|504|||||||||||||||||2015|ESD 112
2014-15|20402|Klickitat School District|Non Section 504|504||||0.64|||||||||||||2014|ESD 112
2018-19|20402|Klickitat School District|Section 504|504|||||||||||||||||2018|ESD 112
2020-21|20402|Klickitat School District|All Students|All|||||||||||||||||2020|ESD 112
2019-20|20402|Klickitat School District|All Students|All|||||||||||||||||2019|ESD 112
2018-19|20402|Klickitat School District|All Students|All|||||||||||||||||2018|ESD 112
2017-18|20402|Klickitat School District|All Students|All|||||||||||||||||2017|ESD 112
2016-17|20402|Klickitat School District|All Students|All|||||||||||||||||2016|ESD 112
2015-16|20402|Klickitat School District|All Students|All|||||||||||||||||2015|ESD 112
2014-15|20402|Klickitat School District|All Students|All||||0.64|||||||||||||2014|ESD 112
2018-19|20402|Klickitat School District|English Language Learners|ELL|||||||||||||||||2018|ESD 112
2020-21|20402|Klickitat School District|Non-English Language Learners|ELL|||||||||||||||||2020|ESD 112
2019-20|20402|Klickitat School District|Non-English Language Learners|ELL|||||||||||||||||2019|ESD 112
2018-19|20402|Klickitat School District|Non-English Language Learners|ELL|||||||||||||||||2018|ESD 112
2017-18|20402|Klickitat School District|Non-English Language Learners|ELL|||||||||||||||||2017|ESD 112
2016-17|20402|Klickitat School District|Non-English Language Learners|ELL|||||||||||||||||2016|ESD 112
2015-16|20402|Klickitat School District|Non-English Language Learners|ELL|||||||||||||||||2015|ESD 112
2014-15|20402|Klickitat School District|Non-English Language Learners|ELL||||0.64|||||||||||||2014|ESD 112
2018-19|20402|Klickitat School District|Foster Care|Foster|||||||||||||||||2018|ESD 112
2020-21|20402|Klickitat School District|Non-Foster Care|Foster|||||||||||||||||2020|ESD 112
2019-20|20402|Klickitat School District|Non-Foster Care|Foster|||||||||||||||||2019|ESD 112
2018-19|20402|Klickitat School District|Non-Foster Care|Foster|||||||||||||||||2018|ESD 112
2017-18|20402|Klickitat School District|Non-Foster Care|Foster|||||||||||||||||2017|ESD 112
2016-17|20402|Klickitat School District|Non-Foster Care|Foster|||||||||||||||||2016|ESD 112
2015-16|20402|Klickitat School District|Non-Foster Care|Foster|||||||||||||||||2015|ESD 112
2014-15|20402|Klickitat School District|Non-Foster Care|Foster||||0.64|||||||||||||2014|ESD 112
2020-21|20402|Klickitat School District|Female|Gender|||||||||||||||||2020|ESD 112
2019-20|20402|Klickitat School District|Female|Gender|||||||||||||||||2019|ESD 112
2017-18|20402|Klickitat School District|Female|Gender|||||||||||||||||2017|ESD 112
2016-17|20402|Klickitat School District|Female|Gender|||||||||||||||||2016|ESD 112
2015-16|20402|Klickitat School District|Female|Gender|||||||||||||||||2015|ESD 112
2014-15|20402|Klickitat School District|Female|Gender|||||||||||||||||2014|ESD 112
2020-21|20402|Klickitat School District|Male|Gender|||||||||||||||||2020|ESD 112
2019-20|20402|Klickitat School District|Male|Gender|||||||||||||||||2019|ESD 112
2018-19|20402|Klickitat School District|Male|Gender|||||||||||||||||2018|ESD 112
2017-18|20402|Klickitat School District|Male|Gender|||||||||||||||||2017|ESD 112
2016-17|20402|Klickitat School District|Male|Gender|||||||||||||||||2016|ESD 112
2015-16|20402|Klickitat School District|Male|Gender|||||||||||||||||2015|ESD 112
2014-15|20402|Klickitat School District|Male|Gender|||||||||||||||||2014|ESD 112
2018-19|20402|Klickitat School District|Homeless|Homeless|||||||||||||||||2018|ESD 112
2017-18|20402|Klickitat School District|Homeless|Homeless|||||||||||||||||2017|ESD 112
2016-17|20402|Klickitat School District|Homeless|Homeless|||||||||||||||||2016|ESD 112
2014-15|20402|Klickitat School District|Homeless|Homeless|||||||||||||||||2014|ESD 112
2020-21|20402|Klickitat School District|Non-Homeless|Homeless|||||||||||||||||2020|ESD 112
2019-20|20402|Klickitat School District|Non-Homeless|Homeless|||||||||||||||||2019|ESD 112
2018-19|20402|Klickitat School District|Non-Homeless|Homeless|||||||||||||||||2018|ESD 112
2017-18|20402|Klickitat School District|Non-Homeless|Homeless|||||||||||||||||2017|ESD 112
2016-17|20402|Klickitat School District|Non-Homeless|Homeless|||||||||||||||||2016|ESD 112
2015-16|20402|Klickitat School District|Non-Homeless|Homeless|||||||||||||||||2015|ESD 112
2014-15|20402|Klickitat School District|Non-Homeless|Homeless||||0.75|||||||||||||2014|ESD 112
2020-21|20402|Klickitat School District|Low-Income|LowIncome|||||||||||||||||2020|ESD 112
2019-20|20402|Klickitat School District|Low-Income|LowIncome|||||||||||||||||2019|ESD 112
2018-19|20402|Klickitat School District|Low-Income|LowIncome|||||||||||||||||2018|ESD 112
2017-18|20402|Klickitat School District|Low-Income|LowIncome|||||||||||||||||2017|ESD 112
2016-17|20402|Klickitat School District|Low-Income|LowIncome|||||||||||||||||2016|ESD 112
2015-16|20402|Klickitat School District|Low-Income|LowIncome|||||||||||||||||2015|ESD 112
2014-15|20402|Klickitat School District|Low-Income|LowIncome||||0.64|||||||||||||2014|ESD 112
2020-21|20402|Klickitat School District|Non-Low Income|LowIncome|||||||||||||||||2020|ESD 112
2019-20|20402|Klickitat School District|Non-Low Income|LowIncome|||||||||||||||||2019|ESD 112
2018-19|20402|Klickitat School District|Non-Low Income|LowIncome|||||||||||||||||2018|ESD 112
2020-21|20402|Klickitat School District|Non Migrant|Migrant|||||||||||||||||2020|ESD 112
2019-20|20402|Klickitat School District|Non Migrant|Migrant|||||||||||||||||2019|ESD 112
2018-19|20402|Klickitat School District|Non Migrant|Migrant|||||||||||||||||2018|ESD 112
2017-18|20402|Klickitat School District|Non Migrant|Migrant|||||||||||||||||2017|ESD 112
2016-17|20402|Klickitat School District|Non Migrant|Migrant|||||||||||||||||2016|ESD 112
2015-16|20402|Klickitat School District|Non Migrant|Migrant|||||||||||||||||2015|ESD 112
2014-15|20402|Klickitat School District|Non Migrant|Migrant||||0.64|||||||||||||2014|ESD 112
2020-21|20402|Klickitat School District|Hispanic/ Latino of any race(s)|Race|||||||||||||||||2020|ESD 112
2018-19|20402|Klickitat School District|Hispanic/ Latino of any race(s)|Race|||||||||||||||||2018|ESD 112
2020-21|20402|Klickitat School District|Two or More Races|Race|||||||||||||||||2020|ESD 112
2017-18|20402|Klickitat School District|Two or More Races|Race|||||||||||||||||2017|ESD 112
2020-21|20402|Klickitat School District|White|Race|||||||||||||||||2020|ESD 112
2019-20|20402|Klickitat School District|White|Race|||||||||||||||||2019|ESD 112
2018-19|20402|Klickitat School District|White|Race|||||||||||||||||2018|ESD 112
2017-18|20402|Klickitat School District|White|Race|||||||||||||||||2017|ESD 112
2016-17|20402|Klickitat School District|White|Race|||||||||||||||||2016|ESD 112
2015-16|20402|Klickitat School District|White|Race|||||||||||||||||2015|ESD 112
2014-15|20402|Klickitat School District|White|Race||||0.64|||||||||||||2014|ESD 112
2020-21|20402|Klickitat School District|Students with Disabilities|sped|||||||||||||||||2020|ESD 112
2018-19|20402|Klickitat School District|Students with Disabilities|sped|||||||||||||||||2018|ESD 112
2016-17|20402|Klickitat School District|Students with Disabilities|sped|||||||||||||||||2016|ESD 112
2015-16|20402|Klickitat School District|Students with Disabilities|sped|||||||||||||||||2015|ESD 112
2014-15|20402|Klickitat School District|Students with Disabilities|sped|||||||||||||||||2014|ESD 112
2020-21|20402|Klickitat School District|Students without Disabilities|sped|||||||||||||||||2020|ESD 112
2019-20|20402|Klickitat School District|Students without Disabilities|sped|||||||||||||||||2019|ESD 112
2018-19|20402|Klickitat School District|Students without Disabilities|sped|||||||||||||||||2018|ESD 112
2017-18|20402|Klickitat School District|Students without Disabilities|sped|||||||||||||||||2017|ESD 112
2016-17|20402|Klickitat School District|Students without Disabilities|sped|||||||||||||||||2016|ESD 112
2015-16|20402|Klickitat School District|Students without Disabilities|sped|||||||||||||||||2015|ESD 112
2014-15|20402|Klickitat School District|Students without Disabilities|sped|||||||||||||||||2014|ESD 112
2020-21|20406|Lyle School District|Non Section 504|504|||||||||||||||||2020|ESD 112
2019-20|20406|Lyle School District|Non Section 504|504|26|24|16|0.666666667|||||||||||||2019|ESD 112
2018-19|20406|Lyle School District|Non Section 504|504||||0.864|||||||||||||2018|ESD 112
2017-18|20406|Lyle School District|Non Section 504|504||||0.76|||||||||||||2017|ESD 112
2016-17|20406|Lyle School District|Non Section 504|504||||0.813|||||||||||||2016|ESD 112
2015-16|20406|Lyle School District|Non Section 504|504||||0.76|||||||||||||2015|ESD 112
2014-15|20406|Lyle School District|Non Section 504|504||||0.75|||||||||||||2014|ESD 112
2020-21|20406|Lyle School District|Section 504|504|||||||||||||||||2020|ESD 112
2019-20|20406|Lyle School District|Section 504|504|||||||||||||||||2019|ESD 112
2018-19|20406|Lyle School District|Section 504|504|||||||||||||||||2018|ESD 112
2017-18|20406|Lyle School District|Section 504|504|||||||||||||||||2017|ESD 112
2016-17|20406|Lyle School District|Section 504|504|||||||||||||||||2016|ESD 112
2015-16|20406|Lyle School District|Section 504|504|||||||||||||||||2015|ESD 112
2020-21|20406|Lyle School District|All Students|All|||||||||||||||||2020|ESD 112
2019-20|20406|Lyle School District|All Students|All||||0.67|||||||||||||2019|ESD 112
2018-19|20406|Lyle School District|All Students|All||||0.87|||||||||||||2018|ESD 112
2017-18|20406|Lyle School District|All Students|All||||0.77|||||||||||||2017|ESD 112
2016-17|20406|Lyle School District|All Students|All||||0.842|||||||||||||2016|ESD 112
2015-16|20406|Lyle School District|All Students|All||||0.78|||||||||||||2015|ESD 112
2014-15|20406|Lyle School District|All Students|All||||0.75|||||||||||||2014|ESD 112
2020-21|20406|Lyle School District|English Language Learners|ELL|||||||||||||||||2020|ESD 112
2018-19|20406|Lyle School District|English Language Learners|ELL|||||||||||||||||2018|ESD 112
2020-21|20406|Lyle School District|Non-English Language Learners|ELL|||||||||||||||||2020|ESD 112
2019-20|20406|Lyle School District|Non-English Language Learners|ELL||||0.67|||||||||||||2019|ESD 112
2018-19|20406|Lyle School District|Non-English Language Learners|ELL||||0.857|||||||||||||2018|ESD 112
2017-18|20406|Lyle School District|Non-English Language Learners|ELL||||0.77|||||||||||||2017|ESD 112
2016-17|20406|Lyle School District|Non-English Language Learners|ELL||||0.842|||||||||||||2016|ESD 112
2015-16|20406|Lyle School District|Non-English Language Learners|ELL||||0.78|||||||||||||2015|ESD 112
2014-15|20406|Lyle School District|Non-English Language Learners|ELL||||0.75|||||||||||||2014|ESD 112
2020-21|20406|Lyle School District|Foster Care|Foster|||||||||||||||||2020|ESD 112
2017-18|20406|Lyle School District|Foster Care|Foster|||||||||||||||||2017|ESD 112
2015-16|20406|Lyle School District|Foster Care|Foster|||||||||||||||||2015|ESD 112
2020-21|20406|Lyle School District|Non-Foster Care|Foster|||||||||||||||||2020|ESD 112
2019-20|20406|Lyle School District|Non-Foster Care|Foster||||0.67|||||||||||||2019|ESD 112
2018-19|20406|Lyle School District|Non-Foster Care|Foster||||0.87|||||||||||||2018|ESD 112
2017-18|20406|Lyle School District|Non-Foster Care|Foster||||0.81|||||||||||||2017|ESD 112
2016-17|20406|Lyle School District|Non-Foster Care|Foster||||0.842|||||||||||||2016|ESD 112
2015-16|20406|Lyle School District|Non-Foster Care|Foster||||0.777777778|||||||||||||2015|ESD 112
2014-15|20406|Lyle School District|Non-Foster Care|Foster||||0.75|||||||||||||2014|ESD 112
2020-21|20406|Lyle School District|Female|Gender|||||||||||||||||2020|ESD 112
2019-20|20406|Lyle School District|Female|Gender|13|13|8|0.615384615|||||||||||||2019|ESD 112
2018-19|20406|Lyle School District|Female|Gender|||||||||||||||||2018|ESD 112
2017-18|20406|Lyle School District|Female|Gender|||||||||||||||||2017|ESD 112
2016-17|20406|Lyle School District|Female|Gender|||||||||||||||||2016|ESD 112
2015-16|20406|Lyle School District|Female|Gender||||0.73|||||||||||||2015|ESD 112
2014-15|20406|Lyle School District|Female|Gender|||||||||||||||||2014|ESD 112
2020-21|20406|Lyle School District|Male|Gender|||||||||||||||||2020|ESD 112
2019-20|20406|Lyle School District|Male|Gender||||0.73|||||||||||||2019|ESD 112
2018-19|20406|Lyle School District|Male|Gender||||0.8|||||||||||||2018|ESD 112
2017-18|20406|Lyle School District|Male|Gender||||0.786|||||||||||||2017|ESD 112
2016-17|20406|Lyle School District|Male|Gender||||0.727|||||||||||||2016|ESD 112
2015-16|20406|Lyle School District|Male|Gender|||||||||||||||||2015|ESD 112
2014-15|20406|Lyle School District|Male|Gender|||||||||||||||||2014|ESD 112
2020-21|20406|Lyle School District|Homeless|Homeless|||||||||||||||||2020|ESD 112
2019-20|20406|Lyle School District|Homeless|Homeless||||0.5|||||||||||||2019|ESD 112
2018-19|20406|Lyle School District|Homeless|Homeless|||||||||||||||||2018|ESD 112
2017-18|20406|Lyle School District|Homeless|Homeless|||||||||||||||||2017|ESD 112
2016-17|20406|Lyle School District|Homeless|Homeless|||||||||||||||||2016|ESD 112
2015-16|20406|Lyle School District|Homeless|Homeless|||||||||||||||||2015|ESD 112
2014-15|20406|Lyle School District|Homeless|Homeless|||||||||||||||||2014|ESD 112
2020-21|20406|Lyle School District|Non-Homeless|Homeless|||||||||||||||||2020|ESD 112
2019-20|20406|Lyle School District|Non-Homeless|Homeless||||0.786|||||||||||||2019|ESD 112
2018-19|20406|Lyle School District|Non-Homeless|Homeless||||0.813|||||||||||||2018|ESD 112
2017-18|20406|Lyle School District|Non-Homeless|Homeless||||0.786|||||||||||||2017|ESD 112
2016-17|20406|Lyle School District|Non-Homeless|Homeless||||0.75|||||||||||||2016|ESD 112
2015-16|20406|Lyle School District|Non-Homeless|Homeless||||0.73|||||||||||||2015|ESD 112
2014-15|20406|Lyle School District|Non-Homeless|Homeless||||0.77|||||||||||||2014|ESD 112
2020-21|20406|Lyle School District|Low-Income|LowIncome|||||||||||||||||2020|ESD 112
2019-20|20406|Lyle School District|Low-Income|LowIncome||||0.63|||||||||||||2019|ESD 112
2018-19|20406|Lyle School District|Low-Income|LowIncome||||0.842|||||||||||||2018|ESD 112
2017-18|20406|Lyle School District|Low-Income|LowIncome||||0.76|||||||||||||2017|ESD 112
2016-17|20406|Lyle School District|Low-Income|LowIncome||||0.824|||||||||||||2016|ESD 112
2015-16|20406|Lyle School District|Low-Income|LowIncome|22|18|14|0.777777778|||||||||||||2015|ESD 112
2014-15|20406|Lyle School District|Low-Income|LowIncome||||0.73|||||||||||||2014|ESD 112
2020-21|20406|Lyle School District|Non-Low Income|LowIncome|||||||||||||||||2020|ESD 112
2019-20|20406|Lyle School District|Non-Low Income|LowIncome|||||||||||||||||2019|ESD 112
2018-19|20406|Lyle School District|Non-Low Income|LowIncome|||||||||||||||||2018|ESD 112
2017-18|20406|Lyle School District|Non-Low Income|LowIncome|||||||||||||||||2017|ESD 112
2016-17|20406|Lyle School District|Non-Low Income|LowIncome|||||||||||||||||2016|ESD 112
2015-16|20406|Lyle School District|Non-Low Income|LowIncome|||||||||||||||||2015|ESD 112
2014-15|20406|Lyle School District|Non-Low Income|LowIncome|||||||||||||||||2014|ESD 112
2020-21|20406|Lyle School District|Migrant|Migrant|||||||||||||||||2020|ESD 112
2019-20|20406|Lyle School District|Migrant|Migrant|||||||||||||||||2019|ESD 112
2018-19|20406|Lyle School District|Migrant|Migrant|||||||||||||||||2018|ESD 112
2017-18|20406|Lyle School District|Migrant|Migrant|||||||||||||||||2017|ESD 112
2016-17|20406|Lyle School District|Migrant|Migrant|||||||||||||||||2016|ESD 112
2015-16|20406|Lyle School District|Migrant|Migrant|||||||||||||||||2015|ESD 112
2020-21|20406|Lyle School District|Non Migrant|Migrant|||||||||||||||||2020|ESD 112
2019-20|20406|Lyle School District|Non Migrant|Migrant||||0.73|||||||||||||2019|ESD 112
2018-19|20406|Lyle School District|Non Migrant|Migrant||||0.864|||||||||||||2018|ESD 112
2017-18|20406|Lyle School District|Non Migrant|Migrant||||0.76|||||||||||||2017|ESD 112
2016-17|20406|Lyle School District|Non Migrant|Migrant||||0.833|||||||||||||2016|ESD 112
2015-16|20406|Lyle School District|Non Migrant|Migrant||||0.76|||||||||||||2015|ESD 112
2014-15|20406|Lyle School District|Non Migrant|Migrant||||0.75|||||||||||||2014|ESD 112
2020-21|20406|Lyle School District|American Indian/ Alaskan Native|Race|||||||||||||||||2020|ESD 112
2019-20|20406|Lyle School District|American Indian/ Alaskan Native|Race|||||||||||||||||2019|ESD 112
2018-19|20406|Lyle School District|American Indian/ Alaskan Native|Race|||||||||||||||||2018|ESD 112
2017-18|20406|Lyle School District|American Indian/ Alaskan Native|Race|||||||||||||||||2017|ESD 112
2016-17|20406|Lyle School District|American Indian/ Alaskan Native|Race|||||||||||||||||2016|ESD 112
2015-16|20406|Lyle School District|American Indian/ Alaskan Native|Race|||||||||||||||||2015|ESD 112
2014-15|20406|Lyle School District|American Indian/ Alaskan Native|Race|||||||||||||||||2014|ESD 112
2019-20|20406|Lyle School District|Black/ African American|Race|||||||||||||||||2019|ESD 112
2018-19|20406|Lyle School District|Black/ African American|Race|||||||||||||||||2018|ESD 112
2017-18|20406|Lyle School District|Black/ African American|Race|||||||||||||||||2017|ESD 112
2014-15|20406|Lyle School District|Black/ African American|Race|||||||||||||||||2014|ESD 112
2020-21|20406|Lyle School District|Hispanic/ Latino of any race(s)|Race|||||||||||||||||2020|ESD 112
2019-20|20406|Lyle School District|Hispanic/ Latino of any race(s)|Race|||||||||||||||||2019|ESD 112
2018-19|20406|Lyle School District|Hispanic/ Latino of any race(s)|Race|||||||||||||||||2018|ESD 112
2017-18|20406|Lyle School District|Hispanic/ Latino of any race(s)|Race|||||||||||||||||2017|ESD 112
2016-17|20406|Lyle School District|Hispanic/ Latino of any race(s)|Race|||||||||||||||||2016|ESD 112
2015-16|20406|Lyle School District|Hispanic/ Latino of any race(s)|Race|||||||||||||||||2015|ESD 112
2014-15|20406|Lyle School District|Hispanic/ Latino of any race(s)|Race|||||||||||||||||2014|ESD 112
2020-21|20406|Lyle School District|Two or More Races|Race|||||||||||||||||2020|ESD 112
2019-20|20406|Lyle School District|Two or More Races|Race|||||||||||||||||2019|ESD 112
2018-19|20406|Lyle School District|Two or More Races|Race|||||||||||||||||2018|ESD 112
2017-18|20406|Lyle School District|Two or More Races|Race|||||||||||||||||2017|ESD 112
2015-16|20406|Lyle School District|Two or More Races|Race|||||||||||||||||2015|ESD 112
2014-15|20406|Lyle School District|Two or More Races|Race|||||||||||||||||2014|ESD 112
2020-21|20406|Lyle School District|White|Race|||||||||||||||||2020|ESD 112
2019-20|20406|Lyle School District|White|Race||||0.8|||||||||||||2019|ESD 112
2018-19|20406|Lyle School District|White|Race||||0.769|||||||||||||2018|ESD 112
2017-18|20406|Lyle School District|White|Race||||0.8|||||||||||||2017|ESD 112
2016-17|20406|Lyle School District|White|Race||||0.769|||||||||||||2016|ESD 112
2015-16|20406|Lyle School District|White|Race||||0.77|||||||||||||2015|ESD 112
2014-15|20406|Lyle School District|White|Race||||0.77|||||||||||||2014|ESD 112
2020-21|20406|Lyle School District|Students with Disabilities|sped|||||||||||||||||2020|ESD 112
2019-20|20406|Lyle School District|Students with Disabilities|sped|||||||||||||||||2019|ESD 112
2018-19|20406|Lyle School District|Students with Disabilities|sped|||||||||||||||||2018|ESD 112
2017-18|20406|Lyle School District|Students with Disabilities|sped|||||||||||||||||2017|ESD 112
2016-17|20406|Lyle School District|Students with Disabilities|sped|||||||||||||||||2016|ESD 112
2015-16|20406|Lyle School District|Students with Disabilities|sped|||||||||||||||||2015|ESD 112
2014-15|20406|Lyle School District|Students with Disabilities|sped|||||||||||||||||2014|ESD 112
2020-21|20406|Lyle School District|Students without Disabilities|sped|||||||||||||||||2020|ESD 112
2019-20|20406|Lyle School District|Students without Disabilities|sped||||0.71|||||||||||||2019|ESD 112
2018-19|20406|Lyle School District|Students without Disabilities|sped||||0.85|||||||||||||2018|ESD 112
2017-18|20406|Lyle School District|Students without Disabilities|sped||||0.824|||||||||||||2017|ESD 112
2016-17|20406|Lyle School District|Students without Disabilities|sped||||0.813|||||||||||||2016|ESD 112
2015-16|20406|Lyle School District|Students without Disabilities|sped|||||||||||||||||2015|ESD 112
2014-15|20406|Lyle School District|Students without Disabilities|sped||||0.69|||||||||||||2014|ESD 112
2020-21|25155|Naselle-Grays River Valley School District|Non Section 504|504||||0.88|||||||||||||2020|ESD 112
2019-20|25155|Naselle-Grays River Valley School District|Non Section 504|504||||0.875|||||||||||||2019|ESD 112
2018-19|25155|Naselle-Grays River Valley School District|Non Section 504|504||||0.813|||||||||||||2018|ESD 112
2017-18|25155|Naselle-Grays River Valley School District|Non Section 504|504||||0.87|||||||||||||2017|ESD 112
2016-17|25155|Naselle-Grays River Valley School District|Non Section 504|504||||0.87|||||||||||||2016|ESD 112
2015-16|25155|Naselle-Grays River Valley School District|Non Section 504|504||||0.833|||||||||||||2015|ESD 112
2014-15|25155|Naselle-Grays River Valley School District|Non Section 504|504||||0.875|||||||||||||2014|ESD 112
2020-21|25155|Naselle-Grays River Valley School District|Section 504|504|||||||||||||||||2020|ESD 112
2018-19|25155|Naselle-Grays River Valley School District|Section 504|504|||||||||||||||||2018|ESD 112
2017-18|25155|Naselle-Grays River Valley School District|Section 504|504|||||||||||||||||2017|ESD 112
2016-17|25155|Naselle-Grays River Valley School District|Section 504|504|||||||||||||||||2016|ESD 112
2015-16|25155|Naselle-Grays River Valley School District|Section 504|504|||||||||||||||||2015|ESD 112
2020-21|25155|Naselle-Grays River Valley School District|All Students|All||||0.885|||||||||||||2020|ESD 112
2019-20|25155|Naselle-Grays River Valley School District|All Students|All||||0.875|||||||||||||2019|ESD 112
2018-19|25155|Naselle-Grays River Valley School District|All Students|All||||0.833|||||||||||||2018|ESD 112
2017-18|25155|Naselle-Grays River Valley School District|All Students|All||||0.88|||||||||||||2017|ESD 112
2016-17|25155|Naselle-Grays River Valley School District|All Students|All||||0.875|||||||||||||2016|ESD 112
2015-16|25155|Naselle-Grays River Valley School District|All Students|All||||0.842|||||||||||||2015|ESD 112
2014-15|25155|Naselle-Grays River Valley School District|All Students|All||||0.875|||||||||||||2014|ESD 112
2020-21|25155|Naselle-Grays River Valley School District|English Language Learners|ELL|||||||||||||||||2020|ESD 112
2019-20|25155|Naselle-Grays River Valley School District|English Language Learners|ELL|||||||||||||||||2019|ESD 112
2018-19|25155|Naselle-Grays River Valley School District|English Language Learners|ELL|||||||||||||||||2018|ESD 112
2014-15|25155|Naselle-Grays River Valley School District|English Language Learners|ELL|||||||||||||||||2014|ESD 112
2020-21|25155|Naselle-Grays River Valley School District|Non-English Language Learners|ELL||||0.88|||||||||||||2020|ESD 112
2019-20|25155|Naselle-Grays River Valley School District|Non-English Language Learners|ELL||||0.857|||||||||||||2019|ESD 112
2018-19|25155|Naselle-Grays River Valley School District|Non-English Language Learners|ELL||||0.824|||||||||||||2018|ESD 112
2017-18|25155|Naselle-Grays River Valley School District|Non-English Language Learners|ELL||||0.88|||||||||||||2017|ESD 112
2016-17|25155|Naselle-Grays River Valley School District|Non-English Language Learners|ELL||||0.875|||||||||||||2016|ESD 112
2015-16|25155|Naselle-Grays River Valley School District|Non-English Language Learners|ELL||||0.842|||||||||||||2015|ESD 112
2014-15|25155|Naselle-Grays River Valley School District|Non-English Language Learners|ELL||||0.87|||||||||||||2014|ESD 112
2019-20|25155|Naselle-Grays River Valley School District|Foster Care|Foster|||||||||||||||||2019|ESD 112
2020-21|25155|Naselle-Grays River Valley School District|Non-Foster Care|Foster||||0.885|||||||||||||2020|ESD 112
2019-20|25155|Naselle-Grays River Valley School District|Non-Foster Care|Foster|||||||||||||||||2019|ESD 112
2018-19|25155|Naselle-Grays River Valley School District|Non-Foster Care|Foster||||0.833|||||||||||||2018|ESD 112
2017-18|25155|Naselle-Grays River Valley School District|Non-Foster Care|Foster||||0.88|||||||||||||2017|ESD 112
2016-17|25155|Naselle-Grays River Valley School District|Non-Foster Care|Foster||||0.875|||||||||||||2016|ESD 112
2015-16|25155|Naselle-Grays River Valley School District|Non-Foster Care|Foster||||0.842|||||||||||||2015|ESD 112
2014-15|25155|Naselle-Grays River Valley School District|Non-Foster Care|Foster||||0.875|||||||||||||2014|ESD 112
2020-21|25155|Naselle-Grays River Valley School District|Female|Gender||||0.7|||||||||||||2020|ESD 112
2019-20|25155|Naselle-Grays River Valley School District|Female|Gender||||0.727|||||||||||||2019|ESD 112
2018-19|25155|Naselle-Grays River Valley School District|Female|Gender|||||||||||||||||2018|ESD 112
2017-18|25155|Naselle-Grays River Valley School District|Female|Gender||||0.824|||||||||||||2017|ESD 112
2016-17|25155|Naselle-Grays River Valley School District|Female|Gender||||0.727|||||||||||||2016|ESD 112
2015-16|25155|Naselle-Grays River Valley School District|Female|Gender|||||||||||||||||2015|ESD 112
2014-15|25155|Naselle-Grays River Valley School District|Female|Gender||||0.769|||||||||||||2014|ESD 112
2020-21|25155|Naselle-Grays River Valley School District|Male|Gender||||0.813|||||||||||||2020|ESD 112
2019-20|25155|Naselle-Grays River Valley School District|Male|Gender||||0.769|||||||||||||2019|ESD 112
2018-19|25155|Naselle-Grays River Valley School District|Male|Gender|||||||||||||||||2018|ESD 112
2017-18|25155|Naselle-Grays River Valley School District|Male|Gender|||||||||||||||||2017|ESD 112
2016-17|25155|Naselle-Grays River Valley School District|Male|Gender||||0.769|||||||||||||2016|ESD 112
2015-16|25155|Naselle-Grays River Valley School District|Male|Gender||||0.727|||||||||||||2015|ESD 112
2014-15|25155|Naselle-Grays River Valley School District|Male|Gender||||0.727|||||||||||||2014|ESD 112
2020-21|25155|Naselle-Grays River Valley School District|Homeless|Homeless|||||||||||||||||2020|ESD 112
2019-20|25155|Naselle-Grays River Valley School District|Homeless|Homeless|||||||||||||||||2019|ESD 112
2018-19|25155|Naselle-Grays River Valley School District|Homeless|Homeless|||||||||||||||||2018|ESD 112
2017-18|25155|Naselle-Grays River Valley School District|Homeless|Homeless|||||||||||||||||2017|ESD 112
2016-17|25155|Naselle-Grays River Valley School District|Homeless|Homeless|||||||||||||||||2016|ESD 112
2015-16|25155|Naselle-Grays River Valley School District|Homeless|Homeless|||||||||||||||||2015|ESD 112
2014-15|25155|Naselle-Grays River Valley School District|Homeless|Homeless|||||||||||||||||2014|ESD 112
2020-21|25155|Naselle-Grays River Valley School District|Non-Homeless|Homeless||||0.875|||||||||||||2020|ESD 112
2019-20|25155|Naselle-Grays River Valley School District|Non-Homeless|Homeless||||0.864|||||||||||||2019|ESD 112
2018-19|25155|Naselle-Grays River Valley School District|Non-Homeless|Homeless||||0.824|||||||||||||2018|ESD 112
2017-18|25155|Naselle-Grays River Valley School District|Non-Homeless|Homeless||||0.87|||||||||||||2017|ESD 112
2016-17|25155|Naselle-Grays River Valley School District|Non-Homeless|Homeless||||0.864|||||||||||||2016|ESD 112
2015-16|25155|Naselle-Grays River Valley School District|Non-Homeless|Homeless||||0.842|||||||||||||2015|ESD 112
2014-15|25155|Naselle-Grays River Valley School District|Non-Homeless|Homeless||||0.857|||||||||||||2014|ESD 112
2020-21|25155|Naselle-Grays River Valley School District|Low-Income|LowIncome||||0.833|||||||||||||2020|ESD 112
2019-20|25155|Naselle-Grays River Valley School District|Low-Income|LowIncome||||0.813|||||||||||||2019|ESD 112
2018-19|25155|Naselle-Grays River Valley School District|Low-Income|LowIncome||||0.727|||||||||||||2018|ESD 112
2017-18|25155|Naselle-Grays River Valley School District|Low-Income|LowIncome||||0.833|||||||||||||2017|ESD 112
2016-17|25155|Naselle-Grays River Valley School District|Low-Income|LowIncome||||0.833|||||||||||||2016|ESD 112
2015-16|25155|Naselle-Grays River Valley School District|Low-Income|LowIncome|||||||||||||||||2015|ESD 112
2014-15|25155|Naselle-Grays River Valley School District|Low-Income|LowIncome||||0.813|||||||||||||2014|ESD 112
2020-21|25155|Naselle-Grays River Valley School District|Non-Low Income|LowIncome|||||||||||||||||2020|ESD 112
2019-20|25155|Naselle-Grays River Valley School District|Non-Low Income|LowIncome|||||||||||||||||2019|ESD 112
2018-19|25155|Naselle-Grays River Valley School District|Non-Low Income|LowIncome|||||||||||||||||2018|ESD 112
2017-18|25155|Naselle-Grays River Valley School District|Non-Low Income|LowIncome|||||||||||||||||2017|ESD 112
2016-17|25155|Naselle-Grays River Valley School District|Non-Low Income|LowIncome|||||||||||||||||2016|ESD 112
2015-16|25155|Naselle-Grays River Valley School District|Non-Low Income|LowIncome||||0.727|||||||||||||2015|ESD 112
2014-15|25155|Naselle-Grays River Valley School District|Non-Low Income|LowIncome|||||||||||||||||2014|ESD 112
2020-21|25155|Naselle-Grays River Valley School District|Migrant|Migrant|||||||||||||||||2020|ESD 112
2019-20|25155|Naselle-Grays River Valley School District|Migrant|Migrant|||||||||||||||||2019|ESD 112
2018-19|25155|Naselle-Grays River Valley School District|Migrant|Migrant|||||||||||||||||2018|ESD 112
2017-18|25155|Naselle-Grays River Valley School District|Migrant|Migrant|||||||||||||||||2017|ESD 112
2016-17|25155|Naselle-Grays River Valley School District|Migrant|Migrant|||||||||||||||||2016|ESD 112
2015-16|25155|Naselle-Grays River Valley School District|Migrant|Migrant|||||||||||||||||2015|ESD 112
2014-15|25155|Naselle-Grays River Valley School District|Migrant|Migrant|||||||||||||||||2014|ESD 112
2020-21|25155|Naselle-Grays River Valley School District|Non Migrant|Migrant||||0.875|||||||||||||2020|ESD 112
2019-20|25155|Naselle-Grays River Valley School District|Non Migrant|Migrant||||0.85|||||||||||||2019|ESD 112
2018-19|25155|Naselle-Grays River Valley School District|Non Migrant|Migrant||||0.824|||||||||||||2018|ESD 112
2017-18|25155|Naselle-Grays River Valley School District|Non Migrant|Migrant||||0.87|||||||||||||2017|ESD 112
2016-17|25155|Naselle-Grays River Valley School District|Non Migrant|Migrant||||0.857|||||||||||||2016|ESD 112
2015-16|25155|Naselle-Grays River Valley School District|Non Migrant|Migrant||||0.786|||||||||||||2015|ESD 112
2014-15|25155|Naselle-Grays River Valley School District|Non Migrant|Migrant||||0.85|||||||||||||2014|ESD 112
2018-19|25155|Naselle-Grays River Valley School District|American Indian/ Alaskan Native|Race|||||||||||||||||2018|ESD 112
2019-20|25155|Naselle-Grays River Valley School District|Asian|Race|||||||||||||||||2019|ESD 112
2014-15|25155|Naselle-Grays River Valley School District|Black/ African American|Race|||||||||||||||||2014|ESD 112
2020-21|25155|Naselle-Grays River Valley School District|Hispanic/ Latino of any race(s)|Race|||||||||||||||||2020|ESD 112
2019-20|25155|Naselle-Grays River Valley School District|Hispanic/ Latino of any race(s)|Race|||||||||||||||||2019|ESD 112
2018-19|25155|Naselle-Grays River Valley School District|Hispanic/ Latino of any race(s)|Race|||||||||||||||||2018|ESD 112
2017-18|25155|Naselle-Grays River Valley School District|Hispanic/ Latino of any race(s)|Race|||||||||||||||||2017|ESD 112
2016-17|25155|Naselle-Grays River Valley School District|Hispanic/ Latino of any race(s)|Race|||||||||||||||||2016|ESD 112
2015-16|25155|Naselle-Grays River Valley School District|Hispanic/ Latino of any race(s)|Race|||||||||||||||||2015|ESD 112
2014-15|25155|Naselle-Grays River Valley School District|Hispanic/ Latino of any race(s)|Race|||||||||||||||||2014|ESD 112
2020-21|25155|Naselle-Grays River Valley School District|Native Hawaiian/ Other Pacific Islander|Race|||||||||||||||||2020|ESD 112
2017-18|25155|Naselle-Grays River Valley School District|Native Hawaiian/ Other Pacific Islander|Race|||||||||||||||||2017|ESD 112
2014-15|25155|Naselle-Grays River Valley School District|Native Hawaiian/ Other Pacific Islander|Race|||||||||||||||||2014|ESD 112
2020-21|25155|Naselle-Grays River Valley School District|Two or More Races|Race|||||||||||||||||2020|ESD 112
2018-19|25155|Naselle-Grays River Valley School District|Two or More Races|Race|||||||||||||||||2018|ESD 112
2017-18|25155|Naselle-Grays River Valley School District|Two or More Races|Race|||||||||||||||||2017|ESD 112
2016-17|25155|Naselle-Grays River Valley School District|Two or More Races|Race|||||||||||||||||2016|ESD 112
2014-15|25155|Naselle-Grays River Valley School District|Two or More Races|Race|||||||||||||||||2014|ESD 112
2020-21|25155|Naselle-Grays River Valley School District|White|Race||||0.857|||||||||||||2020|ESD 112
2019-20|25155|Naselle-Grays River Valley School District|White|Race||||0.842|||||||||||||2019|ESD 112
2018-19|25155|Naselle-Grays River Valley School District|White|Race||||0.8|||||||||||||2018|ESD 112
2017-18|25155|Naselle-Grays River Valley School District|White|Race||||0.857|||||||||||||2017|ESD 112
2016-17|25155|Naselle-Grays River Valley School District|White|Race||||0.87|||||||||||||2016|ESD 112
2015-16|25155|Naselle-Grays River Valley School District|White|Race||||0.769|||||||||||||2015|ESD 112
2014-15|25155|Naselle-Grays River Valley School District|White|Race||||0.824|||||||||||||2014|ESD 112
2020-21|25155|Naselle-Grays River Valley School District|Students with Disabilities|sped|||||||||||||||||2020|ESD 112
2019-20|25155|Naselle-Grays River Valley School District|Students with Disabilities|sped|||||||||||||||||2019|ESD 112
2018-19|25155|Naselle-Grays River Valley School District|Students with Disabilities|sped|||||||||||||||||2018|ESD 112
2017-18|25155|Naselle-Grays River Valley School District|Students with Disabilities|sped|||||||||||||||||2017|ESD 112
2016-17|25155|Naselle-Grays River Valley School District|Students with Disabilities|sped|||||||||||||||||2016|ESD 112
2015-16|25155|Naselle-Grays River Valley School District|Students with Disabilities|sped|||||||||||||||||2015|ESD 112
2014-15|25155|Naselle-Grays River Valley School District|Students with Disabilities|sped|||||||||||||||||2014|ESD 112
2020-21|25155|Naselle-Grays River Valley School District|Students without Disabilities|sped||||0.864|||||||||||||2020|ESD 112
2019-20|25155|Naselle-Grays River Valley School District|Students without Disabilities|sped||||0.85|||||||||||||2019|ESD 112
2018-19|25155|Naselle-Grays River Valley School District|Students without Disabilities|sped||||0.769|||||||||||||2018|ESD 112
2017-18|25155|Naselle-Grays River Valley School District|Students without Disabilities|sped||||0.85|||||||||||||2017|ESD 112
2016-17|25155|Naselle-Grays River Valley School District|Students without Disabilities|sped||||0.842|||||||||||||2016|ESD 112
2015-16|25155|Naselle-Grays River Valley School District|Students without Disabilities|sped||||0.824|||||||||||||2015|ESD 112
2014-15|25155|Naselle-Grays River Valley School District|Students without Disabilities|sped||||0.857|||||||||||||2014|ESD 112
2020-21|18400|North Kitsap School District|Non Section 504|504||||0.917|||||||||||||2020|PREP - Tier 2
2019-20|18400|North Kitsap School District|Non Section 504|504||||0.956|||||||||||||2019|PREP - Tier 2
2018-19|18400|North Kitsap School District|Non Section 504|504||||0.925|||||||||||||2018|PREP - Tier 2
2017-18|18400|North Kitsap School District|Non Section 504|504||||0.923|||||||||||||2017|PREP - Tier 2
2016-17|18400|North Kitsap School District|Non Section 504|504||||0.902|||||||||||||2016|PREP - Tier 2
2015-16|18400|North Kitsap School District|Non Section 504|504||||0.901|||||||||||||2015|PREP - Tier 2
2014-15|18400|North Kitsap School District|Non Section 504|504||||0.872|||||||||||||2014|PREP - Tier 2
2020-21|18400|North Kitsap School District|Section 504|504||||0.88|||||||||||||2020|PREP - Tier 2
2019-20|18400|North Kitsap School District|Section 504|504||||0.885|||||||||||||2019|PREP - Tier 2
2018-19|18400|North Kitsap School District|Section 504|504||||0.75|||||||||||||2018|PREP - Tier 2
2017-18|18400|North Kitsap School District|Section 504|504||||0.76|||||||||||||2017|PREP - Tier 2
2016-17|18400|North Kitsap School District|Section 504|504||||0.79|||||||||||||2016|PREP - Tier 2
2015-16|18400|North Kitsap School District|Section 504|504||||0.769|||||||||||||2015|PREP - Tier 2
2014-15|18400|North Kitsap School District|Section 504|504||||0.56|||||||||||||2014|PREP - Tier 2
2020-21|18400|North Kitsap School District|All Students|All|435|431|394|0.914153132|||||||||||||2020|PREP - Tier 2
2019-20|18400|North Kitsap School District|All Students|All|511|502|478|0.952191235|||||||||||||2019|PREP - Tier 2
2018-19|18400|North Kitsap School District|All Students|All|444|442|406|0.918552036|||||||||||||2018|PREP - Tier 2
2017-18|18400|North Kitsap School District|All Students|All|466|467|427|0.914346895|||||||||||||2017|PREP - Tier 2
2016-17|18400|North Kitsap School District|All Students|All|469|468|420|0.897435897|||||||||||||2016|PREP - Tier 2
2015-16|18400|North Kitsap School District|All Students|All|484|480|432|0.9|||||||||||||2015|PREP - Tier 2
2014-15|18400|North Kitsap School District|All Students|All|491|492|424|0.861788618|||||||||||||2014|PREP - Tier 2
2020-21|18400|North Kitsap School District|English Language Learners|ELL||||0.7|||||||||||||2020|PREP - Tier 2
2019-20|18400|North Kitsap School District|English Language Learners|ELL|||||||||||||||||2019|PREP - Tier 2
2018-19|18400|North Kitsap School District|English Language Learners|ELL||||0.7|||||||||||||2018|PREP - Tier 2
2017-18|18400|North Kitsap School District|English Language Learners|ELL|||||||||||||||||2017|PREP - Tier 2
2016-17|18400|North Kitsap School District|English Language Learners|ELL|||||||||||||||||2016|PREP - Tier 2
2015-16|18400|North Kitsap School District|English Language Learners|ELL|||||||||||||||||2015|PREP - Tier 2
2014-15|18400|North Kitsap School District|English Language Learners|ELL|||||||||||||||||2014|PREP - Tier 2
2020-21|18400|North Kitsap School District|Non-English Language Learners|ELL||||0.914|||||||||||||2020|PREP - Tier 2
2019-20|18400|North Kitsap School District|Non-English Language Learners|ELL||||0.956|||||||||||||2019|PREP - Tier 2
2018-19|18400|North Kitsap School District|Non-English Language Learners|ELL||||0.919|||||||||||||2018|PREP - Tier 2
2017-18|18400|North Kitsap School District|Non-English Language Learners|ELL||||0.915|||||||||||||2017|PREP - Tier 2
2016-17|18400|North Kitsap School District|Non-English Language Learners|ELL||||0.899|||||||||||||2016|PREP - Tier 2
2015-16|18400|North Kitsap School District|Non-English Language Learners|ELL||||0.898|||||||||||||2015|PREP - Tier 2
2014-15|18400|North Kitsap School District|Non-English Language Learners|ELL||||0.866|||||||||||||2014|PREP - Tier 2
2020-21|18400|North Kitsap School District|Foster Care|Foster|||||||||||||||||2020|PREP - Tier 2
2018-19|18400|North Kitsap School District|Foster Care|Foster|||||||||||||||||2018|PREP - Tier 2
2017-18|18400|North Kitsap School District|Foster Care|Foster|||||||||||||||||2017|PREP - Tier 2
2016-17|18400|North Kitsap School District|Foster Care|Foster|||||||||||||||||2016|PREP - Tier 2
2015-16|18400|North Kitsap School District|Foster Care|Foster|||||||||||||||||2015|PREP - Tier 2
2014-15|18400|North Kitsap School District|Foster Care|Foster|||||||||||||||||2014|PREP - Tier 2
2020-21|18400|North Kitsap School District|Non-Foster Care|Foster||||0.916|||||||||||||2020|PREP - Tier 2
2019-20|18400|North Kitsap School District|Non-Foster Care|Foster|511|502|478|0.952191235|||||||||||||2019|PREP - Tier 2
2018-19|18400|North Kitsap School District|Non-Foster Care|Foster||||0.921|||||||||||||2018|PREP - Tier 2
2017-18|18400|North Kitsap School District|Non-Foster Care|Foster||||0.914|||||||||||||2017|PREP - Tier 2
2016-17|18400|North Kitsap School District|Non-Foster Care|Foster||||0.897|||||||||||||2016|PREP - Tier 2
2015-16|18400|North Kitsap School District|Non-Foster Care|Foster||||0.9|||||||||||||2015|PREP - Tier 2
2014-15|18400|North Kitsap School District|Non-Foster Care|Foster||||0.865|||||||||||||2014|PREP - Tier 2
2020-21|18400|North Kitsap School District|Female|Gender||||0.931|||||||||||||2020|PREP - Tier 2
2019-20|18400|North Kitsap School District|Female|Gender||||0.965|||||||||||||2019|PREP - Tier 2
2018-19|18400|North Kitsap School District|Female|Gender|216|213|200|0.938967136|||||||||||||2018|PREP - Tier 2
2017-18|18400|North Kitsap School District|Female|Gender||||0.934|||||||||||||2017|PREP - Tier 2
2016-17|18400|North Kitsap School District|Female|Gender|225|229|214|0.934497817|||||||||||||2016|PREP - Tier 2
2015-16|18400|North Kitsap School District|Female|Gender||||0.915|||||||||||||2015|PREP - Tier 2
2014-15|18400|North Kitsap School District|Female|Gender||||0.883|||||||||||||2014|PREP - Tier 2
2020-21|18400|North Kitsap School District|Male|Gender|203|199|178|0.894472362|||||||||||||2020|PREP - Tier 2
2019-20|18400|North Kitsap School District|Male|Gender||||0.939|||||||||||||2019|PREP - Tier 2
2018-19|18400|North Kitsap School District|Male|Gender|228|229|206|0.899563319|||||||||||||2018|PREP - Tier 2
2017-18|18400|North Kitsap School District|Male|Gender||||0.895|||||||||||||2017|PREP - Tier 2
2016-17|18400|North Kitsap School District|Male|Gender|244|239|206|0.861924686|||||||||||||2016|PREP - Tier 2
2015-16|18400|North Kitsap School District|Male|Gender||||0.886|||||||||||||2015|PREP - Tier 2
2014-15|18400|North Kitsap School District|Male|Gender||||0.842|||||||||||||2014|PREP - Tier 2
2020-21|18400|North Kitsap School District|Homeless|Homeless||||0.6|||||||||||||2020|PREP - Tier 2
2019-20|18400|North Kitsap School District|Homeless|Homeless||||0.85|||||||||||||2019|PREP - Tier 2
2018-19|18400|North Kitsap School District|Homeless|Homeless||||0.69|||||||||||||2018|PREP - Tier 2
2017-18|18400|North Kitsap School District|Homeless|Homeless||||0.83|||||||||||||2017|PREP - Tier 2
2016-17|18400|North Kitsap School District|Homeless|Homeless||||0.4|||||||||||||2016|PREP - Tier 2
2015-16|18400|North Kitsap School District|Homeless|Homeless||||0.73|||||||||||||2015|PREP - Tier 2
2014-15|18400|North Kitsap School District|Homeless|Homeless|9|15|5|0.333333333|||||||||||||2014|PREP - Tier 2
2020-21|18400|North Kitsap School District|Non-Homeless|Homeless||||0.929|||||||||||||2020|PREP - Tier 2
2019-20|18400|North Kitsap School District|Non-Homeless|Homeless||||0.956|||||||||||||2019|PREP - Tier 2
2018-19|18400|North Kitsap School District|Non-Homeless|Homeless||||0.925|||||||||||||2018|PREP - Tier 2
2017-18|18400|North Kitsap School District|Non-Homeless|Homeless||||0.919|||||||||||||2017|PREP - Tier 2
2016-17|18400|North Kitsap School District|Non-Homeless|Homeless||||0.908|||||||||||||2016|PREP - Tier 2
2015-16|18400|North Kitsap School District|Non-Homeless|Homeless||||0.905|||||||||||||2015|PREP - Tier 2
2014-15|18400|North Kitsap School District|Non-Homeless|Homeless|482|477|419|0.878406709|||||||||||||2014|PREP - Tier 2
2020-21|18400|North Kitsap School District|Low-Income|LowIncome||||0.838|||||||||||||2020|PREP - Tier 2
2019-20|18400|North Kitsap School District|Low-Income|LowIncome|172|165|146|0.884848485|||||||||||||2019|PREP - Tier 2
2018-19|18400|North Kitsap School District|Low-Income|LowIncome||||0.869|||||||||||||2018|PREP - Tier 2
2017-18|18400|North Kitsap School District|Low-Income|LowIncome|192|193|163|0.844559585|||||||||||||2017|PREP - Tier 2
2016-17|18400|North Kitsap School District|Low-Income|LowIncome||||0.8|||||||||||||2016|PREP - Tier 2
2015-16|18400|North Kitsap School District|Low-Income|LowIncome||||0.819|||||||||||||2015|PREP - Tier 2
2014-15|18400|North Kitsap School District|Low-Income|LowIncome|194|198|150|0.757575758|||||||||||||2014|PREP - Tier 2
2020-21|18400|North Kitsap School District|Non-Low Income|LowIncome|283|283|270|0.954063604|||||||||||||2020|PREP - Tier 2
2019-20|18400|North Kitsap School District|Non-Low Income|LowIncome||||0.985|||||||||||||2019|PREP - Tier 2
2018-19|18400|North Kitsap School District|Non-Low Income|LowIncome||||0.943|||||||||||||2018|PREP - Tier 2
2017-18|18400|North Kitsap School District|Non-Low Income|LowIncome||||0.964|||||||||||||2017|PREP - Tier 2
2016-17|18400|North Kitsap School District|Non-Low Income|LowIncome||||0.95|||||||||||||2016|PREP - Tier 2
2015-16|18400|North Kitsap School District|Non-Low Income|LowIncome|306|309|292|0.944983819|||||||||||||2015|PREP - Tier 2
2014-15|18400|North Kitsap School District|Non-Low Income|LowIncome|297|294|274|0.931972789|||||||||||||2014|PREP - Tier 2
2020-21|18400|North Kitsap School District|Migrant|Migrant|||||||||||||||||2020|PREP - Tier 2
2019-20|18400|North Kitsap School District|Migrant|Migrant||||0.813|||||||||||||2019|PREP - Tier 2
2018-19|18400|North Kitsap School District|Migrant|Migrant|||||||||||||||||2018|PREP - Tier 2
2017-18|18400|North Kitsap School District|Migrant|Migrant|||||||||||||||||2017|PREP - Tier 2
2016-17|18400|North Kitsap School District|Migrant|Migrant||||0.7|||||||||||||2016|PREP - Tier 2
2015-16|18400|North Kitsap School District|Migrant|Migrant||||0.727|||||||||||||2015|PREP - Tier 2
2014-15|18400|North Kitsap School District|Migrant|Migrant|||||||||||||||||2014|PREP - Tier 2
2020-21|18400|North Kitsap School District|Non Migrant|Migrant||||0.92|||||||||||||2020|PREP - Tier 2
2019-20|18400|North Kitsap School District|Non Migrant|Migrant||||0.953|||||||||||||2019|PREP - Tier 2
2018-19|18400|North Kitsap School District|Non Migrant|Migrant||||0.918|||||||||||||2018|PREP - Tier 2
2017-18|18400|North Kitsap School District|Non Migrant|Migrant||||0.915|||||||||||||2017|PREP - Tier 2
2016-17|18400|North Kitsap School District|Non Migrant|Migrant||||0.902|||||||||||||2016|PREP - Tier 2
2015-16|18400|North Kitsap School District|Non Migrant|Migrant||||0.9|||||||||||||2015|PREP - Tier 2
2014-15|18400|North Kitsap School District|Non Migrant|Migrant||||0.865|||||||||||||2014|PREP - Tier 2
2020-21|18400|North Kitsap School District|American Indian/ Alaskan Native|Race||||0.85|||||||||||||2020|PREP - Tier 2
2019-20|18400|North Kitsap School District|American Indian/ Alaskan Native|Race||||0.824|||||||||||||2019|PREP - Tier 2
2018-19|18400|North Kitsap School District|American Indian/ Alaskan Native|Race||||0.8|||||||||||||2018|PREP - Tier 2
2017-18|18400|North Kitsap School District|American Indian/ Alaskan Native|Race||||0.833|||||||||||||2017|PREP - Tier 2
2016-17|18400|North Kitsap School District|American Indian/ Alaskan Native|Race||||0.833|||||||||||||2016|PREP - Tier 2
2015-16|18400|North Kitsap School District|American Indian/ Alaskan Native|Race||||0.54|||||||||||||2015|PREP - Tier 2
2014-15|18400|North Kitsap School District|American Indian/ Alaskan Native|Race|15|17|11|0.647058824|||||||||||||2014|PREP - Tier 2
2020-21|18400|North Kitsap School District|Asian|Race||||0.786|||||||||||||2020|PREP - Tier 2
2019-20|18400|North Kitsap School District|Asian|Race||||0.769|||||||||||||2019|PREP - Tier 2
2018-19|18400|North Kitsap School District|Asian|Race||||0.769|||||||||||||2018|PREP - Tier 2
2017-18|18400|North Kitsap School District|Asian|Race||||0.842|||||||||||||2017|PREP - Tier 2
2016-17|18400|North Kitsap School District|Asian|Race|||||||||||||||||2016|PREP - Tier 2
2015-16|18400|North Kitsap School District|Asian|Race||||0.857|||||||||||||2015|PREP - Tier 2
2014-15|18400|North Kitsap School District|Asian|Race||||0.769|||||||||||||2014|PREP - Tier 2
2020-21|18400|North Kitsap School District|Black/ African American|Race|||||||||||||||||2020|PREP - Tier 2
2019-20|18400|North Kitsap School District|Black/ African American|Race|||||||||||||||||2019|PREP - Tier 2
2018-19|18400|North Kitsap School District|Black/ African American|Race|||||||||||||||||2018|PREP - Tier 2
2017-18|18400|North Kitsap School District|Black/ African American|Race|||||||||||||||||2017|PREP - Tier 2
2016-17|18400|North Kitsap School District|Black/ African American|Race|||||||||||||||||2016|PREP - Tier 2
2015-16|18400|North Kitsap School District|Black/ African American|Race|||||||||||||||||2015|PREP - Tier 2
2014-15|18400|North Kitsap School District|Black/ African American|Race|||||||||||||||||2014|PREP - Tier 2
2020-21|18400|North Kitsap School District|Hispanic/ Latino of any race(s)|Race|41|45|41|0.911111111|||||||||||||2020|PREP - Tier 2
2019-20|18400|North Kitsap School District|Hispanic/ Latino of any race(s)|Race|56|53|48|0.905660377|||||||||||||2019|PREP - Tier 2
2018-19|18400|North Kitsap School District|Hispanic/ Latino of any race(s)|Race|49|47|43|0.914893617|||||||||||||2018|PREP - Tier 2
2017-18|18400|North Kitsap School District|Hispanic/ Latino of any race(s)|Race|56|55|50|0.909090909|||||||||||||2017|PREP - Tier 2
2016-17|18400|North Kitsap School District|Hispanic/ Latino of any race(s)|Race|47|53|49|0.924528302|||||||||||||2016|PREP - Tier 2
2015-16|18400|North Kitsap School District|Hispanic/ Latino of any race(s)|Race|47|51|44|0.862745098|||||||||||||2015|PREP - Tier 2
2014-15|18400|North Kitsap School District|Hispanic/ Latino of any race(s)|Race|40|37|34|0.918918919|||||||||||||2014|PREP - Tier 2
2019-20|18400|North Kitsap School District|Native Hawaiian/ Other Pacific Islander|Race|||||||||||||||||2019|PREP - Tier 2
2018-19|18400|North Kitsap School District|Native Hawaiian/ Other Pacific Islander|Race|||||||||||||||||2018|PREP - Tier 2
2017-18|18400|North Kitsap School District|Native Hawaiian/ Other Pacific Islander|Race|||||||||||||||||2017|PREP - Tier 2
2015-16|18400|North Kitsap School District|Native Hawaiian/ Other Pacific Islander|Race|||||||||||||||||2015|PREP - Tier 2
2014-15|18400|North Kitsap School District|Native Hawaiian/ Other Pacific Islander|Race|||||||||||||||||2014|PREP - Tier 2
2020-21|18400|North Kitsap School District|Two or More Races|Race||||0.938|||||||||||||2020|PREP - Tier 2
2019-20|18400|North Kitsap School District|Two or More Races|Race||||0.945|||||||||||||2019|PREP - Tier 2
2018-19|18400|North Kitsap School District|Two or More Races|Race||||0.925|||||||||||||2018|PREP - Tier 2
2017-18|18400|North Kitsap School District|Two or More Races|Race||||0.933|||||||||||||2017|PREP - Tier 2
2016-17|18400|North Kitsap School District|Two or More Races|Race||||0.909|||||||||||||2016|PREP - Tier 2
2015-16|18400|North Kitsap School District|Two or More Races|Race||||0.932|||||||||||||2015|PREP - Tier 2
2014-15|18400|North Kitsap School District|Two or More Races|Race|48|48|40|0.833333333|||||||||||||2014|PREP - Tier 2
2020-21|18400|North Kitsap School District|White|Race|314|302|272|0.900662252|||||||||||||2020|PREP - Tier 2
2019-20|18400|North Kitsap School District|White|Race|363|356|340|0.95505618|||||||||||||2019|PREP - Tier 2
2018-19|18400|North Kitsap School District|White|Race|316|322|292|0.906832298|||||||||||||2018|PREP - Tier 2
2017-18|18400|North Kitsap School District|White|Race|326|326|298|0.914110429|||||||||||||2017|PREP - Tier 2
2016-17|18400|North Kitsap School District|White|Race|349|350|312|0.891428571|||||||||||||2016|PREP - Tier 2
2015-16|18400|North Kitsap School District|White|Race|360|346|314|0.907514451|||||||||||||2015|PREP - Tier 2
2014-15|18400|North Kitsap School District|White|Race|369|372|322|0.865591398|||||||||||||2014|PREP - Tier 2
2020-21|18400|North Kitsap School District|Students with Disabilities|sped|50|50|37|0.74|||||||||||||2020|PREP - Tier 2
2019-20|18400|North Kitsap School District|Students with Disabilities|sped||||0.87|||||||||||||2019|PREP - Tier 2
2018-19|18400|North Kitsap School District|Students with Disabilities|sped|49|46|34|0.739130435|||||||||||||2018|PREP - Tier 2
2017-18|18400|North Kitsap School District|Students with Disabilities|sped|59|51|38|0.745098039|||||||||||||2017|PREP - Tier 2
2016-17|18400|North Kitsap School District|Students with Disabilities|sped|61|53|37|0.698113208|||||||||||||2016|PREP - Tier 2
2015-16|18400|North Kitsap School District|Students with Disabilities|sped|51|53|41|0.773584906|||||||||||||2015|PREP - Tier 2
2014-15|18400|North Kitsap School District|Students with Disabilities|sped|57|60|46|0.766666667|||||||||||||2014|PREP - Tier 2
2020-21|18400|North Kitsap School District|Students without Disabilities|sped||||0.937|||||||||||||2020|PREP - Tier 2
2019-20|18400|North Kitsap School District|Students without Disabilities|sped|466|456|438|0.960526316|||||||||||||2019|PREP - Tier 2
2018-19|18400|North Kitsap School District|Students without Disabilities|sped||||0.939|||||||||||||2018|PREP - Tier 2
2017-18|18400|North Kitsap School District|Students without Disabilities|sped||||0.935|||||||||||||2017|PREP - Tier 2
2016-17|18400|North Kitsap School District|Students without Disabilities|sped||||0.923|||||||||||||2016|PREP - Tier 2
2015-16|18400|North Kitsap School District|Students without Disabilities|sped||||0.916|||||||||||||2015|PREP - Tier 2
2014-15|18400|North Kitsap School District|Students without Disabilities|sped|434|432|378|0.875|||||||||||||2014|PREP - Tier 2
2020-21|23403|North Mason School District|Non Section 504|504||||0.847|||||||||||||2020|PREP - Tier 1
2019-20|23403|North Mason School District|Non Section 504|504|169|186|157|0.844086022|||||||||||||2019|PREP - Tier 1
2018-19|23403|North Mason School District|Non Section 504|504||||0.836|||||||||||||2018|PREP - Tier 1
2017-18|23403|North Mason School District|Non Section 504|504||||0.767|||||||||||||2017|PREP - Tier 1
2016-17|23403|North Mason School District|Non Section 504|504||||0.808|||||||||||||2016|PREP - Tier 1
2015-16|23403|North Mason School District|Non Section 504|504|192|205|155|0.756097561|||||||||||||2015|PREP - Tier 1
2014-15|23403|North Mason School District|Non Section 504|504||||0.781|||||||||||||2014|PREP - Tier 1
2020-21|23403|North Mason School District|Section 504|504||||0.8|||||||||||||2020|PREP - Tier 1
2019-20|23403|North Mason School District|Section 504|504||||0.727|||||||||||||2019|PREP - Tier 1
2018-19|23403|North Mason School District|Section 504|504||||0.8|||||||||||||2018|PREP - Tier 1
2017-18|23403|North Mason School District|Section 504|504|||||||||||||||||2017|PREP - Tier 1
2016-17|23403|North Mason School District|Section 504|504||||0.75|||||||||||||2016|PREP - Tier 1
2015-16|23403|North Mason School District|Section 504|504||||0.75|||||||||||||2015|PREP - Tier 1
2014-15|23403|North Mason School District|Section 504|504|||||||||||||||||2014|PREP - Tier 1
2020-21|23403|North Mason School District|All Students|All|175|201|169|0.84079602|||||||||||||2020|PREP - Tier 1
2019-20|23403|North Mason School District|All Students|All||||0.848|||||||||||||2019|PREP - Tier 1
2018-19|23403|North Mason School District|All Students|All|180|209|174|0.832535885|||||||||||||2018|PREP - Tier 1
2017-18|23403|North Mason School District|All Students|All|170|198|154|0.777777778|||||||||||||2017|PREP - Tier 1
2016-17|23403|North Mason School District|All Students|All|173|189|153|0.80952381|||||||||||||2016|PREP - Tier 1
2015-16|23403|North Mason School District|All Students|All||||0.756|||||||||||||2015|PREP - Tier 1
2014-15|23403|North Mason School District|All Students|All||||0.786|||||||||||||2014|PREP - Tier 1
2020-21|23403|North Mason School District|English Language Learners|ELL||||0.36|||||||||||||2020|PREP - Tier 1
2019-20|23403|North Mason School District|English Language Learners|ELL||||0.57|||||||||||||2019|PREP - Tier 1
2018-19|23403|North Mason School District|English Language Learners|ELL|||||||||||||||||2018|PREP - Tier 1
2017-18|23403|North Mason School District|English Language Learners|ELL|||||||||||||||||2017|PREP - Tier 1
2016-17|23403|North Mason School District|English Language Learners|ELL||||0.5|||||||||||||2016|PREP - Tier 1
2015-16|23403|North Mason School District|English Language Learners|ELL|||||||||||||||||2015|PREP - Tier 1
2014-15|23403|North Mason School District|English Language Learners|ELL|||||||||||||||||2014|PREP - Tier 1
2020-21|23403|North Mason School District|Non-English Language Learners|ELL||||0.899|||||||||||||2020|PREP - Tier 1
2019-20|23403|North Mason School District|Non-English Language Learners|ELL|173|183|159|0.868852459|||||||||||||2019|PREP - Tier 1
2018-19|23403|North Mason School District|Non-English Language Learners|ELL||||0.851|||||||||||||2018|PREP - Tier 1
2017-18|23403|North Mason School District|Non-English Language Learners|ELL||||0.813|||||||||||||2017|PREP - Tier 1
2016-17|23403|North Mason School District|Non-English Language Learners|ELL||||0.831|||||||||||||2016|PREP - Tier 1
2015-16|23403|North Mason School District|Non-English Language Learners|ELL|206|210|165|0.785714286|||||||||||||2015|PREP - Tier 1
2014-15|23403|North Mason School District|Non-English Language Learners|ELL||||0.797|||||||||||||2014|PREP - Tier 1
2020-21|23403|North Mason School District|Foster Care|Foster|||||||||||||||||2020|PREP - Tier 1
2019-20|23403|North Mason School District|Foster Care|Foster|||||||||||||||||2019|PREP - Tier 1
2018-19|23403|North Mason School District|Foster Care|Foster|||||||||||||||||2018|PREP - Tier 1
2017-18|23403|North Mason School District|Foster Care|Foster|||||||||||||||||2017|PREP - Tier 1
2015-16|23403|North Mason School District|Foster Care|Foster|||||||||||||||||2015|PREP - Tier 1
2014-15|23403|North Mason School District|Foster Care|Foster|||||||||||||||||2014|PREP - Tier 1
2020-21|23403|North Mason School District|Non-Foster Care|Foster||||0.841|||||||||||||2020|PREP - Tier 1
2019-20|23403|North Mason School District|Non-Foster Care|Foster||||0.847|||||||||||||2019|PREP - Tier 1
2018-19|23403|North Mason School District|Non-Foster Care|Foster||||0.835|||||||||||||2018|PREP - Tier 1
2017-18|23403|North Mason School District|Non-Foster Care|Foster||||0.777|||||||||||||2017|PREP - Tier 1
2016-17|23403|North Mason School District|Non-Foster Care|Foster|173|189|153|0.80952381|||||||||||||2016|PREP - Tier 1
2015-16|23403|North Mason School District|Non-Foster Care|Foster||||0.763|||||||||||||2015|PREP - Tier 1
2014-15|23403|North Mason School District|Non-Foster Care|Foster||||0.789|||||||||||||2014|PREP - Tier 1
2020-21|23403|North Mason School District|Female|Gender||||0.92|||||||||||||2020|PREP - Tier 1
2019-20|23403|North Mason School District|Female|Gender||||0.85|||||||||||||2019|PREP - Tier 1
2018-19|23403|North Mason School District|Female|Gender||||0.88|||||||||||||2018|PREP - Tier 1
2017-18|23403|North Mason School District|Female|Gender||||0.81|||||||||||||2017|PREP - Tier 1
2016-17|23403|North Mason School District|Female|Gender|83|96|79|0.822916667|||||||||||||2016|PREP - Tier 1
2015-16|23403|North Mason School District|Female|Gender|107|113|91|0.805309735|||||||||||||2015|PREP - Tier 1
2014-15|23403|North Mason School District|Female|Gender||||0.82|||||||||||||2014|PREP - Tier 1
2020-21|23403|North Mason School District|Male|Gender||||0.769|||||||||||||2020|PREP - Tier 1
2019-20|23403|North Mason School District|Male|Gender|94|104|88|0.846153846|||||||||||||2019|PREP - Tier 1
2018-19|23403|North Mason School District|Male|Gender||||0.802|||||||||||||2018|PREP - Tier 1
2017-18|23403|North Mason School District|Male|Gender||||0.748|||||||||||||2017|PREP - Tier 1
2016-17|23403|North Mason School District|Male|Gender|90|93|74|0.795698925|||||||||||||2016|PREP - Tier 1
2015-16|23403|North Mason School District|Male|Gender||||0.704|||||||||||||2015|PREP - Tier 1
2014-15|23403|North Mason School District|Male|Gender|99|108|82|0.759259259|||||||||||||2014|PREP - Tier 1
2020-21|23403|North Mason School District|Homeless|Homeless||||0.76|||||||||||||2020|PREP - Tier 1
2019-20|23403|North Mason School District|Homeless|Homeless||||0.75|||||||||||||2019|PREP - Tier 1
2018-19|23403|North Mason School District|Homeless|Homeless||||0.61|||||||||||||2018|PREP - Tier 1
2017-18|23403|North Mason School District|Homeless|Homeless||||0.63|||||||||||||2017|PREP - Tier 1
2016-17|23403|North Mason School District|Homeless|Homeless||||0.69|||||||||||||2016|PREP - Tier 1
2015-16|23403|North Mason School District|Homeless|Homeless||||0.33|||||||||||||2015|PREP - Tier 1
2014-15|23403|North Mason School District|Homeless|Homeless|||||||||||||||||2014|PREP - Tier 1
2020-21|23403|North Mason School District|Non-Homeless|Homeless||||0.857|||||||||||||2020|PREP - Tier 1
2019-20|23403|North Mason School District|Non-Homeless|Homeless|158|173|149|0.861271676|||||||||||||2019|PREP - Tier 1
2018-19|23403|North Mason School District|Non-Homeless|Homeless|162|181|157|0.867403315|||||||||||||2018|PREP - Tier 1
2017-18|23403|North Mason School District|Non-Homeless|Homeless||||0.799|||||||||||||2017|PREP - Tier 1
2016-17|23403|North Mason School District|Non-Homeless|Homeless||||0.818|||||||||||||2016|PREP - Tier 1
2015-16|23403|North Mason School District|Non-Homeless|Homeless|198|209|163|0.779904306|||||||||||||2015|PREP - Tier 1
2014-15|23403|North Mason School District|Non-Homeless|Homeless||||0.793|||||||||||||2014|PREP - Tier 1
2020-21|23403|North Mason School District|Low-Income|LowIncome|97|116|88|0.75862069|||||||||||||2020|PREP - Tier 1
2019-20|23403|North Mason School District|Low-Income|LowIncome|93|99|78|0.787878788|||||||||||||2019|PREP - Tier 1
2018-19|23403|North Mason School District|Low-Income|LowIncome||||0.744|||||||||||||2018|PREP - Tier 1
2017-18|23403|North Mason School District|Low-Income|LowIncome||||0.694|||||||||||||2017|PREP - Tier 1
2016-17|23403|North Mason School District|Low-Income|LowIncome||||0.698|||||||||||||2016|PREP - Tier 1
2015-16|23403|North Mason School District|Low-Income|LowIncome|113|119|76|0.638655462|||||||||||||2015|PREP - Tier 1
2014-15|23403|North Mason School District|Low-Income|LowIncome|106|110|80|0.727272727|||||||||||||2014|PREP - Tier 1
2020-21|23403|North Mason School District|Non-Low Income|LowIncome||||0.95|||||||||||||2020|PREP - Tier 1
2019-20|23403|North Mason School District|Non-Low Income|LowIncome||||0.91|||||||||||||2019|PREP - Tier 1
2018-19|23403|North Mason School District|Non-Low Income|LowIncome||||0.96|||||||||||||2018|PREP - Tier 1
2017-18|23403|North Mason School District|Non-Low Income|LowIncome||||0.89|||||||||||||2017|PREP - Tier 1
2016-17|23403|North Mason School District|Non-Low Income|LowIncome||||0.95|||||||||||||2016|PREP - Tier 1
2015-16|23403|North Mason School District|Non-Low Income|LowIncome||||0.892|||||||||||||2015|PREP - Tier 1
2014-15|23403|North Mason School District|Non-Low Income|LowIncome||||0.86|||||||||||||2014|PREP - Tier 1
2020-21|23403|North Mason School District|Migrant|Migrant|||||||||||||||||2020|PREP - Tier 1
2018-19|23403|North Mason School District|Migrant|Migrant|||||||||||||||||2018|PREP - Tier 1
2017-18|23403|North Mason School District|Migrant|Migrant|||||||||||||||||2017|PREP - Tier 1
2016-17|23403|North Mason School District|Migrant|Migrant|||||||||||||||||2016|PREP - Tier 1
2015-16|23403|North Mason School District|Migrant|Migrant|||||||||||||||||2015|PREP - Tier 1
2020-21|23403|North Mason School District|Non Migrant|Migrant||||0.849|||||||||||||2020|PREP - Tier 1
2019-20|23403|North Mason School District|Non Migrant|Migrant||||0.848|||||||||||||2019|PREP - Tier 1
2018-19|23403|North Mason School District|Non Migrant|Migrant||||0.837|||||||||||||2018|PREP - Tier 1
2017-18|23403|North Mason School District|Non Migrant|Migrant||||0.782|||||||||||||2017|PREP - Tier 1
2016-17|23403|North Mason School District|Non Migrant|Migrant||||0.812|||||||||||||2016|PREP - Tier 1
2015-16|23403|North Mason School District|Non Migrant|Migrant||||0.759|||||||||||||2015|PREP - Tier 1
2014-15|23403|North Mason School District|Non Migrant|Migrant||||0.786|||||||||||||2014|PREP - Tier 1
2020-21|23403|North Mason School District|American Indian/ Alaskan Native|Race|||||||||||||||||2020|PREP - Tier 1
2019-20|23403|North Mason School District|American Indian/ Alaskan Native|Race|||||||||||||||||2019|PREP - Tier 1
2018-19|23403|North Mason School District|American Indian/ Alaskan Native|Race|||||||||||||||||2018|PREP - Tier 1
2017-18|23403|North Mason School District|American Indian/ Alaskan Native|Race|||||||||||||||||2017|PREP - Tier 1
2015-16|23403|North Mason School District|American Indian/ Alaskan Native|Race|||||||||||||||||2015|PREP - Tier 1
2014-15|23403|North Mason School District|American Indian/ Alaskan Native|Race|||||||||||||||||2014|PREP - Tier 1
2020-21|23403|North Mason School District|Asian|Race|||||||||||||||||2020|PREP - Tier 1
2019-20|23403|North Mason School District|Asian|Race|||||||||||||||||2019|PREP - Tier 1
2018-19|23403|North Mason School District|Asian|Race|||||||||||||||||2018|PREP - Tier 1
2017-18|23403|North Mason School District|Asian|Race|||||||||||||||||2017|PREP - Tier 1
2016-17|23403|North Mason School District|Asian|Race|||||||||||||||||2016|PREP - Tier 1
2015-16|23403|North Mason School District|Asian|Race|||||||||||||||||2015|PREP - Tier 1
2014-15|23403|North Mason School District|Asian|Race|||||||||||||||||2014|PREP - Tier 1
2020-21|23403|North Mason School District|Black/ African American|Race|||||||||||||||||2020|PREP - Tier 1
2019-20|23403|North Mason School District|Black/ African American|Race|||||||||||||||||2019|PREP - Tier 1
2018-19|23403|North Mason School District|Black/ African American|Race|||||||||||||||||2018|PREP - Tier 1
2017-18|23403|North Mason School District|Black/ African American|Race|||||||||||||||||2017|PREP - Tier 1
2016-17|23403|North Mason School District|Black/ African American|Race|||||||||||||||||2016|PREP - Tier 1
2015-16|23403|North Mason School District|Black/ African American|Race|||||||||||||||||2015|PREP - Tier 1
2014-15|23403|North Mason School District|Black/ African American|Race|||||||||||||||||2014|PREP - Tier 1
2020-21|23403|North Mason School District|Hispanic/ Latino of any race(s)|Race|20|34|20|0.588235294|||||||||||||2020|PREP - Tier 1
2019-20|23403|North Mason School District|Hispanic/ Latino of any race(s)|Race||||0.75|||||||||||||2019|PREP - Tier 1
2018-19|23403|North Mason School District|Hispanic/ Latino of any race(s)|Race|12|19|14|0.736842105|||||||||||||2018|PREP - Tier 1
2017-18|23403|North Mason School District|Hispanic/ Latino of any race(s)|Race|11|22|9|0.409090909|||||||||||||2017|PREP - Tier 1
2016-17|23403|North Mason School District|Hispanic/ Latino of any race(s)|Race|17|21|14|0.666666667|||||||||||||2016|PREP - Tier 1
2015-16|23403|North Mason School District|Hispanic/ Latino of any race(s)|Race|17|27|11|0.407407407|||||||||||||2015|PREP - Tier 1
2014-15|23403|North Mason School District|Hispanic/ Latino of any race(s)|Race|15|18|12|0.666666667|||||||||||||2014|PREP - Tier 1
2020-21|23403|North Mason School District|Native Hawaiian/ Other Pacific Islander|Race|||||||||||||||||2020|PREP - Tier 1
2018-19|23403|North Mason School District|Native Hawaiian/ Other Pacific Islander|Race|||||||||||||||||2018|PREP - Tier 1
2017-18|23403|North Mason School District|Native Hawaiian/ Other Pacific Islander|Race|||||||||||||||||2017|PREP - Tier 1
2016-17|23403|North Mason School District|Native Hawaiian/ Other Pacific Islander|Race|||||||||||||||||2016|PREP - Tier 1
2015-16|23403|North Mason School District|Native Hawaiian/ Other Pacific Islander|Race|||||||||||||||||2015|PREP - Tier 1
2014-15|23403|North Mason School District|Native Hawaiian/ Other Pacific Islander|Race|||||||||||||||||2014|PREP - Tier 1
2020-21|23403|North Mason School District|Two or More Races|Race|||||||||||||||||2020|PREP - Tier 1
2019-20|23403|North Mason School District|Two or More Races|Race|||||||||||||||||2019|PREP - Tier 1
2018-19|23403|North Mason School District|Two or More Races|Race||||0.769|||||||||||||2018|PREP - Tier 1
2017-18|23403|North Mason School District|Two or More Races|Race||||0.833|||||||||||||2017|PREP - Tier 1
2016-17|23403|North Mason School District|Two or More Races|Race||||0.833|||||||||||||2016|PREP - Tier 1
2015-16|23403|North Mason School District|Two or More Races|Race|18|16|13|0.8125|||||||||||||2015|PREP - Tier 1
2014-15|23403|North Mason School District|Two or More Races|Race|28|27|22|0.814814815|||||||||||||2014|PREP - Tier 1
2020-21|23403|North Mason School District|White|Race|144|151|135|0.894039735|||||||||||||2020|PREP - Tier 1
2019-20|23403|North Mason School District|White|Race|137|146|128|0.876712329|||||||||||||2019|PREP - Tier 1
2018-19|23403|North Mason School District|White|Race|148|168|141|0.839285714|||||||||||||2018|PREP - Tier 1
2017-18|23403|North Mason School District|White|Race|134|150|122|0.813333333|||||||||||||2017|PREP - Tier 1
2016-17|23403|North Mason School District|White|Race|132|140|114|0.814285714|||||||||||||2016|PREP - Tier 1
2015-16|23403|North Mason School District|White|Race|162|168|136|0.80952381|||||||||||||2015|PREP - Tier 1
2014-15|23403|North Mason School District|White|Race|126|140|112|0.8|||||||||||||2014|PREP - Tier 1
2020-21|23403|North Mason School District|Students with Disabilities|sped||||0.83|||||||||||||2020|PREP - Tier 1
2019-20|23403|North Mason School District|Students with Disabilities|sped||||0.89|||||||||||||2019|PREP - Tier 1
2018-19|23403|North Mason School District|Students with Disabilities|sped|15|20|11|0.55|||||||||||||2018|PREP - Tier 1
2017-18|23403|North Mason School District|Students with Disabilities|sped||||0.66|||||||||||||2017|PREP - Tier 1
2016-17|23403|North Mason School District|Students with Disabilities|sped|33|27|20|0.740740741|||||||||||||2016|PREP - Tier 1
2015-16|23403|North Mason School District|Students with Disabilities|sped||||0.72|||||||||||||2015|PREP - Tier 1
2014-15|23403|North Mason School District|Students with Disabilities|sped||||0.7|||||||||||||2014|PREP - Tier 1
2020-21|23403|North Mason School District|Students without Disabilities|sped|150|171|144|0.842105263|||||||||||||2020|PREP - Tier 1
2019-20|23403|North Mason School District|Students without Disabilities|sped|156|170|143|0.841176471|||||||||||||2019|PREP - Tier 1
2018-19|23403|North Mason School District|Students without Disabilities|sped||||0.862|||||||||||||2018|PREP - Tier 1
2017-18|23403|North Mason School District|Students without Disabilities|sped||||0.809|||||||||||||2017|PREP - Tier 1
2016-17|23403|North Mason School District|Students without Disabilities|sped|140|162|133|0.820987654|||||||||||||2016|PREP - Tier 1
2015-16|23403|North Mason School District|Students without Disabilities|sped|172|189|144|0.761904762|||||||||||||2015|PREP - Tier 1
2014-15|23403|North Mason School District|Students without Disabilities|sped|133|150|122|0.813333333|||||||||||||2014|PREP - Tier 1
2020-21|25101|Ocean Beach School District|Non Section 504|504|76|79|69|0.873417722|||||||||||||2020|ESD 112
2019-20|25101|Ocean Beach School District|Non Section 504|504||||0.83|||||||||||||2019|ESD 112
2018-19|25101|Ocean Beach School District|Non Section 504|504||||0.88|||||||||||||2018|ESD 112
2017-18|25101|Ocean Beach School District|Non Section 504|504||||0.81|||||||||||||2017|ESD 112
2016-17|25101|Ocean Beach School District|Non Section 504|504||||0.79|||||||||||||2016|ESD 112
2015-16|25101|Ocean Beach School District|Non Section 504|504||||0.86|||||||||||||2015|ESD 112
2014-15|25101|Ocean Beach School District|Non Section 504|504|52|51|42|0.823529412|||||||||||||2014|ESD 112
2020-21|25101|Ocean Beach School District|Section 504|504||||0.769|||||||||||||2020|ESD 112
2019-20|25101|Ocean Beach School District|Section 504|504|||||||||||||||||2019|ESD 112
2018-19|25101|Ocean Beach School District|Section 504|504|||||||||||||||||2018|ESD 112
2017-18|25101|Ocean Beach School District|Section 504|504|||||||||||||||||2017|ESD 112
2016-17|25101|Ocean Beach School District|Section 504|504|||||||||||||||||2016|ESD 112
2015-16|25101|Ocean Beach School District|Section 504|504|||||||||||||||||2015|ESD 112
2014-15|25101|Ocean Beach School District|Section 504|504|||||||||||||||||2014|ESD 112
2020-21|25101|Ocean Beach School District|All Students|All||||0.87|||||||||||||2020|ESD 112
2019-20|25101|Ocean Beach School District|All Students|All||||0.83|||||||||||||2019|ESD 112
2018-19|25101|Ocean Beach School District|All Students|All|70|75|65|0.866666667|||||||||||||2018|ESD 112
2017-18|25101|Ocean Beach School District|All Students|All||||0.81|||||||||||||2017|ESD 112
2016-17|25101|Ocean Beach School District|All Students|All||||0.8|||||||||||||2016|ESD 112
2015-16|25101|Ocean Beach School District|All Students|All||||0.87|||||||||||||2015|ESD 112
2014-15|25101|Ocean Beach School District|All Students|All||||0.82|||||||||||||2014|ESD 112
2020-21|25101|Ocean Beach School District|English Language Learners|ELL|||||||||||||||||2020|ESD 112
2019-20|25101|Ocean Beach School District|English Language Learners|ELL|||||||||||||||||2019|ESD 112
2018-19|25101|Ocean Beach School District|English Language Learners|ELL|||||||||||||||||2018|ESD 112
2017-18|25101|Ocean Beach School District|English Language Learners|ELL|||||||||||||||||2017|ESD 112
2016-17|25101|Ocean Beach School District|English Language Learners|ELL|||||||||||||||||2016|ESD 112
2015-16|25101|Ocean Beach School District|English Language Learners|ELL|||||||||||||||||2015|ESD 112
2014-15|25101|Ocean Beach School District|English Language Learners|ELL|||||||||||||||||2014|ESD 112
2020-21|25101|Ocean Beach School District|Non-English Language Learners|ELL||||0.87|||||||||||||2020|ESD 112
2019-20|25101|Ocean Beach School District|Non-English Language Learners|ELL||||0.82|||||||||||||2019|ESD 112
2018-19|25101|Ocean Beach School District|Non-English Language Learners|ELL||||0.89|||||||||||||2018|ESD 112
2017-18|25101|Ocean Beach School District|Non-English Language Learners|ELL||||0.82|||||||||||||2017|ESD 112
2016-17|25101|Ocean Beach School District|Non-English Language Learners|ELL||||0.82|||||||||||||2016|ESD 112
2015-16|25101|Ocean Beach School District|Non-English Language Learners|ELL||||0.87|||||||||||||2015|ESD 112
2014-15|25101|Ocean Beach School District|Non-English Language Learners|ELL||||0.82|||||||||||||2014|ESD 112
2020-21|25101|Ocean Beach School District|Foster Care|Foster|||||||||||||||||2020|ESD 112
2019-20|25101|Ocean Beach School District|Foster Care|Foster|||||||||||||||||2019|ESD 112
2016-17|25101|Ocean Beach School District|Foster Care|Foster|||||||||||||||||2016|ESD 112
2015-16|25101|Ocean Beach School District|Foster Care|Foster|||||||||||||||||2015|ESD 112
2014-15|25101|Ocean Beach School District|Foster Care|Foster|||||||||||||||||2014|ESD 112
2020-21|25101|Ocean Beach School District|Non-Foster Care|Foster||||0.88|||||||||||||2020|ESD 112
2019-20|25101|Ocean Beach School District|Non-Foster Care|Foster||||0.82|||||||||||||2019|ESD 112
2018-19|25101|Ocean Beach School District|Non-Foster Care|Foster|70|75|65|0.866666667|||||||||||||2018|ESD 112
2017-18|25101|Ocean Beach School District|Non-Foster Care|Foster||||0.81|||||||||||||2017|ESD 112
2016-17|25101|Ocean Beach School District|Non-Foster Care|Foster||||0.8|||||||||||||2016|ESD 112
2015-16|25101|Ocean Beach School District|Non-Foster Care|Foster||||0.87|||||||||||||2015|ESD 112
2014-15|25101|Ocean Beach School District|Non-Foster Care|Foster||||0.84|||||||||||||2014|ESD 112
2020-21|25101|Ocean Beach School District|Female|Gender|42|47|42|0.893617021|||||||||||||2020|ESD 112
2019-20|25101|Ocean Beach School District|Female|Gender||||0.85|||||||||||||2019|ESD 112
2018-19|25101|Ocean Beach School District|Female|Gender|37|38|32|0.842105263|||||||||||||2018|ESD 112
2017-18|25101|Ocean Beach School District|Female|Gender||||0.85|||||||||||||2017|ESD 112
2016-17|25101|Ocean Beach School District|Female|Gender||||0.84|||||||||||||2016|ESD 112
2015-16|25101|Ocean Beach School District|Female|Gender||||0.897|||||||||||||2015|ESD 112
2014-15|25101|Ocean Beach School District|Female|Gender||||0.87|||||||||||||2014|ESD 112
2020-21|25101|Ocean Beach School District|Male|Gender||||0.84|||||||||||||2020|ESD 112
2019-20|25101|Ocean Beach School District|Male|Gender|36|35|28|0.8|||||||||||||2019|ESD 112
2018-19|25101|Ocean Beach School District|Male|Gender||||0.89|||||||||||||2018|ESD 112
2017-18|25101|Ocean Beach School District|Male|Gender|35|43|34|0.790697674|||||||||||||2017|ESD 112
2016-17|25101|Ocean Beach School District|Male|Gender|50|49|38|0.775510204|||||||||||||2016|ESD 112
2015-16|25101|Ocean Beach School District|Male|Gender|43|42|35|0.833333333|||||||||||||2015|ESD 112
2014-15|25101|Ocean Beach School District|Male|Gender|26|28|22|0.785714286|||||||||||||2014|ESD 112
2020-21|25101|Ocean Beach School District|Homeless|Homeless||||0.83|||||||||||||2020|ESD 112
2019-20|25101|Ocean Beach School District|Homeless|Homeless||||0.62|||||||||||||2019|ESD 112
2018-19|25101|Ocean Beach School District|Homeless|Homeless||||0.58|||||||||||||2018|ESD 112
2017-18|25101|Ocean Beach School District|Homeless|Homeless||||0.79|||||||||||||2017|ESD 112
2016-17|25101|Ocean Beach School District|Homeless|Homeless||||0.63|||||||||||||2016|ESD 112
2015-16|25101|Ocean Beach School District|Homeless|Homeless||||0.75|||||||||||||2015|ESD 112
2014-15|25101|Ocean Beach School District|Homeless|Homeless|||||||||||||||||2014|ESD 112
2020-21|25101|Ocean Beach School District|Non-Homeless|Homeless|57|56|50|0.892857143|||||||||||||2020|ESD 112
2019-20|25101|Ocean Beach School District|Non-Homeless|Homeless|50|48|44|0.916666667|||||||||||||2019|ESD 112
2018-19|25101|Ocean Beach School District|Non-Homeless|Homeless||||0.946|||||||||||||2018|ESD 112
2017-18|25101|Ocean Beach School District|Non-Homeless|Homeless|48|51|42|0.823529412|||||||||||||2017|ESD 112
2016-17|25101|Ocean Beach School District|Non-Homeless|Homeless|66|64|54|0.84375|||||||||||||2016|ESD 112
2015-16|25101|Ocean Beach School District|Non-Homeless|Homeless|69|59|53|0.898305085|||||||||||||2015|ESD 112
2014-15|25101|Ocean Beach School District|Non-Homeless|Homeless||||0.86|||||||||||||2014|ESD 112
2020-21|25101|Ocean Beach School District|Low-Income|LowIncome|58|64|54|0.84375|||||||||||||2020|ESD 112
2019-20|25101|Ocean Beach School District|Low-Income|LowIncome|51|48|36|0.75|||||||||||||2019|ESD 112
2018-19|25101|Ocean Beach School District|Low-Income|LowIncome|46|47|38|0.808510638|||||||||||||2018|ESD 112
2017-18|25101|Ocean Beach School District|Low-Income|LowIncome|46|52|40|0.769230769|||||||||||||2017|ESD 112
2016-17|25101|Ocean Beach School District|Low-Income|LowIncome|54|51|38|0.745098039|||||||||||||2016|ESD 112
2015-16|25101|Ocean Beach School District|Low-Income|LowIncome|59|53|45|0.849056604|||||||||||||2015|ESD 112
2014-15|25101|Ocean Beach School District|Low-Income|LowIncome|40|35|27|0.771428571|||||||||||||2014|ESD 112
2020-21|25101|Ocean Beach School District|Non-Low Income|LowIncome||||0.893|||||||||||||2020|ESD 112
2019-20|25101|Ocean Beach School District|Non-Low Income|LowIncome||||0.857|||||||||||||2019|ESD 112
2018-19|25101|Ocean Beach School District|Non-Low Income|LowIncome||||0.893|||||||||||||2018|ESD 112
2017-18|25101|Ocean Beach School District|Non-Low Income|LowIncome||||0.833|||||||||||||2017|ESD 112
2016-17|25101|Ocean Beach School District|Non-Low Income|LowIncome||||0.9|||||||||||||2016|ESD 112
2015-16|25101|Ocean Beach School District|Non-Low Income|LowIncome||||0.833|||||||||||||2015|ESD 112
2014-15|25101|Ocean Beach School District|Non-Low Income|LowIncome||||0.813|||||||||||||2014|ESD 112
2020-21|25101|Ocean Beach School District|Migrant|Migrant|||||||||||||||||2020|ESD 112
2019-20|25101|Ocean Beach School District|Migrant|Migrant|||||||||||||||||2019|ESD 112
2018-19|25101|Ocean Beach School District|Migrant|Migrant|||||||||||||||||2018|ESD 112
2017-18|25101|Ocean Beach School District|Migrant|Migrant|||||||||||||||||2017|ESD 112
2016-17|25101|Ocean Beach School District|Migrant|Migrant|||||||||||||||||2016|ESD 112
2015-16|25101|Ocean Beach School District|Migrant|Migrant|||||||||||||||||2015|ESD 112
2014-15|25101|Ocean Beach School District|Migrant|Migrant|||||||||||||||||2014|ESD 112
2020-21|25101|Ocean Beach School District|Non Migrant|Migrant||||0.88|||||||||||||2020|ESD 112
2019-20|25101|Ocean Beach School District|Non Migrant|Migrant||||0.82|||||||||||||2019|ESD 112
2018-19|25101|Ocean Beach School District|Non Migrant|Migrant||||0.88|||||||||||||2018|ESD 112
2017-18|25101|Ocean Beach School District|Non Migrant|Migrant||||0.82|||||||||||||2017|ESD 112
2016-17|25101|Ocean Beach School District|Non Migrant|Migrant||||0.8|||||||||||||2016|ESD 112
2015-16|25101|Ocean Beach School District|Non Migrant|Migrant||||0.86|||||||||||||2015|ESD 112
2014-15|25101|Ocean Beach School District|Non Migrant|Migrant||||0.82|||||||||||||2014|ESD 112
2020-21|25101|Ocean Beach School District|American Indian/ Alaskan Native|Race|||||||||||||||||2020|ESD 112
2018-19|25101|Ocean Beach School District|American Indian/ Alaskan Native|Race|||||||||||||||||2018|ESD 112
2017-18|25101|Ocean Beach School District|American Indian/ Alaskan Native|Race|||||||||||||||||2017|ESD 112
2015-16|25101|Ocean Beach School District|American Indian/ Alaskan Native|Race|||||||||||||||||2015|ESD 112
2014-15|25101|Ocean Beach School District|American Indian/ Alaskan Native|Race|||||||||||||||||2014|ESD 112
2020-21|25101|Ocean Beach School District|Asian|Race|||||||||||||||||2020|ESD 112
2019-20|25101|Ocean Beach School District|Asian|Race|||||||||||||||||2019|ESD 112
2018-19|25101|Ocean Beach School District|Asian|Race|||||||||||||||||2018|ESD 112
2017-18|25101|Ocean Beach School District|Asian|Race|||||||||||||||||2017|ESD 112
2016-17|25101|Ocean Beach School District|Asian|Race|||||||||||||||||2016|ESD 112
2015-16|25101|Ocean Beach School District|Asian|Race|||||||||||||||||2015|ESD 112
2014-15|25101|Ocean Beach School District|Asian|Race|||||||||||||||||2014|ESD 112
2020-21|25101|Ocean Beach School District|Hispanic/ Latino of any race(s)|Race||||0.7|||||||||||||2020|ESD 112
2019-20|25101|Ocean Beach School District|Hispanic/ Latino of any race(s)|Race||||0.7|||||||||||||2019|ESD 112
2018-19|25101|Ocean Beach School District|Hispanic/ Latino of any race(s)|Race||||0.786|||||||||||||2018|ESD 112
2017-18|25101|Ocean Beach School District|Hispanic/ Latino of any race(s)|Race|||||||||||||||||2017|ESD 112
2016-17|25101|Ocean Beach School District|Hispanic/ Latino of any race(s)|Race||||0.75|||||||||||||2016|ESD 112
2015-16|25101|Ocean Beach School District|Hispanic/ Latino of any race(s)|Race||||0.769|||||||||||||2015|ESD 112
2014-15|25101|Ocean Beach School District|Hispanic/ Latino of any race(s)|Race||||0.6|||||||||||||2014|ESD 112
2014-15|25101|Ocean Beach School District|Native Hawaiian/ Other Pacific Islander|Race|||||||||||||||||2014|ESD 112
2020-21|25101|Ocean Beach School District|Two or More Races|Race|||||||||||||||||2020|ESD 112
2019-20|25101|Ocean Beach School District|Two or More Races|Race|||||||||||||||||2019|ESD 112
2018-19|25101|Ocean Beach School District|Two or More Races|Race|||||||||||||||||2018|ESD 112
2017-18|25101|Ocean Beach School District|Two or More Races|Race|||||||||||||||||2017|ESD 112
2016-17|25101|Ocean Beach School District|Two or More Races|Race|||||||||||||||||2016|ESD 112
2015-16|25101|Ocean Beach School District|Two or More Races|Race|||||||||||||||||2015|ESD 112
2014-15|25101|Ocean Beach School District|Two or More Races|Race|||||||||||||||||2014|ESD 112
2020-21|25101|Ocean Beach School District|White|Race|70|73|63|0.863013699|||||||||||||2020|ESD 112
2019-20|25101|Ocean Beach School District|White|Race|58|56|46|0.821428571|||||||||||||2019|ESD 112
2018-19|25101|Ocean Beach School District|White|Race|53|55|50|0.909090909|||||||||||||2018|ESD 112
2017-18|25101|Ocean Beach School District|White|Race|45|53|41|0.773584906|||||||||||||2017|ESD 112
2016-17|25101|Ocean Beach School District|White|Race|61|61|49|0.803278689|||||||||||||2016|ESD 112
2015-16|25101|Ocean Beach School District|White|Race|58|52|46|0.884615385|||||||||||||2015|ESD 112
2014-15|25101|Ocean Beach School District|White|Race|38|38|33|0.868421053|||||||||||||2014|ESD 112
2020-21|25101|Ocean Beach School District|Students with Disabilities|sped||||0.8|||||||||||||2020|ESD 112
2019-20|25101|Ocean Beach School District|Students with Disabilities|sped|||||||||||||||||2019|ESD 112
2018-19|25101|Ocean Beach School District|Students with Disabilities|sped|||||||||||||||||2018|ESD 112
2017-18|25101|Ocean Beach School District|Students with Disabilities|sped||||0.75|||||||||||||2017|ESD 112
2016-17|25101|Ocean Beach School District|Students with Disabilities|sped||||0.71|||||||||||||2016|ESD 112
2015-16|25101|Ocean Beach School District|Students with Disabilities|sped||||0.75|||||||||||||2015|ESD 112
2014-15|25101|Ocean Beach School District|Students with Disabilities|sped|||||||||||||||||2014|ESD 112
2020-21|25101|Ocean Beach School District|Students without Disabilities|sped|60|67|60|0.895522388|||||||||||||2020|ESD 112
2019-20|25101|Ocean Beach School District|Students without Disabilities|sped||||0.83|||||||||||||2019|ESD 112
2018-19|25101|Ocean Beach School District|Students without Disabilities|sped||||0.88|||||||||||||2018|ESD 112
2017-18|25101|Ocean Beach School District|Students without Disabilities|sped|50|54|45|0.833333333|||||||||||||2017|ESD 112
2016-17|25101|Ocean Beach School District|Students without Disabilities|sped|66|66|54|0.818181818|||||||||||||2016|ESD 112
2015-16|25101|Ocean Beach School District|Students without Disabilities|sped|64|59|52|0.881355932|||||||||||||2015|ESD 112
2014-15|25101|Ocean Beach School District|Students without Disabilities|sped||||0.83|||||||||||||2014|ESD 112
2020-21|05121|Port Angeles School District|Non Section 504|504||||0.878|||||||||||||2020|PREP - Tier 1
2019-20|05121|Port Angeles School District|Non Section 504|504|260|266|226|0.84962406|||||||||||||2019|PREP - Tier 1
2018-19|05121|Port Angeles School District|Non Section 504|504||||0.834|||||||||||||2018|PREP - Tier 1
2017-18|05121|Port Angeles School District|Non Section 504|504|271|279|230|0.82437276|||||||||||||2017|PREP - Tier 1
2016-17|05121|Port Angeles School District|Non Section 504|504||||0.818|||||||||||||2016|PREP - Tier 1
2015-16|05121|Port Angeles School District|Non Section 504|504||||0.848|||||||||||||2015|PREP - Tier 1
2014-15|05121|Port Angeles School District|Non Section 504|504||||0.823|||||||||||||2014|PREP - Tier 1
2020-21|05121|Port Angeles School District|Section 504|504||||0.857|||||||||||||2020|PREP - Tier 1
2019-20|05121|Port Angeles School District|Section 504|504||||0.78|||||||||||||2019|PREP - Tier 1
2018-19|05121|Port Angeles School District|Section 504|504||||0.76|||||||||||||2018|PREP - Tier 1
2017-18|05121|Port Angeles School District|Section 504|504||||0.833|||||||||||||2017|PREP - Tier 1
2016-17|05121|Port Angeles School District|Section 504|504||||0.87|||||||||||||2016|PREP - Tier 1
2015-16|05121|Port Angeles School District|Section 504|504||||0.842|||||||||||||2015|PREP - Tier 1
2014-15|05121|Port Angeles School District|Section 504|504||||0.813|||||||||||||2014|PREP - Tier 1
2020-21|05121|Port Angeles School District|All Students|All|301|315|277|0.879365079|||||||||||||2020|PREP - Tier 1
2019-20|05121|Port Angeles School District|All Students|All||||0.842|||||||||||||2019|PREP - Tier 1
2018-19|05121|Port Angeles School District|All Students|All|290|306|254|0.830065359|||||||||||||2018|PREP - Tier 1
2017-18|05121|Port Angeles School District|All Students|All|289|297|245|0.824915825|||||||||||||2017|PREP - Tier 1
2016-17|05121|Port Angeles School District|All Students|All|306|311|256|0.823151125|||||||||||||2016|PREP - Tier 1
2015-16|05121|Port Angeles School District|All Students|All|305|295|250|0.847457627|||||||||||||2015|PREP - Tier 1
2014-15|05121|Port Angeles School District|All Students|All|315|310|256|0.825806452|||||||||||||2014|PREP - Tier 1
2020-21|05121|Port Angeles School District|English Language Learners|ELL|||||||||||||||||2020|PREP - Tier 1
2019-20|05121|Port Angeles School District|English Language Learners|ELL|||||||||||||||||2019|PREP - Tier 1
2018-19|05121|Port Angeles School District|English Language Learners|ELL|||||||||||||||||2018|PREP - Tier 1
2017-18|05121|Port Angeles School District|English Language Learners|ELL|||||||||||||||||2017|PREP - Tier 1
2016-17|05121|Port Angeles School District|English Language Learners|ELL|||||||||||||||||2016|PREP - Tier 1
2014-15|05121|Port Angeles School District|English Language Learners|ELL|||||||||||||||||2014|PREP - Tier 1
2020-21|05121|Port Angeles School District|Non-English Language Learners|ELL||||0.878|||||||||||||2020|PREP - Tier 1
2019-20|05121|Port Angeles School District|Non-English Language Learners|ELL||||0.841|||||||||||||2019|PREP - Tier 1
2018-19|05121|Port Angeles School District|Non-English Language Learners|ELL||||0.829|||||||||||||2018|PREP - Tier 1
2017-18|05121|Port Angeles School District|Non-English Language Learners|ELL||||0.824|||||||||||||2017|PREP - Tier 1
2016-17|05121|Port Angeles School District|Non-English Language Learners|ELL||||0.821|||||||||||||2016|PREP - Tier 1
2015-16|05121|Port Angeles School District|Non-English Language Learners|ELL|305|295|250|0.847457627|||||||||||||2015|PREP - Tier 1
2014-15|05121|Port Angeles School District|Non-English Language Learners|ELL||||0.825|||||||||||||2014|PREP - Tier 1
2020-21|05121|Port Angeles School District|Foster Care|Foster|||||||||||||||||2020|PREP - Tier 1
2019-20|05121|Port Angeles School District|Foster Care|Foster|||||||||||||||||2019|PREP - Tier 1
2018-19|05121|Port Angeles School District|Foster Care|Foster|||||||||||||||||2018|PREP - Tier 1
2017-18|05121|Port Angeles School District|Foster Care|Foster|||||||||||||||||2017|PREP - Tier 1
2016-17|05121|Port Angeles School District|Foster Care|Foster|||||||||||||||||2016|PREP - Tier 1
2015-16|05121|Port Angeles School District|Foster Care|Foster|||||||||||||||||2015|PREP - Tier 1
2014-15|05121|Port Angeles School District|Foster Care|Foster|||||||||||||||||2014|PREP - Tier 1
2020-21|05121|Port Angeles School District|Non-Foster Care|Foster||||0.882|||||||||||||2020|PREP - Tier 1
2019-20|05121|Port Angeles School District|Non-Foster Care|Foster||||0.85|||||||||||||2019|PREP - Tier 1
2018-19|05121|Port Angeles School District|Non-Foster Care|Foster||||0.834|||||||||||||2018|PREP - Tier 1
2017-18|05121|Port Angeles School District|Non-Foster Care|Foster||||0.83|||||||||||||2017|PREP - Tier 1
2016-17|05121|Port Angeles School District|Non-Foster Care|Foster||||0.82|||||||||||||2016|PREP - Tier 1
2015-16|05121|Port Angeles School District|Non-Foster Care|Foster||||0.851|||||||||||||2015|PREP - Tier 1
2014-15|05121|Port Angeles School District|Non-Foster Care|Foster||||0.829|||||||||||||2014|PREP - Tier 1
2020-21|05121|Port Angeles School District|Female|Gender|150|160|144|0.9|||||||||||||2020|PREP - Tier 1
2019-20|05121|Port Angeles School District|Female|Gender||||0.89|||||||||||||2019|PREP - Tier 1
2018-19|05121|Port Angeles School District|Female|Gender||||0.869|||||||||||||2018|PREP - Tier 1
2017-18|05121|Port Angeles School District|Female|Gender|158|163|138|0.846625767|||||||||||||2017|PREP - Tier 1
2016-17|05121|Port Angeles School District|Female|Gender||||0.885|||||||||||||2016|PREP - Tier 1
2015-16|05121|Port Angeles School District|Female|Gender||||0.874|||||||||||||2015|PREP - Tier 1
2014-15|05121|Port Angeles School District|Female|Gender||||0.859|||||||||||||2014|PREP - Tier 1
2020-21|05121|Port Angeles School District|Gender X|Gender|||||||||||||||||2020|PREP - Tier 1
2020-21|05121|Port Angeles School District|Male|Gender||||0.869|||||||||||||2020|PREP - Tier 1
2019-20|05121|Port Angeles School District|Male|Gender|154|153|122|0.797385621|||||||||||||2019|PREP - Tier 1
2018-19|05121|Port Angeles School District|Male|Gender|142|146|115|0.787671233|||||||||||||2018|PREP - Tier 1
2017-18|05121|Port Angeles School District|Male|Gender||||0.799|||||||||||||2017|PREP - Tier 1
2016-17|05121|Port Angeles School District|Male|Gender||||0.767|||||||||||||2016|PREP - Tier 1
2015-16|05121|Port Angeles School District|Male|Gender|156|152|125|0.822368421|||||||||||||2015|PREP - Tier 1
2014-15|05121|Port Angeles School District|Male|Gender|155|154|122|0.792207792|||||||||||||2014|PREP - Tier 1
2020-21|05121|Port Angeles School District|Homeless|Homeless||||0.61|||||||||||||2020|PREP - Tier 1
2019-20|05121|Port Angeles School District|Homeless|Homeless||||0.53|||||||||||||2019|PREP - Tier 1
2018-19|05121|Port Angeles School District|Homeless|Homeless||||0.45|||||||||||||2018|PREP - Tier 1
2017-18|05121|Port Angeles School District|Homeless|Homeless||||0.46|||||||||||||2017|PREP - Tier 1
2016-17|05121|Port Angeles School District|Homeless|Homeless||||0.57|||||||||||||2016|PREP - Tier 1
2015-16|05121|Port Angeles School District|Homeless|Homeless||||0.53|||||||||||||2015|PREP - Tier 1
2014-15|05121|Port Angeles School District|Homeless|Homeless|||||||||||||||||2014|PREP - Tier 1
2020-21|05121|Port Angeles School District|Non-Homeless|Homeless||||0.896|||||||||||||2020|PREP - Tier 1
2019-20|05121|Port Angeles School District|Non-Homeless|Homeless|274|281|242|0.861209964|||||||||||||2019|PREP - Tier 1
2018-19|05121|Port Angeles School District|Non-Homeless|Homeless||||0.857|||||||||||||2018|PREP - Tier 1
2017-18|05121|Port Angeles School District|Non-Homeless|Homeless|270|273|234|0.857142857|||||||||||||2017|PREP - Tier 1
2016-17|05121|Port Angeles School District|Non-Homeless|Homeless||||0.835|||||||||||||2016|PREP - Tier 1
2015-16|05121|Port Angeles School District|Non-Homeless|Homeless||||0.864|||||||||||||2015|PREP - Tier 1
2014-15|05121|Port Angeles School District|Non-Homeless|Homeless||||0.831|||||||||||||2014|PREP - Tier 1
2020-21|05121|Port Angeles School District|Low-Income|LowIncome|170|174|144|0.827586207|||||||||||||2020|PREP - Tier 1
2019-20|05121|Port Angeles School District|Low-Income|LowIncome|165|165|127|0.76969697|||||||||||||2019|PREP - Tier 1
2018-19|05121|Port Angeles School District|Low-Income|LowIncome||||0.749|||||||||||||2018|PREP - Tier 1
2017-18|05121|Port Angeles School District|Low-Income|LowIncome||||0.73|||||||||||||2017|PREP - Tier 1
2016-17|05121|Port Angeles School District|Low-Income|LowIncome||||0.744|||||||||||||2016|PREP - Tier 1
2015-16|05121|Port Angeles School District|Low-Income|LowIncome||||0.759|||||||||||||2015|PREP - Tier 1
2014-15|05121|Port Angeles School District|Low-Income|LowIncome||||0.736|||||||||||||2014|PREP - Tier 1
2020-21|05121|Port Angeles School District|Non-Low Income|LowIncome||||0.943|||||||||||||2020|PREP - Tier 1
2019-20|05121|Port Angeles School District|Non-Low Income|LowIncome||||0.932|||||||||||||2019|PREP - Tier 1
2018-19|05121|Port Angeles School District|Non-Low Income|LowIncome||||0.939|||||||||||||2018|PREP - Tier 1
2017-18|05121|Port Angeles School District|Non-Low Income|LowIncome||||0.966|||||||||||||2017|PREP - Tier 1
2016-17|05121|Port Angeles School District|Non-Low Income|LowIncome||||0.921|||||||||||||2016|PREP - Tier 1
2015-16|05121|Port Angeles School District|Non-Low Income|LowIncome||||0.968|||||||||||||2015|PREP - Tier 1
2014-15|05121|Port Angeles School District|Non-Low Income|LowIncome||||0.947|||||||||||||2014|PREP - Tier 1
2020-21|05121|Port Angeles School District|Migrant|Migrant|||||||||||||||||2020|PREP - Tier 1
2019-20|05121|Port Angeles School District|Migrant|Migrant|||||||||||||||||2019|PREP - Tier 1
2020-21|05121|Port Angeles School District|Non Migrant|Migrant||||0.882|||||||||||||2020|PREP - Tier 1
2019-20|05121|Port Angeles School District|Non Migrant|Migrant||||0.842|||||||||||||2019|PREP - Tier 1
2018-19|05121|Port Angeles School District|Non Migrant|Migrant|290|306|254|0.830065359|||||||||||||2018|PREP - Tier 1
2017-18|05121|Port Angeles School District|Non Migrant|Migrant|289|297|245|0.824915825|||||||||||||2017|PREP - Tier 1
2016-17|05121|Port Angeles School District|Non Migrant|Migrant|306|311|256|0.823151125|||||||||||||2016|PREP - Tier 1
2015-16|05121|Port Angeles School District|Non Migrant|Migrant|305|295|250|0.847457627|||||||||||||2015|PREP - Tier 1
2014-15|05121|Port Angeles School District|Non Migrant|Migrant|315|310|256|0.825806452|||||||||||||2014|PREP - Tier 1
2020-21|05121|Port Angeles School District|American Indian/ Alaskan Native|Race|11|12|8|0.666666667|||||||||||||2020|PREP - Tier 1
2019-20|05121|Port Angeles School District|American Indian/ Alaskan Native|Race||||0.727|||||||||||||2019|PREP - Tier 1
2018-19|05121|Port Angeles School District|American Indian/ Alaskan Native|Race|12|12|7|0.583333333|||||||||||||2018|PREP - Tier 1
2017-18|05121|Port Angeles School District|American Indian/ Alaskan Native|Race||||0.6|||||||||||||2017|PREP - Tier 1
2016-17|05121|Port Angeles School District|American Indian/ Alaskan Native|Race|||||||||||||||||2016|PREP - Tier 1
2015-16|05121|Port Angeles School District|American Indian/ Alaskan Native|Race|13|12|9|0.75|||||||||||||2015|PREP - Tier 1
2014-15|05121|Port Angeles School District|American Indian/ Alaskan Native|Race||||0.63|||||||||||||2014|PREP - Tier 1
2020-21|05121|Port Angeles School District|Asian|Race|||||||||||||||||2020|PREP - Tier 1
2019-20|05121|Port Angeles School District|Asian|Race|||||||||||||||||2019|PREP - Tier 1
2018-19|05121|Port Angeles School District|Asian|Race|||||||||||||||||2018|PREP - Tier 1
2017-18|05121|Port Angeles School District|Asian|Race|||||||||||||||||2017|PREP - Tier 1
2016-17|05121|Port Angeles School District|Asian|Race|||||||||||||||||2016|PREP - Tier 1
2015-16|05121|Port Angeles School District|Asian|Race|||||||||||||||||2015|PREP - Tier 1
2014-15|05121|Port Angeles School District|Asian|Race|||||||||||||||||2014|PREP - Tier 1
2020-21|05121|Port Angeles School District|Black/ African American|Race|||||||||||||||||2020|PREP - Tier 1
2019-20|05121|Port Angeles School District|Black/ African American|Race|||||||||||||||||2019|PREP - Tier 1
2018-19|05121|Port Angeles School District|Black/ African American|Race|||||||||||||||||2018|PREP - Tier 1
2017-18|05121|Port Angeles School District|Black/ African American|Race|||||||||||||||||2017|PREP - Tier 1
2016-17|05121|Port Angeles School District|Black/ African American|Race|||||||||||||||||2016|PREP - Tier 1
2015-16|05121|Port Angeles School District|Black/ African American|Race|||||||||||||||||2015|PREP - Tier 1
2014-15|05121|Port Angeles School District|Black/ African American|Race|||||||||||||||||2014|PREP - Tier 1
2020-21|05121|Port Angeles School District|Hispanic/ Latino of any race(s)|Race|18|24|21|0.875|||||||||||||2020|PREP - Tier 1
2019-20|05121|Port Angeles School District|Hispanic/ Latino of any race(s)|Race||||0.889|||||||||||||2019|PREP - Tier 1
2018-19|05121|Port Angeles School District|Hispanic/ Latino of any race(s)|Race|27|26|21|0.807692308|||||||||||||2018|PREP - Tier 1
2017-18|05121|Port Angeles School District|Hispanic/ Latino of any race(s)|Race||||0.842|||||||||||||2017|PREP - Tier 1
2016-17|05121|Port Angeles School District|Hispanic/ Latino of any race(s)|Race|15|18|11|0.611111111|||||||||||||2016|PREP - Tier 1
2015-16|05121|Port Angeles School District|Hispanic/ Latino of any race(s)|Race|||||||||||||||||2015|PREP - Tier 1
2014-15|05121|Port Angeles School District|Hispanic/ Latino of any race(s)|Race|20|21|18|0.857142857|||||||||||||2014|PREP - Tier 1
2019-20|05121|Port Angeles School District|Native Hawaiian/ Other Pacific Islander|Race|||||||||||||||||2019|PREP - Tier 1
2020-21|05121|Port Angeles School District|Two or More Races|Race|33|37|34|0.918918919|||||||||||||2020|PREP - Tier 1
2019-20|05121|Port Angeles School District|Two or More Races|Race|28|29|20|0.689655172|||||||||||||2019|PREP - Tier 1
2018-19|05121|Port Angeles School District|Two or More Races|Race|24|25|22|0.88|||||||||||||2018|PREP - Tier 1
2017-18|05121|Port Angeles School District|Two or More Races|Race|34|29|22|0.75862069|||||||||||||2017|PREP - Tier 1
2016-17|05121|Port Angeles School District|Two or More Races|Race||||0.864|||||||||||||2016|PREP - Tier 1
2015-16|05121|Port Angeles School District|Two or More Races|Race||||0.893|||||||||||||2015|PREP - Tier 1
2014-15|05121|Port Angeles School District|Two or More Races|Race|39|37|29|0.783783784|||||||||||||2014|PREP - Tier 1
2020-21|05121|Port Angeles School District|White|Race|230|232|205|0.88362069|||||||||||||2020|PREP - Tier 1
2019-20|05121|Port Angeles School District|White|Race|219|223|189|0.847533632|||||||||||||2019|PREP - Tier 1
2018-19|05121|Port Angeles School District|White|Race|218|232|195|0.840517241|||||||||||||2018|PREP - Tier 1
2017-18|05121|Port Angeles School District|White|Race|222|237|198|0.835443038|||||||||||||2017|PREP - Tier 1
2016-17|05121|Port Angeles School District|White|Race|251|254|213|0.838582677|||||||||||||2016|PREP - Tier 1
2015-16|05121|Port Angeles School District|White|Race|248|239|201|0.841004184|||||||||||||2015|PREP - Tier 1
2014-15|05121|Port Angeles School District|White|Race|231|228|192|0.842105263|||||||||||||2014|PREP - Tier 1
2020-21|05121|Port Angeles School District|Students with Disabilities|sped||||0.84|||||||||||||2020|PREP - Tier 1
2019-20|05121|Port Angeles School District|Students with Disabilities|sped||||0.67|||||||||||||2019|PREP - Tier 1
2018-19|05121|Port Angeles School District|Students with Disabilities|sped|37|40|28|0.7|||||||||||||2018|PREP - Tier 1
2017-18|05121|Port Angeles School District|Students with Disabilities|sped||||0.66|||||||||||||2017|PREP - Tier 1
2016-17|05121|Port Angeles School District|Students with Disabilities|sped||||0.68|||||||||||||2016|PREP - Tier 1
2015-16|05121|Port Angeles School District|Students with Disabilities|sped||||0.8|||||||||||||2015|PREP - Tier 1
2014-15|05121|Port Angeles School District|Students with Disabilities|sped|32|33|23|0.696969697|||||||||||||2014|PREP - Tier 1
2020-21|05121|Port Angeles School District|Students without Disabilities|sped|258|271|240|0.885608856|||||||||||||2020|PREP - Tier 1
2019-20|05121|Port Angeles School District|Students without Disabilities|sped|246|256|223|0.87109375|||||||||||||2019|PREP - Tier 1
2018-19|05121|Port Angeles School District|Students without Disabilities|sped|253|266|226|0.84962406|||||||||||||2018|PREP - Tier 1
2017-18|05121|Port Angeles School District|Students without Disabilities|sped|252|265|224|0.845283019|||||||||||||2017|PREP - Tier 1
2016-17|05121|Port Angeles School District|Students without Disabilities|sped|270|273|230|0.842490842|||||||||||||2016|PREP - Tier 1
2015-16|05121|Port Angeles School District|Students without Disabilities|sped||||0.855|||||||||||||2015|PREP - Tier 1
2014-15|05121|Port Angeles School District|Students without Disabilities|sped|283|277|233|0.841155235|||||||||||||2014|PREP - Tier 1
2020-21|16050|Port Townsend School District|Non Section 504|504||||0.88|||||||||||||2020|PREP - Tier 1
2019-20|16050|Port Townsend School District|Non Section 504|504||||0.9|||||||||||||2019|PREP - Tier 1
2018-19|16050|Port Townsend School District|Non Section 504|504||||0.92|||||||||||||2018|PREP - Tier 1
2017-18|16050|Port Townsend School District|Non Section 504|504|111|117|96|0.820512821|||||||||||||2017|PREP - Tier 1
2016-17|16050|Port Townsend School District|Non Section 504|504||||0.769|||||||||||||2016|PREP - Tier 1
2015-16|16050|Port Townsend School District|Non Section 504|504||||0.821|||||||||||||2015|PREP - Tier 1
2014-15|16050|Port Townsend School District|Non Section 504|504||||0.86|||||||||||||2014|PREP - Tier 1
2020-21|16050|Port Townsend School District|Section 504|504|||||||||||||||||2020|PREP - Tier 1
2019-20|16050|Port Townsend School District|Section 504|504|||||||||||||||||2019|PREP - Tier 1
2018-19|16050|Port Townsend School District|Section 504|504|||||||||||||||||2018|PREP - Tier 1
2016-17|16050|Port Townsend School District|Section 504|504|||||||||||||||||2016|PREP - Tier 1
2015-16|16050|Port Townsend School District|Section 504|504|||||||||||||||||2015|PREP - Tier 1
2014-15|16050|Port Townsend School District|Section 504|504|||||||||||||||||2014|PREP - Tier 1
2020-21|16050|Port Townsend School District|All Students|All||||0.89|||||||||||||2020|PREP - Tier 1
2019-20|16050|Port Townsend School District|All Students|All||||0.9|||||||||||||2019|PREP - Tier 1
2018-19|16050|Port Townsend School District|All Students|All||||0.92|||||||||||||2018|PREP - Tier 1
2017-18|16050|Port Townsend School District|All Students|All|111|117|96|0.820512821|||||||||||||2017|PREP - Tier 1
2016-17|16050|Port Townsend School District|All Students|All|104|109|83|0.76146789|||||||||||||2016|PREP - Tier 1
2015-16|16050|Port Townsend School District|All Students|All||||0.829|||||||||||||2015|PREP - Tier 1
2014-15|16050|Port Townsend School District|All Students|All||||0.866|||||||||||||2014|PREP - Tier 1
2020-21|16050|Port Townsend School District|English Language Learners|ELL|||||||||||||||||2020|PREP - Tier 1
2019-20|16050|Port Townsend School District|English Language Learners|ELL|||||||||||||||||2019|PREP - Tier 1
2018-19|16050|Port Townsend School District|English Language Learners|ELL|||||||||||||||||2018|PREP - Tier 1
2017-18|16050|Port Townsend School District|English Language Learners|ELL|||||||||||||||||2017|PREP - Tier 1
2020-21|16050|Port Townsend School District|Non-English Language Learners|ELL||||0.89|||||||||||||2020|PREP - Tier 1
2019-20|16050|Port Townsend School District|Non-English Language Learners|ELL|73|77|69|0.896103896|||||||||||||2019|PREP - Tier 1
2018-19|16050|Port Townsend School District|Non-English Language Learners|ELL||||0.92|||||||||||||2018|PREP - Tier 1
2017-18|16050|Port Townsend School District|Non-English Language Learners|ELL||||0.828|||||||||||||2017|PREP - Tier 1
2016-17|16050|Port Townsend School District|Non-English Language Learners|ELL|104|109|83|0.76146789|||||||||||||2016|PREP - Tier 1
2015-16|16050|Port Townsend School District|Non-English Language Learners|ELL||||0.829|||||||||||||2015|PREP - Tier 1
2014-15|16050|Port Townsend School District|Non-English Language Learners|ELL||||0.866|||||||||||||2014|PREP - Tier 1
2017-18|16050|Port Townsend School District|Foster Care|Foster|||||||||||||||||2017|PREP - Tier 1
2016-17|16050|Port Townsend School District|Foster Care|Foster|||||||||||||||||2016|PREP - Tier 1
2015-16|16050|Port Townsend School District|Foster Care|Foster|||||||||||||||||2015|PREP - Tier 1
2014-15|16050|Port Townsend School District|Foster Care|Foster|||||||||||||||||2014|PREP - Tier 1
2020-21|16050|Port Townsend School District|Non-Foster Care|Foster||||0.89|||||||||||||2020|PREP - Tier 1
2019-20|16050|Port Townsend School District|Non-Foster Care|Foster||||0.9|||||||||||||2019|PREP - Tier 1
2018-19|16050|Port Townsend School District|Non-Foster Care|Foster||||0.92|||||||||||||2018|PREP - Tier 1
2017-18|16050|Port Townsend School District|Non-Foster Care|Foster||||0.826|||||||||||||2017|PREP - Tier 1
2016-17|16050|Port Townsend School District|Non-Foster Care|Foster||||0.761|||||||||||||2016|PREP - Tier 1
2015-16|16050|Port Townsend School District|Non-Foster Care|Foster||||0.824|||||||||||||2015|PREP - Tier 1
2014-15|16050|Port Townsend School District|Non-Foster Care|Foster||||0.864|||||||||||||2014|PREP - Tier 1
2020-21|16050|Port Townsend School District|Female|Gender||||0.914|||||||||||||2020|PREP - Tier 1
2019-20|16050|Port Townsend School District|Female|Gender||||0.92|||||||||||||2019|PREP - Tier 1
2018-19|16050|Port Townsend School District|Female|Gender|53|57|52|0.912280702|||||||||||||2018|PREP - Tier 1
2017-18|16050|Port Townsend School District|Female|Gender||||0.79|||||||||||||2017|PREP - Tier 1
2016-17|16050|Port Townsend School District|Female|Gender|47|49|39|0.795918367|||||||||||||2016|PREP - Tier 1
2015-16|16050|Port Townsend School District|Female|Gender||||0.78|||||||||||||2015|PREP - Tier 1
2014-15|16050|Port Townsend School District|Female|Gender||||0.88|||||||||||||2014|PREP - Tier 1
2020-21|16050|Port Townsend School District|Male|Gender|47|55|46|0.836363636|||||||||||||2020|PREP - Tier 1
2019-20|16050|Port Townsend School District|Male|Gender|35|40|35|0.875|||||||||||||2019|PREP - Tier 1
2018-19|16050|Port Townsend School District|Male|Gender||||0.917|||||||||||||2018|PREP - Tier 1
2017-18|16050|Port Townsend School District|Male|Gender||||0.85|||||||||||||2017|PREP - Tier 1
2016-17|16050|Port Townsend School District|Male|Gender|57|60|44|0.733333333|||||||||||||2016|PREP - Tier 1
2015-16|16050|Port Townsend School District|Male|Gender|51|57|50|0.877192982|||||||||||||2015|PREP - Tier 1
2014-15|16050|Port Townsend School District|Male|Gender|58|64|55|0.859375|||||||||||||2014|PREP - Tier 1
2020-21|16050|Port Townsend School District|Homeless|Homeless|||||||||||||||||2020|PREP - Tier 1
2019-20|16050|Port Townsend School District|Homeless|Homeless|||||||||||||||||2019|PREP - Tier 1
2018-19|16050|Port Townsend School District|Homeless|Homeless|||||||||||||||||2018|PREP - Tier 1
2017-18|16050|Port Townsend School District|Homeless|Homeless|||||||||||||||||2017|PREP - Tier 1
2016-17|16050|Port Townsend School District|Homeless|Homeless|||||||||||||||||2016|PREP - Tier 1
2015-16|16050|Port Townsend School District|Homeless|Homeless|||||||||||||||||2015|PREP - Tier 1
2014-15|16050|Port Townsend School District|Homeless|Homeless|||||||||||||||||2014|PREP - Tier 1
2020-21|16050|Port Townsend School District|Non-Homeless|Homeless||||0.9|||||||||||||2020|PREP - Tier 1
2019-20|16050|Port Townsend School District|Non-Homeless|Homeless|73|77|69|0.896103896|||||||||||||2019|PREP - Tier 1
2018-19|16050|Port Townsend School District|Non-Homeless|Homeless||||0.92|||||||||||||2018|PREP - Tier 1
2017-18|16050|Port Townsend School District|Non-Homeless|Homeless||||0.836|||||||||||||2017|PREP - Tier 1
2016-17|16050|Port Townsend School District|Non-Homeless|Homeless||||0.766|||||||||||||2016|PREP - Tier 1
2015-16|16050|Port Townsend School District|Non-Homeless|Homeless|105|111|92|0.828828829|||||||||||||2015|PREP - Tier 1
2014-15|16050|Port Townsend School District|Non-Homeless|Homeless||||0.868|||||||||||||2014|PREP - Tier 1
2020-21|16050|Port Townsend School District|Low-Income|LowIncome|48|47|38|0.808510638|||||||||||||2020|PREP - Tier 1
2019-20|16050|Port Townsend School District|Low-Income|LowIncome|44|46|40|0.869565217|||||||||||||2019|PREP - Tier 1
2018-19|16050|Port Townsend School District|Low-Income|LowIncome||||0.89|||||||||||||2018|PREP - Tier 1
2017-18|16050|Port Townsend School District|Low-Income|LowIncome|64|63|47|0.746031746|||||||||||||2017|PREP - Tier 1
2016-17|16050|Port Townsend School District|Low-Income|LowIncome|54|57|39|0.684210526|||||||||||||2016|PREP - Tier 1
2015-16|16050|Port Townsend School District|Low-Income|LowIncome||||0.72|||||||||||||2015|PREP - Tier 1
2014-15|16050|Port Townsend School District|Low-Income|LowIncome||||0.81|||||||||||||2014|PREP - Tier 1
2020-21|16050|Port Townsend School District|Non-Low Income|LowIncome||||0.93|||||||||||||2020|PREP - Tier 1
2019-20|16050|Port Townsend School District|Non-Low Income|LowIncome||||0.903|||||||||||||2019|PREP - Tier 1
2018-19|16050|Port Townsend School District|Non-Low Income|LowIncome||||0.936|||||||||||||2018|PREP - Tier 1
2017-18|16050|Port Townsend School District|Non-Low Income|LowIncome||||0.91|||||||||||||2017|PREP - Tier 1
2016-17|16050|Port Townsend School District|Non-Low Income|LowIncome|50|52|44|0.846153846|||||||||||||2016|PREP - Tier 1
2015-16|16050|Port Townsend School District|Non-Low Income|LowIncome|52|58|54|0.931034483|||||||||||||2015|PREP - Tier 1
2014-15|16050|Port Townsend School District|Non-Low Income|LowIncome|57|64|58|0.90625|||||||||||||2014|PREP - Tier 1
2020-21|16050|Port Townsend School District|Non Migrant|Migrant||||0.89|||||||||||||2020|PREP - Tier 1
2019-20|16050|Port Townsend School District|Non Migrant|Migrant||||0.9|||||||||||||2019|PREP - Tier 1
2018-19|16050|Port Townsend School District|Non Migrant|Migrant||||0.92|||||||||||||2018|PREP - Tier 1
2017-18|16050|Port Townsend School District|Non Migrant|Migrant|111|117|96|0.820512821|||||||||||||2017|PREP - Tier 1
2016-17|16050|Port Townsend School District|Non Migrant|Migrant|104|109|83|0.76146789|||||||||||||2016|PREP - Tier 1
2015-16|16050|Port Townsend School District|Non Migrant|Migrant||||0.829|||||||||||||2015|PREP - Tier 1
2014-15|16050|Port Townsend School District|Non Migrant|Migrant||||0.866|||||||||||||2014|PREP - Tier 1
2019-20|05903|Quileute Tribal School District|Non Section 504|504|||||||||||||||||2019|PREP - Tier 1
2019-20|16050|Port Townsend School District|American Indian/ Alaskan Native|Race|||||||||||||||||2019|PREP - Tier 1
2017-18|16050|Port Townsend School District|American Indian/ Alaskan Native|Race|||||||||||||||||2017|PREP - Tier 1
2014-15|16050|Port Townsend School District|American Indian/ Alaskan Native|Race|||||||||||||||||2014|PREP - Tier 1
2020-21|16050|Port Townsend School District|Asian|Race|||||||||||||||||2020|PREP - Tier 1
2019-20|16050|Port Townsend School District|Asian|Race|||||||||||||||||2019|PREP - Tier 1
2018-19|16050|Port Townsend School District|Asian|Race|||||||||||||||||2018|PREP - Tier 1
2017-18|16050|Port Townsend School District|Asian|Race|||||||||||||||||2017|PREP - Tier 1
2016-17|16050|Port Townsend School District|Asian|Race|||||||||||||||||2016|PREP - Tier 1
2015-16|16050|Port Townsend School District|Asian|Race|||||||||||||||||2015|PREP - Tier 1
2014-15|16050|Port Townsend School District|Asian|Race|||||||||||||||||2014|PREP - Tier 1
2020-21|16050|Port Townsend School District|Black/ African American|Race|||||||||||||||||2020|PREP - Tier 1
2019-20|16050|Port Townsend School District|Black/ African American|Race|||||||||||||||||2019|PREP - Tier 1
2017-18|16050|Port Townsend School District|Black/ African American|Race|||||||||||||||||2017|PREP - Tier 1
2016-17|16050|Port Townsend School District|Black/ African American|Race|||||||||||||||||2016|PREP - Tier 1
2015-16|16050|Port Townsend School District|Black/ African American|Race|||||||||||||||||2015|PREP - Tier 1
2014-15|16050|Port Townsend School District|Black/ African American|Race|||||||||||||||||2014|PREP - Tier 1
2020-21|16050|Port Townsend School District|Hispanic/ Latino of any race(s)|Race|||||||||||||||||2020|PREP - Tier 1
2019-20|16050|Port Townsend School District|Hispanic/ Latino of any race(s)|Race|||||||||||||||||2019|PREP - Tier 1
2018-19|16050|Port Townsend School District|Hispanic/ Latino of any race(s)|Race||||0.727|||||||||||||2018|PREP - Tier 1
2017-18|16050|Port Townsend School District|Hispanic/ Latino of any race(s)|Race|||||||||||||||||2017|PREP - Tier 1
2016-17|16050|Port Townsend School District|Hispanic/ Latino of any race(s)|Race|||||||||||||||||2016|PREP - Tier 1
2015-16|16050|Port Townsend School District|Hispanic/ Latino of any race(s)|Race|||||||||||||||||2015|PREP - Tier 1
2014-15|16050|Port Townsend School District|Hispanic/ Latino of any race(s)|Race|||||||||||||||||2014|PREP - Tier 1
2019-20|16050|Port Townsend School District|Native Hawaiian/ Other Pacific Islander|Race|||||||||||||||||2019|PREP - Tier 1
2018-19|16050|Port Townsend School District|Native Hawaiian/ Other Pacific Islander|Race|||||||||||||||||2018|PREP - Tier 1
2014-15|16050|Port Townsend School District|Native Hawaiian/ Other Pacific Islander|Race|||||||||||||||||2014|PREP - Tier 1
2020-21|16050|Port Townsend School District|Two or More Races|Race|||||||||||||||||2020|PREP - Tier 1
2019-20|16050|Port Townsend School District|Two or More Races|Race|||||||||||||||||2019|PREP - Tier 1
2018-19|16050|Port Townsend School District|Two or More Races|Race|||||||||||||||||2018|PREP - Tier 1
2017-18|16050|Port Townsend School District|Two or More Races|Race|||||||||||||||||2017|PREP - Tier 1
2016-17|16050|Port Townsend School District|Two or More Races|Race||||0.4|||||||||||||2016|PREP - Tier 1
2015-16|16050|Port Townsend School District|Two or More Races|Race|||||||||||||||||2015|PREP - Tier 1
2014-15|16050|Port Townsend School District|Two or More Races|Race|||||||||||||||||2014|PREP - Tier 1
2020-21|16050|Port Townsend School District|White|Race|68|74|67|0.905405405|||||||||||||2020|PREP - Tier 1
2019-20|16050|Port Townsend School District|White|Race|56|60|55|0.916666667|||||||||||||2019|PREP - Tier 1
2018-19|16050|Port Townsend School District|White|Race|70|74|68|0.918918919|||||||||||||2018|PREP - Tier 1
2017-18|16050|Port Townsend School District|White|Race|98|101|84|0.831683168|||||||||||||2017|PREP - Tier 1
2016-17|16050|Port Townsend School District|White|Race|88|92|74|0.804347826|||||||||||||2016|PREP - Tier 1
2015-16|16050|Port Townsend School District|White|Race|90|93|80|0.860215054|||||||||||||2015|PREP - Tier 1
2014-15|16050|Port Townsend School District|White|Race|92|92|80|0.869565217|||||||||||||2014|PREP - Tier 1
2020-21|16050|Port Townsend School District|Students with Disabilities|sped||||0.77|||||||||||||2020|PREP - Tier 1
2019-20|16050|Port Townsend School District|Students with Disabilities|sped||||0.786|||||||||||||2019|PREP - Tier 1
2018-19|16050|Port Townsend School District|Students with Disabilities|sped|||||||||||||||||2018|PREP - Tier 1
2017-18|16050|Port Townsend School District|Students with Disabilities|sped|22|21|15|0.714285714|||||||||||||2017|PREP - Tier 1
2016-17|16050|Port Townsend School District|Students with Disabilities|sped||||0.68|||||||||||||2016|PREP - Tier 1
2015-16|16050|Port Townsend School District|Students with Disabilities|sped||||0.67|||||||||||||2015|PREP - Tier 1
2014-15|16050|Port Townsend School District|Students with Disabilities|sped||||0.8|||||||||||||2014|PREP - Tier 1
2020-21|16050|Port Townsend School District|Students without Disabilities|sped|69|77|70|0.909090909|||||||||||||2020|PREP - Tier 1
2019-20|16050|Port Townsend School District|Students without Disabilities|sped|59|63|57|0.904761905|||||||||||||2019|PREP - Tier 1
2018-19|16050|Port Townsend School District|Students without Disabilities|sped||||0.93|||||||||||||2018|PREP - Tier 1
2017-18|16050|Port Townsend School District|Students without Disabilities|sped||||0.84|||||||||||||2017|PREP - Tier 1
2016-17|16050|Port Townsend School District|Students without Disabilities|sped||||0.78|||||||||||||2016|PREP - Tier 1
2015-16|16050|Port Townsend School District|Students without Disabilities|sped|88|93|80|0.860215054|||||||||||||2015|PREP - Tier 1
2014-15|16050|Port Townsend School District|Students without Disabilities|sped|94|97|84|0.865979381|||||||||||||2014|PREP - Tier 1
2020-21|36402|Prescott School District|Non Section 504|504||||0.82|||||||||||||2020|United Way of the Blue Mountains
2019-20|36402|Prescott School District|Non Section 504|504||||0.824|||||||||||||2019|United Way of the Blue Mountains
2018-19|36402|Prescott School District|Non Section 504|504||||0.8|||||||||||||2018|United Way of the Blue Mountains
2017-18|36402|Prescott School District|Non Section 504|504||||0.75|||||||||||||2017|United Way of the Blue Mountains
2016-17|36402|Prescott School District|Non Section 504|504||||0.813|||||||||||||2016|United Way of the Blue Mountains
2015-16|36402|Prescott School District|Non Section 504|504||||0.842|||||||||||||2015|United Way of the Blue Mountains
2014-15|36402|Prescott School District|Non Section 504|504||||0.857|||||||||||||2014|United Way of the Blue Mountains
2020-21|36402|Prescott School District|Section 504|504|||||||||||||||||2020|United Way of the Blue Mountains
2015-16|36402|Prescott School District|Section 504|504|||||||||||||||||2015|United Way of the Blue Mountains
2020-21|36402|Prescott School District|All Students|All||||0.78|||||||||||||2020|United Way of the Blue Mountains
2019-20|36402|Prescott School District|All Students|All||||0.824|||||||||||||2019|United Way of the Blue Mountains
2018-19|36402|Prescott School District|All Students|All||||0.8|||||||||||||2018|United Way of the Blue Mountains
2017-18|36402|Prescott School District|All Students|All||||0.75|||||||||||||2017|United Way of the Blue Mountains
2016-17|36402|Prescott School District|All Students|All||||0.813|||||||||||||2016|United Way of the Blue Mountains
2015-16|36402|Prescott School District|All Students|All||||0.85|||||||||||||2015|United Way of the Blue Mountains
2014-15|36402|Prescott School District|All Students|All||||0.857|||||||||||||2014|United Way of the Blue Mountains
2020-21|36402|Prescott School District|English Language Learners|ELL|||||||||||||||||2020|United Way of the Blue Mountains
2019-20|36402|Prescott School District|English Language Learners|ELL|||||||||||||||||2019|United Way of the Blue Mountains
2018-19|36402|Prescott School District|English Language Learners|ELL|||||||||||||||||2018|United Way of the Blue Mountains
2017-18|36402|Prescott School District|English Language Learners|ELL|||||||||||||||||2017|United Way of the Blue Mountains
2016-17|36402|Prescott School District|English Language Learners|ELL|||||||||||||||||2016|United Way of the Blue Mountains
2015-16|36402|Prescott School District|English Language Learners|ELL|||||||||||||||||2015|United Way of the Blue Mountains
2014-15|36402|Prescott School District|English Language Learners|ELL|||||||||||||||||2014|United Way of the Blue Mountains
2020-21|36402|Prescott School District|Non-English Language Learners|ELL||||0.79|||||||||||||2020|United Way of the Blue Mountains
2019-20|36402|Prescott School District|Non-English Language Learners|ELL||||0.8|||||||||||||2019|United Way of the Blue Mountains
2018-19|36402|Prescott School District|Non-English Language Learners|ELL||||0.75|||||||||||||2018|United Way of the Blue Mountains
2017-18|36402|Prescott School District|Non-English Language Learners|ELL||||0.75|||||||||||||2017|United Way of the Blue Mountains
2016-17|36402|Prescott School District|Non-English Language Learners|ELL||||0.8|||||||||||||2016|United Way of the Blue Mountains
2015-16|36402|Prescott School District|Non-English Language Learners|ELL||||0.8|||||||||||||2015|United Way of the Blue Mountains
2014-15|36402|Prescott School District|Non-English Language Learners|ELL||||0.824|||||||||||||2014|United Way of the Blue Mountains
2016-17|36402|Prescott School District|Foster Care|Foster|||||||||||||||||2016|United Way of the Blue Mountains
2020-21|36402|Prescott School District|Non-Foster Care|Foster||||0.78|||||||||||||2020|United Way of the Blue Mountains
2019-20|36402|Prescott School District|Non-Foster Care|Foster||||0.824|||||||||||||2019|United Way of the Blue Mountains
2018-19|36402|Prescott School District|Non-Foster Care|Foster||||0.8|||||||||||||2018|United Way of the Blue Mountains
2017-18|36402|Prescott School District|Non-Foster Care|Foster||||0.75|||||||||||||2017|United Way of the Blue Mountains
2016-17|36402|Prescott School District|Non-Foster Care|Foster|||||||||||||||||2016|United Way of the Blue Mountains
2015-16|36402|Prescott School District|Non-Foster Care|Foster||||0.85|||||||||||||2015|United Way of the Blue Mountains
2014-15|36402|Prescott School District|Non-Foster Care|Foster||||0.857|||||||||||||2014|United Way of the Blue Mountains
2020-21|36402|Prescott School District|Female|Gender||||0.727|||||||||||||2020|United Way of the Blue Mountains
2019-20|36402|Prescott School District|Female|Gender|||||||||||||||||2019|United Way of the Blue Mountains
2018-19|36402|Prescott School District|Female|Gender|||||||||||||||||2018|United Way of the Blue Mountains
2017-18|36402|Prescott School District|Female|Gender|||||||||||||||||2017|United Way of the Blue Mountains
2016-17|36402|Prescott School District|Female|Gender|||||||||||||||||2016|United Way of the Blue Mountains
2015-16|36402|Prescott School District|Female|Gender||||0.7|||||||||||||2015|United Way of the Blue Mountains
2014-15|36402|Prescott School District|Female|Gender|||||||||||||||||2014|United Way of the Blue Mountains
2020-21|36402|Prescott School District|Male|Gender|10|12|7|0.583333333|||||||||||||2020|United Way of the Blue Mountains
2019-20|36402|Prescott School District|Male|Gender|||||||||||||||||2019|United Way of the Blue Mountains
2018-19|36402|Prescott School District|Male|Gender|||||||||||||||||2018|United Way of the Blue Mountains
2017-18|36402|Prescott School District|Male|Gender|||||||||||||||||2017|United Way of the Blue Mountains
2016-17|36402|Prescott School District|Male|Gender||||0.7|||||||||||||2016|United Way of the Blue Mountains
2015-16|36402|Prescott School District|Male|Gender||||0.7|||||||||||||2015|United Way of the Blue Mountains
2014-15|36402|Prescott School District|Male|Gender||||0.75|||||||||||||2014|United Way of the Blue Mountains
2017-18|36402|Prescott School District|Homeless|Homeless|||||||||||||||||2017|United Way of the Blue Mountains
2014-15|36402|Prescott School District|Homeless|Homeless|||||||||||||||||2014|United Way of the Blue Mountains
2020-21|36402|Prescott School District|Non-Homeless|Homeless||||0.78|||||||||||||2020|United Way of the Blue Mountains
2019-20|36402|Prescott School District|Non-Homeless|Homeless||||0.824|||||||||||||2019|United Way of the Blue Mountains
2018-19|36402|Prescott School District|Non-Homeless|Homeless||||0.8|||||||||||||2018|United Way of the Blue Mountains
2017-18|36402|Prescott School District|Non-Homeless|Homeless||||0.75|||||||||||||2017|United Way of the Blue Mountains
2016-17|36402|Prescott School District|Non-Homeless|Homeless||||0.813|||||||||||||2016|United Way of the Blue Mountains
2015-16|36402|Prescott School District|Non-Homeless|Homeless||||0.85|||||||||||||2015|United Way of the Blue Mountains
2014-15|36402|Prescott School District|Non-Homeless|Homeless||||0.857|||||||||||||2014|United Way of the Blue Mountains
2020-21|36402|Prescott School District|Low-Income|LowIncome||||0.78|||||||||||||2020|United Way of the Blue Mountains
2019-20|36402|Prescott School District|Low-Income|LowIncome||||0.824|||||||||||||2019|United Way of the Blue Mountains
2018-19|36402|Prescott School District|Low-Income|LowIncome||||0.8|||||||||||||2018|United Way of the Blue Mountains
2017-18|36402|Prescott School District|Low-Income|LowIncome||||0.75|||||||||||||2017|United Way of the Blue Mountains
2016-17|36402|Prescott School District|Low-Income|LowIncome||||0.813|||||||||||||2016|United Way of the Blue Mountains
2015-16|36402|Prescott School District|Low-Income|LowIncome||||0.85|||||||||||||2015|United Way of the Blue Mountains
2014-15|36402|Prescott School District|Low-Income|LowIncome||||0.833|||||||||||||2014|United Way of the Blue Mountains
2017-18|36402|Prescott School District|Non-Low Income|LowIncome|||||||||||||||||2017|United Way of the Blue Mountains
2016-17|36402|Prescott School District|Non-Low Income|LowIncome|||||||||||||||||2016|United Way of the Blue Mountains
2015-16|36402|Prescott School District|Non-Low Income|LowIncome|||||||||||||||||2015|United Way of the Blue Mountains
2014-15|36402|Prescott School District|Non-Low Income|LowIncome|||||||||||||||||2014|United Way of the Blue Mountains
2020-21|36402|Prescott School District|Migrant|Migrant|||||||||||||||||2020|United Way of the Blue Mountains
2019-20|36402|Prescott School District|Migrant|Migrant|||||||||||||||||2019|United Way of the Blue Mountains
2018-19|36402|Prescott School District|Migrant|Migrant|||||||||||||||||2018|United Way of the Blue Mountains
2017-18|36402|Prescott School District|Migrant|Migrant|||||||||||||||||2017|United Way of the Blue Mountains
2016-17|36402|Prescott School District|Migrant|Migrant|||||||||||||||||2016|United Way of the Blue Mountains
2015-16|36402|Prescott School District|Migrant|Migrant|||||||||||||||||2015|United Way of the Blue Mountains
2014-15|36402|Prescott School District|Migrant|Migrant|||||||||||||||||2014|United Way of the Blue Mountains
2020-21|36402|Prescott School District|Non Migrant|Migrant||||0.76|||||||||||||2020|United Way of the Blue Mountains
2019-20|36402|Prescott School District|Non Migrant|Migrant||||0.769|||||||||||||2019|United Way of the Blue Mountains
2018-19|36402|Prescott School District|Non Migrant|Migrant||||0.727|||||||||||||2018|United Way of the Blue Mountains
2017-18|36402|Prescott School District|Non Migrant|Migrant|||||||||||||||||2017|United Way of the Blue Mountains
2016-17|36402|Prescott School District|Non Migrant|Migrant||||0.769|||||||||||||2016|United Way of the Blue Mountains
2015-16|36402|Prescott School District|Non Migrant|Migrant||||0.786|||||||||||||2015|United Way of the Blue Mountains
2014-15|36402|Prescott School District|Non Migrant|Migrant||||0.842|||||||||||||2014|United Way of the Blue Mountains
2018-19|36402|Prescott School District|American Indian/ Alaskan Native|Race|||||||||||||||||2018|United Way of the Blue Mountains
2016-17|36402|Prescott School District|American Indian/ Alaskan Native|Race|||||||||||||||||2016|United Way of the Blue Mountains
2019-20|36402|Prescott School District|Black/ African American|Race|||||||||||||||||2019|United Way of the Blue Mountains
2018-19|36402|Prescott School District|Black/ African American|Race|||||||||||||||||2018|United Way of the Blue Mountains
2017-18|36402|Prescott School District|Black/ African American|Race|||||||||||||||||2017|United Way of the Blue Mountains
2016-17|36402|Prescott School District|Black/ African American|Race|||||||||||||||||2016|United Way of the Blue Mountains
2015-16|36402|Prescott School District|Black/ African American|Race|||||||||||||||||2015|United Way of the Blue Mountains
2014-15|36402|Prescott School District|Black/ African American|Race|||||||||||||||||2014|United Way of the Blue Mountains
2020-21|36402|Prescott School District|Hispanic/ Latino of any race(s)|Race||||0.842|||||||||||||2020|United Way of the Blue Mountains
2019-20|36402|Prescott School District|Hispanic/ Latino of any race(s)|Race||||0.824|||||||||||||2019|United Way of the Blue Mountains
2018-19|36402|Prescott School District|Hispanic/ Latino of any race(s)|Race||||0.8|||||||||||||2018|United Way of the Blue Mountains
2017-18|36402|Prescott School District|Hispanic/ Latino of any race(s)|Race|||||||||||||||||2017|United Way of the Blue Mountains
2016-17|36402|Prescott School District|Hispanic/ Latino of any race(s)|Race||||0.786|||||||||||||2016|United Way of the Blue Mountains
2015-16|36402|Prescott School District|Hispanic/ Latino of any race(s)|Race||||0.824|||||||||||||2015|United Way of the Blue Mountains
2014-15|36402|Prescott School District|Hispanic/ Latino of any race(s)|Race||||0.75|||||||||||||2014|United Way of the Blue Mountains
2020-21|36402|Prescott School District|White|Race|||||||||||||||||2020|United Way of the Blue Mountains
2019-20|36402|Prescott School District|White|Race|||||||||||||||||2019|United Way of the Blue Mountains
2018-19|36402|Prescott School District|White|Race|||||||||||||||||2018|United Way of the Blue Mountains
2017-18|36402|Prescott School District|White|Race|||||||||||||||||2017|United Way of the Blue Mountains
2016-17|36402|Prescott School District|White|Race|||||||||||||||||2016|United Way of the Blue Mountains
2015-16|36402|Prescott School District|White|Race|||||||||||||||||2015|United Way of the Blue Mountains
2014-15|36402|Prescott School District|White|Race|||||||||||||||||2014|United Way of the Blue Mountains
2020-21|36402|Prescott School District|Students with Disabilities|sped|||||||||||||||||2020|United Way of the Blue Mountains
2018-19|36402|Prescott School District|Students with Disabilities|sped|||||||||||||||||2018|United Way of the Blue Mountains
2017-18|36402|Prescott School District|Students with Disabilities|sped|||||||||||||||||2017|United Way of the Blue Mountains
2016-17|36402|Prescott School District|Students with Disabilities|sped|||||||||||||||||2016|United Way of the Blue Mountains
2015-16|36402|Prescott School District|Students with Disabilities|sped|||||||||||||||||2015|United Way of the Blue Mountains
2014-15|36402|Prescott School District|Students with Disabilities|sped|||||||||||||||||2014|United Way of the Blue Mountains
2020-21|36402|Prescott School District|Students without Disabilities|sped||||0.86|||||||||||||2020|United Way of the Blue Mountains
2019-20|36402|Prescott School District|Students without Disabilities|sped||||0.824|||||||||||||2019|United Way of the Blue Mountains
2018-19|36402|Prescott School District|Students without Disabilities|sped||||0.769|||||||||||||2018|United Way of the Blue Mountains
2017-18|36402|Prescott School District|Students without Disabilities|sped||||0.75|||||||||||||2017|United Way of the Blue Mountains
2016-17|36402|Prescott School District|Students without Disabilities|sped||||0.786|||||||||||||2016|United Way of the Blue Mountains
2015-16|36402|Prescott School District|Students without Disabilities|sped||||0.824|||||||||||||2015|United Way of the Blue Mountains
2014-15|36402|Prescott School District|Students without Disabilities|sped||||0.833|||||||||||||2014|United Way of the Blue Mountains
2018-19|05903|Quileute Tribal School District|Non Section 504|504|||||||||||||||||2018|PREP - Tier 1
2020-21|16048|Quilcene School District|Non Section 504|504||||0.833|||||||||||||2020|PREP - Tier 1
2019-20|16048|Quilcene School District|Non Section 504|504||||0.842|||||||||||||2019|PREP - Tier 1
2018-19|16048|Quilcene School District|Non Section 504|504||||0.864|||||||||||||2018|PREP - Tier 1
2017-18|16048|Quilcene School District|Non Section 504|504||||0.73|||||||||||||2017|PREP - Tier 1
2016-17|16048|Quilcene School District|Non Section 504|504||||0.88|||||||||||||2016|PREP - Tier 1
2015-16|16048|Quilcene School District|Non Section 504|504||||0.78|||||||||||||2015|PREP - Tier 1
2014-15|16048|Quilcene School District|Non Section 504|504||||0.842|||||||||||||2014|PREP - Tier 1
2020-21|16048|Quilcene School District|Section 504|504|||||||||||||||||2020|PREP - Tier 1
2019-20|16048|Quilcene School District|Section 504|504|||||||||||||||||2019|PREP - Tier 1
2018-19|16048|Quilcene School District|Section 504|504|||||||||||||||||2018|PREP - Tier 1
2017-18|16048|Quilcene School District|Section 504|504|||||||||||||||||2017|PREP - Tier 1
2014-15|16048|Quilcene School District|Section 504|504|||||||||||||||||2014|PREP - Tier 1
2020-21|16048|Quilcene School District|All Students|All||||0.842|||||||||||||2020|PREP - Tier 1
2019-20|16048|Quilcene School District|All Students|All||||0.85|||||||||||||2019|PREP - Tier 1
2018-19|16048|Quilcene School District|All Students|All||||0.87|||||||||||||2018|PREP - Tier 1
2017-18|16048|Quilcene School District|All Students|All||||0.77|||||||||||||2017|PREP - Tier 1
2016-17|16048|Quilcene School District|All Students|All||||0.88|||||||||||||2016|PREP - Tier 1
2015-16|16048|Quilcene School District|All Students|All||||0.78|||||||||||||2015|PREP - Tier 1
2014-15|16048|Quilcene School District|All Students|All||||0.85|||||||||||||2014|PREP - Tier 1
2020-21|16048|Quilcene School District|Non-English Language Learners|ELL||||0.842|||||||||||||2020|PREP - Tier 1
2019-20|16048|Quilcene School District|Non-English Language Learners|ELL||||0.85|||||||||||||2019|PREP - Tier 1
2018-19|16048|Quilcene School District|Non-English Language Learners|ELL||||0.87|||||||||||||2018|PREP - Tier 1
2017-18|16048|Quilcene School District|Non-English Language Learners|ELL||||0.77|||||||||||||2017|PREP - Tier 1
2016-17|16048|Quilcene School District|Non-English Language Learners|ELL||||0.88|||||||||||||2016|PREP - Tier 1
2015-16|16048|Quilcene School District|Non-English Language Learners|ELL||||0.78|||||||||||||2015|PREP - Tier 1
2014-15|16048|Quilcene School District|Non-English Language Learners|ELL||||0.85|||||||||||||2014|PREP - Tier 1
2020-21|16048|Quilcene School District|Non-Foster Care|Foster||||0.842|||||||||||||2020|PREP - Tier 1
2019-20|16048|Quilcene School District|Non-Foster Care|Foster||||0.85|||||||||||||2019|PREP - Tier 1
2018-19|16048|Quilcene School District|Non-Foster Care|Foster||||0.87|||||||||||||2018|PREP - Tier 1
2017-18|16048|Quilcene School District|Non-Foster Care|Foster||||0.77|||||||||||||2017|PREP - Tier 1
2016-17|16048|Quilcene School District|Non-Foster Care|Foster||||0.88|||||||||||||2016|PREP - Tier 1
2015-16|16048|Quilcene School District|Non-Foster Care|Foster||||0.78|||||||||||||2015|PREP - Tier 1
2014-15|16048|Quilcene School District|Non-Foster Care|Foster||||0.85|||||||||||||2014|PREP - Tier 1
2020-21|16048|Quilcene School District|Female|Gender|||||||||||||||||2020|PREP - Tier 1
2019-20|16048|Quilcene School District|Female|Gender|||||||||||||||||2019|PREP - Tier 1
2018-19|16048|Quilcene School District|Female|Gender|||||||||||||||||2018|PREP - Tier 1
2017-18|16048|Quilcene School District|Female|Gender||||0.727|||||||||||||2017|PREP - Tier 1
2016-17|16048|Quilcene School District|Female|Gender||||0.727|||||||||||||2016|PREP - Tier 1
2015-16|16048|Quilcene School District|Female|Gender|||||||||||||||||2015|PREP - Tier 1
2014-15|16048|Quilcene School District|Female|Gender|||||||||||||||||2014|PREP - Tier 1
2020-21|16048|Quilcene School District|Male|Gender||||0.7|||||||||||||2020|PREP - Tier 1
2019-20|16048|Quilcene School District|Male|Gender||||0.769|||||||||||||2019|PREP - Tier 1
2018-19|16048|Quilcene School District|Male|Gender||||0.786|||||||||||||2018|PREP - Tier 1
2017-18|16048|Quilcene School District|Male|Gender|8|15|11|0.733333333|||||||||||||2017|PREP - Tier 1
2016-17|16048|Quilcene School District|Male|Gender||||0.786|||||||||||||2016|PREP - Tier 1
2015-16|16048|Quilcene School District|Male|Gender||||0.75|||||||||||||2015|PREP - Tier 1
2014-15|16048|Quilcene School District|Male|Gender||||0.75|||||||||||||2014|PREP - Tier 1
2020-21|16048|Quilcene School District|Homeless|Homeless|||||||||||||||||2020|PREP - Tier 1
2019-20|16048|Quilcene School District|Homeless|Homeless|||||||||||||||||2019|PREP - Tier 1
2018-19|16048|Quilcene School District|Homeless|Homeless|||||||||||||||||2018|PREP - Tier 1
2017-18|16048|Quilcene School District|Homeless|Homeless|||||||||||||||||2017|PREP - Tier 1
2016-17|16048|Quilcene School District|Homeless|Homeless|||||||||||||||||2016|PREP - Tier 1
2015-16|16048|Quilcene School District|Homeless|Homeless|||||||||||||||||2015|PREP - Tier 1
2020-21|16048|Quilcene School District|Non-Homeless|Homeless||||0.833|||||||||||||2020|PREP - Tier 1
2019-20|16048|Quilcene School District|Non-Homeless|Homeless||||0.769|||||||||||||2019|PREP - Tier 1
2018-19|16048|Quilcene School District|Non-Homeless|Homeless||||0.842|||||||||||||2018|PREP - Tier 1
2017-18|16048|Quilcene School District|Non-Homeless|Homeless||||0.75|||||||||||||2017|PREP - Tier 1
2016-17|16048|Quilcene School District|Non-Homeless|Homeless||||0.87|||||||||||||2016|PREP - Tier 1
2015-16|16048|Quilcene School District|Non-Homeless|Homeless||||0.824|||||||||||||2015|PREP - Tier 1
2014-15|16048|Quilcene School District|Non-Homeless|Homeless||||0.85|||||||||||||2014|PREP - Tier 1
2020-21|16048|Quilcene School District|Low-Income|LowIncome||||0.7|||||||||||||2020|PREP - Tier 1
2019-20|16048|Quilcene School District|Low-Income|LowIncome|||||||||||||||||2019|PREP - Tier 1
2018-19|16048|Quilcene School District|Low-Income|LowIncome||||0.824|||||||||||||2018|PREP - Tier 1
2017-18|16048|Quilcene School District|Low-Income|LowIncome||||0.65|||||||||||||2017|PREP - Tier 1
2016-17|16048|Quilcene School District|Low-Income|LowIncome||||0.769|||||||||||||2016|PREP - Tier 1
2015-16|16048|Quilcene School District|Low-Income|LowIncome|||||||||||||||||2015|PREP - Tier 1
2014-15|16048|Quilcene School District|Low-Income|LowIncome||||0.769|||||||||||||2014|PREP - Tier 1
2020-21|16048|Quilcene School District|Non-Low Income|LowIncome|||||||||||||||||2020|PREP - Tier 1
2019-20|16048|Quilcene School District|Non-Low Income|LowIncome||||0.769|||||||||||||2019|PREP - Tier 1
2018-19|16048|Quilcene School District|Non-Low Income|LowIncome|||||||||||||||||2018|PREP - Tier 1
2017-18|16048|Quilcene School District|Non-Low Income|LowIncome|||||||||||||||||2017|PREP - Tier 1
2016-17|16048|Quilcene School District|Non-Low Income|LowIncome||||0.75|||||||||||||2016|PREP - Tier 1
2015-16|16048|Quilcene School District|Non-Low Income|LowIncome|||||||||||||||||2015|PREP - Tier 1
2014-15|16048|Quilcene School District|Non-Low Income|LowIncome|||||||||||||||||2014|PREP - Tier 1
2020-21|16048|Quilcene School District|Non Migrant|Migrant||||0.842|||||||||||||2020|PREP - Tier 1
2019-20|16048|Quilcene School District|Non Migrant|Migrant||||0.85|||||||||||||2019|PREP - Tier 1
2018-19|16048|Quilcene School District|Non Migrant|Migrant||||0.87|||||||||||||2018|PREP - Tier 1
2017-18|16048|Quilcene School District|Non Migrant|Migrant||||0.77|||||||||||||2017|PREP - Tier 1
2016-17|16048|Quilcene School District|Non Migrant|Migrant||||0.88|||||||||||||2016|PREP - Tier 1
2015-16|16048|Quilcene School District|Non Migrant|Migrant||||0.78|||||||||||||2015|PREP - Tier 1
2014-15|16048|Quilcene School District|Non Migrant|Migrant||||0.85|||||||||||||2014|PREP - Tier 1
2020-21|16048|Quilcene School District|American Indian/ Alaskan Native|Race|||||||||||||||||2020|PREP - Tier 1
2017-18|16048|Quilcene School District|American Indian/ Alaskan Native|Race|||||||||||||||||2017|PREP - Tier 1
2015-16|16048|Quilcene School District|American Indian/ Alaskan Native|Race|||||||||||||||||2015|PREP - Tier 1
2019-20|16048|Quilcene School District|Asian|Race|||||||||||||||||2019|PREP - Tier 1
2018-19|16048|Quilcene School District|Asian|Race|||||||||||||||||2018|PREP - Tier 1
2014-15|16048|Quilcene School District|Asian|Race|||||||||||||||||2014|PREP - Tier 1
2020-21|16048|Quilcene School District|Black/ African American|Race|||||||||||||||||2020|PREP - Tier 1
2015-16|16048|Quilcene School District|Black/ African American|Race|||||||||||||||||2015|PREP - Tier 1
2020-21|16048|Quilcene School District|Hispanic/ Latino of any race(s)|Race|||||||||||||||||2020|PREP - Tier 1
2018-19|16048|Quilcene School District|Hispanic/ Latino of any race(s)|Race|||||||||||||||||2018|PREP - Tier 1
2017-18|16048|Quilcene School District|Hispanic/ Latino of any race(s)|Race|||||||||||||||||2017|PREP - Tier 1
2016-17|16048|Quilcene School District|Hispanic/ Latino of any race(s)|Race|||||||||||||||||2016|PREP - Tier 1
2015-16|16048|Quilcene School District|Hispanic/ Latino of any race(s)|Race|||||||||||||||||2015|PREP - Tier 1
2014-15|16048|Quilcene School District|Hispanic/ Latino of any race(s)|Race|||||||||||||||||2014|PREP - Tier 1
2020-21|16048|Quilcene School District|Two or More Races|Race|||||||||||||||||2020|PREP - Tier 1
2018-19|16048|Quilcene School District|Two or More Races|Race|||||||||||||||||2018|PREP - Tier 1
2017-18|16048|Quilcene School District|Two or More Races|Race|||||||||||||||||2017|PREP - Tier 1
2015-16|16048|Quilcene School District|Two or More Races|Race|||||||||||||||||2015|PREP - Tier 1
2014-15|16048|Quilcene School District|Two or More Races|Race|||||||||||||||||2014|PREP - Tier 1
2020-21|16048|Quilcene School District|White|Race||||0.813|||||||||||||2020|PREP - Tier 1
2019-20|16048|Quilcene School District|White|Race||||0.85|||||||||||||2019|PREP - Tier 1
2018-19|16048|Quilcene School District|White|Race||||0.85|||||||||||||2018|PREP - Tier 1
2017-18|16048|Quilcene School District|White|Race||||0.81|||||||||||||2017|PREP - Tier 1
2016-17|16048|Quilcene School District|White|Race||||0.875|||||||||||||2016|PREP - Tier 1
2015-16|16048|Quilcene School District|White|Race||||0.769|||||||||||||2015|PREP - Tier 1
2014-15|16048|Quilcene School District|White|Race||||0.842|||||||||||||2014|PREP - Tier 1
2020-21|16048|Quilcene School District|Students with Disabilities|sped|||||||||||||||||2020|PREP - Tier 1
2019-20|16048|Quilcene School District|Students with Disabilities|sped|||||||||||||||||2019|PREP - Tier 1
2018-19|16048|Quilcene School District|Students with Disabilities|sped|||||||||||||||||2018|PREP - Tier 1
2017-18|16048|Quilcene School District|Students with Disabilities|sped|||||||||||||||||2017|PREP - Tier 1
2016-17|16048|Quilcene School District|Students with Disabilities|sped|||||||||||||||||2016|PREP - Tier 1
2015-16|16048|Quilcene School District|Students with Disabilities|sped|||||||||||||||||2015|PREP - Tier 1
2014-15|16048|Quilcene School District|Students with Disabilities|sped|||||||||||||||||2014|PREP - Tier 1
2020-21|16048|Quilcene School District|Students without Disabilities|sped||||0.786|||||||||||||2020|PREP - Tier 1
2019-20|16048|Quilcene School District|Students without Disabilities|sped||||0.769|||||||||||||2019|PREP - Tier 1
2018-19|16048|Quilcene School District|Students without Disabilities|sped||||0.824|||||||||||||2018|PREP - Tier 1
2017-18|16048|Quilcene School District|Students without Disabilities|sped||||0.86|||||||||||||2017|PREP - Tier 1
2016-17|16048|Quilcene School District|Students without Disabilities|sped||||0.87|||||||||||||2016|PREP - Tier 1
2015-16|16048|Quilcene School District|Students without Disabilities|sped||||0.8|||||||||||||2015|PREP - Tier 1
2014-15|16048|Quilcene School District|Students without Disabilities|sped||||0.833|||||||||||||2014|PREP - Tier 1
2020-21|05903|Quileute Tribal School District|Non Section 504|504|||||||||||||||||2020|PREP - Tier 1
2019-20|05903|Quileute Tribal School District|Section 504|504|||||||||||||||||2019|PREP - Tier 1
2020-21|05903|Quileute Tribal School District|All Students|All|||||||||||||||||2020|PREP - Tier 1
2019-20|05903|Quileute Tribal School District|All Students|All|||||||||||||||||2019|PREP - Tier 1
2018-19|05903|Quileute Tribal School District|All Students|All|||||||||||||||||2018|PREP - Tier 1
2020-21|05903|Quileute Tribal School District|Non-English Language Learners|ELL|||||||||||||||||2020|PREP - Tier 1
2019-20|05903|Quileute Tribal School District|Non-English Language Learners|ELL|||||||||||||||||2019|PREP - Tier 1
2018-19|05903|Quileute Tribal School District|Non-English Language Learners|ELL|||||||||||||||||2018|PREP - Tier 1
2020-21|05903|Quileute Tribal School District|Non-Foster Care|Foster|||||||||||||||||2020|PREP - Tier 1
2019-20|05903|Quileute Tribal School District|Non-Foster Care|Foster|||||||||||||||||2019|PREP - Tier 1
2018-19|05903|Quileute Tribal School District|Non-Foster Care|Foster|||||||||||||||||2018|PREP - Tier 1
2020-21|05903|Quileute Tribal School District|Female|Gender|||||||||||||||||2020|PREP - Tier 1
2019-20|05903|Quileute Tribal School District|Female|Gender|||||||||||||||||2019|PREP - Tier 1
2018-19|05903|Quileute Tribal School District|Female|Gender|||||||||||||||||2018|PREP - Tier 1
2020-21|05903|Quileute Tribal School District|Male|Gender|||||||||||||||||2020|PREP - Tier 1
2019-20|05903|Quileute Tribal School District|Male|Gender|||||||||||||||||2019|PREP - Tier 1
2020-21|05903|Quileute Tribal School District|Homeless|Homeless|||||||||||||||||2020|PREP - Tier 1
2018-19|05903|Quileute Tribal School District|Homeless|Homeless|||||||||||||||||2018|PREP - Tier 1
2020-21|05903|Quileute Tribal School District|Non-Homeless|Homeless|||||||||||||||||2020|PREP - Tier 1
2019-20|05903|Quileute Tribal School District|Non-Homeless|Homeless|||||||||||||||||2019|PREP - Tier 1
2018-19|05903|Quileute Tribal School District|Non-Homeless|Homeless|||||||||||||||||2018|PREP - Tier 1
2020-21|05903|Quileute Tribal School District|Low-Income|LowIncome|||||||||||||||||2020|PREP - Tier 1
2019-20|05903|Quileute Tribal School District|Low-Income|LowIncome|||||||||||||||||2019|PREP - Tier 1
2018-19|05903|Quileute Tribal School District|Low-Income|LowIncome|||||||||||||||||2018|PREP - Tier 1
2020-21|05903|Quileute Tribal School District|Non Migrant|Migrant|||||||||||||||||2020|PREP - Tier 1
2019-20|05903|Quileute Tribal School District|Non Migrant|Migrant|||||||||||||||||2019|PREP - Tier 1
2018-19|05903|Quileute Tribal School District|Non Migrant|Migrant|||||||||||||||||2018|PREP - Tier 1
2020-21|05903|Quileute Tribal School District|American Indian/ Alaskan Native|Race|||||||||||||||||2020|PREP - Tier 1
2019-20|05903|Quileute Tribal School District|American Indian/ Alaskan Native|Race|||||||||||||||||2019|PREP - Tier 1
2018-19|05903|Quileute Tribal School District|American Indian/ Alaskan Native|Race|||||||||||||||||2018|PREP - Tier 1
2020-21|05903|Quileute Tribal School District|Students with Disabilities|sped|||||||||||||||||2020|PREP - Tier 1
2019-20|05903|Quileute Tribal School District|Students with Disabilities|sped|||||||||||||||||2019|PREP - Tier 1
2020-21|05903|Quileute Tribal School District|Students without Disabilities|sped|||||||||||||||||2020|PREP - Tier 1
2019-20|05903|Quileute Tribal School District|Students without Disabilities|sped|||||||||||||||||2019|PREP - Tier 1
2018-19|05903|Quileute Tribal School District|Students without Disabilities|sped|||||||||||||||||2018|PREP - Tier 1
2020-21|05323|Sequim School District|Non Section 504|504|194|182|157|0.862637363|||||||||||||2020|PREP - Tier 1
2019-20|05323|Sequim School District|Non Section 504|504|213|204|186|0.911764706|||||||||||||2019|PREP - Tier 1
2018-19|05323|Sequim School District|Non Section 504|504||||0.905|||||||||||||2018|PREP - Tier 1
2017-18|05323|Sequim School District|Non Section 504|504|255|250|224|0.896|||||||||||||2017|PREP - Tier 1
2016-17|05323|Sequim School District|Non Section 504|504||||0.898|||||||||||||2016|PREP - Tier 1
2015-16|05323|Sequim School District|Non Section 504|504|247|238|212|0.890756303|||||||||||||2015|PREP - Tier 1
2014-15|05323|Sequim School District|Non Section 504|504||||0.845|||||||||||||2014|PREP - Tier 1
2020-21|05323|Sequim School District|Section 504|504||||0.769|||||||||||||2020|PREP - Tier 1
2019-20|05323|Sequim School District|Section 504|504||||0.75|||||||||||||2019|PREP - Tier 1
2018-19|05323|Sequim School District|Section 504|504||||0.7|||||||||||||2018|PREP - Tier 1
2017-18|05323|Sequim School District|Section 504|504||||0.75|||||||||||||2017|PREP - Tier 1
2016-17|05323|Sequim School District|Section 504|504|||||||||||||||||2016|PREP - Tier 1
2015-16|05323|Sequim School District|Section 504|504||||0.7|||||||||||||2015|PREP - Tier 1
2014-15|05323|Sequim School District|Section 504|504|||||||||||||||||2014|PREP - Tier 1
2020-21|05323|Sequim School District|All Students|All||||0.872|||||||||||||2020|PREP - Tier 1
2019-20|05323|Sequim School District|All Students|All||||0.907|||||||||||||2019|PREP - Tier 1
2018-19|05323|Sequim School District|All Students|All|209|199|180|0.904522613|||||||||||||2018|PREP - Tier 1
2017-18|05323|Sequim School District|All Students|All||||0.901|||||||||||||2017|PREP - Tier 1
2016-17|05323|Sequim School District|All Students|All|256|243|219|0.901234568|||||||||||||2016|PREP - Tier 1
2015-16|05323|Sequim School District|All Students|All|257|248|219|0.883064516|||||||||||||2015|PREP - Tier 1
2014-15|05323|Sequim School District|All Students|All|239|220|185|0.840909091|||||||||||||2014|PREP - Tier 1
2020-21|05323|Sequim School District|English Language Learners|ELL|||||||||||||||||2020|PREP - Tier 1
2019-20|05323|Sequim School District|English Language Learners|ELL|||||||||||||||||2019|PREP - Tier 1
2018-19|05323|Sequim School District|English Language Learners|ELL|||||||||||||||||2018|PREP - Tier 1
2017-18|05323|Sequim School District|English Language Learners|ELL|||||||||||||||||2017|PREP - Tier 1
2016-17|05323|Sequim School District|English Language Learners|ELL|||||||||||||||||2016|PREP - Tier 1
2015-16|05323|Sequim School District|English Language Learners|ELL|||||||||||||||||2015|PREP - Tier 1
2014-15|05323|Sequim School District|English Language Learners|ELL|||||||||||||||||2014|PREP - Tier 1
2020-21|05323|Sequim School District|Non-English Language Learners|ELL||||0.874|||||||||||||2020|PREP - Tier 1
2019-20|05323|Sequim School District|Non-English Language Learners|ELL||||0.906|||||||||||||2019|PREP - Tier 1
2018-19|05323|Sequim School District|Non-English Language Learners|ELL||||0.905|||||||||||||2018|PREP - Tier 1
2017-18|05323|Sequim School District|Non-English Language Learners|ELL||||0.9|||||||||||||2017|PREP - Tier 1
2016-17|05323|Sequim School District|Non-English Language Learners|ELL||||0.908|||||||||||||2016|PREP - Tier 1
2015-16|05323|Sequim School District|Non-English Language Learners|ELL||||0.883|||||||||||||2015|PREP - Tier 1
2014-15|05323|Sequim School District|Non-English Language Learners|ELL||||0.843|||||||||||||2014|PREP - Tier 1
2020-21|05323|Sequim School District|Foster Care|Foster|||||||||||||||||2020|PREP - Tier 1
2019-20|05323|Sequim School District|Foster Care|Foster|||||||||||||||||2019|PREP - Tier 1
2018-19|05323|Sequim School District|Foster Care|Foster|||||||||||||||||2018|PREP - Tier 1
2017-18|05323|Sequim School District|Foster Care|Foster|||||||||||||||||2017|PREP - Tier 1
2016-17|05323|Sequim School District|Foster Care|Foster|||||||||||||||||2016|PREP - Tier 1
2014-15|05323|Sequim School District|Foster Care|Foster|||||||||||||||||2014|PREP - Tier 1
2020-21|05323|Sequim School District|Non-Foster Care|Foster||||0.876|||||||||||||2020|PREP - Tier 1
2019-20|05323|Sequim School District|Non-Foster Care|Foster||||0.906|||||||||||||2019|PREP - Tier 1
2018-19|05323|Sequim School District|Non-Foster Care|Foster||||0.904|||||||||||||2018|PREP - Tier 1
2017-18|05323|Sequim School District|Non-Foster Care|Foster||||0.907|||||||||||||2017|PREP - Tier 1
2016-17|05323|Sequim School District|Non-Foster Care|Foster||||0.9|||||||||||||2016|PREP - Tier 1
2015-16|05323|Sequim School District|Non-Foster Care|Foster|257|248|219|0.883064516|||||||||||||2015|PREP - Tier 1
2014-15|05323|Sequim School District|Non-Foster Care|Foster||||0.84|||||||||||||2014|PREP - Tier 1
2020-21|05323|Sequim School District|Female|Gender|106|101|89|0.881188119|||||||||||||2020|PREP - Tier 1
2019-20|05323|Sequim School District|Female|Gender||||0.943|||||||||||||2019|PREP - Tier 1
2018-19|05323|Sequim School District|Female|Gender||||0.92|||||||||||||2018|PREP - Tier 1
2017-18|05323|Sequim School District|Female|Gender|136|134|123|0.917910448|||||||||||||2017|PREP - Tier 1
2016-17|05323|Sequim School District|Female|Gender||||0.9|||||||||||||2016|PREP - Tier 1
2015-16|05323|Sequim School District|Female|Gender||||0.932|||||||||||||2015|PREP - Tier 1
2014-15|05323|Sequim School District|Female|Gender||||0.905|||||||||||||2014|PREP - Tier 1
2020-21|05323|Sequim School District|Male|Gender||||0.86|||||||||||||2020|PREP - Tier 1
2019-20|05323|Sequim School District|Male|Gender||||0.874|||||||||||||2019|PREP - Tier 1
2018-19|05323|Sequim School District|Male|Gender|103|99|88|0.888888889|||||||||||||2018|PREP - Tier 1
2017-18|05323|Sequim School District|Male|Gender||||0.883|||||||||||||2017|PREP - Tier 1
2016-17|05323|Sequim School District|Male|Gender||||0.902|||||||||||||2016|PREP - Tier 1
2015-16|05323|Sequim School District|Male|Gender|130|131|110|0.839694656|||||||||||||2015|PREP - Tier 1
2014-15|05323|Sequim School District|Male|Gender|126|115|90|0.782608696|||||||||||||2014|PREP - Tier 1
2020-21|05323|Sequim School District|Homeless|Homeless||||0.76|||||||||||||2020|PREP - Tier 1
2019-20|05323|Sequim School District|Homeless|Homeless||||0.76|||||||||||||2019|PREP - Tier 1
2018-19|05323|Sequim School District|Homeless|Homeless||||0.86|||||||||||||2018|PREP - Tier 1
2017-18|05323|Sequim School District|Homeless|Homeless||||0.71|||||||||||||2017|PREP - Tier 1
2016-17|05323|Sequim School District|Homeless|Homeless||||0.7|||||||||||||2016|PREP - Tier 1
2015-16|05323|Sequim School District|Homeless|Homeless||||0.6|||||||||||||2015|PREP - Tier 1
2014-15|05323|Sequim School District|Homeless|Homeless||||0.65|||||||||||||2014|PREP - Tier 1
2020-21|05323|Sequim School District|Non-Homeless|Homeless|186|174|154|0.885057471|||||||||||||2020|PREP - Tier 1
2019-20|05323|Sequim School District|Non-Homeless|Homeless|204|195|180|0.923076923|||||||||||||2019|PREP - Tier 1
2018-19|05323|Sequim School District|Non-Homeless|Homeless||||0.912|||||||||||||2018|PREP - Tier 1
2017-18|05323|Sequim School District|Non-Homeless|Homeless|237|228|212|0.929824561|||||||||||||2017|PREP - Tier 1
2016-17|05323|Sequim School District|Non-Homeless|Homeless||||0.919|||||||||||||2016|PREP - Tier 1
2015-16|05323|Sequim School District|Non-Homeless|Homeless|246|233|210|0.901287554|||||||||||||2015|PREP - Tier 1
2014-15|05323|Sequim School District|Non-Homeless|Homeless||||0.86|||||||||||||2014|PREP - Tier 1
2020-21|05323|Sequim School District|Low-Income|LowIncome|107|98|79|0.806122449|||||||||||||2020|PREP - Tier 1
2019-20|05323|Sequim School District|Low-Income|LowIncome||||0.892|||||||||||||2019|PREP - Tier 1
2018-19|05323|Sequim School District|Low-Income|LowIncome||||0.89|||||||||||||2018|PREP - Tier 1
2017-18|05323|Sequim School District|Low-Income|LowIncome|152|142|119|0.838028169|||||||||||||2017|PREP - Tier 1
2016-17|05323|Sequim School District|Low-Income|LowIncome|133|121|101|0.834710744|||||||||||||2016|PREP - Tier 1
2015-16|05323|Sequim School District|Low-Income|LowIncome||||0.816|||||||||||||2015|PREP - Tier 1
2014-15|05323|Sequim School District|Low-Income|LowIncome|130|118|91|0.771186441|||||||||||||2014|PREP - Tier 1
2020-21|05323|Sequim School District|Non-Low Income|LowIncome||||0.94|||||||||||||2020|PREP - Tier 1
2019-20|05323|Sequim School District|Non-Low Income|LowIncome|112|114|105|0.921052632|||||||||||||2019|PREP - Tier 1
2018-19|05323|Sequim School District|Non-Low Income|LowIncome|105|102|94|0.921568627|||||||||||||2018|PREP - Tier 1
2017-18|05323|Sequim School District|Non-Low Income|LowIncome||||0.975|||||||||||||2017|PREP - Tier 1
2016-17|05323|Sequim School District|Non-Low Income|LowIncome||||0.967|||||||||||||2016|PREP - Tier 1
2015-16|05323|Sequim School District|Non-Low Income|LowIncome|141|134|126|0.940298507|||||||||||||2015|PREP - Tier 1
2014-15|05323|Sequim School District|Non-Low Income|LowIncome||||0.922|||||||||||||2014|PREP - Tier 1
2020-21|05323|Sequim School District|Migrant|Migrant|||||||||||||||||2020|PREP - Tier 1
2018-19|05323|Sequim School District|Migrant|Migrant|||||||||||||||||2018|PREP - Tier 1
2015-16|05323|Sequim School District|Migrant|Migrant|||||||||||||||||2015|PREP - Tier 1
2014-15|05323|Sequim School District|Migrant|Migrant|||||||||||||||||2014|PREP - Tier 1
2020-21|05323|Sequim School District|Non Migrant|Migrant||||0.871|||||||||||||2020|PREP - Tier 1
2019-20|05323|Sequim School District|Non Migrant|Migrant||||0.907|||||||||||||2019|PREP - Tier 1
2018-19|05323|Sequim School District|Non Migrant|Migrant||||0.904|||||||||||||2018|PREP - Tier 1
2017-18|05323|Sequim School District|Non Migrant|Migrant||||0.901|||||||||||||2017|PREP - Tier 1
2016-17|05323|Sequim School District|Non Migrant|Migrant|256|243|219|0.901234568|||||||||||||2016|PREP - Tier 1
2015-16|05323|Sequim School District|Non Migrant|Migrant||||0.881|||||||||||||2015|PREP - Tier 1
2014-15|05323|Sequim School District|Non Migrant|Migrant||||0.845|||||||||||||2014|PREP - Tier 1
2020-21|05323|Sequim School District|American Indian/ Alaskan Native|Race|||||||||||||||||2020|PREP - Tier 1
2019-20|05323|Sequim School District|American Indian/ Alaskan Native|Race|||||||||||||||||2019|PREP - Tier 1
2018-19|05323|Sequim School District|American Indian/ Alaskan Native|Race|||||||||||||||||2018|PREP - Tier 1
2017-18|05323|Sequim School District|American Indian/ Alaskan Native|Race|||||||||||||||||2017|PREP - Tier 1
2016-17|05323|Sequim School District|American Indian/ Alaskan Native|Race|||||||||||||||||2016|PREP - Tier 1
2015-16|05323|Sequim School District|American Indian/ Alaskan Native|Race|||||||||||||||||2015|PREP - Tier 1
2014-15|05323|Sequim School District|American Indian/ Alaskan Native|Race|||||||||||||||||2014|PREP - Tier 1
2020-21|05323|Sequim School District|Asian|Race|||||||||||||||||2020|PREP - Tier 1
2019-20|05323|Sequim School District|Asian|Race|||||||||||||||||2019|PREP - Tier 1
2018-19|05323|Sequim School District|Asian|Race|||||||||||||||||2018|PREP - Tier 1
2017-18|05323|Sequim School District|Asian|Race|||||||||||||||||2017|PREP - Tier 1
2016-17|05323|Sequim School District|Asian|Race|||||||||||||||||2016|PREP - Tier 1
2015-16|05323|Sequim School District|Asian|Race|||||||||||||||||2015|PREP - Tier 1
2014-15|05323|Sequim School District|Asian|Race|||||||||||||||||2014|PREP - Tier 1
2019-20|05323|Sequim School District|Black/ African American|Race|||||||||||||||||2019|PREP - Tier 1
2018-19|05323|Sequim School District|Black/ African American|Race|||||||||||||||||2018|PREP - Tier 1
2017-18|05323|Sequim School District|Black/ African American|Race|||||||||||||||||2017|PREP - Tier 1
2016-17|05323|Sequim School District|Black/ African American|Race|||||||||||||||||2016|PREP - Tier 1
2015-16|05323|Sequim School District|Black/ African American|Race|||||||||||||||||2015|PREP - Tier 1
2014-15|05323|Sequim School District|Black/ African American|Race|||||||||||||||||2014|PREP - Tier 1
2020-21|05323|Sequim School District|Hispanic/ Latino of any race(s)|Race|23|23|17|0.739130435|||||||||||||2020|PREP - Tier 1
2019-20|05323|Sequim School District|Hispanic/ Latino of any race(s)|Race|23|29|26|0.896551724|||||||||||||2019|PREP - Tier 1
2018-19|05323|Sequim School District|Hispanic/ Latino of any race(s)|Race||||0.833|||||||||||||2018|PREP - Tier 1
2017-18|05323|Sequim School District|Hispanic/ Latino of any race(s)|Race|20|23|19|0.826086957|||||||||||||2017|PREP - Tier 1
2016-17|05323|Sequim School District|Hispanic/ Latino of any race(s)|Race||||0.833|||||||||||||2016|PREP - Tier 1
2015-16|05323|Sequim School District|Hispanic/ Latino of any race(s)|Race||||0.923|||||||||||||2015|PREP - Tier 1
2014-15|05323|Sequim School District|Hispanic/ Latino of any race(s)|Race|36|34|29|0.852941176|||||||||||||2014|PREP - Tier 1
2019-20|05323|Sequim School District|Native Hawaiian/ Other Pacific Islander|Race|||||||||||||||||2019|PREP - Tier 1
2015-16|05323|Sequim School District|Native Hawaiian/ Other Pacific Islander|Race|||||||||||||||||2015|PREP - Tier 1
2020-21|05323|Sequim School District|Two or More Races|Race|13|10|7|0.7|||||||||||||2020|PREP - Tier 1
2019-20|05323|Sequim School District|Two or More Races|Race||||0.824|||||||||||||2019|PREP - Tier 1
2018-19|05323|Sequim School District|Two or More Races|Race||||0.842|||||||||||||2018|PREP - Tier 1
2017-18|05323|Sequim School District|Two or More Races|Race||||0.824|||||||||||||2017|PREP - Tier 1
2016-17|05323|Sequim School District|Two or More Races|Race||||0.813|||||||||||||2016|PREP - Tier 1
2015-16|05323|Sequim School District|Two or More Races|Race|26|24|21|0.875|||||||||||||2015|PREP - Tier 1
2014-15|05323|Sequim School District|Two or More Races|Race|24|24|19|0.791666667|||||||||||||2014|PREP - Tier 1
2020-21|05323|Sequim School District|White|Race|159|152|136|0.894736842|||||||||||||2020|PREP - Tier 1
2019-20|05323|Sequim School District|White|Race|171|152|136|0.894736842|||||||||||||2019|PREP - Tier 1
2018-19|05323|Sequim School District|White|Race|163|151|136|0.900662252|||||||||||||2018|PREP - Tier 1
2017-18|05323|Sequim School District|White|Race|221|208|188|0.903846154|||||||||||||2017|PREP - Tier 1
2016-17|05323|Sequim School District|White|Race|211|198|178|0.898989899|||||||||||||2016|PREP - Tier 1
2015-16|05323|Sequim School District|White|Race|182|175|153|0.874285714|||||||||||||2015|PREP - Tier 1
2014-15|05323|Sequim School District|White|Race|167|152|130|0.855263158|||||||||||||2014|PREP - Tier 1
2020-21|05323|Sequim School District|Students with Disabilities|sped||||0.897|||||||||||||2020|PREP - Tier 1
2019-20|05323|Sequim School District|Students with Disabilities|sped|31|27|18|0.666666667|||||||||||||2019|PREP - Tier 1
2018-19|05323|Sequim School District|Students with Disabilities|sped|23|21|15|0.714285714|||||||||||||2018|PREP - Tier 1
2017-18|05323|Sequim School District|Students with Disabilities|sped||||0.75|||||||||||||2017|PREP - Tier 1
2016-17|05323|Sequim School District|Students with Disabilities|sped|34|34|24|0.705882353|||||||||||||2016|PREP - Tier 1
2015-16|05323|Sequim School District|Students with Disabilities|sped|36|32|24|0.75|||||||||||||2015|PREP - Tier 1
2014-15|05323|Sequim School District|Students with Disabilities|sped||||0.63|||||||||||||2014|PREP - Tier 1
2020-21|05323|Sequim School District|Students without Disabilities|sped|176|166|143|0.861445783|||||||||||||2020|PREP - Tier 1
2019-20|05323|Sequim School District|Students without Disabilities|sped||||0.942|||||||||||||2019|PREP - Tier 1
2018-19|05323|Sequim School District|Students without Disabilities|sped||||0.927|||||||||||||2018|PREP - Tier 1
2017-18|05323|Sequim School District|Students without Disabilities|sped|241|234|215|0.918803419|||||||||||||2017|PREP - Tier 1
2016-17|05323|Sequim School District|Students without Disabilities|sped||||0.933|||||||||||||2016|PREP - Tier 1
2015-16|05323|Sequim School District|Students without Disabilities|sped||||0.903|||||||||||||2015|PREP - Tier 1
2014-15|05323|Sequim School District|Students without Disabilities|sped|211|193|168|0.870466321|||||||||||||2014|PREP - Tier 1
2020-21|18402|South Kitsap School District|Non Section 504|504||||0.891|||||||||||||2020|PREP - Tier 2
2019-20|18402|South Kitsap School District|Non Section 504|504||||0.889|||||||||||||2019|PREP - Tier 2
2018-19|18402|South Kitsap School District|Non Section 504|504||||0.846|||||||||||||2018|PREP - Tier 2
2017-18|18402|South Kitsap School District|Non Section 504|504||||0.861|||||||||||||2017|PREP - Tier 2
2016-17|18402|South Kitsap School District|Non Section 504|504||||0.845|||||||||||||2016|PREP - Tier 2
2015-16|18402|South Kitsap School District|Non Section 504|504||||0.837|||||||||||||2015|PREP - Tier 2
2014-15|18402|South Kitsap School District|Non Section 504|504|704|725|596|0.822068966|||||||||||||2014|PREP - Tier 2
2020-21|18402|South Kitsap School District|Section 504|504||||0.87|||||||||||||2020|PREP - Tier 2
2019-20|18402|South Kitsap School District|Section 504|504||||0.92|||||||||||||2019|PREP - Tier 2
2018-19|18402|South Kitsap School District|Section 504|504||||0.87|||||||||||||2018|PREP - Tier 2
2017-18|18402|South Kitsap School District|Section 504|504||||0.82|||||||||||||2017|PREP - Tier 2
2016-17|18402|South Kitsap School District|Section 504|504||||0.8|||||||||||||2016|PREP - Tier 2
2015-16|18402|South Kitsap School District|Section 504|504||||0.929|||||||||||||2015|PREP - Tier 2
2014-15|18402|South Kitsap School District|Section 504|504|49|48|39|0.8125|||||||||||||2014|PREP - Tier 2
2020-21|18402|South Kitsap School District|All Students|All|701|693|617|0.89033189|||||||||||||2020|PREP - Tier 2
2019-20|18402|South Kitsap School District|All Students|All|743|742|661|0.89083558|||||||||||||2019|PREP - Tier 2
2018-19|18402|South Kitsap School District|All Students|All|699|726|616|0.848484848|||||||||||||2018|PREP - Tier 2
2017-18|18402|South Kitsap School District|All Students|All|681|698|599|0.858166189|||||||||||||2017|PREP - Tier 2
2016-17|18402|South Kitsap School District|All Students|All|699|715|602|0.841958042|||||||||||||2016|PREP - Tier 2
2015-16|18402|South Kitsap School District|All Students|All|732|737|621|0.842605156|||||||||||||2015|PREP - Tier 2
2014-15|18402|South Kitsap School District|All Students|All|753|773|635|0.821474774|||||||||||||2014|PREP - Tier 2
2020-21|18402|South Kitsap School District|English Language Learners|ELL||||0.75|||||||||||||2020|PREP - Tier 2
2019-20|18402|South Kitsap School District|English Language Learners|ELL|||||||||||||||||2019|PREP - Tier 2
2018-19|18402|South Kitsap School District|English Language Learners|ELL|||||||||||||||||2018|PREP - Tier 2
2017-18|18402|South Kitsap School District|English Language Learners|ELL|||||||||||||||||2017|PREP - Tier 2
2016-17|18402|South Kitsap School District|English Language Learners|ELL|||||||||||||||||2016|PREP - Tier 2
2015-16|18402|South Kitsap School District|English Language Learners|ELL|||||||||||||||||2015|PREP - Tier 2
2014-15|18402|South Kitsap School District|English Language Learners|ELL|||||||||||||||||2014|PREP - Tier 2
2020-21|18402|South Kitsap School District|Non-English Language Learners|ELL||||0.893|||||||||||||2020|PREP - Tier 2
2019-20|18402|South Kitsap School District|Non-English Language Learners|ELL||||0.892|||||||||||||2019|PREP - Tier 2
2018-19|18402|South Kitsap School District|Non-English Language Learners|ELL||||0.849|||||||||||||2018|PREP - Tier 2
2017-18|18402|South Kitsap School District|Non-English Language Learners|ELL||||0.86|||||||||||||2017|PREP - Tier 2
2016-17|18402|South Kitsap School District|Non-English Language Learners|ELL||||0.845|||||||||||||2016|PREP - Tier 2
2015-16|18402|South Kitsap School District|Non-English Language Learners|ELL||||0.842|||||||||||||2015|PREP - Tier 2
2014-15|18402|South Kitsap School District|Non-English Language Learners|ELL||||0.822|||||||||||||2014|PREP - Tier 2
2020-21|18402|South Kitsap School District|Foster Care|Foster|||||||||||||||||2020|PREP - Tier 2
2019-20|18402|South Kitsap School District|Foster Care|Foster|||||||||||||||||2019|PREP - Tier 2
2018-19|18402|South Kitsap School District|Foster Care|Foster||||0.69|||||||||||||2018|PREP - Tier 2
2017-18|18402|South Kitsap School District|Foster Care|Foster||||0.54|||||||||||||2017|PREP - Tier 2
2016-17|18402|South Kitsap School District|Foster Care|Foster|||||||||||||||||2016|PREP - Tier 2
2015-16|18402|South Kitsap School District|Foster Care|Foster|||||||||||||||||2015|PREP - Tier 2
2014-15|18402|South Kitsap School District|Foster Care|Foster|||||||||||||||||2014|PREP - Tier 2
2020-21|18402|South Kitsap School District|Non-Foster Care|Foster||||0.891|||||||||||||2020|PREP - Tier 2
2019-20|18402|South Kitsap School District|Non-Foster Care|Foster||||0.89|||||||||||||2019|PREP - Tier 2
2018-19|18402|South Kitsap School District|Non-Foster Care|Foster||||0.851|||||||||||||2018|PREP - Tier 2
2017-18|18402|South Kitsap School District|Non-Foster Care|Foster||||0.864|||||||||||||2017|PREP - Tier 2
2016-17|18402|South Kitsap School District|Non-Foster Care|Foster||||0.843|||||||||||||2016|PREP - Tier 2
2015-16|18402|South Kitsap School District|Non-Foster Care|Foster||||0.846|||||||||||||2015|PREP - Tier 2
2014-15|18402|South Kitsap School District|Non-Foster Care|Foster||||0.823|||||||||||||2014|PREP - Tier 2
2020-21|18402|South Kitsap School District|Female|Gender|342|331|304|0.918429003|||||||||||||2020|PREP - Tier 2
2019-20|18402|South Kitsap School District|Female|Gender|365|365|333|0.912328767|||||||||||||2019|PREP - Tier 2
2018-19|18402|South Kitsap School District|Female|Gender|344|361|307|0.850415512|||||||||||||2018|PREP - Tier 2
2017-18|18402|South Kitsap School District|Female|Gender|314|319|276|0.865203762|||||||||||||2017|PREP - Tier 2
2016-17|18402|South Kitsap School District|Female|Gender|325|337|296|0.878338279|||||||||||||2016|PREP - Tier 2
2015-16|18402|South Kitsap School District|Female|Gender|364|360|316|0.877777778|||||||||||||2015|PREP - Tier 2
2014-15|18402|South Kitsap School District|Female|Gender|366|374|320|0.855614973|||||||||||||2014|PREP - Tier 2
2020-21|18402|South Kitsap School District|Male|Gender|359|362|313|0.864640884|||||||||||||2020|PREP - Tier 2
2019-20|18402|South Kitsap School District|Male|Gender|378|377|328|0.870026525|||||||||||||2019|PREP - Tier 2
2018-19|18402|South Kitsap School District|Male|Gender|355|365|309|0.846575342|||||||||||||2018|PREP - Tier 2
2017-18|18402|South Kitsap School District|Male|Gender|367|379|323|0.852242744|||||||||||||2017|PREP - Tier 2
2016-17|18402|South Kitsap School District|Male|Gender|374|378|306|0.80952381|||||||||||||2016|PREP - Tier 2
2015-16|18402|South Kitsap School District|Male|Gender|368|377|305|0.809018568|||||||||||||2015|PREP - Tier 2
2014-15|18402|South Kitsap School District|Male|Gender|387|399|315|0.789473684|||||||||||||2014|PREP - Tier 2
2020-21|18402|South Kitsap School District|Homeless|Homeless||||0.64|||||||||||||2020|PREP - Tier 2
2019-20|18402|South Kitsap School District|Homeless|Homeless|52|50|30|0.6|||||||||||||2019|PREP - Tier 2
2018-19|18402|South Kitsap School District|Homeless|Homeless||||0.64|||||||||||||2018|PREP - Tier 2
2017-18|18402|South Kitsap School District|Homeless|Homeless|55|60|44|0.733333333|||||||||||||2017|PREP - Tier 2
2016-17|18402|South Kitsap School District|Homeless|Homeless||||0.72|||||||||||||2016|PREP - Tier 2
2015-16|18402|South Kitsap School District|Homeless|Homeless|38|39|17|0.435897436|||||||||||||2015|PREP - Tier 2
2014-15|18402|South Kitsap School District|Homeless|Homeless|36|37|23|0.621621622|||||||||||||2014|PREP - Tier 2
2020-21|18402|South Kitsap School District|Non-Homeless|Homeless||||0.91|||||||||||||2020|PREP - Tier 2
2019-20|18402|South Kitsap School District|Non-Homeless|Homeless|691|692|631|0.911849711|||||||||||||2019|PREP - Tier 2
2018-19|18402|South Kitsap School District|Non-Homeless|Homeless||||0.866|||||||||||||2018|PREP - Tier 2
2017-18|18402|South Kitsap School District|Non-Homeless|Homeless|626|638|555|0.869905956|||||||||||||2017|PREP - Tier 2
2016-17|18402|South Kitsap School District|Non-Homeless|Homeless||||0.846|||||||||||||2016|PREP - Tier 2
2015-16|18402|South Kitsap School District|Non-Homeless|Homeless|694|698|604|0.865329513|||||||||||||2015|PREP - Tier 2
2014-15|18402|South Kitsap School District|Non-Homeless|Homeless|717|736|612|0.831521739|||||||||||||2014|PREP - Tier 2
2020-21|18402|South Kitsap School District|Low-Income|LowIncome|329|326|257|0.788343558|||||||||||||2020|PREP - Tier 2
2019-20|18402|South Kitsap School District|Low-Income|LowIncome|364|360|304|0.844444444|||||||||||||2019|PREP - Tier 2
2018-19|18402|South Kitsap School District|Low-Income|LowIncome|346|354|279|0.788135593|||||||||||||2018|PREP - Tier 2
2017-18|18402|South Kitsap School District|Low-Income|LowIncome|331|340|271|0.797058824|||||||||||||2017|PREP - Tier 2
2016-17|18402|South Kitsap School District|Low-Income|LowIncome|326|335|268|0.8|||||||||||||2016|PREP - Tier 2
2015-16|18402|South Kitsap School District|Low-Income|LowIncome|381|378|288|0.761904762|||||||||||||2015|PREP - Tier 2
2014-15|18402|South Kitsap School District|Low-Income|LowIncome|390|391|290|0.74168798|||||||||||||2014|PREP - Tier 2
2020-21|18402|South Kitsap School District|Non-Low Income|LowIncome|372|367|360|0.980926431|||||||||||||2020|PREP - Tier 2
2019-20|18402|South Kitsap School District|Non-Low Income|LowIncome||||0.935|||||||||||||2019|PREP - Tier 2
2018-19|18402|South Kitsap School District|Non-Low Income|LowIncome|353|372|337|0.905913978|||||||||||||2018|PREP - Tier 2
2017-18|18402|South Kitsap School District|Non-Low Income|LowIncome|350|358|328|0.916201117|||||||||||||2017|PREP - Tier 2
2016-17|18402|South Kitsap School District|Non-Low Income|LowIncome|373|380|334|0.878947368|||||||||||||2016|PREP - Tier 2
2015-16|18402|South Kitsap School District|Non-Low Income|LowIncome|351|359|333|0.927576602|||||||||||||2015|PREP - Tier 2
2014-15|18402|South Kitsap School District|Non-Low Income|LowIncome|363|382|345|0.903141361|||||||||||||2014|PREP - Tier 2
2018-19|18402|South Kitsap School District|Migrant|Migrant|||||||||||||||||2018|PREP - Tier 2
2017-18|18402|South Kitsap School District|Migrant|Migrant|||||||||||||||||2017|PREP - Tier 2
2014-15|18402|South Kitsap School District|Migrant|Migrant|||||||||||||||||2014|PREP - Tier 2
2020-21|18402|South Kitsap School District|Non Migrant|Migrant|701|693|617|0.89033189|||||||||||||2020|PREP - Tier 2
2019-20|18402|South Kitsap School District|Non Migrant|Migrant|743|742|661|0.89083558|||||||||||||2019|PREP - Tier 2
2018-19|18402|South Kitsap School District|Non Migrant|Migrant||||0.85|||||||||||||2018|PREP - Tier 2
2017-18|18402|South Kitsap School District|Non Migrant|Migrant||||0.859|||||||||||||2017|PREP - Tier 2
2016-17|18402|South Kitsap School District|Non Migrant|Migrant|699|715|602|0.841958042|||||||||||||2016|PREP - Tier 2
2015-16|18402|South Kitsap School District|Non Migrant|Migrant|732|737|621|0.842605156|||||||||||||2015|PREP - Tier 2
2014-15|18402|South Kitsap School District|Non Migrant|Migrant||||0.821|||||||||||||2014|PREP - Tier 2
2020-21|18402|South Kitsap School District|American Indian/ Alaskan Native|Race||||0.7|||||||||||||2020|PREP - Tier 2
2019-20|18402|South Kitsap School District|American Indian/ Alaskan Native|Race||||0.7|||||||||||||2019|PREP - Tier 2
2018-19|18402|South Kitsap School District|American Indian/ Alaskan Native|Race|||||||||||||||||2018|PREP - Tier 2
2017-18|18402|South Kitsap School District|American Indian/ Alaskan Native|Race|||||||||||||||||2017|PREP - Tier 2
2016-17|18402|South Kitsap School District|American Indian/ Alaskan Native|Race|||||||||||||||||2016|PREP - Tier 2
2015-16|18402|South Kitsap School District|American Indian/ Alaskan Native|Race|||||||||||||||||2015|PREP - Tier 2
2014-15|18402|South Kitsap School District|American Indian/ Alaskan Native|Race|||||||||||||||||2014|PREP - Tier 2
2020-21|18402|South Kitsap School District|Asian|Race||||0.864|||||||||||||2020|PREP - Tier 2
2019-20|18402|South Kitsap School District|Asian|Race||||0.912|||||||||||||2019|PREP - Tier 2
2018-19|18402|South Kitsap School District|Asian|Race||||0.893|||||||||||||2018|PREP - Tier 2
2017-18|18402|South Kitsap School District|Asian|Race||||0.813|||||||||||||2017|PREP - Tier 2
2016-17|18402|South Kitsap School District|Asian|Race||||0.9|||||||||||||2016|PREP - Tier 2
2015-16|18402|South Kitsap School District|Asian|Race||||0.889|||||||||||||2015|PREP - Tier 2
2014-15|18402|South Kitsap School District|Asian|Race|24|27|24|0.888888889|||||||||||||2014|PREP - Tier 2
2020-21|18402|South Kitsap School District|Black/ African American|Race|||||||||||||||||2020|PREP - Tier 2
2019-20|18402|South Kitsap School District|Black/ African American|Race||||0.8|||||||||||||2019|PREP - Tier 2
2018-19|18402|South Kitsap School District|Black/ African American|Race|||||||||||||||||2018|PREP - Tier 2
2017-18|18402|South Kitsap School District|Black/ African American|Race||||0.786|||||||||||||2017|PREP - Tier 2
2016-17|18402|South Kitsap School District|Black/ African American|Race||||0.75|||||||||||||2016|PREP - Tier 2
2015-16|18402|South Kitsap School District|Black/ African American|Race||||0.75|||||||||||||2015|PREP - Tier 2
2014-15|18402|South Kitsap School District|Black/ African American|Race|16|16|12|0.75|||||||||||||2014|PREP - Tier 2
2020-21|18402|South Kitsap School District|Hispanic/ Latino of any race(s)|Race|76|80|68|0.85|||||||||||||2020|PREP - Tier 2
2019-20|18402|South Kitsap School District|Hispanic/ Latino of any race(s)|Race|97|99|86|0.868686869|||||||||||||2019|PREP - Tier 2
2018-19|18402|South Kitsap School District|Hispanic/ Latino of any race(s)|Race|71|85|67|0.788235294|||||||||||||2018|PREP - Tier 2
2017-18|18402|South Kitsap School District|Hispanic/ Latino of any race(s)|Race|52|59|46|0.779661017|||||||||||||2017|PREP - Tier 2
2016-17|18402|South Kitsap School District|Hispanic/ Latino of any race(s)|Race|60|63|47|0.746031746|||||||||||||2016|PREP - Tier 2
2015-16|18402|South Kitsap School District|Hispanic/ Latino of any race(s)|Race|84|81|68|0.839506173|||||||||||||2015|PREP - Tier 2
2014-15|18402|South Kitsap School District|Hispanic/ Latino of any race(s)|Race|78|78|62|0.794871795|||||||||||||2014|PREP - Tier 2
2020-21|18402|South Kitsap School District|Native Hawaiian/ Other Pacific Islander|Race||||0.813|||||||||||||2020|PREP - Tier 2
2019-20|18402|South Kitsap School District|Native Hawaiian/ Other Pacific Islander|Race||||0.8|||||||||||||2019|PREP - Tier 2
2018-19|18402|South Kitsap School District|Native Hawaiian/ Other Pacific Islander|Race||||0.786|||||||||||||2018|PREP - Tier 2
2017-18|18402|South Kitsap School District|Native Hawaiian/ Other Pacific Islander|Race|||||||||||||||||2017|PREP - Tier 2
2016-17|18402|South Kitsap School District|Native Hawaiian/ Other Pacific Islander|Race||||0.727|||||||||||||2016|PREP - Tier 2
2015-16|18402|South Kitsap School District|Native Hawaiian/ Other Pacific Islander|Race|12|14|10|0.714285714|||||||||||||2015|PREP - Tier 2
2014-15|18402|South Kitsap School District|Native Hawaiian/ Other Pacific Islander|Race||||0.64|||||||||||||2014|PREP - Tier 2
2020-21|18402|South Kitsap School District|Two or More Races|Race|71|73|65|0.890410959|||||||||||||2020|PREP - Tier 2
2019-20|18402|South Kitsap School District|Two or More Races|Race|81|81|72|0.888888889|||||||||||||2019|PREP - Tier 2
2018-19|18402|South Kitsap School District|Two or More Races|Race|80|84|72|0.857142857|||||||||||||2018|PREP - Tier 2
2017-18|18402|South Kitsap School District|Two or More Races|Race|78|79|67|0.848101266|||||||||||||2017|PREP - Tier 2
2016-17|18402|South Kitsap School District|Two or More Races|Race|66|64|56|0.875|||||||||||||2016|PREP - Tier 2
2015-16|18402|South Kitsap School District|Two or More Races|Race|109|104|88|0.846153846|||||||||||||2015|PREP - Tier 2
2014-15|18402|South Kitsap School District|Two or More Races|Race|100|97|78|0.804123711|||||||||||||2014|PREP - Tier 2
2020-21|18402|South Kitsap School District|White|Race|499|488|434|0.889344262|||||||||||||2020|PREP - Tier 2
2019-20|18402|South Kitsap School District|White|Race|491|488|436|0.893442623|||||||||||||2019|PREP - Tier 2
2018-19|18402|South Kitsap School District|White|Race|494|501|426|0.850299401|||||||||||||2018|PREP - Tier 2
2017-18|18402|South Kitsap School District|White|Race|504|514|446|0.86770428|||||||||||||2017|PREP - Tier 2
2016-17|18402|South Kitsap School District|White|Race|517|530|447|0.843396226|||||||||||||2016|PREP - Tier 2
2015-16|18402|South Kitsap School District|White|Race|481|492|413|0.839430894|||||||||||||2015|PREP - Tier 2
2014-15|18402|South Kitsap School District|White|Race|517|537|447|0.832402235|||||||||||||2014|PREP - Tier 2
2020-21|18402|South Kitsap School District|Students with Disabilities|sped|105|101|82|0.811881188|||||||||||||2020|PREP - Tier 2
2019-20|18402|South Kitsap School District|Students with Disabilities|sped|102|105|87|0.828571429|||||||||||||2019|PREP - Tier 2
2018-19|18402|South Kitsap School District|Students with Disabilities|sped|90|96|71|0.739583333|||||||||||||2018|PREP - Tier 2
2017-18|18402|South Kitsap School District|Students with Disabilities|sped|111|109|86|0.788990826|||||||||||||2017|PREP - Tier 2
2016-17|18402|South Kitsap School District|Students with Disabilities|sped|81|79|62|0.784810127|||||||||||||2016|PREP - Tier 2
2015-16|18402|South Kitsap School District|Students with Disabilities|sped|90|89|64|0.719101124|||||||||||||2015|PREP - Tier 2
2014-15|18402|South Kitsap School District|Students with Disabilities|sped|106|102|62|0.607843137|||||||||||||2014|PREP - Tier 2
2020-21|18402|South Kitsap School District|Students without Disabilities|sped|596|592|535|0.903716216|||||||||||||2020|PREP - Tier 2
2019-20|18402|South Kitsap School District|Students without Disabilities|sped|641|637|574|0.901098901|||||||||||||2019|PREP - Tier 2
2018-19|18402|South Kitsap School District|Students without Disabilities|sped|609|630|545|0.865079365|||||||||||||2018|PREP - Tier 2
2017-18|18402|South Kitsap School District|Students without Disabilities|sped|570|589|513|0.870967742|||||||||||||2017|PREP - Tier 2
2016-17|18402|South Kitsap School District|Students without Disabilities|sped|618|636|540|0.849056604|||||||||||||2016|PREP - Tier 2
2015-16|18402|South Kitsap School District|Students without Disabilities|sped|642|648|557|0.859567901|||||||||||||2015|PREP - Tier 2
2014-15|18402|South Kitsap School District|Students without Disabilities|sped|647|671|573|0.853949329|||||||||||||2014|PREP - Tier 2
2020-21|18902|Suquamish Tribal Education Department|Section 504|504|||||||||||||||||2020|PREP - Tier 1
2020-21|30303|Stevenson-Carson School District|Non Section 504|504||||0.91|||||||||||||2020|ESD 112
2019-20|30303|Stevenson-Carson School District|Non Section 504|504|70|69|56|0.811594203|||||||||||||2019|ESD 112
2018-19|30303|Stevenson-Carson School District|Non Section 504|504||||0.84|||||||||||||2018|ESD 112
2017-18|30303|Stevenson-Carson School District|Non Section 504|504|70|69|57|0.826086957|||||||||||||2017|ESD 112
2016-17|30303|Stevenson-Carson School District|Non Section 504|504||||0.79|||||||||||||2016|ESD 112
2015-16|30303|Stevenson-Carson School District|Non Section 504|504||||0.86|||||||||||||2015|ESD 112
2014-15|30303|Stevenson-Carson School District|Non Section 504|504||||0.84|||||||||||||2014|ESD 112
2020-21|30303|Stevenson-Carson School District|Section 504|504|||||||||||||||||2020|ESD 112
2019-20|30303|Stevenson-Carson School District|Section 504|504||||0.75|||||||||||||2019|ESD 112
2018-19|30303|Stevenson-Carson School District|Section 504|504|||||||||||||||||2018|ESD 112
2017-18|30303|Stevenson-Carson School District|Section 504|504||||0.7|||||||||||||2017|ESD 112
2016-17|30303|Stevenson-Carson School District|Section 504|504|||||||||||||||||2016|ESD 112
2015-16|30303|Stevenson-Carson School District|Section 504|504|||||||||||||||||2015|ESD 112
2019-20|18902|Suquamish Tribal Education Department|Section 504|504|||||||||||||||||2019|PREP - Tier 1
2014-15|30303|Stevenson-Carson School District|Section 504|504|||||||||||||||||2014|ESD 112
2020-21|30303|Stevenson-Carson School District|All Students|All||||0.92|||||||||||||2020|ESD 112
2019-20|30303|Stevenson-Carson School District|All Students|All||||0.83|||||||||||||2019|ESD 112
2018-19|30303|Stevenson-Carson School District|All Students|All||||0.85|||||||||||||2018|ESD 112
2017-18|30303|Stevenson-Carson School District|All Students|All||||0.82|||||||||||||2017|ESD 112
2016-17|30303|Stevenson-Carson School District|All Students|All||||0.81|||||||||||||2016|ESD 112
2015-16|30303|Stevenson-Carson School District|All Students|All||||0.86|||||||||||||2015|ESD 112
2014-15|30303|Stevenson-Carson School District|All Students|All||||0.8|||||||||||||2014|ESD 112
2020-21|30303|Stevenson-Carson School District|English Language Learners|ELL|||||||||||||||||2020|ESD 112
2019-20|30303|Stevenson-Carson School District|English Language Learners|ELL|||||||||||||||||2019|ESD 112
2018-19|30303|Stevenson-Carson School District|English Language Learners|ELL|||||||||||||||||2018|ESD 112
2017-18|30303|Stevenson-Carson School District|English Language Learners|ELL|||||||||||||||||2017|ESD 112
2016-17|30303|Stevenson-Carson School District|English Language Learners|ELL|||||||||||||||||2016|ESD 112
2015-16|30303|Stevenson-Carson School District|English Language Learners|ELL|||||||||||||||||2015|ESD 112
2014-15|30303|Stevenson-Carson School District|English Language Learners|ELL|||||||||||||||||2014|ESD 112
2020-21|30303|Stevenson-Carson School District|Non-English Language Learners|ELL||||0.93|||||||||||||2020|ESD 112
2019-20|30303|Stevenson-Carson School District|Non-English Language Learners|ELL||||0.83|||||||||||||2019|ESD 112
2018-19|30303|Stevenson-Carson School District|Non-English Language Learners|ELL|87|79|67|0.848101266|||||||||||||2018|ESD 112
2017-18|30303|Stevenson-Carson School District|Non-English Language Learners|ELL|78|79|65|0.82278481|||||||||||||2017|ESD 112
2016-17|30303|Stevenson-Carson School District|Non-English Language Learners|ELL||||0.81|||||||||||||2016|ESD 112
2015-16|30303|Stevenson-Carson School District|Non-English Language Learners|ELL||||0.86|||||||||||||2015|ESD 112
2014-15|30303|Stevenson-Carson School District|Non-English Language Learners|ELL|84|87|70|0.804597701|||||||||||||2014|ESD 112
2020-21|30303|Stevenson-Carson School District|Foster Care|Foster|||||||||||||||||2020|ESD 112
2019-20|30303|Stevenson-Carson School District|Foster Care|Foster|||||||||||||||||2019|ESD 112
2018-19|30303|Stevenson-Carson School District|Foster Care|Foster|||||||||||||||||2018|ESD 112
2017-18|30303|Stevenson-Carson School District|Foster Care|Foster|||||||||||||||||2017|ESD 112
2016-17|30303|Stevenson-Carson School District|Foster Care|Foster|||||||||||||||||2016|ESD 112
2015-16|30303|Stevenson-Carson School District|Foster Care|Foster|||||||||||||||||2015|ESD 112
2014-15|30303|Stevenson-Carson School District|Foster Care|Foster|||||||||||||||||2014|ESD 112
2020-21|30303|Stevenson-Carson School District|Non-Foster Care|Foster||||0.93|||||||||||||2020|ESD 112
2019-20|30303|Stevenson-Carson School District|Non-Foster Care|Foster||||0.82|||||||||||||2019|ESD 112
2018-19|30303|Stevenson-Carson School District|Non-Foster Care|Foster||||0.84|||||||||||||2018|ESD 112
2017-18|30303|Stevenson-Carson School District|Non-Foster Care|Foster||||0.82|||||||||||||2017|ESD 112
2016-17|30303|Stevenson-Carson School District|Non-Foster Care|Foster||||0.81|||||||||||||2016|ESD 112
2015-16|30303|Stevenson-Carson School District|Non-Foster Care|Foster||||0.87|||||||||||||2015|ESD 112
2014-15|30303|Stevenson-Carson School District|Non-Foster Care|Foster||||0.81|||||||||||||2014|ESD 112
2020-21|30303|Stevenson-Carson School District|Female|Gender|34|31|28|0.903225806|||||||||||||2020|ESD 112
2019-20|30303|Stevenson-Carson School District|Female|Gender||||0.91|||||||||||||2019|ESD 112
2018-19|30303|Stevenson-Carson School District|Female|Gender|49|44|36|0.818181818|||||||||||||2018|ESD 112
2017-18|30303|Stevenson-Carson School District|Female|Gender||||0.9|||||||||||||2017|ESD 112
2016-17|30303|Stevenson-Carson School District|Female|Gender|35|33|27|0.818181818|||||||||||||2016|ESD 112
2015-16|30303|Stevenson-Carson School District|Female|Gender||||0.85|||||||||||||2015|ESD 112
2014-15|30303|Stevenson-Carson School District|Female|Gender||||0.93|||||||||||||2014|ESD 112
2020-21|30303|Stevenson-Carson School District|Male|Gender||||0.893|||||||||||||2020|ESD 112
2019-20|30303|Stevenson-Carson School District|Male|Gender|45|47|36|0.765957447|||||||||||||2019|ESD 112
2018-19|30303|Stevenson-Carson School District|Male|Gender||||0.89|||||||||||||2018|ESD 112
2017-18|30303|Stevenson-Carson School District|Male|Gender|47|48|37|0.770833333|||||||||||||2017|ESD 112
2016-17|30303|Stevenson-Carson School District|Male|Gender||||0.81|||||||||||||2016|ESD 112
2015-16|30303|Stevenson-Carson School District|Male|Gender|39|43|37|0.860465116|||||||||||||2015|ESD 112
2014-15|30303|Stevenson-Carson School District|Male|Gender|43|44|29|0.659090909|||||||||||||2014|ESD 112
2020-21|30303|Stevenson-Carson School District|Homeless|Homeless|||||||||||||||||2020|ESD 112
2019-20|30303|Stevenson-Carson School District|Homeless|Homeless||||0.57|||||||||||||2019|ESD 112
2018-19|30303|Stevenson-Carson School District|Homeless|Homeless|||||||||||||||||2018|ESD 112
2017-18|30303|Stevenson-Carson School District|Homeless|Homeless||||0.42|||||||||||||2017|ESD 112
2016-17|30303|Stevenson-Carson School District|Homeless|Homeless|||||||||||||||||2016|ESD 112
2015-16|30303|Stevenson-Carson School District|Homeless|Homeless|||||||||||||||||2015|ESD 112
2014-15|30303|Stevenson-Carson School District|Homeless|Homeless||||0.4|||||||||||||2014|ESD 112
2020-21|30303|Stevenson-Carson School District|Non-Homeless|Homeless||||0.941|||||||||||||2020|ESD 112
2019-20|30303|Stevenson-Carson School District|Non-Homeless|Homeless|68|67|59|0.880597015|||||||||||||2019|ESD 112
2018-19|30303|Stevenson-Carson School District|Non-Homeless|Homeless||||0.87|||||||||||||2018|ESD 112
2017-18|30303|Stevenson-Carson School District|Non-Homeless|Homeless|69|67|60|0.895522388|||||||||||||2017|ESD 112
2016-17|30303|Stevenson-Carson School District|Non-Homeless|Homeless||||0.86|||||||||||||2016|ESD 112
2015-16|30303|Stevenson-Carson School District|Non-Homeless|Homeless||||0.9|||||||||||||2015|ESD 112
2014-15|30303|Stevenson-Carson School District|Non-Homeless|Homeless|77|77|66|0.857142857|||||||||||||2014|ESD 112
2020-21|30303|Stevenson-Carson School District|Low-Income|LowIncome|34|30|25|0.833333333|||||||||||||2020|ESD 112
2019-20|30303|Stevenson-Carson School District|Low-Income|LowIncome|44|45|32|0.711111111|||||||||||||2019|ESD 112
2018-19|30303|Stevenson-Carson School District|Low-Income|LowIncome|57|51|39|0.764705882|||||||||||||2018|ESD 112
2017-18|30303|Stevenson-Carson School District|Low-Income|LowIncome|51|50|36|0.72|||||||||||||2017|ESD 112
2016-17|30303|Stevenson-Carson School District|Low-Income|LowIncome||||0.63|||||||||||||2016|ESD 112
2015-16|30303|Stevenson-Carson School District|Low-Income|LowIncome|39|42|33|0.785714286|||||||||||||2015|ESD 112
2014-15|30303|Stevenson-Carson School District|Low-Income|LowIncome|52|51|36|0.705882353|||||||||||||2014|ESD 112
2020-21|30303|Stevenson-Carson School District|Non-Low Income|LowIncome||||0.897|||||||||||||2020|ESD 112
2019-20|30303|Stevenson-Carson School District|Non-Low Income|LowIncome||||0.917|||||||||||||2019|ESD 112
2018-19|30303|Stevenson-Carson School District|Non-Low Income|LowIncome||||0.893|||||||||||||2018|ESD 112
2017-18|30303|Stevenson-Carson School District|Non-Low Income|LowIncome||||0.897|||||||||||||2017|ESD 112
2016-17|30303|Stevenson-Carson School District|Non-Low Income|LowIncome||||0.912|||||||||||||2016|ESD 112
2015-16|30303|Stevenson-Carson School District|Non-Low Income|LowIncome||||0.914|||||||||||||2015|ESD 112
2014-15|30303|Stevenson-Carson School District|Non-Low Income|LowIncome||||0.917|||||||||||||2014|ESD 112
2020-21|30303|Stevenson-Carson School District|Non Migrant|Migrant||||0.92|||||||||||||2020|ESD 112
2019-20|30303|Stevenson-Carson School District|Non Migrant|Migrant||||0.83|||||||||||||2019|ESD 112
2018-19|30303|Stevenson-Carson School District|Non Migrant|Migrant||||0.85|||||||||||||2018|ESD 112
2017-18|30303|Stevenson-Carson School District|Non Migrant|Migrant||||0.82|||||||||||||2017|ESD 112
2016-17|30303|Stevenson-Carson School District|Non Migrant|Migrant||||0.81|||||||||||||2016|ESD 112
2015-16|30303|Stevenson-Carson School District|Non Migrant|Migrant||||0.86|||||||||||||2015|ESD 112
2014-15|30303|Stevenson-Carson School District|Non Migrant|Migrant||||0.8|||||||||||||2014|ESD 112
2020-21|30303|Stevenson-Carson School District|American Indian/ Alaskan Native|Race|||||||||||||||||2020|ESD 112
2019-20|30303|Stevenson-Carson School District|American Indian/ Alaskan Native|Race|||||||||||||||||2019|ESD 112
2018-19|30303|Stevenson-Carson School District|American Indian/ Alaskan Native|Race|||||||||||||||||2018|ESD 112
2017-18|30303|Stevenson-Carson School District|American Indian/ Alaskan Native|Race|||||||||||||||||2017|ESD 112
2016-17|30303|Stevenson-Carson School District|American Indian/ Alaskan Native|Race|||||||||||||||||2016|ESD 112
2015-16|30303|Stevenson-Carson School District|American Indian/ Alaskan Native|Race|||||||||||||||||2015|ESD 112
2014-15|30303|Stevenson-Carson School District|American Indian/ Alaskan Native|Race|||||||||||||||||2014|ESD 112
2020-21|30303|Stevenson-Carson School District|Asian|Race|||||||||||||||||2020|ESD 112
2019-20|30303|Stevenson-Carson School District|Asian|Race|||||||||||||||||2019|ESD 112
2018-19|30303|Stevenson-Carson School District|Asian|Race|||||||||||||||||2018|ESD 112
2017-18|30303|Stevenson-Carson School District|Asian|Race|||||||||||||||||2017|ESD 112
2016-17|30303|Stevenson-Carson School District|Asian|Race|||||||||||||||||2016|ESD 112
2015-16|30303|Stevenson-Carson School District|Asian|Race|||||||||||||||||2015|ESD 112
2014-15|30303|Stevenson-Carson School District|Asian|Race|||||||||||||||||2014|ESD 112
2018-19|30303|Stevenson-Carson School District|Black/ African American|Race|||||||||||||||||2018|ESD 112
2015-16|30303|Stevenson-Carson School District|Black/ African American|Race|||||||||||||||||2015|ESD 112
2014-15|30303|Stevenson-Carson School District|Black/ African American|Race|||||||||||||||||2014|ESD 112
2020-21|30303|Stevenson-Carson School District|Hispanic/ Latino of any race(s)|Race|||||||||||||||||2020|ESD 112
2019-20|30303|Stevenson-Carson School District|Hispanic/ Latino of any race(s)|Race||||0.786|||||||||||||2019|ESD 112
2018-19|30303|Stevenson-Carson School District|Hispanic/ Latino of any race(s)|Race|14|13|10|0.769230769|||||||||||||2018|ESD 112
2017-18|30303|Stevenson-Carson School District|Hispanic/ Latino of any race(s)|Race||||0.77|||||||||||||2017|ESD 112
2016-17|30303|Stevenson-Carson School District|Hispanic/ Latino of any race(s)|Race|||||||||||||||||2016|ESD 112
2015-16|30303|Stevenson-Carson School District|Hispanic/ Latino of any race(s)|Race|||||||||||||||||2015|ESD 112
2014-15|30303|Stevenson-Carson School District|Hispanic/ Latino of any race(s)|Race|||||||||||||||||2014|ESD 112
2017-18|30303|Stevenson-Carson School District|Native Hawaiian/ Other Pacific Islander|Race|||||||||||||||||2017|ESD 112
2015-16|30303|Stevenson-Carson School District|Native Hawaiian/ Other Pacific Islander|Race|||||||||||||||||2015|ESD 112
2020-21|30303|Stevenson-Carson School District|Two or More Races|Race|||||||||||||||||2020|ESD 112
2019-20|30303|Stevenson-Carson School District|Two or More Races|Race|||||||||||||||||2019|ESD 112
2018-19|30303|Stevenson-Carson School District|Two or More Races|Race|||||||||||||||||2018|ESD 112
2017-18|30303|Stevenson-Carson School District|Two or More Races|Race|||||||||||||||||2017|ESD 112
2016-17|30303|Stevenson-Carson School District|Two or More Races|Race|||||||||||||||||2016|ESD 112
2015-16|30303|Stevenson-Carson School District|Two or More Races|Race|||||||||||||||||2015|ESD 112
2014-15|30303|Stevenson-Carson School District|Two or More Races|Race|||||||||||||||||2014|ESD 112
2020-21|30303|Stevenson-Carson School District|White|Race||||0.94|||||||||||||2020|ESD 112
2019-20|30303|Stevenson-Carson School District|White|Race|59|61|52|0.852459016|||||||||||||2019|ESD 112
2018-19|30303|Stevenson-Carson School District|White|Race|61|56|48|0.857142857|||||||||||||2018|ESD 112
2017-18|30303|Stevenson-Carson School District|White|Race|63|62|52|0.838709677|||||||||||||2017|ESD 112
2016-17|30303|Stevenson-Carson School District|White|Race||||0.82|||||||||||||2016|ESD 112
2015-16|30303|Stevenson-Carson School District|White|Race|62|61|51|0.836065574|||||||||||||2015|ESD 112
2014-15|30303|Stevenson-Carson School District|White|Race|69|72|61|0.847222222|||||||||||||2014|ESD 112
2020-21|30303|Stevenson-Carson School District|Students with Disabilities|sped||||0.7|||||||||||||2020|ESD 112
2019-20|30303|Stevenson-Carson School District|Students with Disabilities|sped||||0.8|||||||||||||2019|ESD 112
2018-19|30303|Stevenson-Carson School District|Students with Disabilities|sped||||0.75|||||||||||||2018|ESD 112
2017-18|30303|Stevenson-Carson School District|Students with Disabilities|sped||||0.71|||||||||||||2017|ESD 112
2016-17|30303|Stevenson-Carson School District|Students with Disabilities|sped||||0.45|||||||||||||2016|ESD 112
2015-16|30303|Stevenson-Carson School District|Students with Disabilities|sped||||0.7|||||||||||||2015|ESD 112
2014-15|30303|Stevenson-Carson School District|Students with Disabilities|sped|||||||||||||||||2014|ESD 112
2020-21|30303|Stevenson-Carson School District|Students without Disabilities|sped||||0.939|||||||||||||2020|ESD 112
2019-20|30303|Stevenson-Carson School District|Students without Disabilities|sped|68|66|55|0.833333333|||||||||||||2019|ESD 112
2018-19|30303|Stevenson-Carson School District|Students without Disabilities|sped|73|67|57|0.850746269|||||||||||||2018|ESD 112
2017-18|30303|Stevenson-Carson School District|Students without Disabilities|sped|65|65|55|0.846153846|||||||||||||2017|ESD 112
2016-17|30303|Stevenson-Carson School District|Students without Disabilities|sped|57|53|47|0.886792453|||||||||||||2016|ESD 112
2015-16|30303|Stevenson-Carson School District|Students without Disabilities|sped|63|67|58|0.865671642|||||||||||||2015|ESD 112
2014-15|30303|Stevenson-Carson School District|Students without Disabilities|sped||||0.82|||||||||||||2014|ESD 112
2017-18|18902|Suquamish Tribal Education Department|Section 504|504|||||||||||||||||2017|PREP - Tier 1
2020-21|18902|Suquamish Tribal Education Department|Non Section 504|504||||0.813|||||||||||||2020|PREP - Tier 1
2019-20|18902|Suquamish Tribal Education Department|Non Section 504|504||||0.75|||||||||||||2019|PREP - Tier 1
2018-19|18902|Suquamish Tribal Education Department|Non Section 504|504|||||||||||||||||2018|PREP - Tier 1
2017-18|18902|Suquamish Tribal Education Department|Non Section 504|504||||0.786|||||||||||||2017|PREP - Tier 1
2016-17|18902|Suquamish Tribal Education Department|Non Section 504|504||||0.75|||||||||||||2016|PREP - Tier 1
2015-16|18902|Suquamish Tribal Education Department|Non Section 504|504|||||||||||||||||2015|PREP - Tier 1
2014-15|18902|Suquamish Tribal Education Department|Non Section 504|504|||||||||||||||||2014|PREP - Tier 1
2020-21|18902|Suquamish Tribal Education Department|All Students|All||||0.824|||||||||||||2020|PREP - Tier 1
2019-20|18902|Suquamish Tribal Education Department|All Students|All||||0.76|||||||||||||2019|PREP - Tier 1
2018-19|18902|Suquamish Tribal Education Department|All Students|All|||||||||||||||||2018|PREP - Tier 1
2017-18|18902|Suquamish Tribal Education Department|All Students|All||||0.8|||||||||||||2017|PREP - Tier 1
2016-17|18902|Suquamish Tribal Education Department|All Students|All||||0.75|||||||||||||2016|PREP - Tier 1
2015-16|18902|Suquamish Tribal Education Department|All Students|All|||||||||||||||||2015|PREP - Tier 1
2014-15|18902|Suquamish Tribal Education Department|All Students|All|||||||||||||||||2014|PREP - Tier 1
2018-19|18902|Suquamish Tribal Education Department|English Language Learners|ELL|||||||||||||||||2018|PREP - Tier 1
2017-18|18902|Suquamish Tribal Education Department|English Language Learners|ELL|||||||||||||||||2017|PREP - Tier 1
2016-17|18902|Suquamish Tribal Education Department|English Language Learners|ELL|||||||||||||||||2016|PREP - Tier 1
2020-21|18902|Suquamish Tribal Education Department|Non-English Language Learners|ELL||||0.824|||||||||||||2020|PREP - Tier 1
2019-20|18902|Suquamish Tribal Education Department|Non-English Language Learners|ELL||||0.76|||||||||||||2019|PREP - Tier 1
2018-19|18902|Suquamish Tribal Education Department|Non-English Language Learners|ELL|||||||||||||||||2018|PREP - Tier 1
2017-18|18902|Suquamish Tribal Education Department|Non-English Language Learners|ELL||||0.769|||||||||||||2017|PREP - Tier 1
2016-17|18902|Suquamish Tribal Education Department|Non-English Language Learners|ELL||||0.727|||||||||||||2016|PREP - Tier 1
2015-16|18902|Suquamish Tribal Education Department|Non-English Language Learners|ELL|||||||||||||||||2015|PREP - Tier 1
2014-15|18902|Suquamish Tribal Education Department|Non-English Language Learners|ELL|||||||||||||||||2014|PREP - Tier 1
2019-20|18902|Suquamish Tribal Education Department|Foster Care|Foster|||||||||||||||||2019|PREP - Tier 1
2018-19|18902|Suquamish Tribal Education Department|Foster Care|Foster|||||||||||||||||2018|PREP - Tier 1
2016-17|18902|Suquamish Tribal Education Department|Foster Care|Foster|||||||||||||||||2016|PREP - Tier 1
2020-21|18902|Suquamish Tribal Education Department|Non-Foster Care|Foster||||0.824|||||||||||||2020|PREP - Tier 1
2019-20|18902|Suquamish Tribal Education Department|Non-Foster Care|Foster||||0.73|||||||||||||2019|PREP - Tier 1
2018-19|18902|Suquamish Tribal Education Department|Non-Foster Care|Foster|||||||||||||||||2018|PREP - Tier 1
2017-18|18902|Suquamish Tribal Education Department|Non-Foster Care|Foster||||0.8|||||||||||||2017|PREP - Tier 1
2016-17|18902|Suquamish Tribal Education Department|Non-Foster Care|Foster|||||||||||||||||2016|PREP - Tier 1
2015-16|18902|Suquamish Tribal Education Department|Non-Foster Care|Foster|||||||||||||||||2015|PREP - Tier 1
2014-15|18902|Suquamish Tribal Education Department|Non-Foster Care|Foster|||||||||||||||||2014|PREP - Tier 1
2020-21|18902|Suquamish Tribal Education Department|Female|Gender|||||||||||||||||2020|PREP - Tier 1
2019-20|18902|Suquamish Tribal Education Department|Female|Gender|||||||||||||||||2019|PREP - Tier 1
2018-19|18902|Suquamish Tribal Education Department|Female|Gender|||||||||||||||||2018|PREP - Tier 1
2017-18|18902|Suquamish Tribal Education Department|Female|Gender|||||||||||||||||2017|PREP - Tier 1
2016-17|18902|Suquamish Tribal Education Department|Female|Gender|||||||||||||||||2016|PREP - Tier 1
2015-16|18902|Suquamish Tribal Education Department|Female|Gender|||||||||||||||||2015|PREP - Tier 1
2014-15|18902|Suquamish Tribal Education Department|Female|Gender|||||||||||||||||2014|PREP - Tier 1
2020-21|18902|Suquamish Tribal Education Department|Male|Gender|||||||||||||||||2020|PREP - Tier 1
2019-20|18902|Suquamish Tribal Education Department|Male|Gender|||||||||||||||||2019|PREP - Tier 1
2018-19|18902|Suquamish Tribal Education Department|Male|Gender|||||||||||||||||2018|PREP - Tier 1
2017-18|18902|Suquamish Tribal Education Department|Male|Gender||||0.727|||||||||||||2017|PREP - Tier 1
2016-17|18902|Suquamish Tribal Education Department|Male|Gender|||||||||||||||||2016|PREP - Tier 1
2015-16|18902|Suquamish Tribal Education Department|Male|Gender|||||||||||||||||2015|PREP - Tier 1
2014-15|18902|Suquamish Tribal Education Department|Male|Gender|||||||||||||||||2014|PREP - Tier 1
2019-20|18902|Suquamish Tribal Education Department|Homeless|Homeless|||||||||||||||||2019|PREP - Tier 1
2018-19|18902|Suquamish Tribal Education Department|Homeless|Homeless|||||||||||||||||2018|PREP - Tier 1
2016-17|18902|Suquamish Tribal Education Department|Homeless|Homeless|||||||||||||||||2016|PREP - Tier 1
2015-16|18902|Suquamish Tribal Education Department|Homeless|Homeless|||||||||||||||||2015|PREP - Tier 1
2014-15|18902|Suquamish Tribal Education Department|Homeless|Homeless|||||||||||||||||2014|PREP - Tier 1
2020-21|18902|Suquamish Tribal Education Department|Non-Homeless|Homeless||||0.824|||||||||||||2020|PREP - Tier 1
2019-20|18902|Suquamish Tribal Education Department|Non-Homeless|Homeless||||0.786|||||||||||||2019|PREP - Tier 1
2018-19|18902|Suquamish Tribal Education Department|Non-Homeless|Homeless|||||||||||||||||2018|PREP - Tier 1
2017-18|18902|Suquamish Tribal Education Department|Non-Homeless|Homeless||||0.8|||||||||||||2017|PREP - Tier 1
2016-17|18902|Suquamish Tribal Education Department|Non-Homeless|Homeless||||0.7|||||||||||||2016|PREP - Tier 1
2015-16|18902|Suquamish Tribal Education Department|Non-Homeless|Homeless|||||||||||||||||2015|PREP - Tier 1
2014-15|18902|Suquamish Tribal Education Department|Non-Homeless|Homeless|||||||||||||||||2014|PREP - Tier 1
2020-21|18902|Suquamish Tribal Education Department|Low-Income|LowIncome||||0.813|||||||||||||2020|PREP - Tier 1
2019-20|18902|Suquamish Tribal Education Department|Low-Income|LowIncome||||0.769|||||||||||||2019|PREP - Tier 1
2018-19|18902|Suquamish Tribal Education Department|Low-Income|LowIncome|||||||||||||||||2018|PREP - Tier 1
2017-18|18902|Suquamish Tribal Education Department|Low-Income|LowIncome||||0.75|||||||||||||2017|PREP - Tier 1
2016-17|18902|Suquamish Tribal Education Department|Low-Income|LowIncome|||||||||||||||||2016|PREP - Tier 1
2015-16|18902|Suquamish Tribal Education Department|Low-Income|LowIncome|||||||||||||||||2015|PREP - Tier 1
2014-15|18902|Suquamish Tribal Education Department|Low-Income|LowIncome|||||||||||||||||2014|PREP - Tier 1
2020-21|18902|Suquamish Tribal Education Department|Non-Low Income|LowIncome|||||||||||||||||2020|PREP - Tier 1
2019-20|18902|Suquamish Tribal Education Department|Non-Low Income|LowIncome|||||||||||||||||2019|PREP - Tier 1
2018-19|18902|Suquamish Tribal Education Department|Non-Low Income|LowIncome|||||||||||||||||2018|PREP - Tier 1
2017-18|18902|Suquamish Tribal Education Department|Non-Low Income|LowIncome|||||||||||||||||2017|PREP - Tier 1
2016-17|18902|Suquamish Tribal Education Department|Non-Low Income|LowIncome|||||||||||||||||2016|PREP - Tier 1
2015-16|18902|Suquamish Tribal Education Department|Non-Low Income|LowIncome|||||||||||||||||2015|PREP - Tier 1
2014-15|18902|Suquamish Tribal Education Department|Non-Low Income|LowIncome|||||||||||||||||2014|PREP - Tier 1
2020-21|18902|Suquamish Tribal Education Department|Migrant|Migrant|||||||||||||||||2020|PREP - Tier 1
2019-20|18902|Suquamish Tribal Education Department|Migrant|Migrant|||||||||||||||||2019|PREP - Tier 1
2018-19|18902|Suquamish Tribal Education Department|Migrant|Migrant|||||||||||||||||2018|PREP - Tier 1
2017-18|18902|Suquamish Tribal Education Department|Migrant|Migrant|||||||||||||||||2017|PREP - Tier 1
2016-17|18902|Suquamish Tribal Education Department|Migrant|Migrant|||||||||||||||||2016|PREP - Tier 1
2015-16|18902|Suquamish Tribal Education Department|Migrant|Migrant|||||||||||||||||2015|PREP - Tier 1
2020-21|18902|Suquamish Tribal Education Department|Non Migrant|Migrant||||0.75|||||||||||||2020|PREP - Tier 1
2019-20|18902|Suquamish Tribal Education Department|Non Migrant|Migrant||||0.77|||||||||||||2019|PREP - Tier 1
2018-19|18902|Suquamish Tribal Education Department|Non Migrant|Migrant|||||||||||||||||2018|PREP - Tier 1
2017-18|18902|Suquamish Tribal Education Department|Non Migrant|Migrant||||0.786|||||||||||||2017|PREP - Tier 1
2016-17|18902|Suquamish Tribal Education Department|Non Migrant|Migrant||||0.7|||||||||||||2016|PREP - Tier 1
2015-16|18902|Suquamish Tribal Education Department|Non Migrant|Migrant|||||||||||||||||2015|PREP - Tier 1
2014-15|18902|Suquamish Tribal Education Department|Non Migrant|Migrant|||||||||||||||||2014|PREP - Tier 1
2020-21|18902|Suquamish Tribal Education Department|American Indian/ Alaskan Native|Race|||||||||||||||||2020|PREP - Tier 1
2019-20|18902|Suquamish Tribal Education Department|American Indian/ Alaskan Native|Race|||||||||||||||||2019|PREP - Tier 1
2018-19|18902|Suquamish Tribal Education Department|American Indian/ Alaskan Native|Race|||||||||||||||||2018|PREP - Tier 1
2017-18|18902|Suquamish Tribal Education Department|American Indian/ Alaskan Native|Race|||||||||||||||||2017|PREP - Tier 1
2016-17|18902|Suquamish Tribal Education Department|American Indian/ Alaskan Native|Race|||||||||||||||||2016|PREP - Tier 1
2015-16|18902|Suquamish Tribal Education Department|American Indian/ Alaskan Native|Race|||||||||||||||||2015|PREP - Tier 1
2014-15|18902|Suquamish Tribal Education Department|American Indian/ Alaskan Native|Race|||||||||||||||||2014|PREP - Tier 1
2020-21|18902|Suquamish Tribal Education Department|Hispanic/ Latino of any race(s)|Race|||||||||||||||||2020|PREP - Tier 1
2019-20|18902|Suquamish Tribal Education Department|Hispanic/ Latino of any race(s)|Race|||||||||||||||||2019|PREP - Tier 1
2018-19|18902|Suquamish Tribal Education Department|Hispanic/ Latino of any race(s)|Race|||||||||||||||||2018|PREP - Tier 1
2017-18|18902|Suquamish Tribal Education Department|Hispanic/ Latino of any race(s)|Race|||||||||||||||||2017|PREP - Tier 1
2016-17|18902|Suquamish Tribal Education Department|Hispanic/ Latino of any race(s)|Race|||||||||||||||||2016|PREP - Tier 1
2015-16|18902|Suquamish Tribal Education Department|Hispanic/ Latino of any race(s)|Race|||||||||||||||||2015|PREP - Tier 1
2019-20|18902|Suquamish Tribal Education Department|Native Hawaiian/ Other Pacific Islander|Race|||||||||||||||||2019|PREP - Tier 1
2014-15|18902|Suquamish Tribal Education Department|Native Hawaiian/ Other Pacific Islander|Race|||||||||||||||||2014|PREP - Tier 1
2020-21|18902|Suquamish Tribal Education Department|Two or More Races|Race|||||||||||||||||2020|PREP - Tier 1
2019-20|18902|Suquamish Tribal Education Department|Two or More Races|Race|||||||||||||||||2019|PREP - Tier 1
2018-19|18902|Suquamish Tribal Education Department|Two or More Races|Race|||||||||||||||||2018|PREP - Tier 1
2017-18|18902|Suquamish Tribal Education Department|Two or More Races|Race|||||||||||||||||2017|PREP - Tier 1
2016-17|18902|Suquamish Tribal Education Department|Two or More Races|Race|||||||||||||||||2016|PREP - Tier 1
2015-16|18902|Suquamish Tribal Education Department|Two or More Races|Race|||||||||||||||||2015|PREP - Tier 1
2019-20|18902|Suquamish Tribal Education Department|White|Race|||||||||||||||||2019|PREP - Tier 1
2018-19|18902|Suquamish Tribal Education Department|White|Race|||||||||||||||||2018|PREP - Tier 1
2017-18|18902|Suquamish Tribal Education Department|White|Race|||||||||||||||||2017|PREP - Tier 1
2014-15|18902|Suquamish Tribal Education Department|White|Race|||||||||||||||||2014|PREP - Tier 1
2020-21|18902|Suquamish Tribal Education Department|Students with Disabilities|sped|||||||||||||||||2020|PREP - Tier 1
2019-20|18902|Suquamish Tribal Education Department|Students with Disabilities|sped|||||||||||||||||2019|PREP - Tier 1
2018-19|18902|Suquamish Tribal Education Department|Students with Disabilities|sped|||||||||||||||||2018|PREP - Tier 1
2017-18|18902|Suquamish Tribal Education Department|Students with Disabilities|sped|||||||||||||||||2017|PREP - Tier 1
2016-17|18902|Suquamish Tribal Education Department|Students with Disabilities|sped|||||||||||||||||2016|PREP - Tier 1
2015-16|18902|Suquamish Tribal Education Department|Students with Disabilities|sped|||||||||||||||||2015|PREP - Tier 1
2014-15|18902|Suquamish Tribal Education Department|Students with Disabilities|sped|||||||||||||||||2014|PREP - Tier 1
2020-21|18902|Suquamish Tribal Education Department|Students without Disabilities|sped|||||||||||||||||2020|PREP - Tier 1
2019-20|18902|Suquamish Tribal Education Department|Students without Disabilities|sped||||0.7|||||||||||||2019|PREP - Tier 1
2018-19|18902|Suquamish Tribal Education Department|Students without Disabilities|sped|||||||||||||||||2018|PREP - Tier 1
2017-18|18902|Suquamish Tribal Education Department|Students without Disabilities|sped||||0.727|||||||||||||2017|PREP - Tier 1
2016-17|18902|Suquamish Tribal Education Department|Students without Disabilities|sped|||||||||||||||||2016|PREP - Tier 1
2015-16|18902|Suquamish Tribal Education Department|Students without Disabilities|sped|||||||||||||||||2015|PREP - Tier 1
2014-15|18902|Suquamish Tribal Education Department|Students without Disabilities|sped|||||||||||||||||2014|PREP - Tier 1
2014-15|17406|Tukwila School District|Asian|Race|55|65|40|0.615384615|||||||||||||2014|Puget Sound ESD
2020-21|20400|Trout Lake School District|Non Section 504|504||||0.727|||||||||||||2020|ESD 112
2019-20|20400|Trout Lake School District|Non Section 504|504||||0.727|||||||||||||2019|ESD 112
2018-19|20400|Trout Lake School District|Non Section 504|504||||0.769|||||||||||||2018|ESD 112
2017-18|20400|Trout Lake School District|Non Section 504|504||||0.769|||||||||||||2017|ESD 112
2016-17|20400|Trout Lake School District|Non Section 504|504||||0.786|||||||||||||2016|ESD 112
2015-16|20400|Trout Lake School District|Non Section 504|504||||0.769|||||||||||||2015|ESD 112
2014-15|20400|Trout Lake School District|Non Section 504|504|||||||||||||||||2014|ESD 112
2020-21|20400|Trout Lake School District|Section 504|504|||||||||||||||||2020|ESD 112
2020-21|20400|Trout Lake School District|All Students|All||||0.75|||||||||||||2020|ESD 112
2019-20|20400|Trout Lake School District|All Students|All||||0.727|||||||||||||2019|ESD 112
2018-19|20400|Trout Lake School District|All Students|All||||0.769|||||||||||||2018|ESD 112
2017-18|20400|Trout Lake School District|All Students|All||||0.769|||||||||||||2017|ESD 112
2016-17|20400|Trout Lake School District|All Students|All||||0.786|||||||||||||2016|ESD 112
2015-16|20400|Trout Lake School District|All Students|All||||0.769|||||||||||||2015|ESD 112
2014-15|20400|Trout Lake School District|All Students|All|||||||||||||||||2014|ESD 112
2020-21|20400|Trout Lake School District|English Language Learners|ELL|||||||||||||||||2020|ESD 112
2018-19|20400|Trout Lake School District|English Language Learners|ELL|||||||||||||||||2018|ESD 112
2020-21|20400|Trout Lake School District|Non-English Language Learners|ELL||||0.727|||||||||||||2020|ESD 112
2019-20|20400|Trout Lake School District|Non-English Language Learners|ELL||||0.727|||||||||||||2019|ESD 112
2018-19|20400|Trout Lake School District|Non-English Language Learners|ELL||||0.75|||||||||||||2018|ESD 112
2017-18|20400|Trout Lake School District|Non-English Language Learners|ELL||||0.769|||||||||||||2017|ESD 112
2016-17|20400|Trout Lake School District|Non-English Language Learners|ELL||||0.786|||||||||||||2016|ESD 112
2015-16|20400|Trout Lake School District|Non-English Language Learners|ELL||||0.769|||||||||||||2015|ESD 112
2014-15|20400|Trout Lake School District|Non-English Language Learners|ELL|||||||||||||||||2014|ESD 112
2017-18|20400|Trout Lake School District|Foster Care|Foster|||||||||||||||||2017|ESD 112
2016-17|20400|Trout Lake School District|Foster Care|Foster|||||||||||||||||2016|ESD 112
2020-21|20400|Trout Lake School District|Non-Foster Care|Foster||||0.75|||||||||||||2020|ESD 112
2019-20|20400|Trout Lake School District|Non-Foster Care|Foster||||0.727|||||||||||||2019|ESD 112
2018-19|20400|Trout Lake School District|Non-Foster Care|Foster||||0.769|||||||||||||2018|ESD 112
2017-18|20400|Trout Lake School District|Non-Foster Care|Foster|||||||||||||||||2017|ESD 112
2016-17|20400|Trout Lake School District|Non-Foster Care|Foster|||||||||||||||||2016|ESD 112
2015-16|20400|Trout Lake School District|Non-Foster Care|Foster||||0.769|||||||||||||2015|ESD 112
2014-15|20400|Trout Lake School District|Non-Foster Care|Foster|||||||||||||||||2014|ESD 112
2020-21|20400|Trout Lake School District|Female|Gender||||0.7|||||||||||||2020|ESD 112
2019-20|20400|Trout Lake School District|Female|Gender|||||||||||||||||2019|ESD 112
2018-19|20400|Trout Lake School District|Female|Gender|||||||||||||||||2018|ESD 112
2017-18|20400|Trout Lake School District|Female|Gender|||||||||||||||||2017|ESD 112
2016-17|20400|Trout Lake School District|Female|Gender|||||||||||||||||2016|ESD 112
2015-16|20400|Trout Lake School District|Female|Gender|||||||||||||||||2015|ESD 112
2014-15|20400|Trout Lake School District|Female|Gender|||||||||||||||||2014|ESD 112
2020-21|20400|Trout Lake School District|Male|Gender|||||||||||||||||2020|ESD 112
2019-20|20400|Trout Lake School District|Male|Gender|||||||||||||||||2019|ESD 112
2018-19|20400|Trout Lake School District|Male|Gender||||0.727|||||||||||||2018|ESD 112
2017-18|20400|Trout Lake School District|Male|Gender|||||||||||||||||2017|ESD 112
2016-17|20400|Trout Lake School District|Male|Gender|||||||||||||||||2016|ESD 112
2015-16|20400|Trout Lake School District|Male|Gender|||||||||||||||||2015|ESD 112
2014-15|20400|Trout Lake School District|Male|Gender|||||||||||||||||2014|ESD 112
2020-21|20400|Trout Lake School District|Homeless|Homeless|||||||||||||||||2020|ESD 112
2018-19|20400|Trout Lake School District|Homeless|Homeless|||||||||||||||||2018|ESD 112
2016-17|20400|Trout Lake School District|Homeless|Homeless|||||||||||||||||2016|ESD 112
2015-16|20400|Trout Lake School District|Homeless|Homeless|||||||||||||||||2015|ESD 112
2020-21|20400|Trout Lake School District|Non-Homeless|Homeless||||0.727|||||||||||||2020|ESD 112
2019-20|20400|Trout Lake School District|Non-Homeless|Homeless||||0.727|||||||||||||2019|ESD 112
2018-19|20400|Trout Lake School District|Non-Homeless|Homeless||||0.75|||||||||||||2018|ESD 112
2017-18|20400|Trout Lake School District|Non-Homeless|Homeless||||0.769|||||||||||||2017|ESD 112
2016-17|20400|Trout Lake School District|Non-Homeless|Homeless||||0.769|||||||||||||2016|ESD 112
2015-16|20400|Trout Lake School District|Non-Homeless|Homeless||||0.75|||||||||||||2015|ESD 112
2014-15|20400|Trout Lake School District|Non-Homeless|Homeless|||||||||||||||||2014|ESD 112
2020-21|20400|Trout Lake School District|Low-Income|LowIncome|||||||||||||||||2020|ESD 112
2018-19|20400|Trout Lake School District|Low-Income|LowIncome|||||||||||||||||2018|ESD 112
2017-18|20400|Trout Lake School District|Low-Income|LowIncome|||||||||||||||||2017|ESD 112
2016-17|20400|Trout Lake School District|Low-Income|LowIncome|||||||||||||||||2016|ESD 112
2015-16|20400|Trout Lake School District|Low-Income|LowIncome|||||||||||||||||2015|ESD 112
2020-21|20400|Trout Lake School District|Non-Low Income|LowIncome||||0.727|||||||||||||2020|ESD 112
2019-20|20400|Trout Lake School District|Non-Low Income|LowIncome||||0.727|||||||||||||2019|ESD 112
2018-19|20400|Trout Lake School District|Non-Low Income|LowIncome||||0.75|||||||||||||2018|ESD 112
2017-18|20400|Trout Lake School District|Non-Low Income|LowIncome||||0.75|||||||||||||2017|ESD 112
2016-17|20400|Trout Lake School District|Non-Low Income|LowIncome||||0.75|||||||||||||2016|ESD 112
2015-16|20400|Trout Lake School District|Non-Low Income|LowIncome||||0.75|||||||||||||2015|ESD 112
2014-15|20400|Trout Lake School District|Non-Low Income|LowIncome|||||||||||||||||2014|ESD 112
2018-19|20400|Trout Lake School District|Migrant|Migrant|||||||||||||||||2018|ESD 112
2016-17|20400|Trout Lake School District|Migrant|Migrant|||||||||||||||||2016|ESD 112
2020-21|20400|Trout Lake School District|Non Migrant|Migrant||||0.75|||||||||||||2020|ESD 112
2019-20|20400|Trout Lake School District|Non Migrant|Migrant||||0.727|||||||||||||2019|ESD 112
2018-19|20400|Trout Lake School District|Non Migrant|Migrant||||0.75|||||||||||||2018|ESD 112
2017-18|20400|Trout Lake School District|Non Migrant|Migrant||||0.769|||||||||||||2017|ESD 112
2016-17|20400|Trout Lake School District|Non Migrant|Migrant||||0.769|||||||||||||2016|ESD 112
2015-16|20400|Trout Lake School District|Non Migrant|Migrant||||0.769|||||||||||||2015|ESD 112
2014-15|20400|Trout Lake School District|Non Migrant|Migrant|||||||||||||||||2014|ESD 112
2019-20|20400|Trout Lake School District|American Indian/ Alaskan Native|Race|||||||||||||||||2019|ESD 112
2019-20|20400|Trout Lake School District|Asian|Race|||||||||||||||||2019|ESD 112
2017-18|20400|Trout Lake School District|Asian|Race|||||||||||||||||2017|ESD 112
2016-17|20400|Trout Lake School District|Asian|Race|||||||||||||||||2016|ESD 112
2015-16|20400|Trout Lake School District|Asian|Race|||||||||||||||||2015|ESD 112
2014-15|20400|Trout Lake School District|Asian|Race|||||||||||||||||2014|ESD 112
2020-21|20400|Trout Lake School District|Hispanic/ Latino of any race(s)|Race|||||||||||||||||2020|ESD 112
2019-20|20400|Trout Lake School District|Hispanic/ Latino of any race(s)|Race|||||||||||||||||2019|ESD 112
2018-19|20400|Trout Lake School District|Hispanic/ Latino of any race(s)|Race|||||||||||||||||2018|ESD 112
2017-18|20400|Trout Lake School District|Hispanic/ Latino of any race(s)|Race|||||||||||||||||2017|ESD 112
2016-17|20400|Trout Lake School District|Hispanic/ Latino of any race(s)|Race|||||||||||||||||2016|ESD 112
2015-16|20400|Trout Lake School District|Hispanic/ Latino of any race(s)|Race|||||||||||||||||2015|ESD 112
2014-15|20400|Trout Lake School District|Hispanic/ Latino of any race(s)|Race|||||||||||||||||2014|ESD 112
2019-20|20400|Trout Lake School District|Two or More Races|Race|||||||||||||||||2019|ESD 112
2018-19|20400|Trout Lake School District|Two or More Races|Race|||||||||||||||||2018|ESD 112
2017-18|20400|Trout Lake School District|Two or More Races|Race|||||||||||||||||2017|ESD 112
2016-17|20400|Trout Lake School District|Two or More Races|Race|||||||||||||||||2016|ESD 112
2020-21|20400|Trout Lake School District|White|Race||||0.7|||||||||||||2020|ESD 112
2019-20|20400|Trout Lake School District|White|Race|||||||||||||||||2019|ESD 112
2018-19|20400|Trout Lake School District|White|Race|||||||||||||||||2018|ESD 112
2017-18|20400|Trout Lake School District|White|Race|||||||||||||||||2017|ESD 112
2016-17|20400|Trout Lake School District|White|Race||||0.7|||||||||||||2016|ESD 112
2015-16|20400|Trout Lake School District|White|Race||||0.75|||||||||||||2015|ESD 112
2014-15|20400|Trout Lake School District|White|Race|||||||||||||||||2014|ESD 112
2020-21|20400|Trout Lake School District|Students with Disabilities|sped|||||||||||||||||2020|ESD 112
2019-20|20400|Trout Lake School District|Students with Disabilities|sped|||||||||||||||||2019|ESD 112
2018-19|20400|Trout Lake School District|Students with Disabilities|sped|||||||||||||||||2018|ESD 112
2017-18|20400|Trout Lake School District|Students with Disabilities|sped|||||||||||||||||2017|ESD 112
2016-17|20400|Trout Lake School District|Students with Disabilities|sped|||||||||||||||||2016|ESD 112
2015-16|20400|Trout Lake School District|Students with Disabilities|sped|||||||||||||||||2015|ESD 112
2014-15|20400|Trout Lake School District|Students with Disabilities|sped|||||||||||||||||2014|ESD 112
2020-21|20400|Trout Lake School District|Students without Disabilities|sped||||0.7|||||||||||||2020|ESD 112
2019-20|20400|Trout Lake School District|Students without Disabilities|sped||||0.727|||||||||||||2019|ESD 112
2018-19|20400|Trout Lake School District|Students without Disabilities|sped||||0.75|||||||||||||2018|ESD 112
2017-18|20400|Trout Lake School District|Students without Disabilities|sped||||0.75|||||||||||||2017|ESD 112
2016-17|20400|Trout Lake School District|Students without Disabilities|sped|||||||||||||||||2016|ESD 112
2015-16|20400|Trout Lake School District|Students without Disabilities|sped|||||||||||||||||2015|ESD 112
2014-15|20400|Trout Lake School District|Students without Disabilities|sped|||||||||||||||||2014|ESD 112
2020-21|17406|Tukwila School District|Non Section 504|504||||0.865|||||||||||||2020|Puget Sound ESD
2019-20|17406|Tukwila School District|Non Section 504|504||||0.804|||||||||||||2019|Puget Sound ESD
2018-19|17406|Tukwila School District|Non Section 504|504||||0.84|||||||||||||2018|Puget Sound ESD
2017-18|17406|Tukwila School District|Non Section 504|504||||0.833|||||||||||||2017|Puget Sound ESD
2016-17|17406|Tukwila School District|Non Section 504|504||||0.787|||||||||||||2016|Puget Sound ESD
2015-16|17406|Tukwila School District|Non Section 504|504||||0.774|||||||||||||2015|Puget Sound ESD
2014-15|17406|Tukwila School District|Non Section 504|504||||0.687|||||||||||||2014|Puget Sound ESD
2020-21|17406|Tukwila School District|Section 504|504||||0.7|||||||||||||2020|Puget Sound ESD
2019-20|17406|Tukwila School District|Section 504|504|||||||||||||||||2019|Puget Sound ESD
2018-19|17406|Tukwila School District|Section 504|504|||||||||||||||||2018|Puget Sound ESD
2017-18|17406|Tukwila School District|Section 504|504|||||||||||||||||2017|Puget Sound ESD
2016-17|17406|Tukwila School District|Section 504|504|||||||||||||||||2016|Puget Sound ESD
2015-16|17406|Tukwila School District|Section 504|504|||||||||||||||||2015|Puget Sound ESD
2014-15|17406|Tukwila School District|Section 504|504|||||||||||||||||2014|Puget Sound ESD
2020-21|17406|Tukwila School District|All Students|All|225|239|208|0.870292887|||||||||||||2020|Puget Sound ESD
2019-20|17406|Tukwila School District|All Students|All|201|216|174|0.805555556|||||||||||||2019|Puget Sound ESD
2018-19|17406|Tukwila School District|All Students|All|196|215|181|0.841860465|||||||||||||2018|Puget Sound ESD
2017-18|17406|Tukwila School District|All Students|All|194|206|170|0.825242718|||||||||||||2017|Puget Sound ESD
2016-17|17406|Tukwila School District|All Students|All|194|211|165|0.781990521|||||||||||||2016|Puget Sound ESD
2015-16|17406|Tukwila School District|All Students|All|210|240|186|0.775|||||||||||||2015|Puget Sound ESD
2014-15|17406|Tukwila School District|All Students|All|190|199|137|0.688442211|||||||||||||2014|Puget Sound ESD
2020-21|17406|Tukwila School District|English Language Learners|ELL|57|67|50|0.746268657|||||||||||||2020|Puget Sound ESD
2019-20|17406|Tukwila School District|English Language Learners|ELL|42|59|41|0.694915254|||||||||||||2019|Puget Sound ESD
2018-19|17406|Tukwila School District|English Language Learners|ELL|62|75|58|0.773333333|||||||||||||2018|Puget Sound ESD
2017-18|17406|Tukwila School District|English Language Learners|ELL|46|59|38|0.644067797|||||||||||||2017|Puget Sound ESD
2016-17|17406|Tukwila School District|English Language Learners|ELL|55|69|43|0.623188406|||||||||||||2016|Puget Sound ESD
2015-16|17406|Tukwila School District|English Language Learners|ELL||||0.68|||||||||||||2015|Puget Sound ESD
2014-15|17406|Tukwila School District|English Language Learners|ELL|50|63|34|0.53968254|||||||||||||2014|Puget Sound ESD
2020-21|17406|Tukwila School District|Non-English Language Learners|ELL||||0.919|||||||||||||2020|Puget Sound ESD
2019-20|17406|Tukwila School District|Non-English Language Learners|ELL||||0.847|||||||||||||2019|Puget Sound ESD
2018-19|17406|Tukwila School District|Non-English Language Learners|ELL||||0.879|||||||||||||2018|Puget Sound ESD
2017-18|17406|Tukwila School District|Non-English Language Learners|ELL|148|147|132|0.897959184|||||||||||||2017|Puget Sound ESD
2016-17|17406|Tukwila School District|Non-English Language Learners|ELL||||0.859|||||||||||||2016|Puget Sound ESD
2015-16|17406|Tukwila School District|Non-English Language Learners|ELL|144|153|127|0.830065359|||||||||||||2015|Puget Sound ESD
2014-15|17406|Tukwila School District|Non-English Language Learners|ELL||||0.757|||||||||||||2014|Puget Sound ESD
2020-21|17406|Tukwila School District|Foster Care|Foster|||||||||||||||||2020|Puget Sound ESD
2019-20|17406|Tukwila School District|Foster Care|Foster|||||||||||||||||2019|Puget Sound ESD
2018-19|17406|Tukwila School District|Foster Care|Foster|||||||||||||||||2018|Puget Sound ESD
2017-18|17406|Tukwila School District|Foster Care|Foster|||||||||||||||||2017|Puget Sound ESD
2016-17|17406|Tukwila School District|Foster Care|Foster|||||||||||||||||2016|Puget Sound ESD
2015-16|17406|Tukwila School District|Foster Care|Foster|||||||||||||||||2015|Puget Sound ESD
2014-15|17406|Tukwila School District|Foster Care|Foster|||||||||||||||||2014|Puget Sound ESD
2020-21|17406|Tukwila School District|Non-Foster Care|Foster||||0.877|||||||||||||2020|Puget Sound ESD
2019-20|17406|Tukwila School District|Non-Foster Care|Foster||||0.805|||||||||||||2019|Puget Sound ESD
2018-19|17406|Tukwila School District|Non-Foster Care|Foster||||0.849|||||||||||||2018|Puget Sound ESD
2017-18|17406|Tukwila School District|Non-Foster Care|Foster||||0.824|||||||||||||2017|Puget Sound ESD
2016-17|17406|Tukwila School District|Non-Foster Care|Foster||||0.785|||||||||||||2016|Puget Sound ESD
2015-16|17406|Tukwila School District|Non-Foster Care|Foster||||0.778|||||||||||||2015|Puget Sound ESD
2014-15|17406|Tukwila School District|Non-Foster Care|Foster||||0.695|||||||||||||2014|Puget Sound ESD
2020-21|17406|Tukwila School District|Female|Gender|125|138|122|0.884057971|||||||||||||2020|Puget Sound ESD
2019-20|17406|Tukwila School District|Female|Gender||||0.83|||||||||||||2019|Puget Sound ESD
2018-19|17406|Tukwila School District|Female|Gender|93|100|83|0.83|||||||||||||2018|Puget Sound ESD
2017-18|17406|Tukwila School District|Female|Gender|103|100|87|0.87|||||||||||||2017|Puget Sound ESD
2016-17|17406|Tukwila School District|Female|Gender||||0.858|||||||||||||2016|Puget Sound ESD
2015-16|17406|Tukwila School District|Female|Gender||||0.743|||||||||||||2015|Puget Sound ESD
2014-15|17406|Tukwila School District|Female|Gender||||0.723|||||||||||||2014|Puget Sound ESD
2020-21|17406|Tukwila School District|Gender X|Gender|||||||||||||||||2020|Puget Sound ESD
2019-20|17406|Tukwila School District|Gender X|Gender|||||||||||||||||2019|Puget Sound ESD
2020-21|17406|Tukwila School District|Male|Gender||||0.85|||||||||||||2020|Puget Sound ESD
2019-20|17406|Tukwila School District|Male|Gender|110|123|98|0.796747967|||||||||||||2019|Puget Sound ESD
2018-19|17406|Tukwila School District|Male|Gender||||0.852|||||||||||||2018|Puget Sound ESD
2017-18|17406|Tukwila School District|Male|Gender|91|106|83|0.783018868|||||||||||||2017|Puget Sound ESD
2016-17|17406|Tukwila School District|Male|Gender|100|105|74|0.704761905|||||||||||||2016|Puget Sound ESD
2015-16|17406|Tukwila School District|Male|Gender||||0.803|||||||||||||2015|Puget Sound ESD
2014-15|17406|Tukwila School District|Male|Gender|99|98|64|0.653061224|||||||||||||2014|Puget Sound ESD
2020-21|17406|Tukwila School District|Homeless|Homeless||||0.65|||||||||||||2020|Puget Sound ESD
2019-20|17406|Tukwila School District|Homeless|Homeless||||0.72|||||||||||||2019|Puget Sound ESD
2018-19|17406|Tukwila School District|Homeless|Homeless|30|34|24|0.705882353|||||||||||||2018|Puget Sound ESD
2017-18|17406|Tukwila School District|Homeless|Homeless|37|35|24|0.685714286|||||||||||||2017|Puget Sound ESD
2016-17|17406|Tukwila School District|Homeless|Homeless||||0.73|||||||||||||2016|Puget Sound ESD
2015-16|17406|Tukwila School District|Homeless|Homeless||||0.77|||||||||||||2015|Puget Sound ESD
2014-15|17406|Tukwila School District|Homeless|Homeless||||0.73|||||||||||||2014|Puget Sound ESD
2020-21|17406|Tukwila School District|Non-Homeless|Homeless||||0.915|||||||||||||2020|Puget Sound ESD
2019-20|17406|Tukwila School District|Non-Homeless|Homeless||||0.828|||||||||||||2019|Puget Sound ESD
2018-19|17406|Tukwila School District|Non-Homeless|Homeless|166|181|157|0.867403315|||||||||||||2018|Puget Sound ESD
2017-18|17406|Tukwila School District|Non-Homeless|Homeless||||0.854|||||||||||||2017|Puget Sound ESD
2016-17|17406|Tukwila School District|Non-Homeless|Homeless||||0.788|||||||||||||2016|Puget Sound ESD
2015-16|17406|Tukwila School District|Non-Homeless|Homeless||||0.776|||||||||||||2015|Puget Sound ESD
2014-15|17406|Tukwila School District|Non-Homeless|Homeless||||0.684|||||||||||||2014|Puget Sound ESD
2020-21|17406|Tukwila School District|Low-Income|LowIncome||||0.849|||||||||||||2020|Puget Sound ESD
2019-20|17406|Tukwila School District|Low-Income|LowIncome||||0.814|||||||||||||2019|Puget Sound ESD
2018-19|17406|Tukwila School District|Low-Income|LowIncome||||0.835|||||||||||||2018|Puget Sound ESD
2017-18|17406|Tukwila School District|Low-Income|LowIncome||||0.815|||||||||||||2017|Puget Sound ESD
2016-17|17406|Tukwila School District|Low-Income|LowIncome||||0.757|||||||||||||2016|Puget Sound ESD
2015-16|17406|Tukwila School District|Low-Income|LowIncome||||0.768|||||||||||||2015|Puget Sound ESD
2014-15|17406|Tukwila School District|Low-Income|LowIncome||||0.657|||||||||||||2014|Puget Sound ESD
2020-21|17406|Tukwila School District|Non-Low Income|LowIncome||||0.93|||||||||||||2020|Puget Sound ESD
2019-20|17406|Tukwila School District|Non-Low Income|LowIncome||||0.77|||||||||||||2019|Puget Sound ESD
2018-19|17406|Tukwila School District|Non-Low Income|LowIncome||||0.87|||||||||||||2018|Puget Sound ESD
2017-18|17406|Tukwila School District|Non-Low Income|LowIncome||||0.893|||||||||||||2017|Puget Sound ESD
2016-17|17406|Tukwila School District|Non-Low Income|LowIncome||||0.89|||||||||||||2016|Puget Sound ESD
2015-16|17406|Tukwila School District|Non-Low Income|LowIncome||||0.81|||||||||||||2015|Puget Sound ESD
2014-15|17406|Tukwila School District|Non-Low Income|LowIncome||||0.85|||||||||||||2014|Puget Sound ESD
2019-20|17406|Tukwila School District|Migrant|Migrant|||||||||||||||||2019|Puget Sound ESD
2017-18|17406|Tukwila School District|Migrant|Migrant|||||||||||||||||2017|Puget Sound ESD
2015-16|17406|Tukwila School District|Migrant|Migrant|||||||||||||||||2015|Puget Sound ESD
2020-21|17406|Tukwila School District|Non Migrant|Migrant|225|239|208|0.870292887|||||||||||||2020|Puget Sound ESD
2019-20|17406|Tukwila School District|Non Migrant|Migrant||||0.805|||||||||||||2019|Puget Sound ESD
2018-19|17406|Tukwila School District|Non Migrant|Migrant|196|215|181|0.841860465|||||||||||||2018|Puget Sound ESD
2017-18|17406|Tukwila School District|Non Migrant|Migrant||||0.829|||||||||||||2017|Puget Sound ESD
2016-17|17406|Tukwila School District|Non Migrant|Migrant|194|211|165|0.781990521|||||||||||||2016|Puget Sound ESD
2015-16|17406|Tukwila School District|Non Migrant|Migrant||||0.778|||||||||||||2015|Puget Sound ESD
2014-15|17406|Tukwila School District|Non Migrant|Migrant|190|199|137|0.688442211|||||||||||||2014|Puget Sound ESD
2020-21|17406|Tukwila School District|American Indian/ Alaskan Native|Race|||||||||||||||||2020|Puget Sound ESD
2019-20|17406|Tukwila School District|American Indian/ Alaskan Native|Race|||||||||||||||||2019|Puget Sound ESD
2017-18|17406|Tukwila School District|American Indian/ Alaskan Native|Race|||||||||||||||||2017|Puget Sound ESD
2015-16|17406|Tukwila School District|American Indian/ Alaskan Native|Race|||||||||||||||||2015|Puget Sound ESD
2014-15|17406|Tukwila School District|American Indian/ Alaskan Native|Race|||||||||||||||||2014|Puget Sound ESD
2020-21|17406|Tukwila School District|Asian|Race|82|84|77|0.916666667|||||||||||||2020|Puget Sound ESD
2019-20|17406|Tukwila School District|Asian|Race|64|65|58|0.892307692|||||||||||||2019|Puget Sound ESD
2018-19|17406|Tukwila School District|Asian|Race|76|85|78|0.917647059|||||||||||||2018|Puget Sound ESD
2017-18|17406|Tukwila School District|Asian|Race|53|62|46|0.741935484|||||||||||||2017|Puget Sound ESD
2016-17|17406|Tukwila School District|Asian|Race|62|72|57|0.791666667|||||||||||||2016|Puget Sound ESD
2015-16|17406|Tukwila School District|Asian|Race|70|82|69|0.841463415|||||||||||||2015|Puget Sound ESD
2020-21|17406|Tukwila School District|Black/ African American|Race|53|61|52|0.852459016|||||||||||||2020|Puget Sound ESD
2019-20|17406|Tukwila School District|Black/ African American|Race|34|46|38|0.826086957|||||||||||||2019|Puget Sound ESD
2018-19|17406|Tukwila School District|Black/ African American|Race|32|41|31|0.756097561|||||||||||||2018|Puget Sound ESD
2017-18|17406|Tukwila School District|Black/ African American|Race||||0.927|||||||||||||2017|Puget Sound ESD
2016-17|17406|Tukwila School District|Black/ African American|Race|33|41|31|0.756097561|||||||||||||2016|Puget Sound ESD
2015-16|17406|Tukwila School District|Black/ African American|Race|42|55|42|0.763636364|||||||||||||2015|Puget Sound ESD
2014-15|17406|Tukwila School District|Black/ African American|Race|35|40|31|0.775|||||||||||||2014|Puget Sound ESD
2020-21|17406|Tukwila School District|Hispanic/ Latino of any race(s)|Race|41|43|35|0.813953488|||||||||||||2020|Puget Sound ESD
2019-20|17406|Tukwila School District|Hispanic/ Latino of any race(s)|Race|53|56|43|0.767857143|||||||||||||2019|Puget Sound ESD
2018-19|17406|Tukwila School District|Hispanic/ Latino of any race(s)|Race|48|47|38|0.808510638|||||||||||||2018|Puget Sound ESD
2017-18|17406|Tukwila School District|Hispanic/ Latino of any race(s)|Race|53|56|45|0.803571429|||||||||||||2017|Puget Sound ESD
2016-17|17406|Tukwila School District|Hispanic/ Latino of any race(s)|Race|48|50|35|0.7|||||||||||||2016|Puget Sound ESD
2015-16|17406|Tukwila School District|Hispanic/ Latino of any race(s)|Race|44|45|35|0.777777778|||||||||||||2015|Puget Sound ESD
2014-15|17406|Tukwila School District|Hispanic/ Latino of any race(s)|Race|46|40|25|0.625|||||||||||||2014|Puget Sound ESD
2020-21|17406|Tukwila School District|Native Hawaiian/ Other Pacific Islander|Race||||0.727|||||||||||||2020|Puget Sound ESD
2019-20|17406|Tukwila School District|Native Hawaiian/ Other Pacific Islander|Race|||||||||||||||||2019|Puget Sound ESD
2018-19|17406|Tukwila School District|Native Hawaiian/ Other Pacific Islander|Race|||||||||||||||||2018|Puget Sound ESD
2017-18|17406|Tukwila School District|Native Hawaiian/ Other Pacific Islander|Race||||0.727|||||||||||||2017|Puget Sound ESD
2016-17|17406|Tukwila School District|Native Hawaiian/ Other Pacific Islander|Race|||||||||||||||||2016|Puget Sound ESD
2015-16|17406|Tukwila School District|Native Hawaiian/ Other Pacific Islander|Race||||0.6|||||||||||||2015|Puget Sound ESD
2014-15|17406|Tukwila School District|Native Hawaiian/ Other Pacific Islander|Race|||||||||||||||||2014|Puget Sound ESD
2020-21|17406|Tukwila School District|Two or More Races|Race||||0.7|||||||||||||2020|Puget Sound ESD
2019-20|17406|Tukwila School District|Two or More Races|Race||||0.8|||||||||||||2019|Puget Sound ESD
2018-19|17406|Tukwila School District|Two or More Races|Race|||||||||||||||||2018|Puget Sound ESD
2017-18|17406|Tukwila School District|Two or More Races|Race||||0.769|||||||||||||2017|Puget Sound ESD
2016-17|17406|Tukwila School District|Two or More Races|Race|||||||||||||||||2016|Puget Sound ESD
2015-16|17406|Tukwila School District|Two or More Races|Race|||||||||||||||||2015|Puget Sound ESD
2014-15|17406|Tukwila School District|Two or More Races|Race|||||||||||||||||2014|Puget Sound ESD
2020-21|17406|Tukwila School District|White|Race|27|29|26|0.896551724|||||||||||||2020|Puget Sound ESD
2019-20|17406|Tukwila School District|White|Race|26|23|12|0.52173913|||||||||||||2019|Puget Sound ESD
2018-19|17406|Tukwila School District|White|Race|25|28|21|0.75|||||||||||||2018|Puget Sound ESD
2017-18|17406|Tukwila School District|White|Race||||0.857|||||||||||||2017|Puget Sound ESD
2016-17|17406|Tukwila School District|White|Race||||0.903|||||||||||||2016|Puget Sound ESD
2015-16|17406|Tukwila School District|White|Race|38|42|29|0.69047619|||||||||||||2015|Puget Sound ESD
2014-15|17406|Tukwila School District|White|Race|36|38|29|0.763157895|||||||||||||2014|Puget Sound ESD
2020-21|17406|Tukwila School District|Students with Disabilities|sped|24|24|16|0.666666667|||||||||||||2020|Puget Sound ESD
2019-20|17406|Tukwila School District|Students with Disabilities|sped|19|20|13|0.65|||||||||||||2019|Puget Sound ESD
2018-19|17406|Tukwila School District|Students with Disabilities|sped||||0.53|||||||||||||2018|Puget Sound ESD
2017-18|17406|Tukwila School District|Students with Disabilities|sped|17|16|8|0.5|||||||||||||2017|Puget Sound ESD
2016-17|17406|Tukwila School District|Students with Disabilities|sped||||0.53|||||||||||||2016|Puget Sound ESD
2015-16|17406|Tukwila School District|Students with Disabilities|sped||||0.63|||||||||||||2015|Puget Sound ESD
2014-15|17406|Tukwila School District|Students with Disabilities|sped||||0.44|||||||||||||2014|Puget Sound ESD
2020-21|17406|Tukwila School District|Students without Disabilities|sped||||0.893|||||||||||||2020|Puget Sound ESD
2019-20|17406|Tukwila School District|Students without Disabilities|sped||||0.821|||||||||||||2019|Puget Sound ESD
2018-19|17406|Tukwila School District|Students without Disabilities|sped||||0.869|||||||||||||2018|Puget Sound ESD
2017-18|17406|Tukwila School District|Students without Disabilities|sped|177|190|162|0.852631579|||||||||||||2017|Puget Sound ESD
2016-17|17406|Tukwila School District|Students without Disabilities|sped|176|194|156|0.804123711|||||||||||||2016|Puget Sound ESD
2015-16|17406|Tukwila School District|Students without Disabilities|sped|192|221|174|0.787330317|||||||||||||2015|Puget Sound ESD
2014-15|17406|Tukwila School District|Students without Disabilities|sped|169|181|129|0.712707182|||||||||||||2014|Puget Sound ESD
2020-21|35200|Wahkiakum School District|Non Section 504|504||||0.9|||||||||||||2020|ESD 112
2019-20|35200|Wahkiakum School District|Non Section 504|504||||0.91|||||||||||||2019|ESD 112
2018-19|35200|Wahkiakum School District|Non Section 504|504||||0.8|||||||||||||2018|ESD 112
2017-18|35200|Wahkiakum School District|Non Section 504|504||||0.9|||||||||||||2017|ESD 112
2016-17|35200|Wahkiakum School District|Non Section 504|504||||0.88|||||||||||||2016|ESD 112
2015-16|35200|Wahkiakum School District|Non Section 504|504||||0.88|||||||||||||2015|ESD 112
2014-15|35200|Wahkiakum School District|Non Section 504|504||||0.903|||||||||||||2014|ESD 112
2020-21|35200|Wahkiakum School District|Section 504|504|||||||||||||||||2020|ESD 112
2019-20|35200|Wahkiakum School District|Section 504|504|||||||||||||||||2019|ESD 112
2018-19|35200|Wahkiakum School District|Section 504|504|||||||||||||||||2018|ESD 112
2017-18|35200|Wahkiakum School District|Section 504|504|||||||||||||||||2017|ESD 112
2016-17|35200|Wahkiakum School District|Section 504|504|||||||||||||||||2016|ESD 112
2015-16|35200|Wahkiakum School District|Section 504|504|||||||||||||||||2015|ESD 112
2014-15|35200|Wahkiakum School District|Section 504|504|||||||||||||||||2014|ESD 112
2020-21|35200|Wahkiakum School District|All Students|All||||0.91|||||||||||||2020|ESD 112
2019-20|35200|Wahkiakum School District|All Students|All||||0.89|||||||||||||2019|ESD 112
2018-19|35200|Wahkiakum School District|All Students|All||||0.83|||||||||||||2018|ESD 112
2017-18|35200|Wahkiakum School District|All Students|All||||0.91|||||||||||||2017|ESD 112
2016-17|35200|Wahkiakum School District|All Students|All||||0.893|||||||||||||2016|ESD 112
2015-16|35200|Wahkiakum School District|All Students|All||||0.83|||||||||||||2015|ESD 112
2014-15|35200|Wahkiakum School District|All Students|All||||0.906|||||||||||||2014|ESD 112
2020-21|35200|Wahkiakum School District|English Language Learners|ELL|||||||||||||||||2020|ESD 112
2019-20|35200|Wahkiakum School District|English Language Learners|ELL|||||||||||||||||2019|ESD 112
2018-19|35200|Wahkiakum School District|English Language Learners|ELL|||||||||||||||||2018|ESD 112
2014-15|35200|Wahkiakum School District|English Language Learners|ELL|||||||||||||||||2014|ESD 112
2020-21|35200|Wahkiakum School District|Non-English Language Learners|ELL||||0.91|||||||||||||2020|ESD 112
2019-20|35200|Wahkiakum School District|Non-English Language Learners|ELL|35|35|31|0.885714286|||||||||||||2019|ESD 112
2018-19|35200|Wahkiakum School District|Non-English Language Learners|ELL|26|23|19|0.826086957|||||||||||||2018|ESD 112
2017-18|35200|Wahkiakum School District|Non-English Language Learners|ELL||||0.91|||||||||||||2017|ESD 112
2016-17|35200|Wahkiakum School District|Non-English Language Learners|ELL||||0.893|||||||||||||2016|ESD 112
2015-16|35200|Wahkiakum School District|Non-English Language Learners|ELL||||0.83|||||||||||||2015|ESD 112
2014-15|35200|Wahkiakum School District|Non-English Language Learners|ELL||||0.903|||||||||||||2014|ESD 112
2019-20|35200|Wahkiakum School District|Foster Care|Foster|||||||||||||||||2019|ESD 112
2017-18|35200|Wahkiakum School District|Foster Care|Foster|||||||||||||||||2017|ESD 112
2016-17|35200|Wahkiakum School District|Foster Care|Foster|||||||||||||||||2016|ESD 112
2015-16|35200|Wahkiakum School District|Foster Care|Foster|||||||||||||||||2015|ESD 112
2014-15|35200|Wahkiakum School District|Foster Care|Foster|||||||||||||||||2014|ESD 112
2020-21|35200|Wahkiakum School District|Non-Foster Care|Foster||||0.91|||||||||||||2020|ESD 112
2019-20|35200|Wahkiakum School District|Non-Foster Care|Foster||||0.885714286|||||||||||||2019|ESD 112
2018-19|35200|Wahkiakum School District|Non-Foster Care|Foster||||0.83|||||||||||||2018|ESD 112
2017-18|35200|Wahkiakum School District|Non-Foster Care|Foster||||0.91|||||||||||||2017|ESD 112
2016-17|35200|Wahkiakum School District|Non-Foster Care|Foster||||0.89|||||||||||||2016|ESD 112
2015-16|35200|Wahkiakum School District|Non-Foster Care|Foster||||0.83|||||||||||||2015|ESD 112
2014-15|35200|Wahkiakum School District|Non-Foster Care|Foster|||||||||||||||||2014|ESD 112
2020-21|35200|Wahkiakum School District|Female|Gender||||0.769|||||||||||||2020|ESD 112
2019-20|35200|Wahkiakum School District|Female|Gender||||0.8|||||||||||||2019|ESD 112
2018-19|35200|Wahkiakum School District|Female|Gender||||0.727|||||||||||||2018|ESD 112
2017-18|35200|Wahkiakum School District|Female|Gender||||0.87|||||||||||||2017|ESD 112
2016-17|35200|Wahkiakum School District|Female|Gender||||0.824|||||||||||||2016|ESD 112
2015-16|35200|Wahkiakum School District|Female|Gender||||0.842|||||||||||||2015|ESD 112
2014-15|35200|Wahkiakum School District|Female|Gender||||0.813|||||||||||||2014|ESD 112
2020-21|35200|Wahkiakum School District|Male|Gender||||0.85|||||||||||||2020|ESD 112
2019-20|35200|Wahkiakum School District|Male|Gender|19|20|17|0.85|||||||||||||2019|ESD 112
2018-19|35200|Wahkiakum School District|Male|Gender||||0.75|||||||||||||2018|ESD 112
2017-18|35200|Wahkiakum School District|Male|Gender||||0.7|||||||||||||2017|ESD 112
2016-17|35200|Wahkiakum School District|Male|Gender||||0.727|||||||||||||2016|ESD 112
2015-16|35200|Wahkiakum School District|Male|Gender||||0.824|||||||||||||2015|ESD 112
2014-15|35200|Wahkiakum School District|Male|Gender||||0.813|||||||||||||2014|ESD 112
2020-21|35200|Wahkiakum School District|Homeless|Homeless||||0.786|||||||||||||2020|ESD 112
2019-20|35200|Wahkiakum School District|Homeless|Homeless|||||||||||||||||2019|ESD 112
2018-19|35200|Wahkiakum School District|Homeless|Homeless|||||||||||||||||2018|ESD 112
2017-18|35200|Wahkiakum School District|Homeless|Homeless|||||||||||||||||2017|ESD 112
2016-17|35200|Wahkiakum School District|Homeless|Homeless|||||||||||||||||2016|ESD 112
2015-16|35200|Wahkiakum School District|Homeless|Homeless|||||||||||||||||2015|ESD 112
2014-15|35200|Wahkiakum School District|Homeless|Homeless|||||||||||||||||2014|ESD 112
2020-21|35200|Wahkiakum School District|Non-Homeless|Homeless||||0.842|||||||||||||2020|ESD 112
2019-20|35200|Wahkiakum School District|Non-Homeless|Homeless||||0.89|||||||||||||2019|ESD 112
2018-19|35200|Wahkiakum School District|Non-Homeless|Homeless||||0.85|||||||||||||2018|ESD 112
2017-18|35200|Wahkiakum School District|Non-Homeless|Homeless||||0.88|||||||||||||2017|ESD 112
2016-17|35200|Wahkiakum School District|Non-Homeless|Homeless||||0.885|||||||||||||2016|ESD 112
2015-16|35200|Wahkiakum School District|Non-Homeless|Homeless||||0.84|||||||||||||2015|ESD 112
2014-15|35200|Wahkiakum School District|Non-Homeless|Homeless||||0.9|||||||||||||2014|ESD 112
2020-21|35200|Wahkiakum School District|Low-Income|LowIncome||||0.885|||||||||||||2020|ESD 112
2019-20|35200|Wahkiakum School District|Low-Income|LowIncome||||0.885|||||||||||||2019|ESD 112
2018-19|35200|Wahkiakum School District|Low-Income|LowIncome||||0.78|||||||||||||2018|ESD 112
2017-18|35200|Wahkiakum School District|Low-Income|LowIncome||||0.85|||||||||||||2017|ESD 112
2016-17|35200|Wahkiakum School District|Low-Income|LowIncome||||0.786|||||||||||||2016|ESD 112
2015-16|35200|Wahkiakum School District|Low-Income|LowIncome|27|21|16|0.761904762|||||||||||||2015|ESD 112
2014-15|35200|Wahkiakum School District|Low-Income|LowIncome||||0.833|||||||||||||2014|ESD 112
2020-21|35200|Wahkiakum School District|Non-Low Income|LowIncome|||||||||||||||||2020|ESD 112
2019-20|35200|Wahkiakum School District|Non-Low Income|LowIncome|||||||||||||||||2019|ESD 112
2018-19|35200|Wahkiakum School District|Non-Low Income|LowIncome|||||||||||||||||2018|ESD 112
2017-18|35200|Wahkiakum School District|Non-Low Income|LowIncome||||0.769|||||||||||||2017|ESD 112
2016-17|35200|Wahkiakum School District|Non-Low Income|LowIncome||||0.786|||||||||||||2016|ESD 112
2015-16|35200|Wahkiakum School District|Non-Low Income|LowIncome||||0.8|||||||||||||2015|ESD 112
2014-15|35200|Wahkiakum School District|Non-Low Income|LowIncome||||0.786|||||||||||||2014|ESD 112
2017-18|35200|Wahkiakum School District|Migrant|Migrant|||||||||||||||||2017|ESD 112
2016-17|35200|Wahkiakum School District|Migrant|Migrant|||||||||||||||||2016|ESD 112
2015-16|35200|Wahkiakum School District|Migrant|Migrant|||||||||||||||||2015|ESD 112
2014-15|35200|Wahkiakum School District|Migrant|Migrant|||||||||||||||||2014|ESD 112
2020-21|35200|Wahkiakum School District|Non Migrant|Migrant||||0.91|||||||||||||2020|ESD 112
2019-20|35200|Wahkiakum School District|Non Migrant|Migrant||||0.89|||||||||||||2019|ESD 112
2018-19|35200|Wahkiakum School District|Non Migrant|Migrant||||0.83|||||||||||||2018|ESD 112
2017-18|35200|Wahkiakum School District|Non Migrant|Migrant||||0.91|||||||||||||2017|ESD 112
2016-17|35200|Wahkiakum School District|Non Migrant|Migrant||||0.89|||||||||||||2016|ESD 112
2015-16|35200|Wahkiakum School District|Non Migrant|Migrant||||0.82|||||||||||||2015|ESD 112
2014-15|35200|Wahkiakum School District|Non Migrant|Migrant||||0.889|||||||||||||2014|ESD 112
2020-21|35200|Wahkiakum School District|American Indian/ Alaskan Native|Race|||||||||||||||||2020|ESD 112
2020-21|35200|Wahkiakum School District|Asian|Race|||||||||||||||||2020|ESD 112
2019-20|35200|Wahkiakum School District|Asian|Race|||||||||||||||||2019|ESD 112
2018-19|35200|Wahkiakum School District|Asian|Race|||||||||||||||||2018|ESD 112
2017-18|35200|Wahkiakum School District|Asian|Race|||||||||||||||||2017|ESD 112
2016-17|35200|Wahkiakum School District|Asian|Race|||||||||||||||||2016|ESD 112
2015-16|35200|Wahkiakum School District|Asian|Race|||||||||||||||||2015|ESD 112
2014-15|35200|Wahkiakum School District|Asian|Race|||||||||||||||||2014|ESD 112
2019-20|35200|Wahkiakum School District|Black/ African American|Race|||||||||||||||||2019|ESD 112
2017-18|35200|Wahkiakum School District|Black/ African American|Race|||||||||||||||||2017|ESD 112
2016-17|35200|Wahkiakum School District|Black/ African American|Race|||||||||||||||||2016|ESD 112
2015-16|35200|Wahkiakum School District|Black/ African American|Race|||||||||||||||||2015|ESD 112
2020-21|35200|Wahkiakum School District|Hispanic/ Latino of any race(s)|Race|||||||||||||||||2020|ESD 112
2019-20|35200|Wahkiakum School District|Hispanic/ Latino of any race(s)|Race|||||||||||||||||2019|ESD 112
2018-19|35200|Wahkiakum School District|Hispanic/ Latino of any race(s)|Race|||||||||||||||||2018|ESD 112
2017-18|35200|Wahkiakum School District|Hispanic/ Latino of any race(s)|Race|||||||||||||||||2017|ESD 112
2016-17|35200|Wahkiakum School District|Hispanic/ Latino of any race(s)|Race|||||||||||||||||2016|ESD 112
2015-16|35200|Wahkiakum School District|Hispanic/ Latino of any race(s)|Race|||||||||||||||||2015|ESD 112
2014-15|35200|Wahkiakum School District|Hispanic/ Latino of any race(s)|Race|||||||||||||||||2014|ESD 112
2020-21|35200|Wahkiakum School District|Two or More Races|Race|||||||||||||||||2020|ESD 112
2017-18|35200|Wahkiakum School District|Two or More Races|Race|||||||||||||||||2017|ESD 112
2016-17|35200|Wahkiakum School District|Two or More Races|Race|||||||||||||||||2016|ESD 112
2015-16|35200|Wahkiakum School District|Two or More Races|Race|||||||||||||||||2015|ESD 112
2020-21|35200|Wahkiakum School District|White|Race||||0.88|||||||||||||2020|ESD 112
2019-20|35200|Wahkiakum School District|White|Race||||0.87|||||||||||||2019|ESD 112
2018-19|35200|Wahkiakum School District|White|Race||||0.8|||||||||||||2018|ESD 112
2017-18|35200|Wahkiakum School District|White|Race||||0.889|||||||||||||2017|ESD 112
2016-17|35200|Wahkiakum School District|White|Race||||0.88|||||||||||||2016|ESD 112
2015-16|35200|Wahkiakum School District|White|Race||||0.83|||||||||||||2015|ESD 112
2014-15|35200|Wahkiakum School District|White|Race||||0.889|||||||||||||2014|ESD 112
2020-21|35200|Wahkiakum School District|Students with Disabilities|sped|||||||||||||||||2020|ESD 112
2019-20|35200|Wahkiakum School District|Students with Disabilities|sped||||0.7|||||||||||||2019|ESD 112
2018-19|35200|Wahkiakum School District|Students with Disabilities|sped|||||||||||||||||2018|ESD 112
2017-18|35200|Wahkiakum School District|Students with Disabilities|sped|||||||||||||||||2017|ESD 112
2016-17|35200|Wahkiakum School District|Students with Disabilities|sped|||||||||||||||||2016|ESD 112
2015-16|35200|Wahkiakum School District|Students with Disabilities|sped||||0.69|||||||||||||2015|ESD 112
2014-15|35200|Wahkiakum School District|Students with Disabilities|sped|||||||||||||||||2014|ESD 112
2020-21|35200|Wahkiakum School District|Students without Disabilities|sped||||0.893|||||||||||||2020|ESD 112
2019-20|35200|Wahkiakum School District|Students without Disabilities|sped|23|25|22|0.88|||||||||||||2019|ESD 112
2018-19|35200|Wahkiakum School District|Students without Disabilities|sped||||0.813|||||||||||||2018|ESD 112
2017-18|35200|Wahkiakum School District|Students without Disabilities|sped||||0.889|||||||||||||2017|ESD 112
2016-17|35200|Wahkiakum School District|Students without Disabilities|sped||||0.857|||||||||||||2016|ESD 112
2015-16|35200|Wahkiakum School District|Students without Disabilities|sped||||0.87|||||||||||||2015|ESD 112
2014-15|35200|Wahkiakum School District|Students without Disabilities|sped||||0.885|||||||||||||2014|ESD 112
2020-21|36140|Walla Walla Public Schools|Non Section 504|504|401|399|391|0.979949875|||||||||||||2020|United Way of the Blue Mountains
2019-20|36140|Walla Walla Public Schools|Non Section 504|504||||0.936|||||||||||||2019|United Way of the Blue Mountains
2018-19|36140|Walla Walla Public Schools|Non Section 504|504||||0.917|||||||||||||2018|United Way of the Blue Mountains
2017-18|36140|Walla Walla Public Schools|Non Section 504|504||||0.813|||||||||||||2017|United Way of the Blue Mountains
2016-17|36140|Walla Walla Public Schools|Non Section 504|504||||0.859|||||||||||||2016|United Way of the Blue Mountains
2015-16|36140|Walla Walla Public Schools|Non Section 504|504||||0.836|||||||||||||2015|United Way of the Blue Mountains
2014-15|36140|Walla Walla Public Schools|Non Section 504|504||||0.841|||||||||||||2014|United Way of the Blue Mountains
2020-21|36140|Walla Walla Public Schools|Section 504|504||||0.864|||||||||||||2020|United Way of the Blue Mountains
2019-20|36140|Walla Walla Public Schools|Section 504|504||||0.9|||||||||||||2019|United Way of the Blue Mountains
2018-19|36140|Walla Walla Public Schools|Section 504|504||||0.864|||||||||||||2018|United Way of the Blue Mountains
2017-18|36140|Walla Walla Public Schools|Section 504|504||||0.842|||||||||||||2017|United Way of the Blue Mountains
2016-17|36140|Walla Walla Public Schools|Section 504|504||||0.81|||||||||||||2016|United Way of the Blue Mountains
2015-16|36140|Walla Walla Public Schools|Section 504|504||||0.81|||||||||||||2015|United Way of the Blue Mountains
2014-15|36140|Walla Walla Public Schools|Section 504|504||||0.75|||||||||||||2014|United Way of the Blue Mountains
2020-21|36140|Walla Walla Public Schools|All Students|All||||0.981|||||||||||||2020|United Way of the Blue Mountains
2019-20|36140|Walla Walla Public Schools|All Students|All|424|423|397|0.938534279|||||||||||||2019|United Way of the Blue Mountains
2018-19|36140|Walla Walla Public Schools|All Students|All|429|432|396|0.916666667|||||||||||||2018|United Way of the Blue Mountains
2017-18|36140|Walla Walla Public Schools|All Students|All|539|544|444|0.816176471|||||||||||||2017|United Way of the Blue Mountains
2016-17|36140|Walla Walla Public Schools|All Students|All|535|564|484|0.858156028|||||||||||||2016|United Way of the Blue Mountains
2015-16|36140|Walla Walla Public Schools|All Students|All|525|553|462|0.835443038|||||||||||||2015|United Way of the Blue Mountains
2014-15|36140|Walla Walla Public Schools|All Students|All|557|545|458|0.840366972|||||||||||||2014|United Way of the Blue Mountains
2020-21|36140|Walla Walla Public Schools|English Language Learners|ELL||||0.917|||||||||||||2020|United Way of the Blue Mountains
2019-20|36140|Walla Walla Public Schools|English Language Learners|ELL||||0.8|||||||||||||2019|United Way of the Blue Mountains
2018-19|36140|Walla Walla Public Schools|English Language Learners|ELL||||0.88|||||||||||||2018|United Way of the Blue Mountains
2017-18|36140|Walla Walla Public Schools|English Language Learners|ELL||||0.72|||||||||||||2017|United Way of the Blue Mountains
2016-17|36140|Walla Walla Public Schools|English Language Learners|ELL||||0.917|||||||||||||2016|United Way of the Blue Mountains
2015-16|36140|Walla Walla Public Schools|English Language Learners|ELL|23|21|15|0.714285714|||||||||||||2015|United Way of the Blue Mountains
2014-15|36140|Walla Walla Public Schools|English Language Learners|ELL||||0.83|||||||||||||2014|United Way of the Blue Mountains
2020-21|36140|Walla Walla Public Schools|Non-English Language Learners|ELL|392|385|378|0.981818182|||||||||||||2020|United Way of the Blue Mountains
2019-20|36140|Walla Walla Public Schools|Non-English Language Learners|ELL||||0.936|||||||||||||2019|United Way of the Blue Mountains
2018-19|36140|Walla Walla Public Schools|Non-English Language Learners|ELL||||0.92|||||||||||||2018|United Way of the Blue Mountains
2017-18|36140|Walla Walla Public Schools|Non-English Language Learners|ELL||||0.821|||||||||||||2017|United Way of the Blue Mountains
2016-17|36140|Walla Walla Public Schools|Non-English Language Learners|ELL||||0.852|||||||||||||2016|United Way of the Blue Mountains
2015-16|36140|Walla Walla Public Schools|Non-English Language Learners|ELL|502|532|447|0.840225564|||||||||||||2015|United Way of the Blue Mountains
2014-15|36140|Walla Walla Public Schools|Non-English Language Learners|ELL||||0.841|||||||||||||2014|United Way of the Blue Mountains
2020-21|36140|Walla Walla Public Schools|Foster Care|Foster|||||||||||||||||2020|United Way of the Blue Mountains
2019-20|36140|Walla Walla Public Schools|Foster Care|Foster|||||||||||||||||2019|United Way of the Blue Mountains
2018-19|36140|Walla Walla Public Schools|Foster Care|Foster|||||||||||||||||2018|United Way of the Blue Mountains
2017-18|36140|Walla Walla Public Schools|Foster Care|Foster||||0.58|||||||||||||2017|United Way of the Blue Mountains
2016-17|36140|Walla Walla Public Schools|Foster Care|Foster||||0.5|||||||||||||2016|United Way of the Blue Mountains
2015-16|36140|Walla Walla Public Schools|Foster Care|Foster|||||||||||||||||2015|United Way of the Blue Mountains
2014-15|36140|Walla Walla Public Schools|Foster Care|Foster|||||||||||||||||2014|United Way of the Blue Mountains
2020-21|36140|Walla Walla Public Schools|Non-Foster Care|Foster||||0.981|||||||||||||2020|United Way of the Blue Mountains
2019-20|36140|Walla Walla Public Schools|Non-Foster Care|Foster||||0.942|||||||||||||2019|United Way of the Blue Mountains
2018-19|36140|Walla Walla Public Schools|Non-Foster Care|Foster||||0.916|||||||||||||2018|United Way of the Blue Mountains
2017-18|36140|Walla Walla Public Schools|Non-Foster Care|Foster||||0.821|||||||||||||2017|United Way of the Blue Mountains
2016-17|36140|Walla Walla Public Schools|Non-Foster Care|Foster||||0.865|||||||||||||2016|United Way of the Blue Mountains
2015-16|36140|Walla Walla Public Schools|Non-Foster Care|Foster||||0.837|||||||||||||2015|United Way of the Blue Mountains
2014-15|36140|Walla Walla Public Schools|Non-Foster Care|Foster||||0.839|||||||||||||2014|United Way of the Blue Mountains
2020-21|36140|Walla Walla Public Schools|Female|Gender||||0.9869|||||||||||||2020|United Way of the Blue Mountains
2019-20|36140|Walla Walla Public Schools|Female|Gender||||0.96|||||||||||||2019|United Way of the Blue Mountains
2018-19|36140|Walla Walla Public Schools|Female|Gender||||0.918|||||||||||||2018|United Way of the Blue Mountains
2017-18|36140|Walla Walla Public Schools|Female|Gender|278|282|239|0.84751773|||||||||||||2017|United Way of the Blue Mountains
2016-17|36140|Walla Walla Public Schools|Female|Gender|264|284|238|0.838028169|||||||||||||2016|United Way of the Blue Mountains
2015-16|36140|Walla Walla Public Schools|Female|Gender|270|281|247|0.879003559|||||||||||||2015|United Way of the Blue Mountains
2014-15|36140|Walla Walla Public Schools|Female|Gender|308|298|253|0.848993289|||||||||||||2014|United Way of the Blue Mountains
2020-21|36140|Walla Walla Public Schools|Gender X|Gender|||||||||||||||||2020|United Way of the Blue Mountains
2020-21|36140|Walla Walla Public Schools|Male|Gender||||0.969|||||||||||||2020|United Way of the Blue Mountains
2019-20|36140|Walla Walla Public Schools|Male|Gender|207|198|181|0.914141414|||||||||||||2019|United Way of the Blue Mountains
2018-19|36140|Walla Walla Public Schools|Male|Gender||||0.915|||||||||||||2018|United Way of the Blue Mountains
2017-18|36140|Walla Walla Public Schools|Male|Gender|261|262|205|0.782442748|||||||||||||2017|United Way of the Blue Mountains
2016-17|36140|Walla Walla Public Schools|Male|Gender|271|280|246|0.878571429|||||||||||||2016|United Way of the Blue Mountains
2015-16|36140|Walla Walla Public Schools|Male|Gender|255|272|215|0.790441176|||||||||||||2015|United Way of the Blue Mountains
2014-15|36140|Walla Walla Public Schools|Male|Gender|249|247|205|0.829959514|||||||||||||2014|United Way of the Blue Mountains
2020-21|36140|Walla Walla Public Schools|Homeless|Homeless||||0.885|||||||||||||2020|United Way of the Blue Mountains
2019-20|36140|Walla Walla Public Schools|Homeless|Homeless||||0.885|||||||||||||2019|United Way of the Blue Mountains
2018-19|36140|Walla Walla Public Schools|Homeless|Homeless||||0.83|||||||||||||2018|United Way of the Blue Mountains
2017-18|36140|Walla Walla Public Schools|Homeless|Homeless||||0.64|||||||||||||2017|United Way of the Blue Mountains
2016-17|36140|Walla Walla Public Schools|Homeless|Homeless||||0.72|||||||||||||2016|United Way of the Blue Mountains
2015-16|36140|Walla Walla Public Schools|Homeless|Homeless|37|42|29|0.69047619|||||||||||||2015|United Way of the Blue Mountains
2014-15|36140|Walla Walla Public Schools|Homeless|Homeless|42|43|28|0.651162791|||||||||||||2014|United Way of the Blue Mountains
2020-21|36140|Walla Walla Public Schools|Non-Homeless|Homeless|400|395|387|0.979746835|||||||||||||2020|United Way of the Blue Mountains
2019-20|36140|Walla Walla Public Schools|Non-Homeless|Homeless||||0.937|||||||||||||2019|United Way of the Blue Mountains
2018-19|36140|Walla Walla Public Schools|Non-Homeless|Homeless||||0.922|||||||||||||2018|United Way of the Blue Mountains
2017-18|36140|Walla Walla Public Schools|Non-Homeless|Homeless||||0.832|||||||||||||2017|United Way of the Blue Mountains
2016-17|36140|Walla Walla Public Schools|Non-Homeless|Homeless||||0.869|||||||||||||2016|United Way of the Blue Mountains
2015-16|36140|Walla Walla Public Schools|Non-Homeless|Homeless|488|511|433|0.847358121|||||||||||||2015|United Way of the Blue Mountains
2014-15|36140|Walla Walla Public Schools|Non-Homeless|Homeless|515|502|430|0.856573705|||||||||||||2014|United Way of the Blue Mountains
2020-21|36140|Walla Walla Public Schools|Low-Income|LowIncome|248|249|243|0.975903614|||||||||||||2020|United Way of the Blue Mountains
2019-20|36140|Walla Walla Public Schools|Low-Income|LowIncome||||0.907|||||||||||||2019|United Way of the Blue Mountains
2018-19|36140|Walla Walla Public Schools|Low-Income|LowIncome||||0.874|||||||||||||2018|United Way of the Blue Mountains
2017-18|36140|Walla Walla Public Schools|Low-Income|LowIncome|336|327|250|0.764525994|||||||||||||2017|United Way of the Blue Mountains
2016-17|36140|Walla Walla Public Schools|Low-Income|LowIncome|318|334|269|0.805389222|||||||||||||2016|United Way of the Blue Mountains
2015-16|36140|Walla Walla Public Schools|Low-Income|LowIncome|285|298|232|0.77852349|||||||||||||2015|United Way of the Blue Mountains
2014-15|36140|Walla Walla Public Schools|Low-Income|LowIncome|335|319|250|0.78369906|||||||||||||2014|United Way of the Blue Mountains
2020-21|36140|Walla Walla Public Schools|Non-Low Income|LowIncome||||0.9826|||||||||||||2020|United Way of the Blue Mountains
2019-20|36140|Walla Walla Public Schools|Non-Low Income|LowIncome||||0.978|||||||||||||2019|United Way of the Blue Mountains
2018-19|36140|Walla Walla Public Schools|Non-Low Income|LowIncome||||0.969|||||||||||||2018|United Way of the Blue Mountains
2017-18|36140|Walla Walla Public Schools|Non-Low Income|LowIncome|203|217|194|0.894009217|||||||||||||2017|United Way of the Blue Mountains
2016-17|36140|Walla Walla Public Schools|Non-Low Income|LowIncome|217|230|215|0.934782609|||||||||||||2016|United Way of the Blue Mountains
2015-16|36140|Walla Walla Public Schools|Non-Low Income|LowIncome|240|255|230|0.901960784|||||||||||||2015|United Way of the Blue Mountains
2014-15|36140|Walla Walla Public Schools|Non-Low Income|LowIncome|222|226|208|0.920353982|||||||||||||2014|United Way of the Blue Mountains
2020-21|36140|Walla Walla Public Schools|Migrant|Migrant||||0.727|||||||||||||2020|United Way of the Blue Mountains
2019-20|36140|Walla Walla Public Schools|Migrant|Migrant||||0.813|||||||||||||2019|United Way of the Blue Mountains
2018-19|36140|Walla Walla Public Schools|Migrant|Migrant||||0.75|||||||||||||2018|United Way of the Blue Mountains
2017-18|36140|Walla Walla Public Schools|Migrant|Migrant||||0.786|||||||||||||2017|United Way of the Blue Mountains
2016-17|36140|Walla Walla Public Schools|Migrant|Migrant||||0.864|||||||||||||2016|United Way of the Blue Mountains
2015-16|36140|Walla Walla Public Schools|Migrant|Migrant|||||||||||||||||2015|United Way of the Blue Mountains
2014-15|36140|Walla Walla Public Schools|Migrant|Migrant||||0.769|||||||||||||2014|United Way of the Blue Mountains
2020-21|36140|Walla Walla Public Schools|Non Migrant|Migrant|412|410|402|0.980487805|||||||||||||2020|United Way of the Blue Mountains
2019-20|36140|Walla Walla Public Schools|Non Migrant|Migrant||||0.939|||||||||||||2019|United Way of the Blue Mountains
2018-19|36140|Walla Walla Public Schools|Non Migrant|Migrant||||0.917|||||||||||||2018|United Way of the Blue Mountains
2017-18|36140|Walla Walla Public Schools|Non Migrant|Migrant||||0.815|||||||||||||2017|United Way of the Blue Mountains
2016-17|36140|Walla Walla Public Schools|Non Migrant|Migrant||||0.856|||||||||||||2016|United Way of the Blue Mountains
2015-16|36140|Walla Walla Public Schools|Non Migrant|Migrant||||0.838|||||||||||||2015|United Way of the Blue Mountains
2014-15|36140|Walla Walla Public Schools|Non Migrant|Migrant||||0.84|||||||||||||2014|United Way of the Blue Mountains
2020-21|36140|Walla Walla Public Schools|American Indian/ Alaskan Native|Race|||||||||||||||||2020|United Way of the Blue Mountains
2019-20|36140|Walla Walla Public Schools|American Indian/ Alaskan Native|Race|||||||||||||||||2019|United Way of the Blue Mountains
2018-19|36140|Walla Walla Public Schools|American Indian/ Alaskan Native|Race|||||||||||||||||2018|United Way of the Blue Mountains
2017-18|36140|Walla Walla Public Schools|American Indian/ Alaskan Native|Race|||||||||||||||||2017|United Way of the Blue Mountains
2016-17|36140|Walla Walla Public Schools|American Indian/ Alaskan Native|Race|||||||||||||||||2016|United Way of the Blue Mountains
2015-16|36140|Walla Walla Public Schools|American Indian/ Alaskan Native|Race|||||||||||||||||2015|United Way of the Blue Mountains
2014-15|36140|Walla Walla Public Schools|American Indian/ Alaskan Native|Race|||||||||||||||||2014|United Way of the Blue Mountains
2020-21|36140|Walla Walla Public Schools|Asian|Race|||||||||||||||||2020|United Way of the Blue Mountains
2019-20|36140|Walla Walla Public Schools|Asian|Race|||||||||||||||||2019|United Way of the Blue Mountains
2018-19|36140|Walla Walla Public Schools|Asian|Race||||0.727|||||||||||||2018|United Way of the Blue Mountains
2017-18|36140|Walla Walla Public Schools|Asian|Race|||||||||||||||||2017|United Way of the Blue Mountains
2016-17|36140|Walla Walla Public Schools|Asian|Race|||||||||||||||||2016|United Way of the Blue Mountains
2015-16|36140|Walla Walla Public Schools|Asian|Race|||||||||||||||||2015|United Way of the Blue Mountains
2014-15|36140|Walla Walla Public Schools|Asian|Race|||||||||||||||||2014|United Way of the Blue Mountains
2020-21|36140|Walla Walla Public Schools|Black/ African American|Race|||||||||||||||||2020|United Way of the Blue Mountains
2019-20|36140|Walla Walla Public Schools|Black/ African American|Race|||||||||||||||||2019|United Way of the Blue Mountains
2018-19|36140|Walla Walla Public Schools|Black/ African American|Race|||||||||||||||||2018|United Way of the Blue Mountains
2017-18|36140|Walla Walla Public Schools|Black/ African American|Race|||||||||||||||||2017|United Way of the Blue Mountains
2016-17|36140|Walla Walla Public Schools|Black/ African American|Race|||||||||||||||||2016|United Way of the Blue Mountains
2015-16|36140|Walla Walla Public Schools|Black/ African American|Race||||0.7|||||||||||||2015|United Way of the Blue Mountains
2014-15|36140|Walla Walla Public Schools|Black/ African American|Race|||||||||||||||||2014|United Way of the Blue Mountains
2020-21|36140|Walla Walla Public Schools|Hispanic/ Latino of any race(s)|Race||||0.9814|||||||||||||2020|United Way of the Blue Mountains
2019-20|36140|Walla Walla Public Schools|Hispanic/ Latino of any race(s)|Race|149|146|138|0.945205479|||||||||||||2019|United Way of the Blue Mountains
2018-19|36140|Walla Walla Public Schools|Hispanic/ Latino of any race(s)|Race|128|130|118|0.907692308|||||||||||||2018|United Way of the Blue Mountains
2017-18|36140|Walla Walla Public Schools|Hispanic/ Latino of any race(s)|Race|164|165|127|0.76969697|||||||||||||2017|United Way of the Blue Mountains
2016-17|36140|Walla Walla Public Schools|Hispanic/ Latino of any race(s)|Race|170|182|157|0.862637363|||||||||||||2016|United Way of the Blue Mountains
2015-16|36140|Walla Walla Public Schools|Hispanic/ Latino of any race(s)|Race|148|157|120|0.76433121|||||||||||||2015|United Way of the Blue Mountains
2014-15|36140|Walla Walla Public Schools|Hispanic/ Latino of any race(s)|Race|188|187|149|0.796791444|||||||||||||2014|United Way of the Blue Mountains
2016-17|36140|Walla Walla Public Schools|Native Hawaiian/ Other Pacific Islander|Race|||||||||||||||||2016|United Way of the Blue Mountains
2015-16|36140|Walla Walla Public Schools|Native Hawaiian/ Other Pacific Islander|Race|||||||||||||||||2015|United Way of the Blue Mountains
2014-15|36140|Walla Walla Public Schools|Native Hawaiian/ Other Pacific Islander|Race|||||||||||||||||2014|United Way of the Blue Mountains
2020-21|36140|Walla Walla Public Schools|Two or More Races|Race||||0.786|||||||||||||2020|United Way of the Blue Mountains
2019-20|36140|Walla Walla Public Schools|Two or More Races|Race||||0.8|||||||||||||2019|United Way of the Blue Mountains
2018-19|36140|Walla Walla Public Schools|Two or More Races|Race||||0.769|||||||||||||2018|United Way of the Blue Mountains
2017-18|36140|Walla Walla Public Schools|Two or More Races|Race||||0.842|||||||||||||2017|United Way of the Blue Mountains
2016-17|36140|Walla Walla Public Schools|Two or More Races|Race||||0.75|||||||||||||2016|United Way of the Blue Mountains
2015-16|36140|Walla Walla Public Schools|Two or More Races|Race|||||||||||||||||2015|United Way of the Blue Mountains
2014-15|36140|Walla Walla Public Schools|Two or More Races|Race||||0.786|||||||||||||2014|United Way of the Blue Mountains
2020-21|36140|Walla Walla Public Schools|White|Race|239|236|231|0.978813559|||||||||||||2020|United Way of the Blue Mountains
2019-20|36140|Walla Walla Public Schools|White|Race|244|248|233|0.939516129|||||||||||||2019|United Way of the Blue Mountains
2018-19|36140|Walla Walla Public Schools|White|Race|274|272|250|0.919117647|||||||||||||2018|United Way of the Blue Mountains
2017-18|36140|Walla Walla Public Schools|White|Race|338|343|284|0.827988338|||||||||||||2017|United Way of the Blue Mountains
2016-17|36140|Walla Walla Public Schools|White|Race|341|355|303|0.853521127|||||||||||||2016|United Way of the Blue Mountains
2015-16|36140|Walla Walla Public Schools|White|Race|351|372|320|0.860215054|||||||||||||2015|United Way of the Blue Mountains
2014-15|36140|Walla Walla Public Schools|White|Race|334|327|283|0.865443425|||||||||||||2014|United Way of the Blue Mountains
2020-21|36140|Walla Walla Public Schools|Students with Disabilities|sped||||0.939|||||||||||||2020|United Way of the Blue Mountains
2019-20|36140|Walla Walla Public Schools|Students with Disabilities|sped||||0.91|||||||||||||2019|United Way of the Blue Mountains
2018-19|36140|Walla Walla Public Schools|Students with Disabilities|sped|45|46|34|0.739130435|||||||||||||2018|United Way of the Blue Mountains
2017-18|36140|Walla Walla Public Schools|Students with Disabilities|sped|67|66|43|0.651515152|||||||||||||2017|United Way of the Blue Mountains
2016-17|36140|Walla Walla Public Schools|Students with Disabilities|sped|74|73|45|0.616438356|||||||||||||2016|United Way of the Blue Mountains
2015-16|36140|Walla Walla Public Schools|Students with Disabilities|sped|66|69|51|0.739130435|||||||||||||2015|United Way of the Blue Mountains
2014-15|36140|Walla Walla Public Schools|Students with Disabilities|sped|75|71|49|0.690140845|||||||||||||2014|United Way of the Blue Mountains
2020-21|36140|Walla Walla Public Schools|Students without Disabilities|sped|373|372|366|0.983870968|||||||||||||2020|United Way of the Blue Mountains
2019-20|36140|Walla Walla Public Schools|Students without Disabilities|sped|365|365|344|0.942465753|||||||||||||2019|United Way of the Blue Mountains
2018-19|36140|Walla Walla Public Schools|Students without Disabilities|sped||||0.938|||||||||||||2018|United Way of the Blue Mountains
2017-18|36140|Walla Walla Public Schools|Students without Disabilities|sped|472|478|401|0.838912134|||||||||||||2017|United Way of the Blue Mountains
2016-17|36140|Walla Walla Public Schools|Students without Disabilities|sped|461|491|439|0.894093686|||||||||||||2016|United Way of the Blue Mountains
2015-16|36140|Walla Walla Public Schools|Students without Disabilities|sped|459|484|411|0.849173554|||||||||||||2015|United Way of the Blue Mountains
2014-15|36140|Walla Walla Public Schools|Students without Disabilities|sped|482|474|409|0.862869198|||||||||||||2014|United Way of the Blue Mountains
2020-21|20405|White Salmon Valley School District|Non Section 504|504||||0.95|||||||||||||2020|ESD 112
2019-20|20405|White Salmon Valley School District|Non Section 504|504||||0.92|||||||||||||2019|ESD 112
2018-19|20405|White Salmon Valley School District|Non Section 504|504||||0.957|||||||||||||2018|ESD 112
2017-18|20405|White Salmon Valley School District|Non Section 504|504||||0.86|||||||||||||2017|ESD 112
2016-17|20405|White Salmon Valley School District|Non Section 504|504||||0.84|||||||||||||2016|ESD 112
2015-16|20405|White Salmon Valley School District|Non Section 504|504||||0.85|||||||||||||2015|ESD 112
2014-15|20405|White Salmon Valley School District|Non Section 504|504||||0.8|||||||||||||2014|ESD 112
2020-21|20405|White Salmon Valley School District|Section 504|504|||||||||||||||||2020|ESD 112
2019-20|20405|White Salmon Valley School District|Section 504|504|||||||||||||||||2019|ESD 112
2018-19|20405|White Salmon Valley School District|Section 504|504|||||||||||||||||2018|ESD 112
2017-18|20405|White Salmon Valley School District|Section 504|504|||||||||||||||||2017|ESD 112
2016-17|20405|White Salmon Valley School District|Section 504|504|||||||||||||||||2016|ESD 112
2015-16|20405|White Salmon Valley School District|Section 504|504|||||||||||||||||2015|ESD 112
2014-15|20405|White Salmon Valley School District|Section 504|504|||||||||||||||||2014|ESD 112
2020-21|20405|White Salmon Valley School District|All Students|All||||0.953|||||||||||||2020|ESD 112
2019-20|20405|White Salmon Valley School District|All Students|All||||0.913|||||||||||||2019|ESD 112
2018-19|20405|White Salmon Valley School District|All Students|All||||0.95|||||||||||||2018|ESD 112
2017-18|20405|White Salmon Valley School District|All Students|All||||0.86|||||||||||||2017|ESD 112
2016-17|20405|White Salmon Valley School District|All Students|All||||0.85|||||||||||||2016|ESD 112
2015-16|20405|White Salmon Valley School District|All Students|All||||0.85|||||||||||||2015|ESD 112
2014-15|20405|White Salmon Valley School District|All Students|All|103|97|77|0.793814433|||||||||||||2014|ESD 112
2020-21|20405|White Salmon Valley School District|English Language Learners|ELL||||0.727|||||||||||||2020|ESD 112
2019-20|20405|White Salmon Valley School District|English Language Learners|ELL||||0.7|||||||||||||2019|ESD 112
2018-19|20405|White Salmon Valley School District|English Language Learners|ELL||||0.75|||||||||||||2018|ESD 112
2017-18|20405|White Salmon Valley School District|English Language Learners|ELL|||||||||||||||||2017|ESD 112
2016-17|20405|White Salmon Valley School District|English Language Learners|ELL|||||||||||||||||2016|ESD 112
2015-16|20405|White Salmon Valley School District|English Language Learners|ELL|||||||||||||||||2015|ESD 112
2014-15|20405|White Salmon Valley School District|English Language Learners|ELL||||0.77|||||||||||||2014|ESD 112
2020-21|20405|White Salmon Valley School District|Non-English Language Learners|ELL|93|95|90|0.947368421|||||||||||||2020|ESD 112
2019-20|20405|White Salmon Valley School District|Non-English Language Learners|ELL|96|94|88|0.936170213|||||||||||||2019|ESD 112
2018-19|20405|White Salmon Valley School District|Non-English Language Learners|ELL|100|107|101|0.943925234|||||||||||||2018|ESD 112
2017-18|20405|White Salmon Valley School District|Non-English Language Learners|ELL||||0.86|||||||||||||2017|ESD 112
2016-17|20405|White Salmon Valley School District|Non-English Language Learners|ELL||||0.86|||||||||||||2016|ESD 112
2015-16|20405|White Salmon Valley School District|Non-English Language Learners|ELL||||0.87|||||||||||||2015|ESD 112
2014-15|20405|White Salmon Valley School District|Non-English Language Learners|ELL||||0.8|||||||||||||2014|ESD 112
2020-21|20405|White Salmon Valley School District|Foster Care|Foster|||||||||||||||||2020|ESD 112
2019-20|20405|White Salmon Valley School District|Foster Care|Foster|||||||||||||||||2019|ESD 112
2015-16|20405|White Salmon Valley School District|Foster Care|Foster|||||||||||||||||2015|ESD 112
2014-15|20405|White Salmon Valley School District|Foster Care|Foster|||||||||||||||||2014|ESD 112
2020-21|20405|White Salmon Valley School District|Non-Foster Care|Foster||||0.952|||||||||||||2020|ESD 112
2019-20|20405|White Salmon Valley School District|Non-Foster Care|Foster||||0.922|||||||||||||2019|ESD 112
2018-19|20405|White Salmon Valley School District|Non-Foster Care|Foster||||0.95|||||||||||||2018|ESD 112
2017-18|20405|White Salmon Valley School District|Non-Foster Care|Foster||||0.86|||||||||||||2017|ESD 112
2016-17|20405|White Salmon Valley School District|Non-Foster Care|Foster||||0.85|||||||||||||2016|ESD 112
2015-16|20405|White Salmon Valley School District|Non-Foster Care|Foster||||0.85|||||||||||||2015|ESD 112
2014-15|20405|White Salmon Valley School District|Non-Foster Care|Foster||||0.79|||||||||||||2014|ESD 112
2020-21|20405|White Salmon Valley School District|Female|Gender||||0.939|||||||||||||2020|ESD 112
2019-20|20405|White Salmon Valley School District|Female|Gender||||0.88|||||||||||||2019|ESD 112
2018-19|20405|White Salmon Valley School District|Female|Gender|59|64|59|0.921875|||||||||||||2018|ESD 112
2017-18|20405|White Salmon Valley School District|Female|Gender||||0.923|||||||||||||2017|ESD 112
2016-17|20405|White Salmon Valley School District|Female|Gender||||0.88|||||||||||||2016|ESD 112
2015-16|20405|White Salmon Valley School District|Female|Gender||||0.85|||||||||||||2015|ESD 112
2014-15|20405|White Salmon Valley School District|Female|Gender|56|54|43|0.796296296|||||||||||||2014|ESD 112
2020-21|20405|White Salmon Valley School District|Male|Gender|57|57|53|0.929824561|||||||||||||2020|ESD 112
2019-20|20405|White Salmon Valley School District|Male|Gender|58|56|53|0.946428571|||||||||||||2019|ESD 112
2018-19|20405|White Salmon Valley School District|Male|Gender||||0.945|||||||||||||2018|ESD 112
2017-18|20405|White Salmon Valley School District|Male|Gender|50|53|42|0.79245283|||||||||||||2017|ESD 112
2016-17|20405|White Salmon Valley School District|Male|Gender|48|54|45|0.833333333|||||||||||||2016|ESD 112
2015-16|20405|White Salmon Valley School District|Male|Gender|75|57|48|0.842105263|||||||||||||2015|ESD 112
2014-15|20405|White Salmon Valley School District|Male|Gender||||0.79|||||||||||||2014|ESD 112
2020-21|20405|White Salmon Valley School District|Homeless|Homeless|||||||||||||||||2020|ESD 112
2019-20|20405|White Salmon Valley School District|Homeless|Homeless||||0.7|||||||||||||2019|ESD 112
2018-19|20405|White Salmon Valley School District|Homeless|Homeless|||||||||||||||||2018|ESD 112
2017-18|20405|White Salmon Valley School District|Homeless|Homeless|||||||||||||||||2017|ESD 112
2016-17|20405|White Salmon Valley School District|Homeless|Homeless|||||||||||||||||2016|ESD 112
2015-16|20405|White Salmon Valley School District|Homeless|Homeless|||||||||||||||||2015|ESD 112
2014-15|20405|White Salmon Valley School District|Homeless|Homeless|||||||||||||||||2014|ESD 112
2020-21|20405|White Salmon Valley School District|Non-Homeless|Homeless||||0.97|||||||||||||2020|ESD 112
2019-20|20405|White Salmon Valley School District|Non-Homeless|Homeless|98|94|86|0.914893617|||||||||||||2019|ESD 112
2018-19|20405|White Salmon Valley School District|Non-Homeless|Homeless||||0.957|||||||||||||2018|ESD 112
2017-18|20405|White Salmon Valley School District|Non-Homeless|Homeless||||0.86|||||||||||||2017|ESD 112
2016-17|20405|White Salmon Valley School District|Non-Homeless|Homeless||||0.85|||||||||||||2016|ESD 112
2015-16|20405|White Salmon Valley School District|Non-Homeless|Homeless||||0.87|||||||||||||2015|ESD 112
2014-15|20405|White Salmon Valley School District|Non-Homeless|Homeless||||0.79|||||||||||||2014|ESD 112
2020-21|20405|White Salmon Valley School District|Low-Income|LowIncome||||0.946|||||||||||||2020|ESD 112
2019-20|20405|White Salmon Valley School District|Low-Income|LowIncome|60|56|50|0.892857143|||||||||||||2019|ESD 112
2018-19|20405|White Salmon Valley School District|Low-Income|LowIncome|56|60|56|0.933333333|||||||||||||2018|ESD 112
2017-18|20405|White Salmon Valley School District|Low-Income|LowIncome|49|52|43|0.826923077|||||||||||||2017|ESD 112
2016-17|20405|White Salmon Valley School District|Low-Income|LowIncome|50|48|37|0.770833333|||||||||||||2016|ESD 112
2015-16|20405|White Salmon Valley School District|Low-Income|LowIncome|53|49|39|0.795918367|||||||||||||2015|ESD 112
2014-15|20405|White Salmon Valley School District|Low-Income|LowIncome|52|51|40|0.784313725|||||||||||||2014|ESD 112
2020-21|20405|White Salmon Valley School District|Non-Low Income|LowIncome||||0.94|||||||||||||2020|ESD 112
2019-20|20405|White Salmon Valley School District|Non-Low Income|LowIncome||||0.94|||||||||||||2019|ESD 112
2018-19|20405|White Salmon Valley School District|Non-Low Income|LowIncome||||0.949|||||||||||||2018|ESD 112
2017-18|20405|White Salmon Valley School District|Non-Low Income|LowIncome||||0.9|||||||||||||2017|ESD 112
2016-17|20405|White Salmon Valley School District|Non-Low Income|LowIncome||||0.936|||||||||||||2016|ESD 112
2015-16|20405|White Salmon Valley School District|Non-Low Income|LowIncome||||0.9|||||||||||||2015|ESD 112
2014-15|20405|White Salmon Valley School District|Non-Low Income|LowIncome||||0.8|||||||||||||2014|ESD 112
2020-21|20405|White Salmon Valley School District|Migrant|Migrant|||||||||||||||||2020|ESD 112
2019-20|20405|White Salmon Valley School District|Migrant|Migrant|||||||||||||||||2019|ESD 112
2018-19|20405|White Salmon Valley School District|Migrant|Migrant|||||||||||||||||2018|ESD 112
2017-18|20405|White Salmon Valley School District|Migrant|Migrant|||||||||||||||||2017|ESD 112
2016-17|20405|White Salmon Valley School District|Migrant|Migrant|||||||||||||||||2016|ESD 112
2015-16|20405|White Salmon Valley School District|Migrant|Migrant|||||||||||||||||2015|ESD 112
2014-15|20405|White Salmon Valley School District|Migrant|Migrant|||||||||||||||||2014|ESD 112
2020-21|20405|White Salmon Valley School District|Non Migrant|Migrant||||0.95|||||||||||||2020|ESD 112
2019-20|20405|White Salmon Valley School District|Non Migrant|Migrant||||0.92|||||||||||||2019|ESD 112
2018-19|20405|White Salmon Valley School District|Non Migrant|Migrant||||0.946|||||||||||||2018|ESD 112
2017-18|20405|White Salmon Valley School District|Non Migrant|Migrant||||0.88|||||||||||||2017|ESD 112
2016-17|20405|White Salmon Valley School District|Non Migrant|Migrant||||0.91|||||||||||||2016|ESD 112
2015-16|20405|White Salmon Valley School District|Non Migrant|Migrant||||0.86|||||||||||||2015|ESD 112
2014-15|20405|White Salmon Valley School District|Non Migrant|Migrant||||0.8|||||||||||||2014|ESD 112
2019-20|20405|White Salmon Valley School District|American Indian/ Alaskan Native|Race|||||||||||||||||2019|ESD 112
2018-19|20405|White Salmon Valley School District|American Indian/ Alaskan Native|Race|||||||||||||||||2018|ESD 112
2016-17|20405|White Salmon Valley School District|American Indian/ Alaskan Native|Race|||||||||||||||||2016|ESD 112
2015-16|20405|White Salmon Valley School District|American Indian/ Alaskan Native|Race|||||||||||||||||2015|ESD 112
2020-21|20405|White Salmon Valley School District|Asian|Race|||||||||||||||||2020|ESD 112
2019-20|20405|White Salmon Valley School District|Asian|Race|||||||||||||||||2019|ESD 112
2018-19|20405|White Salmon Valley School District|Asian|Race|||||||||||||||||2018|ESD 112
2017-18|20405|White Salmon Valley School District|Asian|Race|||||||||||||||||2017|ESD 112
2016-17|20405|White Salmon Valley School District|Asian|Race|||||||||||||||||2016|ESD 112
2015-16|20405|White Salmon Valley School District|Asian|Race|||||||||||||||||2015|ESD 112
2014-15|20405|White Salmon Valley School District|Asian|Race|||||||||||||||||2014|ESD 112
2018-19|20405|White Salmon Valley School District|Black/ African American|Race|||||||||||||||||2018|ESD 112
2016-17|20405|White Salmon Valley School District|Black/ African American|Race|||||||||||||||||2016|ESD 112
2015-16|20405|White Salmon Valley School District|Black/ African American|Race|||||||||||||||||2015|ESD 112
2014-15|20405|White Salmon Valley School District|Black/ African American|Race|||||||||||||||||2014|ESD 112
2020-21|20405|White Salmon Valley School District|Hispanic/ Latino of any race(s)|Race||||0.917|||||||||||||2020|ESD 112
2019-20|20405|White Salmon Valley School District|Hispanic/ Latino of any race(s)|Race||||0.86|||||||||||||2019|ESD 112
2018-19|20405|White Salmon Valley School District|Hispanic/ Latino of any race(s)|Race||||0.919|||||||||||||2018|ESD 112
2017-18|20405|White Salmon Valley School District|Hispanic/ Latino of any race(s)|Race||||0.82|||||||||||||2017|ESD 112
2016-17|20405|White Salmon Valley School District|Hispanic/ Latino of any race(s)|Race||||0.63|||||||||||||2016|ESD 112
2015-16|20405|White Salmon Valley School District|Hispanic/ Latino of any race(s)|Race||||0.76|||||||||||||2015|ESD 112
2014-15|20405|White Salmon Valley School District|Hispanic/ Latino of any race(s)|Race||||0.79|||||||||||||2014|ESD 112
2014-15|20405|White Salmon Valley School District|Native Hawaiian/ Other Pacific Islander|Race|||||||||||||||||2014|ESD 112
2020-21|20405|White Salmon Valley School District|Two or More Races|Race|||||||||||||||||2020|ESD 112
2019-20|20405|White Salmon Valley School District|Two or More Races|Race|||||||||||||||||2019|ESD 112
2018-19|20405|White Salmon Valley School District|Two or More Races|Race|||||||||||||||||2018|ESD 112
2017-18|20405|White Salmon Valley School District|Two or More Races|Race|||||||||||||||||2017|ESD 112
2016-17|20405|White Salmon Valley School District|Two or More Races|Race|||||||||||||||||2016|ESD 112
2015-16|20405|White Salmon Valley School District|Two or More Races|Race|||||||||||||||||2015|ESD 112
2014-15|20405|White Salmon Valley School District|Two or More Races|Race|||||||||||||||||2014|ESD 112
2020-21|20405|White Salmon Valley School District|White|Race|64|66|62|0.939393939|||||||||||||2020|ESD 112
2019-20|20405|White Salmon Valley School District|White|Race|66|62|59|0.951612903|||||||||||||2019|ESD 112
2018-19|20405|White Salmon Valley School District|White|Race|72|78|74|0.948717949|||||||||||||2018|ESD 112
2017-18|20405|White Salmon Valley School District|White|Race|57|56|50|0.892857143|||||||||||||2017|ESD 112
2016-17|20405|White Salmon Valley School District|White|Race|61|66|61|0.924242424|||||||||||||2016|ESD 112
2015-16|20405|White Salmon Valley School District|White|Race|88|68|60|0.882352941|||||||||||||2015|ESD 112
2014-15|20405|White Salmon Valley School District|White|Race|68|61|49|0.803278689|||||||||||||2014|ESD 112
2020-21|20405|White Salmon Valley School District|Students with Disabilities|sped||||0.813|||||||||||||2020|ESD 112
2019-20|20405|White Salmon Valley School District|Students with Disabilities|sped||||0.75|||||||||||||2019|ESD 112
2018-19|20405|White Salmon Valley School District|Students with Disabilities|sped||||0.842|||||||||||||2018|ESD 112
2017-18|20405|White Salmon Valley School District|Students with Disabilities|sped||||0.8|||||||||||||2017|ESD 112
2016-17|20405|White Salmon Valley School District|Students with Disabilities|sped||||0.78|||||||||||||2016|ESD 112
2015-16|20405|White Salmon Valley School District|Students with Disabilities|sped||||0.69|||||||||||||2015|ESD 112
2014-15|20405|White Salmon Valley School District|Students with Disabilities|sped||||0.56|||||||||||||2014|ESD 112
2020-21|20405|White Salmon Valley School District|Students without Disabilities|sped|88|90|87|0.966666667|||||||||||||2020|ESD 112
2019-20|20405|White Salmon Valley School District|Students without Disabilities|sped|92|92|85|0.923913043|||||||||||||2019|ESD 112
2018-19|20405|White Salmon Valley School District|Students without Disabilities|sped|94|100|97|0.97|||||||||||||2018|ESD 112
2017-18|20405|White Salmon Valley School District|Students without Disabilities|sped|74|77|67|0.87012987|||||||||||||2017|ESD 112
2016-17|20405|White Salmon Valley School District|Students without Disabilities|sped|73|77|67|0.87012987|||||||||||||2016|ESD 112
2015-16|20405|White Salmon Valley School District|Students without Disabilities|sped|120|81|71|0.87654321|||||||||||||2015|ESD 112
2014-15|20405|White Salmon Valley School District|Students without Disabilities|sped|87|81|68|0.839506173|||||||||||||2014|ESD 112
2021-22|18303|Bainbridge Island School District|Non Section 504|504||||0.961|||||||||||||2021|PREP - Tier 2
2021-22|18303|Bainbridge Island School District|Section 504|504||||0.96|||||||||||||2021|PREP - Tier 2
2021-22|18303|Bainbridge Island School District|All Students|All|376|377|362|0.960212202|||||||||||||2021|PREP - Tier 2
2021-22|18303|Bainbridge Island School District|English Language Learners|ELL|||||||||||||||||2021|PREP - Tier 2
2021-22|18303|Bainbridge Island School District|Non-English Language Learners|ELL||||0.96|||||||||||||2021|PREP - Tier 2
2021-22|18303|Bainbridge Island School District|Non-Foster Care|Foster|376|377|362|0.960212202|||||||||||||2021|PREP - Tier 2
2021-22|18303|Bainbridge Island School District|Female|Gender||||0.973|||||||||||||2021|PREP - Tier 2
2021-22|18303|Bainbridge Island School District|Male|Gender||||0.948|||||||||||||2021|PREP - Tier 2
2021-22|18303|Bainbridge Island School District|Homeless|Homeless|||||||||||||||||2021|PREP - Tier 2
2021-22|18303|Bainbridge Island School District|Non-Homeless|Homeless||||0.96|||||||||||||2021|PREP - Tier 2
2021-22|18303|Bainbridge Island School District|Low-Income|LowIncome||||0.85|||||||||||||2021|PREP - Tier 2
2021-22|18303|Bainbridge Island School District|Non-Low Income|LowIncome||||0.973|||||||||||||2021|PREP - Tier 2
2021-22|18303|Bainbridge Island School District|Non Migrant|Migrant|376|377|362|0.960212202|||||||||||||2021|PREP - Tier 2
2021-22|18303|Bainbridge Island School District|American Indian/ Alaskan Native|Race|||||||||||||||||2021|PREP - Tier 2
2021-22|18303|Bainbridge Island School District|Asian|Race||||0.833|||||||||||||2021|PREP - Tier 2
2021-22|18303|Bainbridge Island School District|Black/ African American|Race|||||||||||||||||2021|PREP - Tier 2
2021-22|18303|Bainbridge Island School District|Hispanic/ Latino of any race(s)|Race||||0.912|||||||||||||2021|PREP - Tier 2
2021-22|18303|Bainbridge Island School District|Two or More Races|Race||||0.897|||||||||||||2021|PREP - Tier 2
2021-22|18303|Bainbridge Island School District|White|Race|292|293|281|0.959044369|||||||||||||2021|PREP - Tier 2
2021-22|18303|Bainbridge Island School District|Students with Disabilities|sped|32|34|25|0.735294118|||||||||||||2021|PREP - Tier 2
2021-22|18303|Bainbridge Island School District|Students without Disabilities|sped||||0.983|||||||||||||2021|PREP - Tier 2
2021-22|05401|Cape Flattery School District|Non Section 504|504||||0.917|||||||||||||2021|PREP - Tier 1
2021-22|05401|Cape Flattery School District|Section 504|504|||||||||||||||||2021|PREP - Tier 1
2021-22|05401|Cape Flattery School District|All Students|All||||0.93|||||||||||||2021|PREP - Tier 1
2021-22|05401|Cape Flattery School District|Non-English Language Learners|ELL||||0.93|||||||||||||2021|PREP - Tier 1
2021-22|05401|Cape Flattery School District|Non-Foster Care|Foster||||0.93|||||||||||||2021|PREP - Tier 1
2021-22|05401|Cape Flattery School District|Female|Gender||||0.885|||||||||||||2021|PREP - Tier 1
2021-22|05401|Cape Flattery School District|Male|Gender||||0.824|||||||||||||2021|PREP - Tier 1
2021-22|05401|Cape Flattery School District|Homeless|Homeless|||||||||||||||||2021|PREP - Tier 1
2021-22|05401|Cape Flattery School District|Non-Homeless|Homeless||||0.929|||||||||||||2021|PREP - Tier 1
2021-22|05401|Cape Flattery School District|Low-Income|LowIncome||||0.917|||||||||||||2021|PREP - Tier 1
2021-22|05401|Cape Flattery School District|Non-Low Income|LowIncome|||||||||||||||||2021|PREP - Tier 1
2021-22|05401|Cape Flattery School District|Non Migrant|Migrant||||0.93|||||||||||||2021|PREP - Tier 1
2021-22|05401|Cape Flattery School District|American Indian/ Alaskan Native|Race||||0.842|||||||||||||2021|PREP - Tier 1
2021-22|05401|Cape Flattery School District|Asian|Race|||||||||||||||||2021|PREP - Tier 1
2021-22|05401|Cape Flattery School District|Hispanic/ Latino of any race(s)|Race|||||||||||||||||2021|PREP - Tier 1
2021-22|05401|Cape Flattery School District|Two or More Races|Race||||0.75|||||||||||||2021|PREP - Tier 1
2021-22|05401|Cape Flattery School District|White|Race|||||||||||||||||2021|PREP - Tier 1
2021-22|05401|Cape Flattery School District|Students with Disabilities|sped|||||||||||||||||2021|PREP - Tier 1
2021-22|05401|Cape Flattery School District|Students without Disabilities|sped||||0.917|||||||||||||2021|PREP - Tier 1
2021-22|08401|Castle Rock School District|Non Section 504|504|76|80|70|0.875|||||||||||||2021|ESD 112
2021-22|08401|Castle Rock School District|Section 504|504||||0.76|||||||||||||2021|ESD 112
2021-22|08401|Castle Rock School District|All Students|All||||0.86|||||||||||||2021|ESD 112
2021-22|08401|Castle Rock School District|English Language Learners|ELL|||||||||||||||||2021|ESD 112
2021-22|08401|Castle Rock School District|Non-English Language Learners|ELL||||0.85|||||||||||||2021|ESD 112
2021-22|08401|Castle Rock School District|Non-Foster Care|Foster||||0.86|||||||||||||2021|ESD 112
2021-22|08401|Castle Rock School District|Female|Gender|48|50|42|0.84|||||||||||||2021|ESD 112
2021-22|08401|Castle Rock School District|Male|Gender||||0.87|||||||||||||2021|ESD 112
2021-22|08401|Castle Rock School District|Homeless|Homeless|||||||||||||||||2021|ESD 112
2021-22|08401|Castle Rock School District|Non-Homeless|Homeless||||0.86|||||||||||||2021|ESD 112
2021-22|08401|Castle Rock School District|Low-Income|LowIncome|59|59|48|0.813559322|||||||||||||2021|ESD 112
2021-22|08401|Castle Rock School District|Non-Low Income|LowIncome||||0.92|||||||||||||2021|ESD 112
2021-22|08401|Castle Rock School District|Non Migrant|Migrant||||0.86|||||||||||||2021|ESD 112
2021-22|08401|Castle Rock School District|Asian|Race|||||||||||||||||2021|ESD 112
2021-22|08401|Castle Rock School District|Black/ African American|Race|||||||||||||||||2021|ESD 112
2021-22|08401|Castle Rock School District|Hispanic/ Latino of any race(s)|Race|||||||||||||||||2021|ESD 112
2021-22|08401|Castle Rock School District|Native Hawaiian/ Other Pacific Islander|Race|||||||||||||||||2021|ESD 112
2021-22|08401|Castle Rock School District|Two or More Races|Race|||||||||||||||||2021|ESD 112
2021-22|08401|Castle Rock School District|White|Race|80|84|72|0.857142857|||||||||||||2021|ESD 112
2021-22|08401|Castle Rock School District|Students with Disabilities|sped||||0.85|||||||||||||2021|ESD 112
2021-22|08401|Castle Rock School District|Students without Disabilities|sped|72|77|66|0.857142857|||||||||||||2021|ESD 112
2021-22|18401|Central Kitsap School District|Non Section 504|504||||0.893|||||||||||||2021|PREP - Tier 2
2021-22|18401|Central Kitsap School District|Section 504|504||||0.94|||||||||||||2021|PREP - Tier 2
2021-22|18401|Central Kitsap School District|All Students|All|918|920|824|0.895652174|||||||||||||2021|PREP - Tier 2
2021-22|18401|Central Kitsap School District|English Language Learners|ELL||||0.78|||||||||||||2021|PREP - Tier 2
2021-22|18401|Central Kitsap School District|Non-English Language Learners|ELL||||0.901|||||||||||||2021|PREP - Tier 2
2021-22|18401|Central Kitsap School District|Foster Care|Foster|||||||||||||||||2021|PREP - Tier 2
2021-22|18401|Central Kitsap School District|Non-Foster Care|Foster||||0.897|||||||||||||2021|PREP - Tier 2
2021-22|18401|Central Kitsap School District|Female|Gender|457|466|431|0.924892704|||||||||||||2021|PREP - Tier 2
2021-22|18401|Central Kitsap School District|Male|Gender|461|454|393|0.865638767|||||||||||||2021|PREP - Tier 2
2021-22|18401|Central Kitsap School District|Homeless|Homeless|73|75|58|0.773333333|||||||||||||2021|PREP - Tier 2
2021-22|18401|Central Kitsap School District|Non-Homeless|Homeless|845|845|766|0.906508876|||||||||||||2021|PREP - Tier 2
2021-22|18401|Central Kitsap School District|Low-Income|LowIncome|394|387|328|0.84754522|||||||||||||2021|PREP - Tier 2
2021-22|18401|Central Kitsap School District|Non-Low Income|LowIncome|524|533|496|0.930581614|||||||||||||2021|PREP - Tier 2
2021-22|18401|Central Kitsap School District|Migrant|Migrant|||||||||||||||||2021|PREP - Tier 2
2021-22|18401|Central Kitsap School District|Non Migrant|Migrant||||0.895|||||||||||||2021|PREP - Tier 2
2021-22|18401|Central Kitsap School District|American Indian/ Alaskan Native|Race|||||||||||||||||2021|PREP - Tier 2
2021-22|18401|Central Kitsap School District|Asian|Race|54|61|58|0.950819672|||||||||||||2021|PREP - Tier 2
2021-22|18401|Central Kitsap School District|Black/ African American|Race||||0.842|||||||||||||2021|PREP - Tier 2
2021-22|18401|Central Kitsap School District|Hispanic/ Latino of any race(s)|Race|116|123|109|0.886178862|||||||||||||2021|PREP - Tier 2
2021-22|18401|Central Kitsap School District|Native Hawaiian/ Other Pacific Islander|Race|||||||||||||||||2021|PREP - Tier 2
2021-22|18401|Central Kitsap School District|Two or More Races|Race|149|149|133|0.89261745|||||||||||||2021|PREP - Tier 2
2021-22|18401|Central Kitsap School District|White|Race|566|557|500|0.897666068|||||||||||||2021|PREP - Tier 2
2021-22|18401|Central Kitsap School District|Students with Disabilities|sped|147|137|100|0.729927007|||||||||||||2021|PREP - Tier 2
2021-22|18401|Central Kitsap School District|Students without Disabilities|sped|771|783|724|0.924648787|||||||||||||2021|PREP - Tier 2
2021-22|36250|College Place School District|Non Section 504|504||||0.952|||||||||||||2021|United Way of the Blue Mountains
2021-22|36250|College Place School District|Section 504|504|||||||||||||||||2021|United Way of the Blue Mountains
2021-22|36250|College Place School District|All Students|All||||0.954|||||||||||||2021|United Way of the Blue Mountains
2021-22|36250|College Place School District|English Language Learners|ELL||||0.786|||||||||||||2021|United Way of the Blue Mountains
2021-22|36250|College Place School District|Non-English Language Learners|ELL|86|95|90|0.947368421|||||||||||||2021|United Way of the Blue Mountains
2021-22|36250|College Place School District|Non-Foster Care|Foster||||0.954|||||||||||||2021|United Way of the Blue Mountains
2021-22|36250|College Place School District|Female|Gender||||0.939|||||||||||||2021|United Way of the Blue Mountains
2021-22|36250|College Place School District|Male|Gender|58|60|57|0.95|||||||||||||2021|United Way of the Blue Mountains
2021-22|36250|College Place School District|Homeless|Homeless|||||||||||||||||2021|United Way of the Blue Mountains
2021-22|36250|College Place School District|Non-Homeless|Homeless||||0.951|||||||||||||2021|United Way of the Blue Mountains
2021-22|36250|College Place School District|Low-Income|LowIncome|55|58|55|0.948275862|||||||||||||2021|United Way of the Blue Mountains
2021-22|36250|College Place School District|Non-Low Income|LowIncome||||0.941|||||||||||||2021|United Way of the Blue Mountains
2021-22|36250|College Place School District|Migrant|Migrant|||||||||||||||||2021|United Way of the Blue Mountains
2021-22|36250|College Place School District|Non Migrant|Migrant||||0.961|||||||||||||2021|United Way of the Blue Mountains
2021-22|36250|College Place School District|Black/ African American|Race|||||||||||||||||2021|United Way of the Blue Mountains
2021-22|36250|College Place School District|Hispanic/ Latino of any race(s)|Race||||0.92|||||||||||||2021|United Way of the Blue Mountains
2021-22|36250|College Place School District|Native Hawaiian/ Other Pacific Islander|Race|||||||||||||||||2021|United Way of the Blue Mountains
2021-22|36250|College Place School District|Two or More Races|Race|||||||||||||||||2021|United Way of the Blue Mountains
2021-22|36250|College Place School District|White|Race||||0.954|||||||||||||2021|United Way of the Blue Mountains
2021-22|36250|College Place School District|Students with Disabilities|sped||||0.58|||||||||||||2021|United Way of the Blue Mountains
2021-22|36250|College Place School District|Students without Disabilities|sped||||0.969|||||||||||||2021|United Way of the Blue Mountains
2021-22|36400|Columbia (Walla Walla) School District|Non Section 504|504||||0.74|||||||||||||2021|United Way of the Blue Mountains
2021-22|36400|Columbia (Walla Walla) School District|All Students|All||||0.74|||||||||||||2021|United Way of the Blue Mountains
2021-22|36400|Columbia (Walla Walla) School District|English Language Learners|ELL|||||||||||||||||2021|United Way of the Blue Mountains
2021-22|36400|Columbia (Walla Walla) School District|Non-English Language Learners|ELL||||0.76|||||||||||||2021|United Way of the Blue Mountains
2021-22|36400|Columbia (Walla Walla) School District|Non-Foster Care|Foster||||0.74|||||||||||||2021|United Way of the Blue Mountains
2021-22|36400|Columbia (Walla Walla) School District|Female|Gender||||0.8|||||||||||||2021|United Way of the Blue Mountains
2021-22|36400|Columbia (Walla Walla) School District|Male|Gender|29|33|23|0.696969697|||||||||||||2021|United Way of the Blue Mountains
2021-22|36400|Columbia (Walla Walla) School District|Homeless|Homeless|||||||||||||||||2021|United Way of the Blue Mountains
2021-22|36400|Columbia (Walla Walla) School District|Non-Homeless|Homeless||||0.73|||||||||||||2021|United Way of the Blue Mountains
2021-22|36400|Columbia (Walla Walla) School District|Low-Income|LowIncome|25|28|18|0.642857143|||||||||||||2021|United Way of the Blue Mountains
2021-22|36400|Columbia (Walla Walla) School District|Non-Low Income|LowIncome||||0.84|||||||||||||2021|United Way of the Blue Mountains
2021-22|36400|Columbia (Walla Walla) School District|Migrant|Migrant|||||||||||||||||2021|United Way of the Blue Mountains
2021-22|36400|Columbia (Walla Walla) School District|Non Migrant|Migrant||||0.75|||||||||||||2021|United Way of the Blue Mountains
2021-22|36400|Columbia (Walla Walla) School District|American Indian/ Alaskan Native|Race|||||||||||||||||2021|United Way of the Blue Mountains
2021-22|36400|Columbia (Walla Walla) School District|Asian|Race|||||||||||||||||2021|United Way of the Blue Mountains
2021-22|36400|Columbia (Walla Walla) School District|Black/ African American|Race|||||||||||||||||2021|United Way of the Blue Mountains
2021-22|36400|Columbia (Walla Walla) School District|Hispanic/ Latino of any race(s)|Race||||0.63|||||||||||||2021|United Way of the Blue Mountains
2021-22|36400|Columbia (Walla Walla) School District|Two or More Races|Race|||||||||||||||||2021|United Way of the Blue Mountains
2021-22|36400|Columbia (Walla Walla) School District|White|Race|27|29|23|0.793103448|||||||||||||2021|United Way of the Blue Mountains
2021-22|36400|Columbia (Walla Walla) School District|Students with Disabilities|sped|||||||||||||||||2021|United Way of the Blue Mountains
2021-22|36400|Columbia (Walla Walla) School District|Students without Disabilities|sped||||0.78|||||||||||||2021|United Way of the Blue Mountains
2021-22|05313|Crescent School District|Non Section 504|504||||0.824|||||||||||||2021|PREP - Tier 1
2021-22|05313|Crescent School District|Section 504|504|||||||||||||||||2021|PREP - Tier 1
2021-22|05313|Crescent School District|All Students|All||||0.833|||||||||||||2021|PREP - Tier 1
2021-22|05313|Crescent School District|Non-English Language Learners|ELL||||0.833|||||||||||||2021|PREP - Tier 1
2021-22|05313|Crescent School District|Non-Foster Care|Foster||||0.833|||||||||||||2021|PREP - Tier 1
2021-22|05313|Crescent School District|Female|Gender|||||||||||||||||2021|PREP - Tier 1
2021-22|05313|Crescent School District|Gender X|Gender|||||||||||||||||2021|PREP - Tier 1
2021-22|05313|Crescent School District|Male|Gender||||0.75|||||||||||||2021|PREP - Tier 1
2021-22|05313|Crescent School District|Homeless|Homeless|||||||||||||||||2021|PREP - Tier 1
2021-22|05313|Crescent School District|Non-Homeless|Homeless||||0.813|||||||||||||2021|PREP - Tier 1
2021-22|05313|Crescent School District|Low-Income|LowIncome||||0.77|||||||||||||2021|PREP - Tier 1
2021-22|05313|Crescent School District|Non-Low Income|LowIncome|||||||||||||||||2021|PREP - Tier 1
2021-22|05313|Crescent School District|Non Migrant|Migrant||||0.833|||||||||||||2021|PREP - Tier 1
2021-22|05313|Crescent School District|Two or More Races|Race|||||||||||||||||2021|PREP - Tier 1
2021-22|05313|Crescent School District|White|Race||||0.813|||||||||||||2021|PREP - Tier 1
2021-22|05313|Crescent School District|Students with Disabilities|sped|||||||||||||||||2021|PREP - Tier 1
2021-22|05313|Crescent School District|Students without Disabilities|sped||||0.813|||||||||||||2021|PREP - Tier 1
2021-22|07002|Dayton School District|Non Section 504|504||||0.76|||||||||||||2021|United Way of the Blue Mountains
2021-22|07002|Dayton School District|Section 504|504|||||||||||||||||2021|United Way of the Blue Mountains
2021-22|07002|Dayton School District|All Students|All||||0.77|||||||||||||2021|United Way of the Blue Mountains
2021-22|07002|Dayton School District|English Language Learners|ELL|||||||||||||||||2021|United Way of the Blue Mountains
2021-22|07002|Dayton School District|Non-English Language Learners|ELL||||0.77|||||||||||||2021|United Way of the Blue Mountains
2021-22|07002|Dayton School District|Foster Care|Foster|||||||||||||||||2021|United Way of the Blue Mountains
2021-22|07002|Dayton School District|Non-Foster Care|Foster||||0.8|||||||||||||2021|United Way of the Blue Mountains
2021-22|07002|Dayton School District|Female|Gender|19|20|15|0.75|||||||||||||2021|United Way of the Blue Mountains
2021-22|07002|Dayton School District|Male|Gender||||0.727|||||||||||||2021|United Way of the Blue Mountains
2021-22|07002|Dayton School District|Homeless|Homeless|||||||||||||||||2021|United Way of the Blue Mountains
2021-22|07002|Dayton School District|Non-Homeless|Homeless||||0.78|||||||||||||2021|United Way of the Blue Mountains
2021-22|07002|Dayton School District|Low-Income|LowIncome|14|16|10|0.625|||||||||||||2021|United Way of the Blue Mountains
2021-22|07002|Dayton School District|Non-Low Income|LowIncome||||0.8|||||||||||||2021|United Way of the Blue Mountains
2021-22|07002|Dayton School District|Non Migrant|Migrant||||0.77|||||||||||||2021|United Way of the Blue Mountains
2021-22|07002|Dayton School District|Hispanic/ Latino of any race(s)|Race|||||||||||||||||2021|United Way of the Blue Mountains
2021-22|07002|Dayton School District|White|Race||||0.79|||||||||||||2021|United Way of the Blue Mountains
2021-22|07002|Dayton School District|Students with Disabilities|sped|||||||||||||||||2021|United Way of the Blue Mountains
2021-22|07002|Dayton School District|Students without Disabilities|sped||||0.83|||||||||||||2021|United Way of the Blue Mountains
2021-22|17210|Federal Way School District|Non Section 504|504||||0.8927|||||||||||||2021|Puget Sound ESD
2021-22|17210|Federal Way School District|Section 504|504||||0.91|||||||||||||2021|Puget Sound ESD
2021-22|17210|Federal Way School District|All Students|All|1588|1632|1458|0.893382353|||||||||||||2021|Puget Sound ESD
2021-22|17210|Federal Way School District|English Language Learners|ELL||||0.787|||||||||||||2021|Puget Sound ESD
2021-22|17210|Federal Way School District|Non-English Language Learners|ELL||||0.9142|||||||||||||2021|Puget Sound ESD
2021-22|17210|Federal Way School District|Foster Care|Foster|||||||||||||||||2021|Puget Sound ESD
2021-22|17210|Federal Way School District|Non-Foster Care|Foster||||0.8953|||||||||||||2021|Puget Sound ESD
2021-22|17210|Federal Way School District|Female|Gender||||0.933|||||||||||||2021|Puget Sound ESD
2021-22|17210|Federal Way School District|Gender X|Gender|||||||||||||||||2021|Puget Sound ESD
2021-22|17210|Federal Way School District|Male|Gender|794|819|699|0.853479853|||||||||||||2021|Puget Sound ESD
2021-22|17210|Federal Way School District|Homeless|Homeless||||0.807|||||||||||||2021|Puget Sound ESD
2021-22|17210|Federal Way School District|Non-Homeless|Homeless||||0.8999|||||||||||||2021|Puget Sound ESD
2021-22|17210|Federal Way School District|Low-Income|LowIncome|1021|1048|920|0.877862595|||||||||||||2021|Puget Sound ESD
2021-22|17210|Federal Way School District|Non-Low Income|LowIncome|567|584|538|0.921232877|||||||||||||2021|Puget Sound ESD
2021-22|17210|Federal Way School District|Migrant|Migrant|||||||||||||||||2021|Puget Sound ESD
2021-22|17210|Federal Way School District|Non Migrant|Migrant||||0.893|||||||||||||2021|Puget Sound ESD
2021-22|17210|Federal Way School District|American Indian/ Alaskan Native|Race|||||||||||||||||2021|Puget Sound ESD
2021-22|17210|Federal Way School District|Asian|Race|232|242|236|0.975206612|||||||||||||2021|Puget Sound ESD
2021-22|17210|Federal Way School District|Black/ African American|Race|197|210|197|0.938095238|||||||||||||2021|Puget Sound ESD
2021-22|17210|Federal Way School District|Hispanic/ Latino of any race(s)|Race|480|496|437|0.881048387|||||||||||||2021|Puget Sound ESD
2021-22|17210|Federal Way School District|Native Hawaiian/ Other Pacific Islander|Race||||0.9|||||||||||||2021|Puget Sound ESD
2021-22|17210|Federal Way School District|Two or More Races|Race|172|174|146|0.83908046|||||||||||||2021|Puget Sound ESD
2021-22|17210|Federal Way School District|White|Race|417|416|359|0.862980769|||||||||||||2021|Puget Sound ESD
2021-22|17210|Federal Way School District|Students with Disabilities|sped|196|193|151|0.78238342|||||||||||||2021|Puget Sound ESD
2021-22|17210|Federal Way School District|Students without Disabilities|sped||||0.9083|||||||||||||2021|Puget Sound ESD
2021-22|20401|Glenwood School District|Non Section 504|504|||||||||||||||||2021|ESD 112
2021-22|20401|Glenwood School District|All Students|All|||||||||||||||||2021|ESD 112
2021-22|20401|Glenwood School District|Non-English Language Learners|ELL|||||||||||||||||2021|ESD 112
2021-22|20401|Glenwood School District|Non-Foster Care|Foster|||||||||||||||||2021|ESD 112
2021-22|20401|Glenwood School District|Female|Gender|||||||||||||||||2021|ESD 112
2021-22|20401|Glenwood School District|Male|Gender|||||||||||||||||2021|ESD 112
2021-22|20401|Glenwood School District|Non-Homeless|Homeless|||||||||||||||||2021|ESD 112
2021-22|20401|Glenwood School District|Low-Income|LowIncome|||||||||||||||||2021|ESD 112
2021-22|20401|Glenwood School District|Non-Low Income|LowIncome|||||||||||||||||2021|ESD 112
2021-22|20401|Glenwood School District|Non Migrant|Migrant|||||||||||||||||2021|ESD 112
2021-22|20401|Glenwood School District|Two or More Races|Race|||||||||||||||||2021|ESD 112
2021-22|20401|Glenwood School District|White|Race|||||||||||||||||2021|ESD 112
2021-22|20401|Glenwood School District|Students without Disabilities|sped|||||||||||||||||2021|ESD 112
2021-22|17401|Highline School District|Non Section 504|504||||0.8669|||||||||||||2021|Puget Sound ESD
2021-22|17401|Highline School District|Section 504|504||||0.83|||||||||||||2021|Puget Sound ESD
2021-22|17401|Highline School District|All Students|All|1195|1273|1102|0.865671642|||||||||||||2021|Puget Sound ESD
2021-22|17401|Highline School District|English Language Learners|ELL|248|319|250|0.78369906|||||||||||||2021|Puget Sound ESD
2021-22|17401|Highline School District|Non-English Language Learners|ELL|947|954|852|0.893081761|||||||||||||2021|Puget Sound ESD
2021-22|17401|Highline School District|Foster Care|Foster||||0.67|||||||||||||2021|Puget Sound ESD
2021-22|17401|Highline School District|Non-Foster Care|Foster||||0.868|||||||||||||2021|Puget Sound ESD
2021-22|17401|Highline School District|Female|Gender||||0.91|||||||||||||2021|Puget Sound ESD
2021-22|17401|Highline School District|Gender X|Gender|||||||||||||||||2021|Puget Sound ESD
2021-22|17401|Highline School District|Male|Gender|614|654|542|0.828746177|||||||||||||2021|Puget Sound ESD
2021-22|17401|Highline School District|Homeless|Homeless|182|212|160|0.754716981|||||||||||||2021|Puget Sound ESD
2021-22|17401|Highline School District|Non-Homeless|Homeless|1013|1061|942|0.887841659|||||||||||||2021|Puget Sound ESD
2021-22|17401|Highline School District|Low-Income|LowIncome|901|971|815|0.839340886|||||||||||||2021|Puget Sound ESD
2021-22|17401|Highline School District|Non-Low Income|LowIncome|294|302|287|0.950331126|||||||||||||2021|Puget Sound ESD
2021-22|17401|Highline School District|Migrant|Migrant|||||||||||||||||2021|Puget Sound ESD
2021-22|17401|Highline School District|Non Migrant|Migrant||||0.8661|||||||||||||2021|Puget Sound ESD
2021-22|17401|Highline School District|American Indian/ Alaskan Native|Race||||0.727|||||||||||||2021|Puget Sound ESD
2021-22|17401|Highline School District|Asian|Race|217|241|227|0.941908714|||||||||||||2021|Puget Sound ESD
2021-22|17401|Highline School District|Black/ African American|Race|157|176|152|0.863636364|||||||||||||2021|Puget Sound ESD
2021-22|17401|Highline School District|Hispanic/ Latino of any race(s)|Race|434|474|391|0.824894515|||||||||||||2021|Puget Sound ESD
2021-22|17401|Highline School District|Native Hawaiian/ Other Pacific Islander|Race|53|53|44|0.830188679|||||||||||||2021|Puget Sound ESD
2021-22|17401|Highline School District|Two or More Races|Race|86|85|73|0.858823529|||||||||||||2021|Puget Sound ESD
2021-22|17401|Highline School District|White|Race|237|233|205|0.879828326|||||||||||||2021|Puget Sound ESD
2021-22|17401|Highline School District|Students with Disabilities|sped|163|165|105|0.636363636|||||||||||||2021|Puget Sound ESD
2021-22|17401|Highline School District|Students without Disabilities|sped|1032|1108|997|0.899819495|||||||||||||2021|Puget Sound ESD
2021-22|06098|Hockinson School District|Non Section 504|504||||0.9787|||||||||||||2021|ESD 112
2021-22|06098|Hockinson School District|Section 504|504|||||||||||||||||2021|ESD 112
2021-22|06098|Hockinson School District|All Students|All||||0.98|||||||||||||2021|ESD 112
2021-22|06098|Hockinson School District|English Language Learners|ELL|||||||||||||||||2021|ESD 112
2021-22|06098|Hockinson School District|Non-English Language Learners|ELL||||0.98|||||||||||||2021|ESD 112
2021-22|06098|Hockinson School District|Non-Foster Care|Foster||||0.98|||||||||||||2021|ESD 112
2021-22|06098|Hockinson School District|Female|Gender||||0.959|||||||||||||2021|ESD 112
2021-22|06098|Hockinson School District|Male|Gender||||0.961|||||||||||||2021|ESD 112
2021-22|06098|Hockinson School District|Non-Homeless|Homeless||||0.98|||||||||||||2021|ESD 112
2021-22|06098|Hockinson School District|Low-Income|LowIncome||||0.857|||||||||||||2021|ESD 112
2021-22|06098|Hockinson School District|Non-Low Income|LowIncome||||0.9767|||||||||||||2021|ESD 112
2021-22|06098|Hockinson School District|Non Migrant|Migrant||||0.98|||||||||||||2021|ESD 112
2021-22|06098|Hockinson School District|Asian|Race|||||||||||||||||2021|ESD 112
2021-22|06098|Hockinson School District|Black/ African American|Race|||||||||||||||||2021|ESD 112
2021-22|06098|Hockinson School District|Hispanic/ Latino of any race(s)|Race|||||||||||||||||2021|ESD 112
2021-22|06098|Hockinson School District|Two or More Races|Race|||||||||||||||||2021|ESD 112
2021-22|06098|Hockinson School District|White|Race|136|138|135|0.97826087|||||||||||||2021|ESD 112
2021-22|06098|Hockinson School District|Students with Disabilities|sped|||||||||||||||||2021|ESD 112
2021-22|06098|Hockinson School District|Students without Disabilities|sped||||0.9792|||||||||||||2021|ESD 112
2021-22|08402|Kalama School District|Non Section 504|504||||0.948|||||||||||||2021|ESD 112
2021-22|08402|Kalama School District|Section 504|504|||||||||||||||||2021|ESD 112
2021-22|08402|Kalama School District|All Students|All||||0.94|||||||||||||2021|ESD 112
2021-22|08402|Kalama School District|Non-English Language Learners|ELL||||0.94|||||||||||||2021|ESD 112
2021-22|08402|Kalama School District|Non-Foster Care|Foster||||0.94|||||||||||||2021|ESD 112
2021-22|08402|Kalama School District|Female|Gender||||0.864|||||||||||||2021|ESD 112
2021-22|08402|Kalama School District|Male|Gender||||0.932|||||||||||||2021|ESD 112
2021-22|08402|Kalama School District|Homeless|Homeless|||||||||||||||||2021|ESD 112
2021-22|08402|Kalama School District|Non-Homeless|Homeless||||0.95|||||||||||||2021|ESD 112
2021-22|08402|Kalama School District|Low-Income|LowIncome||||0.833|||||||||||||2021|ESD 112
2021-22|08402|Kalama School District|Non-Low Income|LowIncome||||0.938|||||||||||||2021|ESD 112
2021-22|08402|Kalama School District|Non Migrant|Migrant||||0.94|||||||||||||2021|ESD 112
2021-22|08402|Kalama School District|Hispanic/ Latino of any race(s)|Race|||||||||||||||||2021|ESD 112
2021-22|08402|Kalama School District|Two or More Races|Race|||||||||||||||||2021|ESD 112
2021-22|08402|Kalama School District|White|Race||||0.93|||||||||||||2021|ESD 112
2021-22|08402|Kalama School District|Students with Disabilities|sped||||0.7|||||||||||||2021|ESD 112
2021-22|08402|Kalama School District|Students without Disabilities|sped|54|56|53|0.946428571|||||||||||||2021|ESD 112
2021-22|20402|Klickitat School District|Non Section 504|504|||||||||||||||||2021|ESD 112
2021-22|20402|Klickitat School District|All Students|All|||||||||||||||||2021|ESD 112
2021-22|20402|Klickitat School District|Non-English Language Learners|ELL|||||||||||||||||2021|ESD 112
2021-22|20402|Klickitat School District|Non-Foster Care|Foster|||||||||||||||||2021|ESD 112
2021-22|20402|Klickitat School District|Female|Gender|||||||||||||||||2021|ESD 112
2021-22|20402|Klickitat School District|Male|Gender|||||||||||||||||2021|ESD 112
2021-22|20402|Klickitat School District|Non-Homeless|Homeless|||||||||||||||||2021|ESD 112
2021-22|20402|Klickitat School District|Low-Income|LowIncome|||||||||||||||||2021|ESD 112
2021-22|20402|Klickitat School District|Non-Low Income|LowIncome|||||||||||||||||2021|ESD 112
2021-22|20402|Klickitat School District|Non Migrant|Migrant|||||||||||||||||2021|ESD 112
2021-22|20402|Klickitat School District|Hispanic/ Latino of any race(s)|Race|||||||||||||||||2021|ESD 112
2021-22|20402|Klickitat School District|Two or More Races|Race|||||||||||||||||2021|ESD 112
2021-22|20402|Klickitat School District|White|Race|||||||||||||||||2021|ESD 112
2021-22|20402|Klickitat School District|Students with Disabilities|sped|||||||||||||||||2021|ESD 112
2021-22|20402|Klickitat School District|Students without Disabilities|sped|||||||||||||||||2021|ESD 112
2021-22|20406|Lyle School District|Non Section 504|504||||0.71|||||||||||||2021|ESD 112
2021-22|20406|Lyle School District|Section 504|504|||||||||||||||||2021|ESD 112
2021-22|20406|Lyle School District|All Students|All||||0.75|||||||||||||2021|ESD 112
2021-22|20406|Lyle School District|English Language Learners|ELL|||||||||||||||||2021|ESD 112
2021-22|20406|Lyle School District|Non-English Language Learners|ELL||||0.73|||||||||||||2021|ESD 112
2021-22|20406|Lyle School District|Foster Care|Foster|||||||||||||||||2021|ESD 112
2021-22|20406|Lyle School District|Non-Foster Care|Foster||||0.73|||||||||||||2021|ESD 112
2021-22|20406|Lyle School District|Female|Gender|||||||||||||||||2021|ESD 112
2021-22|20406|Lyle School District|Male|Gender|||||||||||||||||2021|ESD 112
2021-22|20406|Lyle School District|Homeless|Homeless|||||||||||||||||2021|ESD 112
2021-22|20406|Lyle School District|Non-Homeless|Homeless|||||||||||||||||2021|ESD 112
2021-22|20406|Lyle School District|Low-Income|LowIncome||||0.69|||||||||||||2021|ESD 112
2021-22|20406|Lyle School District|Non-Low Income|LowIncome|||||||||||||||||2021|ESD 112
2021-22|20406|Lyle School District|Migrant|Migrant|||||||||||||||||2021|ESD 112
2021-22|20406|Lyle School District|Non Migrant|Migrant||||0.786|||||||||||||2021|ESD 112
2021-22|20406|Lyle School District|American Indian/ Alaskan Native|Race|||||||||||||||||2021|ESD 112
2021-22|20406|Lyle School District|Hispanic/ Latino of any race(s)|Race|||||||||||||||||2021|ESD 112
2021-22|20406|Lyle School District|Two or More Races|Race|||||||||||||||||2021|ESD 112
2021-22|20406|Lyle School District|White|Race||||0.7|||||||||||||2021|ESD 112
2021-22|20406|Lyle School District|Students with Disabilities|sped|||||||||||||||||2021|ESD 112
2021-22|20406|Lyle School District|Students without Disabilities|sped||||0.69|||||||||||||2021|ESD 112
2021-22|25155|Naselle-Grays River Valley School District|Non Section 504|504||||0.864|||||||||||||2021|ESD 112
2021-22|25155|Naselle-Grays River Valley School District|Section 504|504|||||||||||||||||2021|ESD 112
2021-22|25155|Naselle-Grays River Valley School District|All Students|All||||0.88|||||||||||||2021|ESD 112
2021-22|25155|Naselle-Grays River Valley School District|English Language Learners|ELL|||||||||||||||||2021|ESD 112
2021-22|25155|Naselle-Grays River Valley School District|Non-English Language Learners|ELL||||0.87|||||||||||||2021|ESD 112
2021-22|25155|Naselle-Grays River Valley School District|Non-Foster Care|Foster||||0.88|||||||||||||2021|ESD 112
2021-22|25155|Naselle-Grays River Valley School District|Female|Gender||||0.7|||||||||||||2021|ESD 112
2021-22|25155|Naselle-Grays River Valley School District|Male|Gender||||0.786|||||||||||||2021|ESD 112
2021-22|25155|Naselle-Grays River Valley School District|Homeless|Homeless|||||||||||||||||2021|ESD 112
2021-22|25155|Naselle-Grays River Valley School District|Non-Homeless|Homeless||||0.833|||||||||||||2021|ESD 112
2021-22|25155|Naselle-Grays River Valley School District|Low-Income|LowIncome||||0.727|||||||||||||2021|ESD 112
2021-22|25155|Naselle-Grays River Valley School District|Non-Low Income|LowIncome||||0.769|||||||||||||2021|ESD 112
2021-22|25155|Naselle-Grays River Valley School District|Migrant|Migrant|||||||||||||||||2021|ESD 112
2021-22|25155|Naselle-Grays River Valley School District|Non Migrant|Migrant||||0.86|||||||||||||2021|ESD 112
2021-22|25155|Naselle-Grays River Valley School District|Asian|Race|||||||||||||||||2021|ESD 112
2021-22|25155|Naselle-Grays River Valley School District|Hispanic/ Latino of any race(s)|Race|||||||||||||||||2021|ESD 112
2021-22|25155|Naselle-Grays River Valley School District|Two or More Races|Race|||||||||||||||||2021|ESD 112
2021-22|25155|Naselle-Grays River Valley School District|White|Race||||0.85|||||||||||||2021|ESD 112
2021-22|25155|Naselle-Grays River Valley School District|Students with Disabilities|sped|||||||||||||||||2021|ESD 112
2021-22|25155|Naselle-Grays River Valley School District|Students without Disabilities|sped||||0.833|||||||||||||2021|ESD 112
2021-22|18400|North Kitsap School District|Non Section 504|504||||0.877|||||||||||||2021|PREP - Tier 2
2021-22|18400|North Kitsap School District|Section 504|504||||0.86|||||||||||||2021|PREP - Tier 2
2021-22|18400|North Kitsap School District|All Students|All|458|458|401|0.875545852|||||||||||||2021|PREP - Tier 2
2021-22|18400|North Kitsap School District|English Language Learners|ELL|||||||||||||||||2021|PREP - Tier 2
2021-22|18400|North Kitsap School District|Non-English Language Learners|ELL||||0.884|||||||||||||2021|PREP - Tier 2
2021-22|18400|North Kitsap School District|Foster Care|Foster|||||||||||||||||2021|PREP - Tier 2
2021-22|18400|North Kitsap School District|Non-Foster Care|Foster||||0.877|||||||||||||2021|PREP - Tier 2
2021-22|18400|North Kitsap School District|Female|Gender|229|229|205|0.895196507|||||||||||||2021|PREP - Tier 2
2021-22|18400|North Kitsap School District|Male|Gender|229|229|196|0.855895197|||||||||||||2021|PREP - Tier 2
2021-22|18400|North Kitsap School District|Homeless|Homeless||||0.56|||||||||||||2021|PREP - Tier 2
2021-22|18400|North Kitsap School District|Non-Homeless|Homeless||||0.887|||||||||||||2021|PREP - Tier 2
2021-22|18400|North Kitsap School District|Low-Income|LowIncome|167|158|122|0.772151899|||||||||||||2021|PREP - Tier 2
2021-22|18400|North Kitsap School District|Non-Low Income|LowIncome|291|300|279|0.93|||||||||||||2021|PREP - Tier 2
2021-22|18400|North Kitsap School District|Migrant|Migrant|||||||||||||||||2021|PREP - Tier 2
2021-22|18400|North Kitsap School District|Non Migrant|Migrant||||0.878|||||||||||||2021|PREP - Tier 2
2021-22|18400|North Kitsap School District|American Indian/ Alaskan Native|Race|20|20|15|0.75|||||||||||||2021|PREP - Tier 2
2021-22|18400|North Kitsap School District|Asian|Race||||0.833|||||||||||||2021|PREP - Tier 2
2021-22|18400|North Kitsap School District|Black/ African American|Race|||||||||||||||||2021|PREP - Tier 2
2021-22|18400|North Kitsap School District|Hispanic/ Latino of any race(s)|Race|68|68|59|0.867647059|||||||||||||2021|PREP - Tier 2
2021-22|18400|North Kitsap School District|Native Hawaiian/ Other Pacific Islander|Race|||||||||||||||||2021|PREP - Tier 2
2021-22|18400|North Kitsap School District|Two or More Races|Race|51|51|45|0.882352941|||||||||||||2021|PREP - Tier 2
2021-22|18400|North Kitsap School District|White|Race|296|293|259|0.883959044|||||||||||||2021|PREP - Tier 2
2021-22|18400|North Kitsap School District|Students with Disabilities|sped|63|64|43|0.671875|||||||||||||2021|PREP - Tier 2
2021-22|18400|North Kitsap School District|Students without Disabilities|sped||||0.909|||||||||||||2021|PREP - Tier 2
2021-22|23403|North Mason School District|Non Section 504|504|164|180|148|0.822222222|||||||||||||2021|PREP - Tier 1
2021-22|23403|North Mason School District|Section 504|504||||0.8|||||||||||||2021|PREP - Tier 1
2021-22|23403|North Mason School District|All Students|All||||0.821|||||||||||||2021|PREP - Tier 1
2021-22|23403|North Mason School District|English Language Learners|ELL||||0.57|||||||||||||2021|PREP - Tier 1
2021-22|23403|North Mason School District|Non-English Language Learners|ELL|155|160|140|0.875|||||||||||||2021|PREP - Tier 1
2021-22|23403|North Mason School District|Foster Care|Foster|||||||||||||||||2021|PREP - Tier 1
2021-22|23403|North Mason School District|Non-Foster Care|Foster||||0.820512821|||||||||||||2021|PREP - Tier 1
2021-22|23403|North Mason School District|Female|Gender||||0.84|||||||||||||2021|PREP - Tier 1
2021-22|23403|North Mason School District|Gender X|Gender|||||||||||||||||2021|PREP - Tier 1
2021-22|23403|North Mason School District|Male|Gender|95|106|86|0.811320755|||||||||||||2021|PREP - Tier 1
2021-22|23403|North Mason School District|Homeless|Homeless||||0.61|||||||||||||2021|PREP - Tier 1
2021-22|23403|North Mason School District|Non-Homeless|Homeless|154|164|141|0.859756098|||||||||||||2021|PREP - Tier 1
2021-22|23403|North Mason School District|Low-Income|LowIncome|117|123|93|0.756097561|||||||||||||2021|PREP - Tier 1
2021-22|23403|North Mason School District|Non-Low Income|LowIncome||||0.93|||||||||||||2021|PREP - Tier 1
2021-22|23403|North Mason School District|Migrant|Migrant|||||||||||||||||2021|PREP - Tier 1
2021-22|23403|North Mason School District|Non Migrant|Migrant||||0.82|||||||||||||2021|PREP - Tier 1
2021-22|23403|North Mason School District|American Indian/ Alaskan Native|Race|||||||||||||||||2021|PREP - Tier 1
2021-22|23403|North Mason School District|Asian|Race|||||||||||||||||2021|PREP - Tier 1
2021-22|23403|North Mason School District|Black/ African American|Race|||||||||||||||||2021|PREP - Tier 1
2021-22|23403|North Mason School District|Hispanic/ Latino of any race(s)|Race|46|60|42|0.7|||||||||||||2021|PREP - Tier 1
2021-22|23403|North Mason School District|Native Hawaiian/ Other Pacific Islander|Race|||||||||||||||||2021|PREP - Tier 1
2021-22|23403|North Mason School District|Two or More Races|Race||||0.77|||||||||||||2021|PREP - Tier 1
2021-22|23403|North Mason School District|White|Race|115|114|101|0.885964912|||||||||||||2021|PREP - Tier 1
2021-22|23403|North Mason School District|Students with Disabilities|sped||||0.81|||||||||||||2021|PREP - Tier 1
2021-22|23403|North Mason School District|Students without Disabilities|sped|150|164|135|0.823170732|||||||||||||2021|PREP - Tier 1
2021-22|25101|Ocean Beach School District|Non Section 504|504||||0.74|||||||||||||2021|ESD 112
2021-22|25101|Ocean Beach School District|Section 504|504|||||||||||||||||2021|ESD 112
2021-22|25101|Ocean Beach School District|All Students|All||||0.71|||||||||||||2021|ESD 112
2021-22|25101|Ocean Beach School District|English Language Learners|ELL|||||||||||||||||2021|ESD 112
2021-22|25101|Ocean Beach School District|Non-English Language Learners|ELL||||0.72|||||||||||||2021|ESD 112
2021-22|25101|Ocean Beach School District|Non-Foster Care|Foster||||0.71|||||||||||||2021|ESD 112
2021-22|25101|Ocean Beach School District|Female|Gender||||0.86|||||||||||||2021|ESD 112
2021-22|25101|Ocean Beach School District|Male|Gender|43|49|30|0.612244898|||||||||||||2021|ESD 112
2021-22|25101|Ocean Beach School District|Homeless|Homeless||||0.61|||||||||||||2021|ESD 112
2021-22|25101|Ocean Beach School District|Non-Homeless|Homeless|46|48|38|0.791666667|||||||||||||2021|ESD 112
2021-22|25101|Ocean Beach School District|Low-Income|LowIncome|53|59|37|0.627118644|||||||||||||2021|ESD 112
2021-22|25101|Ocean Beach School District|Non-Low Income|LowIncome||||0.88|||||||||||||2021|ESD 112
2021-22|25101|Ocean Beach School District|Migrant|Migrant|||||||||||||||||2021|ESD 112
2021-22|25101|Ocean Beach School District|Non Migrant|Migrant||||0.71|||||||||||||2021|ESD 112
2021-22|25101|Ocean Beach School District|American Indian/ Alaskan Native|Race|||||||||||||||||2021|ESD 112
2021-22|25101|Ocean Beach School District|Asian|Race|||||||||||||||||2021|ESD 112
2021-22|25101|Ocean Beach School District|Black/ African American|Race|||||||||||||||||2021|ESD 112
2021-22|25101|Ocean Beach School District|Hispanic/ Latino of any race(s)|Race|7|14|10|0.714285714|||||||||||||2021|ESD 112
2021-22|25101|Ocean Beach School District|Two or More Races|Race|||||||||||||||||2021|ESD 112
2021-22|25101|Ocean Beach School District|White|Race|59|60|43|0.716666667|||||||||||||2021|ESD 112
2021-22|25101|Ocean Beach School District|Students with Disabilities|sped||||0.76|||||||||||||2021|ESD 112
2021-22|25101|Ocean Beach School District|Students without Disabilities|sped|60|67|47|0.701492537|||||||||||||2021|ESD 112
2021-22|05121|Port Angeles School District|Non Section 504|504||||0.838|||||||||||||2021|PREP - Tier 1
2021-22|05121|Port Angeles School District|Section 504|504||||0.85|||||||||||||2021|PREP - Tier 1
2021-22|05121|Port Angeles School District|All Students|All|274|280|236|0.842857143|||||||||||||2021|PREP - Tier 1
2021-22|05121|Port Angeles School District|English Language Learners|ELL|||||||||||||||||2021|PREP - Tier 1
2021-22|05121|Port Angeles School District|Non-English Language Learners|ELL||||0.842|||||||||||||2021|PREP - Tier 1
2021-22|05121|Port Angeles School District|Foster Care|Foster|||||||||||||||||2021|PREP - Tier 1
2021-22|05121|Port Angeles School District|Non-Foster Care|Foster||||0.842|||||||||||||2021|PREP - Tier 1
2021-22|05121|Port Angeles School District|Female|Gender||||0.885|||||||||||||2021|PREP - Tier 1
2021-22|05121|Port Angeles School District|Male|Gender|133|132|105|0.795454545|||||||||||||2021|PREP - Tier 1
2021-22|05121|Port Angeles School District|Homeless|Homeless||||0.75|||||||||||||2021|PREP - Tier 1
2021-22|05121|Port Angeles School District|Non-Homeless|Homeless|261|264|224|0.848484848|||||||||||||2021|PREP - Tier 1
2021-22|05121|Port Angeles School District|Low-Income|LowIncome||||0.764|||||||||||||2021|PREP - Tier 1
2021-22|05121|Port Angeles School District|Non-Low Income|LowIncome||||0.926|||||||||||||2021|PREP - Tier 1
2021-22|05121|Port Angeles School District|Migrant|Migrant|||||||||||||||||2021|PREP - Tier 1
2021-22|05121|Port Angeles School District|Non Migrant|Migrant||||0.842|||||||||||||2021|PREP - Tier 1
2021-22|05121|Port Angeles School District|American Indian/ Alaskan Native|Race||||0.75|||||||||||||2021|PREP - Tier 1
2021-22|05121|Port Angeles School District|Asian|Race|||||||||||||||||2021|PREP - Tier 1
2021-22|05121|Port Angeles School District|Black/ African American|Race|||||||||||||||||2021|PREP - Tier 1
2021-22|05121|Port Angeles School District|Hispanic/ Latino of any race(s)|Race|22|24|19|0.791666667|||||||||||||2021|PREP - Tier 1
2021-22|05121|Port Angeles School District|Native Hawaiian/ Other Pacific Islander|Race|||||||||||||||||2021|PREP - Tier 1
2021-22|05121|Port Angeles School District|Two or More Races|Race|23|24|17|0.708333333|||||||||||||2021|PREP - Tier 1
2021-22|05121|Port Angeles School District|White|Race|208|210|179|0.852380952|||||||||||||2021|PREP - Tier 1
2021-22|05121|Port Angeles School District|Students with Disabilities|sped||||0.66|||||||||||||2021|PREP - Tier 1
2021-22|05121|Port Angeles School District|Students without Disabilities|sped|242|245|213|0.869387755|||||||||||||2021|PREP - Tier 1
2021-22|16050|Port Townsend School District|Non Section 504|504|88|89|79|0.887640449|||||||||||||2021|PREP - Tier 1
2021-22|16050|Port Townsend School District|Section 504|504||||0.769|||||||||||||2021|PREP - Tier 1
2021-22|16050|Port Townsend School District|All Students|All||||0.892|||||||||||||2021|PREP - Tier 1
2021-22|16050|Port Townsend School District|English Language Learners|ELL|||||||||||||||||2021|PREP - Tier 1
2021-22|16050|Port Townsend School District|Non-English Language Learners|ELL||||0.891|||||||||||||2021|PREP - Tier 1
2021-22|16050|Port Townsend School District|Foster Care|Foster|||||||||||||||||2021|PREP - Tier 1
2021-22|16050|Port Townsend School District|Non-Foster Care|Foster||||0.891|||||||||||||2021|PREP - Tier 1
2021-22|16050|Port Townsend School District|Female|Gender|57|58|53|0.913793103|||||||||||||2021|PREP - Tier 1
2021-22|16050|Port Townsend School District|Male|Gender||||0.86|||||||||||||2021|PREP - Tier 1
2021-22|16050|Port Townsend School District|Homeless|Homeless|||||||||||||||||2021|PREP - Tier 1
2021-22|16050|Port Townsend School District|Non-Homeless|Homeless||||0.89|||||||||||||2021|PREP - Tier 1
2021-22|16050|Port Townsend School District|Low-Income|LowIncome|56|57|48|0.842105263|||||||||||||2021|PREP - Tier 1
2021-22|16050|Port Townsend School District|Non-Low Income|LowIncome||||0.933|||||||||||||2021|PREP - Tier 1
2021-22|16050|Port Townsend School District|Non Migrant|Migrant||||0.892|||||||||||||2021|PREP - Tier 1
2021-22|16050|Port Townsend School District|American Indian/ Alaskan Native|Race|||||||||||||||||2021|PREP - Tier 1
2021-22|16050|Port Townsend School District|Asian|Race|||||||||||||||||2021|PREP - Tier 1
2021-22|16050|Port Townsend School District|Hispanic/ Latino of any race(s)|Race|||||||||||||||||2021|PREP - Tier 1
2021-22|16050|Port Townsend School District|Two or More Races|Race|||||||||||||||||2021|PREP - Tier 1
2021-22|16050|Port Townsend School District|White|Race|87|86|76|0.88372093|||||||||||||2021|PREP - Tier 1
2021-22|16050|Port Townsend School District|Students with Disabilities|sped||||0.833|||||||||||||2021|PREP - Tier 1
2021-22|16050|Port Townsend School District|Students without Disabilities|sped|85|84|76|0.904761905|||||||||||||2021|PREP - Tier 1
2021-22|36402|Prescott School District|Non Section 504|504|||||||||||||||||2021|United Way of the Blue Mountains
2021-22|36402|Prescott School District|Section 504|504|||||||||||||||||2021|United Way of the Blue Mountains
2021-22|36402|Prescott School District|All Students|All|||||||||||||||||2021|United Way of the Blue Mountains
2021-22|36402|Prescott School District|English Language Learners|ELL|||||||||||||||||2021|United Way of the Blue Mountains
2021-22|36402|Prescott School District|Non-English Language Learners|ELL|||||||||||||||||2021|United Way of the Blue Mountains
2021-22|36402|Prescott School District|Non-Foster Care|Foster|||||||||||||||||2021|United Way of the Blue Mountains
2021-22|36402|Prescott School District|Female|Gender|||||||||||||||||2021|United Way of the Blue Mountains
2021-22|36402|Prescott School District|Male|Gender|||||||||||||||||2021|United Way of the Blue Mountains
2021-22|36402|Prescott School District|Homeless|Homeless|||||||||||||||||2021|United Way of the Blue Mountains
2021-22|36402|Prescott School District|Non-Homeless|Homeless|||||||||||||||||2021|United Way of the Blue Mountains
2021-22|36402|Prescott School District|Low-Income|LowIncome|||||||||||||||||2021|United Way of the Blue Mountains
2021-22|36402|Prescott School District|Non-Low Income|LowIncome|||||||||||||||||2021|United Way of the Blue Mountains
2021-22|36402|Prescott School District|Migrant|Migrant|||||||||||||||||2021|United Way of the Blue Mountains
2021-22|36402|Prescott School District|Non Migrant|Migrant|||||||||||||||||2021|United Way of the Blue Mountains
2021-22|36402|Prescott School District|Asian|Race|||||||||||||||||2021|United Way of the Blue Mountains
2021-22|36402|Prescott School District|Hispanic/ Latino of any race(s)|Race|||||||||||||||||2021|United Way of the Blue Mountains
2021-22|36402|Prescott School District|Two or More Races|Race|||||||||||||||||2021|United Way of the Blue Mountains
2021-22|36402|Prescott School District|White|Race|||||||||||||||||2021|United Way of the Blue Mountains
2021-22|36402|Prescott School District|Students with Disabilities|sped|||||||||||||||||2021|United Way of the Blue Mountains
2021-22|36402|Prescott School District|Students without Disabilities|sped|||||||||||||||||2021|United Way of the Blue Mountains
2021-22|16048|Quilcene School District|Non Section 504|504||||0.857|||||||||||||2021|PREP - Tier 1
2021-22|16048|Quilcene School District|Section 504|504|||||||||||||||||2021|PREP - Tier 1
2021-22|16048|Quilcene School District|All Students|All||||0.875|||||||||||||2021|PREP - Tier 1
2021-22|16048|Quilcene School District|English Language Learners|ELL|||||||||||||||||2021|PREP - Tier 1
2021-22|16048|Quilcene School District|Non-English Language Learners|ELL||||0.87|||||||||||||2021|PREP - Tier 1
2021-22|16048|Quilcene School District|Foster Care|Foster|||||||||||||||||2021|PREP - Tier 1
2021-22|16048|Quilcene School District|Non-Foster Care|Foster|||||||||||||||||2021|PREP - Tier 1
2021-22|16048|Quilcene School District|Female|Gender||||0.769|||||||||||||2021|PREP - Tier 1
2021-22|16048|Quilcene School District|Male|Gender||||0.727|||||||||||||2021|PREP - Tier 1
2021-22|16048|Quilcene School District|Homeless|Homeless|||||||||||||||||2021|PREP - Tier 1
2021-22|16048|Quilcene School District|Non-Homeless|Homeless||||0.864|||||||||||||2021|PREP - Tier 1
2021-22|16048|Quilcene School District|Low-Income|LowIncome||||0.824|||||||||||||2021|PREP - Tier 1
2021-22|16048|Quilcene School District|Non-Low Income|LowIncome|||||||||||||||||2021|PREP - Tier 1
2021-22|16048|Quilcene School District|Non Migrant|Migrant||||0.875|||||||||||||2021|PREP - Tier 1
2021-22|16048|Quilcene School District|Asian|Race|||||||||||||||||2021|PREP - Tier 1
2021-22|16048|Quilcene School District|Hispanic/ Latino of any race(s)|Race|||||||||||||||||2021|PREP - Tier 1
2021-22|16048|Quilcene School District|Two or More Races|Race|||||||||||||||||2021|PREP - Tier 1
2021-22|16048|Quilcene School District|White|Race||||0.85|||||||||||||2021|PREP - Tier 1
2021-22|16048|Quilcene School District|Students with Disabilities|sped|||||||||||||||||2021|PREP - Tier 1
2021-22|16048|Quilcene School District|Students without Disabilities|sped||||0.842|||||||||||||2021|PREP - Tier 1
2021-22|05903|Quileute Tribal School District|Non Section 504|504|||||||||||||||||2021|PREP - Tier 1
2021-22|05903|Quileute Tribal School District|All Students|All|||||||||||||||||2021|PREP - Tier 1
2021-22|05903|Quileute Tribal School District|Non-English Language Learners|ELL|||||||||||||||||2021|PREP - Tier 1
2021-22|05903|Quileute Tribal School District|Non-Foster Care|Foster|||||||||||||||||2021|PREP - Tier 1
2021-22|05903|Quileute Tribal School District|Female|Gender|||||||||||||||||2021|PREP - Tier 1
2021-22|05903|Quileute Tribal School District|Male|Gender|||||||||||||||||2021|PREP - Tier 1
2021-22|05903|Quileute Tribal School District|Homeless|Homeless|||||||||||||||||2021|PREP - Tier 1
2021-22|05903|Quileute Tribal School District|Non-Homeless|Homeless|||||||||||||||||2021|PREP - Tier 1
2021-22|05903|Quileute Tribal School District|Low-Income|LowIncome|||||||||||||||||2021|PREP - Tier 1
2021-22|05903|Quileute Tribal School District|Non Migrant|Migrant|||||||||||||||||2021|PREP - Tier 1
2021-22|05903|Quileute Tribal School District|American Indian/ Alaskan Native|Race|||||||||||||||||2021|PREP - Tier 1
2021-22|05903|Quileute Tribal School District|Two or More Races|Race|||||||||||||||||2021|PREP - Tier 1
2021-22|05903|Quileute Tribal School District|White|Race|||||||||||||||||2021|PREP - Tier 1
2021-22|05903|Quileute Tribal School District|Students with Disabilities|sped|||||||||||||||||2021|PREP - Tier 1
2021-22|05903|Quileute Tribal School District|Students without Disabilities|sped|||||||||||||||||2021|PREP - Tier 1
2021-22|05323|Sequim School District|Non Section 504|504|210|200|171|0.855|||||||||||||2021|PREP - Tier 1
2021-22|05323|Sequim School District|Section 504|504||||0.769|||||||||||||2021|PREP - Tier 1
2021-22|05323|Sequim School District|All Students|All||||0.854|||||||||||||2021|PREP - Tier 1
2021-22|05323|Sequim School District|English Language Learners|ELL|||||||||||||||||2021|PREP - Tier 1
2021-22|05323|Sequim School District|Non-English Language Learners|ELL||||0.858|||||||||||||2021|PREP - Tier 1
2021-22|05323|Sequim School District|Foster Care|Foster|||||||||||||||||2021|PREP - Tier 1
2021-22|05323|Sequim School District|Non-Foster Care|Foster||||0.857|||||||||||||2021|PREP - Tier 1
2021-22|05323|Sequim School District|Female|Gender|111|108|93|0.861111111|||||||||||||2021|PREP - Tier 1
2021-22|05323|Sequim School District|Male|Gender||||0.848|||||||||||||2021|PREP - Tier 1
2021-22|05323|Sequim School District|Homeless|Homeless||||0.55|||||||||||||2021|PREP - Tier 1
2021-22|05323|Sequim School District|Non-Homeless|Homeless|191|184|166|0.902173913|||||||||||||2021|PREP - Tier 1
2021-22|05323|Sequim School District|Low-Income|LowIncome|120|109|86|0.788990826|||||||||||||2021|PREP - Tier 1
2021-22|05323|Sequim School District|Non-Low Income|LowIncome||||0.923|||||||||||||2021|PREP - Tier 1
2021-22|05323|Sequim School District|Non Migrant|Migrant||||0.854|||||||||||||2021|PREP - Tier 1
2021-22|05323|Sequim School District|American Indian/ Alaskan Native|Race|||||||||||||||||2021|PREP - Tier 1
2021-22|05323|Sequim School District|Asian|Race|||||||||||||||||2021|PREP - Tier 1
2021-22|05323|Sequim School District|Black/ African American|Race|||||||||||||||||2021|PREP - Tier 1
2021-22|05323|Sequim School District|Hispanic/ Latino of any race(s)|Race|27|27|24|0.888888889|||||||||||||2021|PREP - Tier 1
2021-22|05323|Sequim School District|Native Hawaiian/ Other Pacific Islander|Race|||||||||||||||||2021|PREP - Tier 1
2021-22|05323|Sequim School District|Two or More Races|Race||||0.727|||||||||||||2021|PREP - Tier 1
2021-22|05323|Sequim School District|White|Race|169|160|140|0.875|||||||||||||2021|PREP - Tier 1
2021-22|05323|Sequim School District|Students with Disabilities|sped||||0.67|||||||||||||2021|PREP - Tier 1
2021-22|05323|Sequim School District|Students without Disabilities|sped|189|183|162|0.885245902|||||||||||||2021|PREP - Tier 1
2021-22|18402|South Kitsap School District|Non Section 504|504|668|642|558|0.869158879|||||||||||||2021|PREP - Tier 2
2021-22|18402|South Kitsap School District|Section 504|504|69|65|51|0.784615385|||||||||||||2021|PREP - Tier 2
2021-22|18402|South Kitsap School District|All Students|All|737|707|609|0.861386139|||||||||||||2021|PREP - Tier 2
2021-22|18402|South Kitsap School District|English Language Learners|ELL|||||||||||||||||2021|PREP - Tier 2
2021-22|18402|South Kitsap School District|Non-English Language Learners|ELL||||0.864|||||||||||||2021|PREP - Tier 2
2021-22|18402|South Kitsap School District|Foster Care|Foster|||||||||||||||||2021|PREP - Tier 2
2021-22|18402|South Kitsap School District|Non-Foster Care|Foster||||0.862|||||||||||||2021|PREP - Tier 2
2021-22|18402|South Kitsap School District|Female|Gender|359|342|300|0.877192982|||||||||||||2021|PREP - Tier 2
2021-22|18402|South Kitsap School District|Male|Gender|378|365|309|0.846575342|||||||||||||2021|PREP - Tier 2
2021-22|18402|South Kitsap School District|Homeless|Homeless|52|56|29|0.517857143|||||||||||||2021|PREP - Tier 2
2021-22|18402|South Kitsap School District|Non-Homeless|Homeless|685|651|580|0.89093702|||||||||||||2021|PREP - Tier 2
2021-22|18402|South Kitsap School District|Low-Income|LowIncome|336|322|247|0.767080745|||||||||||||2021|PREP - Tier 2
2021-22|18402|South Kitsap School District|Non-Low Income|LowIncome|401|385|362|0.94025974|||||||||||||2021|PREP - Tier 2
2021-22|18402|South Kitsap School District|Non Migrant|Migrant|737|707|609|0.861386139|||||||||||||2021|PREP - Tier 2
2021-22|18402|South Kitsap School District|American Indian/ Alaskan Native|Race|||||||||||||||||2021|PREP - Tier 2
2021-22|18402|South Kitsap School District|Asian|Race|28|29|25|0.862068966|||||||||||||2021|PREP - Tier 2
2021-22|18402|South Kitsap School District|Black/ African American|Race|||||||||||||||||2021|PREP - Tier 2
2021-22|18402|South Kitsap School District|Hispanic/ Latino of any race(s)|Race|87|83|73|0.879518072|||||||||||||2021|PREP - Tier 2
2021-22|18402|South Kitsap School District|Native Hawaiian/ Other Pacific Islander|Race||||0.813|||||||||||||2021|PREP - Tier 2
2021-22|18402|South Kitsap School District|Two or More Races|Race|80|78|68|0.871794872|||||||||||||2021|PREP - Tier 2
2021-22|18402|South Kitsap School District|White|Race|513|484|414|0.855371901|||||||||||||2021|PREP - Tier 2
2021-22|18402|South Kitsap School District|Students with Disabilities|sped|113|111|82|0.738738739|||||||||||||2021|PREP - Tier 2
2021-22|18402|South Kitsap School District|Students without Disabilities|sped|624|596|527|0.884228188|||||||||||||2021|PREP - Tier 2
2021-22|30303|Stevenson-Carson School District|Non Section 504|504|73|74|67|0.905405405|||||||||||||2021|ESD 112
2021-22|30303|Stevenson-Carson School District|Section 504|504||||0.6|||||||||||||2021|ESD 112
2021-22|30303|Stevenson-Carson School District|All Students|All||||0.87|||||||||||||2021|ESD 112
2021-22|30303|Stevenson-Carson School District|English Language Learners|ELL|||||||||||||||||2021|ESD 112
2021-22|30303|Stevenson-Carson School District|Non-English Language Learners|ELL||||0.87|||||||||||||2021|ESD 112
2021-22|30303|Stevenson-Carson School District|Foster Care|Foster|||||||||||||||||2021|ESD 112
2021-22|30303|Stevenson-Carson School District|Non-Foster Care|Foster||||0.89|||||||||||||2021|ESD 112
2021-22|30303|Stevenson-Carson School District|Female|Gender||||0.92|||||||||||||2021|ESD 112
2021-22|30303|Stevenson-Carson School District|Male|Gender|45|47|39|0.829787234|||||||||||||2021|ESD 112
2021-22|30303|Stevenson-Carson School District|Homeless|Homeless|||||||||||||||||2021|ESD 112
2021-22|30303|Stevenson-Carson School District|Non-Homeless|Homeless||||0.86|||||||||||||2021|ESD 112
2021-22|30303|Stevenson-Carson School District|Low-Income|LowIncome|44|47|39|0.829787234|||||||||||||2021|ESD 112
2021-22|30303|Stevenson-Carson School District|Non-Low Income|LowIncome||||0.92|||||||||||||2021|ESD 112
2021-22|30303|Stevenson-Carson School District|Migrant|Migrant|||||||||||||||||2021|ESD 112
2021-22|30303|Stevenson-Carson School District|Non Migrant|Migrant||||0.87|||||||||||||2021|ESD 112
2021-22|30303|Stevenson-Carson School District|American Indian/ Alaskan Native|Race|||||||||||||||||2021|ESD 112
2021-22|30303|Stevenson-Carson School District|Asian|Race|||||||||||||||||2021|ESD 112
2021-22|30303|Stevenson-Carson School District|Black/ African American|Race|||||||||||||||||2021|ESD 112
2021-22|30303|Stevenson-Carson School District|Hispanic/ Latino of any race(s)|Race|||||||||||||||||2021|ESD 112
2021-22|30303|Stevenson-Carson School District|Two or More Races|Race|||||||||||||||||2021|ESD 112
2021-22|30303|Stevenson-Carson School District|White|Race|65|67|59|0.880597015|||||||||||||2021|ESD 112
2021-22|30303|Stevenson-Carson School District|Students with Disabilities|sped||||0.62|||||||||||||2021|ESD 112
2021-22|30303|Stevenson-Carson School District|Students without Disabilities|sped|70|71|65|0.915492958|||||||||||||2021|ESD 112
2021-22|18902|Suquamish Tribal Education Department|Non Section 504|504|||||||||||||||||2021|PREP - Tier 1
2021-22|18902|Suquamish Tribal Education Department|Section 504|504|||||||||||||||||2021|PREP - Tier 1
2021-22|18902|Suquamish Tribal Education Department|All Students|All|||||||||||||||||2021|PREP - Tier 1
2021-22|18902|Suquamish Tribal Education Department|Non-English Language Learners|ELL|||||||||||||||||2021|PREP - Tier 1
2021-22|18902|Suquamish Tribal Education Department|Non-Foster Care|Foster|||||||||||||||||2021|PREP - Tier 1
2021-22|18902|Suquamish Tribal Education Department|Female|Gender|||||||||||||||||2021|PREP - Tier 1
2021-22|18902|Suquamish Tribal Education Department|Male|Gender|||||||||||||||||2021|PREP - Tier 1
2021-22|18902|Suquamish Tribal Education Department|Non-Homeless|Homeless|||||||||||||||||2021|PREP - Tier 1
2021-22|18902|Suquamish Tribal Education Department|Low-Income|LowIncome|||||||||||||||||2021|PREP - Tier 1
2021-22|18902|Suquamish Tribal Education Department|Non-Low Income|LowIncome|||||||||||||||||2021|PREP - Tier 1
2021-22|18902|Suquamish Tribal Education Department|Migrant|Migrant|||||||||||||||||2021|PREP - Tier 1
2021-22|18902|Suquamish Tribal Education Department|Non Migrant|Migrant|||||||||||||||||2021|PREP - Tier 1
2021-22|18902|Suquamish Tribal Education Department|American Indian/ Alaskan Native|Race|||||||||||||||||2021|PREP - Tier 1
2021-22|18902|Suquamish Tribal Education Department|Hispanic/ Latino of any race(s)|Race|||||||||||||||||2021|PREP - Tier 1
2021-22|18902|Suquamish Tribal Education Department|Two or More Races|Race|||||||||||||||||2021|PREP - Tier 1
2021-22|18902|Suquamish Tribal Education Department|White|Race|||||||||||||||||2021|PREP - Tier 1
2021-22|18902|Suquamish Tribal Education Department|Students with Disabilities|sped|||||||||||||||||2021|PREP - Tier 1
2021-22|18902|Suquamish Tribal Education Department|Students without Disabilities|sped|||||||||||||||||2021|PREP - Tier 1
2021-22|20400|Trout Lake School District|Non Section 504|504||||0.813|||||||||||||2021|ESD 112
2021-22|20400|Trout Lake School District|Section 504|504|||||||||||||||||2021|ESD 112
2021-22|20400|Trout Lake School District|All Students|All||||0.833|||||||||||||2021|ESD 112
2021-22|20400|Trout Lake School District|English Language Learners|ELL|||||||||||||||||2021|ESD 112
2021-22|20400|Trout Lake School District|Non-English Language Learners|ELL||||0.813|||||||||||||2021|ESD 112
2021-22|20400|Trout Lake School District|Non-Foster Care|Foster||||0.833|||||||||||||2021|ESD 112
2021-22|20400|Trout Lake School District|Female|Gender|||||||||||||||||2021|ESD 112
2021-22|20400|Trout Lake School District|Male|Gender|||||||||||||||||2021|ESD 112
2021-22|20400|Trout Lake School District|Homeless|Homeless|||||||||||||||||2021|ESD 112
2021-22|20400|Trout Lake School District|Non-Homeless|Homeless||||0.824|||||||||||||2021|ESD 112
2021-22|20400|Trout Lake School District|Low-Income|LowIncome|||||||||||||||||2021|ESD 112
2021-22|20400|Trout Lake School District|Non-Low Income|LowIncome||||0.813|||||||||||||2021|ESD 112
2021-22|20400|Trout Lake School District|Non Migrant|Migrant||||0.833|||||||||||||2021|ESD 112
2021-22|20400|Trout Lake School District|American Indian/ Alaskan Native|Race|||||||||||||||||2021|ESD 112
2021-22|20400|Trout Lake School District|Asian|Race|||||||||||||||||2021|ESD 112
2021-22|20400|Trout Lake School District|Hispanic/ Latino of any race(s)|Race|||||||||||||||||2021|ESD 112
2021-22|20400|Trout Lake School District|Two or More Races|Race|||||||||||||||||2021|ESD 112
2021-22|20400|Trout Lake School District|White|Race|||||||||||||||||2021|ESD 112
2021-22|20400|Trout Lake School District|Students with Disabilities|sped|||||||||||||||||2021|ESD 112
2021-22|20400|Trout Lake School District|Students without Disabilities|sped||||0.769|||||||||||||2021|ESD 112
2021-22|17406|Tukwila School District|Non Section 504|504|203|219|186|0.849315068|||||||||||||2021|Puget Sound ESD
2021-22|17406|Tukwila School District|Section 504|504||||0.7|||||||||||||2021|Puget Sound ESD
2021-22|17406|Tukwila School District|All Students|All||||0.856|||||||||||||2021|Puget Sound ESD
2021-22|17406|Tukwila School District|English Language Learners|ELL||||0.81|||||||||||||2021|Puget Sound ESD
2021-22|17406|Tukwila School District|Non-English Language Learners|ELL|150|152|134|0.881578947|||||||||||||2021|Puget Sound ESD
2021-22|17406|Tukwila School District|Non-Foster Care|Foster||||0.856|||||||||||||2021|Puget Sound ESD
2021-22|17406|Tukwila School District|Female|Gender||||0.895|||||||||||||2021|Puget Sound ESD
2021-22|17406|Tukwila School District|Gender X|Gender|||||||||||||||||2021|Puget Sound ESD
2021-22|17406|Tukwila School District|Male|Gender|118|123|101|0.821138211|||||||||||||2021|Puget Sound ESD
2021-22|17406|Tukwila School District|Homeless|Homeless||||0.81|||||||||||||2021|Puget Sound ESD
2021-22|17406|Tukwila School District|Non-Homeless|Homeless|175|187|162|0.86631016|||||||||||||2021|Puget Sound ESD
2021-22|17406|Tukwila School District|Low-Income|LowIncome|165|176|148|0.840909091|||||||||||||2021|Puget Sound ESD
2021-22|17406|Tukwila School District|Non-Low Income|LowIncome||||0.91|||||||||||||2021|Puget Sound ESD
2021-22|17406|Tukwila School District|Non Migrant|Migrant||||0.856|||||||||||||2021|Puget Sound ESD
2021-22|17406|Tukwila School District|American Indian/ Alaskan Native|Race|||||||||||||||||2021|Puget Sound ESD
2021-22|17406|Tukwila School District|Asian|Race|77|84|72|0.857142857|||||||||||||2021|Puget Sound ESD
2021-22|17406|Tukwila School District|Black/ African American|Race|44|48|39|0.8125|||||||||||||2021|Puget Sound ESD
2021-22|17406|Tukwila School District|Hispanic/ Latino of any race(s)|Race|50|52|45|0.865384615|||||||||||||2021|Puget Sound ESD
2021-22|17406|Tukwila School District|Native Hawaiian/ Other Pacific Islander|Race||||0.7|||||||||||||2021|Puget Sound ESD
2021-22|17406|Tukwila School District|Two or More Races|Race||||0.7|||||||||||||2021|Puget Sound ESD
2021-22|17406|Tukwila School District|White|Race|21|22|18|0.818181818|||||||||||||2021|Puget Sound ESD
2021-22|17406|Tukwila School District|Students with Disabilities|sped||||0.75|||||||||||||2021|Puget Sound ESD
2021-22|17406|Tukwila School District|Students without Disabilities|sped|200|217|186|0.857142857|||||||||||||2021|Puget Sound ESD
2021-22|35200|Wahkiakum School District|Non Section 504|504||||0.943|||||||||||||2021|ESD 112
2021-22|35200|Wahkiakum School District|Section 504|504|||||||||||||||||2021|ESD 112
2021-22|35200|Wahkiakum School District|All Students|All||||0.949|||||||||||||2021|ESD 112
2021-22|35200|Wahkiakum School District|English Language Learners|ELL|||||||||||||||||2021|ESD 112
2021-22|35200|Wahkiakum School District|Non-English Language Learners|ELL||||0.947|||||||||||||2021|ESD 112
2021-22|35200|Wahkiakum School District|Foster Care|Foster|||||||||||||||||2021|ESD 112
2021-22|35200|Wahkiakum School District|Non-Foster Care|Foster|||||||||||||||||2021|ESD 112
2021-22|35200|Wahkiakum School District|Female|Gender||||0.857|||||||||||||2021|ESD 112
2021-22|35200|Wahkiakum School District|Male|Gender||||0.921|||||||||||||2021|ESD 112
2021-22|35200|Wahkiakum School District|Homeless|Homeless||||0.727|||||||||||||2021|ESD 112
2021-22|35200|Wahkiakum School District|Non-Homeless|Homeless||||0.938|||||||||||||2021|ESD 112
2021-22|35200|Wahkiakum School District|Low-Income|LowIncome||||0.912|||||||||||||2021|ESD 112
2021-22|35200|Wahkiakum School District|Non-Low Income|LowIncome||||0.88|||||||||||||2021|ESD 112
2021-22|35200|Wahkiakum School District|Non Migrant|Migrant||||0.949|||||||||||||2021|ESD 112
2021-22|35200|Wahkiakum School District|American Indian/ Alaskan Native|Race|||||||||||||||||2021|ESD 112
2021-22|35200|Wahkiakum School District|Asian|Race|||||||||||||||||2021|ESD 112
2021-22|35200|Wahkiakum School District|Black/ African American|Race|||||||||||||||||2021|ESD 112
2021-22|35200|Wahkiakum School District|Hispanic/ Latino of any race(s)|Race|||||||||||||||||2021|ESD 112
2021-22|35200|Wahkiakum School District|Two or More Races|Race|||||||||||||||||2021|ESD 112
2021-22|35200|Wahkiakum School District|White|Race||||0.938|||||||||||||2021|ESD 112
2021-22|35200|Wahkiakum School District|Students with Disabilities|sped||||0.813|||||||||||||2021|ESD 112
2021-22|35200|Wahkiakum School District|Students without Disabilities|sped||||0.93|||||||||||||2021|ESD 112
2021-22|36140|Walla Walla Public Schools|Non Section 504|504||||0.936|||||||||||||2021|United Way of the Blue Mountains
2021-22|36140|Walla Walla Public Schools|Section 504|504||||0.897|||||||||||||2021|United Way of the Blue Mountains
2021-22|36140|Walla Walla Public Schools|All Students|All|389|390|366|0.938461538|||||||||||||2021|United Way of the Blue Mountains
2021-22|36140|Walla Walla Public Schools|English Language Learners|ELL||||0.9|||||||||||||2021|United Way of the Blue Mountains
2021-22|36140|Walla Walla Public Schools|Non-English Language Learners|ELL||||0.939|||||||||||||2021|United Way of the Blue Mountains
2021-22|36140|Walla Walla Public Schools|Foster Care|Foster|||||||||||||||||2021|United Way of the Blue Mountains
2021-22|36140|Walla Walla Public Schools|Non-Foster Care|Foster||||0.938|||||||||||||2021|United Way of the Blue Mountains
2021-22|36140|Walla Walla Public Schools|Female|Gender|206|203|194|0.955665025|||||||||||||2021|United Way of the Blue Mountains
2021-22|36140|Walla Walla Public Schools|Gender X|Gender|||||||||||||||||2021|United Way of the Blue Mountains
2021-22|36140|Walla Walla Public Schools|Male|Gender||||0.919|||||||||||||2021|United Way of the Blue Mountains
2021-22|36140|Walla Walla Public Schools|Homeless|Homeless||||0.93|||||||||||||2021|United Way of the Blue Mountains
2021-22|36140|Walla Walla Public Schools|Non-Homeless|Homeless||||0.94|||||||||||||2021|United Way of the Blue Mountains
2021-22|36140|Walla Walla Public Schools|Low-Income|LowIncome||||0.902|||||||||||||2021|United Way of the Blue Mountains
2021-22|36140|Walla Walla Public Schools|Non-Low Income|LowIncome||||0.983|||||||||||||2021|United Way of the Blue Mountains
2021-22|36140|Walla Walla Public Schools|Migrant|Migrant||||0.7|||||||||||||2021|United Way of the Blue Mountains
2021-22|36140|Walla Walla Public Schools|Non Migrant|Migrant||||0.942|||||||||||||2021|United Way of the Blue Mountains
2021-22|36140|Walla Walla Public Schools|American Indian/ Alaskan Native|Race|||||||||||||||||2021|United Way of the Blue Mountains
2021-22|36140|Walla Walla Public Schools|Asian|Race|||||||||||||||||2021|United Way of the Blue Mountains
2021-22|36140|Walla Walla Public Schools|Black/ African American|Race|||||||||||||||||2021|United Way of the Blue Mountains
2021-22|36140|Walla Walla Public Schools|Hispanic/ Latino of any race(s)|Race|144|147|137|0.931972789|||||||||||||2021|United Way of the Blue Mountains
2021-22|36140|Walla Walla Public Schools|Two or More Races|Race||||0.75|||||||||||||2021|United Way of the Blue Mountains
2021-22|36140|Walla Walla Public Schools|White|Race|222|220|206|0.936363636|||||||||||||2021|United Way of the Blue Mountains
2021-22|36140|Walla Walla Public Schools|Students with Disabilities|sped|60|59|46|0.779661017|||||||||||||2021|United Way of the Blue Mountains
2021-22|36140|Walla Walla Public Schools|Students without Disabilities|sped||||0.967|||||||||||||2021|United Way of the Blue Mountains
2021-22|20405|White Salmon Valley School District|Non Section 504|504||||0.94|||||||||||||2021|ESD 112
2021-22|20405|White Salmon Valley School District|Section 504|504|||||||||||||||||2021|ESD 112
2021-22|20405|White Salmon Valley School District|All Students|All||||0.94|||||||||||||2021|ESD 112
2021-22|20405|White Salmon Valley School District|English Language Learners|ELL||||0.769|||||||||||||2021|ESD 112
2021-22|20405|White Salmon Valley School District|Non-English Language Learners|ELL|79|77|73|0.948051948|||||||||||||2021|ESD 112
2021-22|20405|White Salmon Valley School District|Non-Foster Care|Foster||||0.94|||||||||||||2021|ESD 112
2021-22|20405|White Salmon Valley School District|Female|Gender||||0.938|||||||||||||2021|ESD 112
2021-22|20405|White Salmon Valley School District|Male|Gender||||0.9|||||||||||||2021|ESD 112
2021-22|20405|White Salmon Valley School District|Homeless|Homeless|||||||||||||||||2021|ESD 112
2021-22|20405|White Salmon Valley School District|Non-Homeless|Homeless||||0.966|||||||||||||2021|ESD 112
2021-22|20405|White Salmon Valley School District|Low-Income|LowIncome||||0.936|||||||||||||2021|ESD 112
2021-22|20405|White Salmon Valley School District|Non-Low Income|LowIncome||||0.93|||||||||||||2021|ESD 112
2021-22|20405|White Salmon Valley School District|Migrant|Migrant|||||||||||||||||2021|ESD 112
2021-22|20405|White Salmon Valley School District|Non Migrant|Migrant||||0.95|||||||||||||2021|ESD 112
2021-22|20405|White Salmon Valley School District|Asian|Race|||||||||||||||||2021|ESD 112
2021-22|20405|White Salmon Valley School District|Black/ African American|Race|||||||||||||||||2021|ESD 112
2021-22|20405|White Salmon Valley School District|Hispanic/ Latino of any race(s)|Race||||0.906|||||||||||||2021|ESD 112
2021-22|20405|White Salmon Valley School District|Two or More Races|Race|||||||||||||||||2021|ESD 112
2021-22|20405|White Salmon Valley School District|White|Race|55|54|50|0.925925926|||||||||||||2021|ESD 112
2021-22|20405|White Salmon Valley School District|Students with Disabilities|sped||||0.813|||||||||||||2021|ESD 112
2021-22|20405|White Salmon Valley School District|Students without Disabilities|sped|76|74|70|0.945945946|||||||||||||2021|ESD 112
2022-23|18303|Bainbridge Island School District|Non Section 504|504||||0.947|||||||||||||2022|PREP - Tier 2
2022-23|18303|Bainbridge Island School District|Section 504|504||||0.94|||||||||||||2022|PREP - Tier 2
2022-23|18303|Bainbridge Island School District|All Students|All|377|377|356|0.944297082|||||||||||||2022|PREP - Tier 2
2022-23|18303|Bainbridge Island School District|English Language Learners|ELL|||||||||||||||||2022|PREP - Tier 2
2022-23|18303|Bainbridge Island School District|Non-English Language Learners|ELL||||0.946|||||||||||||2022|PREP - Tier 2
2022-23|18303|Bainbridge Island School District|Non-Foster Care|Foster|377|377|356|0.944297082|||||||||||||2022|PREP - Tier 2
2022-23|18303|Bainbridge Island School District|Female|Gender||||0.953|||||||||||||2022|PREP - Tier 2
2022-23|18303|Bainbridge Island School District|Gender X|Gender|||||||||||||||||2022|PREP - Tier 2
2022-23|18303|Bainbridge Island School District|Male|Gender||||0.935|||||||||||||2022|PREP - Tier 2
2022-23|18303|Bainbridge Island School District|Homeless|Homeless|||||||||||||||||2022|PREP - Tier 2
2022-23|18303|Bainbridge Island School District|Non-Homeless|Homeless||||0.951|||||||||||||2022|PREP - Tier 2
2022-23|18303|Bainbridge Island School District|Low-Income|LowIncome||||0.86|||||||||||||2022|PREP - Tier 2
2022-23|18303|Bainbridge Island School District|Non-Low Income|LowIncome||||0.957|||||||||||||2022|PREP - Tier 2
2022-23|18303|Bainbridge Island School District|Non Migrant|Migrant|377|377|356|0.944297082|||||||||||||2022|PREP - Tier 2
2022-23|18303|Bainbridge Island School District|American Indian/ Alaskan Native|Race|||||||||||||||||2022|PREP - Tier 2
2022-23|18303|Bainbridge Island School District|Asian|Race||||0.786|||||||||||||2022|PREP - Tier 2
2022-23|18303|Bainbridge Island School District|Black/ African American|Race|||||||||||||||||2022|PREP - Tier 2
2022-23|18303|Bainbridge Island School District|Hispanic/ Latino of any race(s)|Race|31|31|27|0.870967742|||||||||||||2022|PREP - Tier 2
2022-23|18303|Bainbridge Island School District|Native Hawaiian/ Other Pacific Islander|Race|||||||||||||||||2022|PREP - Tier 2
2022-23|18303|Bainbridge Island School District|Two or More Races|Race||||0.857|||||||||||||2022|PREP - Tier 2
2022-23|18303|Bainbridge Island School District|White|Race|307|309|295|0.954692557|||||||||||||2022|PREP - Tier 2
2022-23|18303|Bainbridge Island School District|Students with Disabilities|sped||||0.78|||||||||||||2022|PREP - Tier 2
2022-23|18303|Bainbridge Island School District|Students without Disabilities|sped|337|337|325|0.964391691|||||||||||||2022|PREP - Tier 2
2022-23|05401|Cape Flattery School District|Non Section 504|504||||0.903|||||||||||||2022|PREP - Tier 1
2022-23|05401|Cape Flattery School District|Section 504|504|||||||||||||||||2022|PREP - Tier 1
2022-23|05401|Cape Flattery School District|All Students|All||||0.912|||||||||||||2022|PREP - Tier 1
2022-23|05401|Cape Flattery School District|Non-English Language Learners|ELL||||0.912|||||||||||||2022|PREP - Tier 1
2022-23|05401|Cape Flattery School District|Non-Foster Care|Foster||||0.912|||||||||||||2022|PREP - Tier 1
2022-23|05401|Cape Flattery School District|Female|Gender||||0.857|||||||||||||2022|PREP - Tier 1
2022-23|05401|Cape Flattery School District|Male|Gender||||0.769|||||||||||||2022|PREP - Tier 1
2022-23|05401|Cape Flattery School District|Homeless|Homeless|||||||||||||||||2022|PREP - Tier 1
2022-23|05401|Cape Flattery School District|Non-Homeless|Homeless||||0.903|||||||||||||2022|PREP - Tier 1
2022-23|05401|Cape Flattery School District|Low-Income|LowIncome||||0.88|||||||||||||2022|PREP - Tier 1
2022-23|05401|Cape Flattery School District|Non-Low Income|LowIncome|||||||||||||||||2022|PREP - Tier 1
2022-23|05401|Cape Flattery School District|Non Migrant|Migrant||||0.912|||||||||||||2022|PREP - Tier 1
2022-23|05401|Cape Flattery School District|American Indian/ Alaskan Native|Race||||0.85|||||||||||||2022|PREP - Tier 1
2022-23|05401|Cape Flattery School District|Black/ African American|Race|||||||||||||||||2022|PREP - Tier 1
2022-23|05401|Cape Flattery School District|Hispanic/ Latino of any race(s)|Race|||||||||||||||||2022|PREP - Tier 1
2022-23|05401|Cape Flattery School District|Two or More Races|Race|||||||||||||||||2022|PREP - Tier 1
2022-23|05401|Cape Flattery School District|White|Race|||||||||||||||||2022|PREP - Tier 1
2022-23|05401|Cape Flattery School District|Students with Disabilities|sped|||||||||||||||||2022|PREP - Tier 1
2022-23|05401|Cape Flattery School District|Students without Disabilities|sped||||0.906|||||||||||||2022|PREP - Tier 1
2022-23|08401|Castle Rock School District|Non Section 504|504|77|80|69|0.8625|||||||||||||2022|ESD 112
2022-23|08401|Castle Rock School District|Section 504|504||||0.7|||||||||||||2022|ESD 112
2022-23|08401|Castle Rock School District|All Students|All||||0.86|||||||||||||2022|ESD 112
2022-23|08401|Castle Rock School District|English Language Learners|ELL|||||||||||||||||2022|ESD 112
2022-23|08401|Castle Rock School District|Non-English Language Learners|ELL||||0.85|||||||||||||2022|ESD 112
2022-23|08401|Castle Rock School District|Non-Foster Care|Foster||||0.86|||||||||||||2022|ESD 112
2022-23|08401|Castle Rock School District|Female|Gender||||0.85|||||||||||||2022|ESD 112
2022-23|08401|Castle Rock School District|Gender X|Gender|||||||||||||||||2022|ESD 112
2022-23|08401|Castle Rock School District|Male|Gender|48|50|43|0.86|||||||||||||2022|ESD 112
2022-23|08401|Castle Rock School District|Homeless|Homeless|||||||||||||||||2022|ESD 112
2022-23|08401|Castle Rock School District|Non-Homeless|Homeless||||0.85|||||||||||||2022|ESD 112
2022-23|08401|Castle Rock School District|Low-Income|LowIncome|49|51|42|0.823529412|||||||||||||2022|ESD 112
2022-23|08401|Castle Rock School District|Non-Low Income|LowIncome||||0.9|||||||||||||2022|ESD 112
2022-23|08401|Castle Rock School District|Non Migrant|Migrant||||0.86|||||||||||||2022|ESD 112
2022-23|08401|Castle Rock School District|Hispanic/ Latino of any race(s)|Race|||||||||||||||||2022|ESD 112
2022-23|08401|Castle Rock School District|Two or More Races|Race|||||||||||||||||2022|ESD 112
2022-23|08401|Castle Rock School District|White|Race|77|80|70|0.875|||||||||||||2022|ESD 112
2022-23|08401|Castle Rock School District|Students with Disabilities|sped||||0.88|||||||||||||2022|ESD 112
2022-23|08401|Castle Rock School District|Students without Disabilities|sped|65|65|55|0.846153846|||||||||||||2022|ESD 112
2022-23|18401|Central Kitsap School District|Non Section 504|504||||0.895|||||||||||||2022|PREP - Tier 2
2022-23|18401|Central Kitsap School District|Section 504|504||||0.91|||||||||||||2022|PREP - Tier 2
2022-23|18401|Central Kitsap School District|All Students|All|892|916|821|0.89628821|||||||||||||2022|PREP - Tier 2
2022-23|18401|Central Kitsap School District|English Language Learners|ELL|21|30|23|0.766666667|||||||||||||2022|PREP - Tier 2
2022-23|18401|Central Kitsap School District|Non-English Language Learners|ELL|871|886|798|0.900677201|||||||||||||2022|PREP - Tier 2
2022-23|18401|Central Kitsap School District|Foster Care|Foster|||||||||||||||||2022|PREP - Tier 2
2022-23|18401|Central Kitsap School District|Non-Foster Care|Foster||||0.899|||||||||||||2022|PREP - Tier 2
2022-23|18401|Central Kitsap School District|Female|Gender|447|469|431|0.918976546|||||||||||||2022|PREP - Tier 2
2022-23|18401|Central Kitsap School District|Gender X|Gender|||||||||||||||||2022|PREP - Tier 2
2022-23|18401|Central Kitsap School District|Male|Gender||||0.872|||||||||||||2022|PREP - Tier 2
2022-23|18401|Central Kitsap School District|Homeless|Homeless|76|82|60|0.731707317|||||||||||||2022|PREP - Tier 2
2022-23|18401|Central Kitsap School District|Non-Homeless|Homeless|816|834|761|0.912470024|||||||||||||2022|PREP - Tier 2
2022-23|18401|Central Kitsap School District|Low-Income|LowIncome|377|385|324|0.841558442|||||||||||||2022|PREP - Tier 2
2022-23|18401|Central Kitsap School District|Non-Low Income|LowIncome|515|531|497|0.935969868|||||||||||||2022|PREP - Tier 2
2022-23|18401|Central Kitsap School District|Non Migrant|Migrant|892|916|821|0.89628821|||||||||||||2022|PREP - Tier 2
2022-23|18401|Central Kitsap School District|American Indian/ Alaskan Native|Race|||||||||||||||||2022|PREP - Tier 2
2022-23|18401|Central Kitsap School District|Asian|Race|51|63|58|0.920634921|||||||||||||2022|PREP - Tier 2
2022-23|18401|Central Kitsap School District|Black/ African American|Race||||0.909|||||||||||||2022|PREP - Tier 2
2022-23|18401|Central Kitsap School District|Hispanic/ Latino of any race(s)|Race|112|116|108|0.931034483|||||||||||||2022|PREP - Tier 2
2022-23|18401|Central Kitsap School District|Native Hawaiian/ Other Pacific Islander|Race||||0.77|||||||||||||2022|PREP - Tier 2
2022-23|18401|Central Kitsap School District|Two or More Races|Race|172|175|158|0.902857143|||||||||||||2022|PREP - Tier 2
2022-23|18401|Central Kitsap School District|White|Race|515|513|452|0.881091618|||||||||||||2022|PREP - Tier 2
2022-23|18401|Central Kitsap School District|Students with Disabilities|sped|128|124|92|0.741935484|||||||||||||2022|PREP - Tier 2
2022-23|18401|Central Kitsap School District|Students without Disabilities|sped||||0.92|||||||||||||2022|PREP - Tier 2
2022-23|36250|College Place School District|Non Section 504|504||||0.973|||||||||||||2022|United Way of the Blue Mountains
2022-23|36250|College Place School District|Section 504|504||||0.7|||||||||||||2022|United Way of the Blue Mountains
2022-23|36250|College Place School District|All Students|All||||0.9752|||||||||||||2022|United Way of the Blue Mountains
2022-23|36250|College Place School District|English Language Learners|ELL||||0.87|||||||||||||2022|United Way of the Blue Mountains
2022-23|36250|College Place School District|Non-English Language Learners|ELL||||0.969|||||||||||||2022|United Way of the Blue Mountains
2022-23|36250|College Place School District|Foster Care|Foster|||||||||||||||||2022|United Way of the Blue Mountains
2022-23|36250|College Place School District|Non-Foster Care|Foster|||||||||||||||||2022|United Way of the Blue Mountains
2022-23|36250|College Place School District|Female|Gender||||0.949|||||||||||||2022|United Way of the Blue Mountains
2022-23|36250|College Place School District|Male|Gender||||0.952|||||||||||||2022|United Way of the Blue Mountains
2022-23|36250|College Place School District|Homeless|Homeless||||0.786|||||||||||||2022|United Way of the Blue Mountains
2022-23|36250|College Place School District|Non-Homeless|Homeless||||0.972|||||||||||||2022|United Way of the Blue Mountains
2022-23|36250|College Place School District|Low-Income|LowIncome||||0.957|||||||||||||2022|United Way of the Blue Mountains
2022-23|36250|College Place School District|Non-Low Income|LowIncome||||0.941|||||||||||||2022|United Way of the Blue Mountains
2022-23|36250|College Place School District|Migrant|Migrant|||||||||||||||||2022|United Way of the Blue Mountains
2022-23|36250|College Place School District|Non Migrant|Migrant||||0.9735|||||||||||||2022|United Way of the Blue Mountains
2022-23|36250|College Place School District|Asian|Race|||||||||||||||||2022|United Way of the Blue Mountains
2022-23|36250|College Place School District|Black/ African American|Race|||||||||||||||||2022|United Way of the Blue Mountains
2022-23|36250|College Place School District|Hispanic/ Latino of any race(s)|Race||||0.94|||||||||||||2022|United Way of the Blue Mountains
2022-23|36250|College Place School District|Two or More Races|Race|||||||||||||||||2022|United Way of the Blue Mountains
2022-23|36250|College Place School District|White|Race||||0.952|||||||||||||2022|United Way of the Blue Mountains
2022-23|36250|College Place School District|Students with Disabilities|sped||||0.786|||||||||||||2022|United Way of the Blue Mountains
2022-23|36250|College Place School District|Students without Disabilities|sped||||0.972|||||||||||||2022|United Way of the Blue Mountains
2022-23|36400|Columbia (Walla Walla) School District|Non Section 504|504||||0.84|||||||||||||2022|United Way of the Blue Mountains
2022-23|36400|Columbia (Walla Walla) School District|Section 504|504|||||||||||||||||2022|United Way of the Blue Mountains
2022-23|36400|Columbia (Walla Walla) School District|All Students|All||||0.82|||||||||||||2022|United Way of the Blue Mountains
2022-23|36400|Columbia (Walla Walla) School District|English Language Learners|ELL|||||||||||||||||2022|United Way of the Blue Mountains
2022-23|36400|Columbia (Walla Walla) School District|Non-English Language Learners|ELL||||0.83|||||||||||||2022|United Way of the Blue Mountains
2022-23|36400|Columbia (Walla Walla) School District|Non-Foster Care|Foster||||0.82|||||||||||||2022|United Way of the Blue Mountains
2022-23|36400|Columbia (Walla Walla) School District|Female|Gender|30|27|24|0.888888889|||||||||||||2022|United Way of the Blue Mountains
2022-23|36400|Columbia (Walla Walla) School District|Male|Gender||||0.72|||||||||||||2022|United Way of the Blue Mountains
2022-23|36400|Columbia (Walla Walla) School District|Homeless|Homeless|||||||||||||||||2022|United Way of the Blue Mountains
2022-23|36400|Columbia (Walla Walla) School District|Non-Homeless|Homeless||||0.88|||||||||||||2022|United Way of the Blue Mountains
2022-23|36400|Columbia (Walla Walla) School District|Low-Income|LowIncome|28|28|20|0.714285714|||||||||||||2022|United Way of the Blue Mountains
2022-23|36400|Columbia (Walla Walla) School District|Non-Low Income|LowIncome||||0.824|||||||||||||2022|United Way of the Blue Mountains
2022-23|36400|Columbia (Walla Walla) School District|Migrant|Migrant|||||||||||||||||2022|United Way of the Blue Mountains
2022-23|36400|Columbia (Walla Walla) School District|Non Migrant|Migrant||||0.83|||||||||||||2022|United Way of the Blue Mountains
2022-23|36400|Columbia (Walla Walla) School District|Black/ African American|Race|||||||||||||||||2022|United Way of the Blue Mountains
2022-23|36400|Columbia (Walla Walla) School District|Hispanic/ Latino of any race(s)|Race|20|21|15|0.714285714|||||||||||||2022|United Way of the Blue Mountains
2022-23|36400|Columbia (Walla Walla) School District|Two or More Races|Race|||||||||||||||||2022|United Way of the Blue Mountains
2022-23|36400|Columbia (Walla Walla) School District|White|Race||||0.85|||||||||||||2022|United Way of the Blue Mountains
2022-23|36400|Columbia (Walla Walla) School District|Students with Disabilities|sped|||||||||||||||||2022|United Way of the Blue Mountains
2022-23|36400|Columbia (Walla Walla) School District|Students without Disabilities|sped||||0.79|||||||||||||2022|United Way of the Blue Mountains
2022-23|05313|Crescent School District|Non Section 504|504||||0.824|||||||||||||2022|PREP - Tier 1
2022-23|05313|Crescent School District|All Students|All||||0.824|||||||||||||2022|PREP - Tier 1
2022-23|05313|Crescent School District|Non-English Language Learners|ELL||||0.824|||||||||||||2022|PREP - Tier 1
2022-23|05313|Crescent School District|Foster Care|Foster|||||||||||||||||2022|PREP - Tier 1
2022-23|05313|Crescent School District|Non-Foster Care|Foster||||0.81|||||||||||||2022|PREP - Tier 1
2022-23|05313|Crescent School District|Female|Gender|||||||||||||||||2022|PREP - Tier 1
2022-23|05313|Crescent School District|Gender X|Gender|||||||||||||||||2022|PREP - Tier 1
2022-23|05313|Crescent School District|Male|Gender||||0.7|||||||||||||2022|PREP - Tier 1
2022-23|05313|Crescent School District|Homeless|Homeless|||||||||||||||||2022|PREP - Tier 1
2022-23|05313|Crescent School District|Non-Homeless|Homeless||||0.81|||||||||||||2022|PREP - Tier 1
2022-23|05313|Crescent School District|Low-Income|LowIncome||||0.73|||||||||||||2022|PREP - Tier 1
2022-23|05313|Crescent School District|Non-Low Income|LowIncome|||||||||||||||||2022|PREP - Tier 1
2022-23|05313|Crescent School District|Non Migrant|Migrant||||0.824|||||||||||||2022|PREP - Tier 1
2022-23|05313|Crescent School District|American Indian/ Alaskan Native|Race|||||||||||||||||2022|PREP - Tier 1
2022-23|05313|Crescent School District|Hispanic/ Latino of any race(s)|Race|||||||||||||||||2022|PREP - Tier 1
2022-23|05313|Crescent School District|Two or More Races|Race|||||||||||||||||2022|PREP - Tier 1
2022-23|05313|Crescent School District|White|Race||||0.727|||||||||||||2022|PREP - Tier 1
2022-23|05313|Crescent School District|Students with Disabilities|sped|||||||||||||||||2022|PREP - Tier 1
2022-23|05313|Crescent School District|Students without Disabilities|sped||||0.8|||||||||||||2022|PREP - Tier 1
2022-23|07002|Dayton School District|Non Section 504|504||||0.75|||||||||||||2022|United Way of the Blue Mountains
2022-23|07002|Dayton School District|Section 504|504|||||||||||||||||2022|United Way of the Blue Mountains
2022-23|07002|Dayton School District|All Students|All||||0.76|||||||||||||2022|United Way of the Blue Mountains
2022-23|07002|Dayton School District|Non-English Language Learners|ELL||||0.76|||||||||||||2022|United Way of the Blue Mountains
2022-23|07002|Dayton School District|Non-Foster Care|Foster||||0.76|||||||||||||2022|United Way of the Blue Mountains
2022-23|07002|Dayton School District|Female|Gender|||||||||||||||||2022|United Way of the Blue Mountains
2022-23|07002|Dayton School District|Male|Gender|||||||||||||||||2022|United Way of the Blue Mountains
2022-23|07002|Dayton School District|Homeless|Homeless|||||||||||||||||2022|United Way of the Blue Mountains
2022-23|07002|Dayton School District|Non-Homeless|Homeless||||0.8|||||||||||||2022|United Way of the Blue Mountains
2022-23|07002|Dayton School District|Low-Income|LowIncome||||0.73|||||||||||||2022|United Way of the Blue Mountains
2022-23|07002|Dayton School District|Non-Low Income|LowIncome|||||||||||||||||2022|United Way of the Blue Mountains
2022-23|07002|Dayton School District|Non Migrant|Migrant||||0.76|||||||||||||2022|United Way of the Blue Mountains
2022-23|07002|Dayton School District|American Indian/ Alaskan Native|Race|||||||||||||||||2022|United Way of the Blue Mountains
2022-23|07002|Dayton School District|Asian|Race|||||||||||||||||2022|United Way of the Blue Mountains
2022-23|07002|Dayton School District|Hispanic/ Latino of any race(s)|Race|||||||||||||||||2022|United Way of the Blue Mountains
2022-23|07002|Dayton School District|White|Race||||0.69|||||||||||||2022|United Way of the Blue Mountains
2022-23|07002|Dayton School District|Students with Disabilities|sped|||||||||||||||||2022|United Way of the Blue Mountains
2022-23|07002|Dayton School District|Students without Disabilities|sped||||0.73|||||||||||||2022|United Way of the Blue Mountains
2022-23|17210|Federal Way School District|Non Section 504|504||||0.8891|||||||||||||2022|Puget Sound ESD
2022-23|17210|Federal Way School District|Section 504|504||||0.88|||||||||||||2022|Puget Sound ESD
2022-23|17210|Federal Way School District|All Students|All|1583|1618|1438|0.888751545|||||||||||||2022|Puget Sound ESD
2022-23|17210|Federal Way School District|English Language Learners|ELL|245|293|236|0.805460751|||||||||||||2022|Puget Sound ESD
2022-23|17210|Federal Way School District|Non-English Language Learners|ELL|1338|1325|1202|0.907169811|||||||||||||2022|Puget Sound ESD
2022-23|17210|Federal Way School District|Foster Care|Foster||||0.77|||||||||||||2022|Puget Sound ESD
2022-23|17210|Federal Way School District|Non-Foster Care|Foster||||0.8897|||||||||||||2022|Puget Sound ESD
2022-23|17210|Federal Way School District|Female|Gender||||0.919|||||||||||||2022|Puget Sound ESD
2022-23|17210|Federal Way School District|Gender X|Gender|||||||||||||||||2022|Puget Sound ESD
2022-23|17210|Federal Way School District|Male|Gender|827|835|718|0.85988024|||||||||||||2022|Puget Sound ESD
2022-23|17210|Federal Way School District|Homeless|Homeless|123|132|107|0.810606061|||||||||||||2022|Puget Sound ESD
2022-23|17210|Federal Way School District|Non-Homeless|Homeless|1460|1486|1331|0.895693136|||||||||||||2022|Puget Sound ESD
2022-23|17210|Federal Way School District|Low-Income|LowIncome||||0.8708|||||||||||||2022|Puget Sound ESD
2022-23|17210|Federal Way School District|Non-Low Income|LowIncome||||0.927|||||||||||||2022|Puget Sound ESD
2022-23|17210|Federal Way School District|Migrant|Migrant|||||||||||||||||2022|Puget Sound ESD
2022-23|17210|Federal Way School District|Non Migrant|Migrant||||0.8883|||||||||||||2022|Puget Sound ESD
2022-23|17210|Federal Way School District|American Indian/ Alaskan Native|Race|||||||||||||||||2022|Puget Sound ESD
2022-23|17210|Federal Way School District|Asian|Race|217|222|205|0.923423423|||||||||||||2022|Puget Sound ESD
2022-23|17210|Federal Way School District|Black/ African American|Race|225|240|223|0.929166667|||||||||||||2022|Puget Sound ESD
2022-23|17210|Federal Way School District|Hispanic/ Latino of any race(s)|Race|470|497|430|0.865191147|||||||||||||2022|Puget Sound ESD
2022-23|17210|Federal Way School District|Native Hawaiian/ Other Pacific Islander|Race||||0.93|||||||||||||2022|Puget Sound ESD
2022-23|17210|Federal Way School District|Two or More Races|Race|166|165|151|0.915151515|||||||||||||2022|Puget Sound ESD
2022-23|17210|Federal Way School District|White|Race|427|406|349|0.859605911|||||||||||||2022|Puget Sound ESD
2022-23|17210|Federal Way School District|Students with Disabilities|sped|228|225|176|0.782222222|||||||||||||2022|Puget Sound ESD
2022-23|17210|Federal Way School District|Students without Disabilities|sped|1355|1393|1262|0.905958363|||||||||||||2022|Puget Sound ESD
2022-23|20401|Glenwood School District|Non Section 504|504|||||||||||||||||2022|ESD 112
2022-23|20401|Glenwood School District|All Students|All|||||||||||||||||2022|ESD 112
2022-23|20401|Glenwood School District|Non-English Language Learners|ELL|||||||||||||||||2022|ESD 112
2022-23|20401|Glenwood School District|Non-Foster Care|Foster|||||||||||||||||2022|ESD 112
2022-23|20401|Glenwood School District|Male|Gender|||||||||||||||||2022|ESD 112
2022-23|20401|Glenwood School District|Homeless|Homeless|||||||||||||||||2022|ESD 112
2022-23|20401|Glenwood School District|Non-Homeless|Homeless|||||||||||||||||2022|ESD 112
2022-23|20401|Glenwood School District|Low-Income|LowIncome|||||||||||||||||2022|ESD 112
2022-23|20401|Glenwood School District|Non-Low Income|LowIncome|||||||||||||||||2022|ESD 112
2022-23|20401|Glenwood School District|Non Migrant|Migrant|||||||||||||||||2022|ESD 112
2022-23|20401|Glenwood School District|Hispanic/ Latino of any race(s)|Race|||||||||||||||||2022|ESD 112
2022-23|20401|Glenwood School District|White|Race|||||||||||||||||2022|ESD 112
2022-23|20401|Glenwood School District|Students with Disabilities|sped|||||||||||||||||2022|ESD 112
2022-23|20401|Glenwood School District|Students without Disabilities|sped|||||||||||||||||2022|ESD 112
2022-23|17401|Highline School District|Non Section 504|504||||0.8691|||||||||||||2022|Puget Sound ESD
2022-23|17401|Highline School District|Section 504|504||||0.86|||||||||||||2022|Puget Sound ESD
2022-23|17401|Highline School District|All Students|All|1247|1349|1172|0.868791698|||||||||||||2022|Puget Sound ESD
2022-23|17401|Highline School District|English Language Learners|ELL|298|381|279|0.732283465|||||||||||||2022|Puget Sound ESD
2022-23|17401|Highline School District|Non-English Language Learners|ELL|949|968|893|0.922520661|||||||||||||2022|Puget Sound ESD
2022-23|17401|Highline School District|Foster Care|Foster|||||||||||||||||2022|Puget Sound ESD
2022-23|17401|Highline School District|Non-Foster Care|Foster||||0.8686|||||||||||||2022|Puget Sound ESD
2022-23|17401|Highline School District|Female|Gender||||0.91|||||||||||||2022|Puget Sound ESD
2022-23|17401|Highline School District|Gender X|Gender|||||||||||||||||2022|Puget Sound ESD
2022-23|17401|Highline School District|Male|Gender|701|752|632|0.840425532|||||||||||||2022|Puget Sound ESD
2022-23|17401|Highline School District|Homeless|Homeless|178|211|146|0.691943128|||||||||||||2022|Puget Sound ESD
2022-23|17401|Highline School District|Non-Homeless|Homeless|1069|1138|1026|0.901581722|||||||||||||2022|Puget Sound ESD
2022-23|17401|Highline School District|Low-Income|LowIncome|908|974|833|0.85523614|||||||||||||2022|Puget Sound ESD
2022-23|17401|Highline School District|Non-Low Income|LowIncome|339|375|339|0.904|||||||||||||2022|Puget Sound ESD
2022-23|17401|Highline School District|Migrant|Migrant|||||||||||||||||2022|Puget Sound ESD
2022-23|17401|Highline School District|Non Migrant|Migrant||||0.8692|||||||||||||2022|Puget Sound ESD
2022-23|17401|Highline School District|American Indian/ Alaskan Native|Race|||||||||||||||||2022|Puget Sound ESD
2022-23|17401|Highline School District|Asian|Race|222|233|211|0.905579399|||||||||||||2022|Puget Sound ESD
2022-23|17401|Highline School District|Black/ African American|Race|159|191|174|0.910994764|||||||||||||2022|Puget Sound ESD
2022-23|17401|Highline School District|Hispanic/ Latino of any race(s)|Race|487|548|443|0.808394161|||||||||||||2022|Puget Sound ESD
2022-23|17401|Highline School District|Native Hawaiian/ Other Pacific Islander|Race||||0.87|||||||||||||2022|Puget Sound ESD
2022-23|17401|Highline School District|Two or More Races|Race|74|78|73|0.935897436|||||||||||||2022|Puget Sound ESD
2022-23|17401|Highline School District|White|Race|260|260|236|0.907692308|||||||||||||2022|Puget Sound ESD
2022-23|17401|Highline School District|Students with Disabilities|sped|190|187|129|0.689839572|||||||||||||2022|Puget Sound ESD
2022-23|17401|Highline School District|Students without Disabilities|sped|1057|1162|1043|0.897590361|||||||||||||2022|Puget Sound ESD
2022-23|06098|Hockinson School District|Non Section 504|504|148|150|144|0.96|||||||||||||2022|ESD 112
2022-23|06098|Hockinson School District|Section 504|504||||0.7|||||||||||||2022|ESD 112
2022-23|06098|Hockinson School District|All Students|All||||0.963|||||||||||||2022|ESD 112
2022-23|06098|Hockinson School District|English Language Learners|ELL|||||||||||||||||2022|ESD 112
2022-23|06098|Hockinson School District|Non-English Language Learners|ELL||||0.9805|||||||||||||2022|ESD 112
2022-23|06098|Hockinson School District|Non-Foster Care|Foster||||0.963|||||||||||||2022|ESD 112
2022-23|06098|Hockinson School District|Female|Gender||||0.964|||||||||||||2022|ESD 112
2022-23|06098|Hockinson School District|Gender X|Gender|||||||||||||||||2022|ESD 112
2022-23|06098|Hockinson School District|Male|Gender||||0.93|||||||||||||2022|ESD 112
2022-23|06098|Hockinson School District|Homeless|Homeless|||||||||||||||||2022|ESD 112
2022-23|06098|Hockinson School District|Non-Homeless|Homeless||||0.962|||||||||||||2022|ESD 112
2022-23|06098|Hockinson School District|Low-Income|LowIncome||||0.87|||||||||||||2022|ESD 112
2022-23|06098|Hockinson School District|Non-Low Income|LowIncome||||0.9752|||||||||||||2022|ESD 112
2022-23|06098|Hockinson School District|Non Migrant|Migrant||||0.963|||||||||||||2022|ESD 112
2022-23|06098|Hockinson School District|American Indian/ Alaskan Native|Race|||||||||||||||||2022|ESD 112
2022-23|06098|Hockinson School District|Asian|Race|||||||||||||||||2022|ESD 112
2022-23|06098|Hockinson School District|Black/ African American|Race|||||||||||||||||2022|ESD 112
2022-23|06098|Hockinson School District|Hispanic/ Latino of any race(s)|Race|||||||||||||||||2022|ESD 112
2022-23|06098|Hockinson School District|Two or More Races|Race|||||||||||||||||2022|ESD 112
2022-23|06098|Hockinson School District|White|Race|142|138|133|0.963768116|||||||||||||2022|ESD 112
2022-23|06098|Hockinson School District|Students with Disabilities|sped|||||||||||||||||2022|ESD 112
2022-23|06098|Hockinson School District|Students without Disabilities|sped||||0.96|||||||||||||2022|ESD 112
2022-23|08402|Kalama School District|Non Section 504|504||||0.87|||||||||||||2022|ESD 112
2022-23|08402|Kalama School District|Section 504|504|||||||||||||||||2022|ESD 112
2022-23|08402|Kalama School District|All Students|All||||0.87|||||||||||||2022|ESD 112
2022-23|08402|Kalama School District|Non-English Language Learners|ELL||||0.87|||||||||||||2022|ESD 112
2022-23|08402|Kalama School District|Non-Foster Care|Foster||||0.87|||||||||||||2022|ESD 112
2022-23|08402|Kalama School District|Female|Gender||||0.9|||||||||||||2022|ESD 112
2022-23|08402|Kalama School District|Male|Gender|50|47|40|0.85106383|||||||||||||2022|ESD 112
2022-23|08402|Kalama School District|Homeless|Homeless|||||||||||||||||2022|ESD 112
2022-23|08402|Kalama School District|Non-Homeless|Homeless||||0.88|||||||||||||2022|ESD 112
2022-23|08402|Kalama School District|Low-Income|LowIncome||||0.79|||||||||||||2022|ESD 112
2022-23|08402|Kalama School District|Non-Low Income|LowIncome|45|43|40|0.930232558|||||||||||||2022|ESD 112
2022-23|08402|Kalama School District|Non Migrant|Migrant||||0.87|||||||||||||2022|ESD 112
2022-23|08402|Kalama School District|American Indian/ Alaskan Native|Race|||||||||||||||||2022|ESD 112
2022-23|08402|Kalama School District|Asian|Race|||||||||||||||||2022|ESD 112
2022-23|08402|Kalama School District|Hispanic/ Latino of any race(s)|Race|||||||||||||||||2022|ESD 112
2022-23|08402|Kalama School District|Native Hawaiian/ Other Pacific Islander|Race|||||||||||||||||2022|ESD 112
2022-23|08402|Kalama School District|Two or More Races|Race|||||||||||||||||2022|ESD 112
2022-23|08402|Kalama School District|White|Race|64|60|54|0.9|||||||||||||2022|ESD 112
2022-23|08402|Kalama School District|Students with Disabilities|sped||||0.69|||||||||||||2022|ESD 112
2022-23|08402|Kalama School District|Students without Disabilities|sped|61|60|55|0.916666667|||||||||||||2022|ESD 112
2022-23|20402|Klickitat School District|Non Section 504|504|||||||||||||||||2022|ESD 112
2022-23|20402|Klickitat School District|All Students|All|||||||||||||||||2022|ESD 112
2022-23|20402|Klickitat School District|Non-English Language Learners|ELL|||||||||||||||||2022|ESD 112
2022-23|20402|Klickitat School District|Non-Foster Care|Foster|||||||||||||||||2022|ESD 112
2022-23|20402|Klickitat School District|Female|Gender|||||||||||||||||2022|ESD 112
2022-23|20402|Klickitat School District|Male|Gender|||||||||||||||||2022|ESD 112
2022-23|20402|Klickitat School District|Homeless|Homeless|||||||||||||||||2022|ESD 112
2022-23|20402|Klickitat School District|Non-Homeless|Homeless|||||||||||||||||2022|ESD 112
2022-23|20402|Klickitat School District|Low-Income|LowIncome|||||||||||||||||2022|ESD 112
2022-23|20402|Klickitat School District|Non-Low Income|LowIncome|||||||||||||||||2022|ESD 112
2022-23|20402|Klickitat School District|Non Migrant|Migrant|||||||||||||||||2022|ESD 112
2022-23|20402|Klickitat School District|American Indian/ Alaskan Native|Race|||||||||||||||||2022|ESD 112
2022-23|20402|Klickitat School District|Hispanic/ Latino of any race(s)|Race|||||||||||||||||2022|ESD 112
2022-23|20402|Klickitat School District|White|Race|||||||||||||||||2022|ESD 112
2022-23|20402|Klickitat School District|Students with Disabilities|sped|||||||||||||||||2022|ESD 112
2022-23|20402|Klickitat School District|Students without Disabilities|sped|||||||||||||||||2022|ESD 112
2022-23|20406|Lyle School District|Non Section 504|504||||0.58|||||||||||||2022|ESD 112
2022-23|20406|Lyle School District|All Students|All||||0.58|||||||||||||2022|ESD 112
2022-23|20406|Lyle School District|Non-English Language Learners|ELL||||0.58|||||||||||||2022|ESD 112
2022-23|20406|Lyle School District|Non-Foster Care|Foster||||0.58|||||||||||||2022|ESD 112
2022-23|20406|Lyle School District|Female|Gender||||0.5|||||||||||||2022|ESD 112
2022-23|20406|Lyle School District|Male|Gender|||||||||||||||||2022|ESD 112
2022-23|20406|Lyle School District|Homeless|Homeless|||||||||||||||||2022|ESD 112
2022-23|20406|Lyle School District|Non-Homeless|Homeless||||0.7|||||||||||||2022|ESD 112
2022-23|20406|Lyle School District|Low-Income|LowIncome|18|19|11|0.578947368|||||||||||||2022|ESD 112
2022-23|20406|Lyle School District|Non-Low Income|LowIncome|||||||||||||||||2022|ESD 112
2022-23|20406|Lyle School District|Migrant|Migrant|||||||||||||||||2022|ESD 112
2022-23|20406|Lyle School District|Non Migrant|Migrant||||0.65|||||||||||||2022|ESD 112
2022-23|20406|Lyle School District|American Indian/ Alaskan Native|Race|||||||||||||||||2022|ESD 112
2022-23|20406|Lyle School District|Hispanic/ Latino of any race(s)|Race|||||||||||||||||2022|ESD 112
2022-23|20406|Lyle School District|Two or More Races|Race|||||||||||||||||2022|ESD 112
2022-23|20406|Lyle School District|White|Race||||0.7|||||||||||||2022|ESD 112
2022-23|20406|Lyle School District|Students with Disabilities|sped|||||||||||||||||2022|ESD 112
2022-23|20406|Lyle School District|Students without Disabilities|sped||||0.63|||||||||||||2022|ESD 112
2022-23|25155|Naselle-Grays River Valley School District|Non Section 504|504||||0.842|||||||||||||2022|ESD 112
2022-23|25155|Naselle-Grays River Valley School District|Section 504|504|||||||||||||||||2022|ESD 112
2022-23|25155|Naselle-Grays River Valley School District|All Students|All||||0.857|||||||||||||2022|ESD 112
2022-23|25155|Naselle-Grays River Valley School District|English Language Learners|ELL|||||||||||||||||2022|ESD 112
2022-23|25155|Naselle-Grays River Valley School District|Non-English Language Learners|ELL||||0.85|||||||||||||2022|ESD 112
2022-23|25155|Naselle-Grays River Valley School District|Non-Foster Care|Foster||||0.857|||||||||||||2022|ESD 112
2022-23|25155|Naselle-Grays River Valley School District|Female|Gender|||||||||||||||||2022|ESD 112
2022-23|25155|Naselle-Grays River Valley School District|Male|Gender||||0.75|||||||||||||2022|ESD 112
2022-23|25155|Naselle-Grays River Valley School District|Homeless|Homeless|||||||||||||||||2022|ESD 112
2022-23|25155|Naselle-Grays River Valley School District|Non-Homeless|Homeless||||0.85|||||||||||||2022|ESD 112
2022-23|25155|Naselle-Grays River Valley School District|Low-Income|LowIncome||||0.75|||||||||||||2022|ESD 112
2022-23|25155|Naselle-Grays River Valley School District|Non-Low Income|LowIncome|||||||||||||||||2022|ESD 112
2022-23|25155|Naselle-Grays River Valley School District|Migrant|Migrant|||||||||||||||||2022|ESD 112
2022-23|25155|Naselle-Grays River Valley School District|Non Migrant|Migrant||||0.813|||||||||||||2022|ESD 112
2022-23|25155|Naselle-Grays River Valley School District|American Indian/ Alaskan Native|Race|||||||||||||||||2022|ESD 112
2022-23|25155|Naselle-Grays River Valley School District|Asian|Race|||||||||||||||||2022|ESD 112
2022-23|25155|Naselle-Grays River Valley School District|Hispanic/ Latino of any race(s)|Race|||||||||||||||||2022|ESD 112
2022-23|25155|Naselle-Grays River Valley School District|White|Race||||0.8|||||||||||||2022|ESD 112
2022-23|25155|Naselle-Grays River Valley School District|Students with Disabilities|sped|||||||||||||||||2022|ESD 112
2022-23|25155|Naselle-Grays River Valley School District|Students without Disabilities|sped||||0.833|||||||||||||2022|ESD 112
2022-23|18400|North Kitsap School District|Non Section 504|504||||0.915|||||||||||||2022|PREP - Tier 2
2022-23|18400|North Kitsap School District|Section 504|504||||0.889|||||||||||||2022|PREP - Tier 2
2022-23|18400|North Kitsap School District|All Students|All|441|438|401|0.915525114|||||||||||||2022|PREP - Tier 2
2022-23|18400|North Kitsap School District|English Language Learners|ELL|||||||||||||||||2022|PREP - Tier 2
2022-23|18400|North Kitsap School District|Non-English Language Learners|ELL||||0.919|||||||||||||2022|PREP - Tier 2
2022-23|18400|North Kitsap School District|Foster Care|Foster|||||||||||||||||2022|PREP - Tier 2
2022-23|18400|North Kitsap School District|Non-Foster Care|Foster||||0.918|||||||||||||2022|PREP - Tier 2
2022-23|18400|North Kitsap School District|Female|Gender||||0.917|||||||||||||2022|PREP - Tier 2
2022-23|18400|North Kitsap School District|Gender X|Gender|||||||||||||||||2022|PREP - Tier 2
2022-23|18400|North Kitsap School District|Male|Gender|240|232|212|0.913793103|||||||||||||2022|PREP - Tier 2
2022-23|18400|North Kitsap School District|Homeless|Homeless||||0.6|||||||||||||2022|PREP - Tier 2
2022-23|18400|North Kitsap School District|Non-Homeless|Homeless||||0.923|||||||||||||2022|PREP - Tier 2
2022-23|18400|North Kitsap School District|Low-Income|LowIncome|142|136|114|0.838235294|||||||||||||2022|PREP - Tier 2
2022-23|18400|North Kitsap School District|Non-Low Income|LowIncome||||0.95|||||||||||||2022|PREP - Tier 2
2022-23|18400|North Kitsap School District|Migrant|Migrant|||||||||||||||||2022|PREP - Tier 2
2022-23|18400|North Kitsap School District|Non Migrant|Migrant||||0.919|||||||||||||2022|PREP - Tier 2
2022-23|18400|North Kitsap School District|American Indian/ Alaskan Native|Race||||0.786|||||||||||||2022|PREP - Tier 2
2022-23|18400|North Kitsap School District|Asian|Race||||0.824|||||||||||||2022|PREP - Tier 2
2022-23|18400|North Kitsap School District|Black/ African American|Race||||0.75|||||||||||||2022|PREP - Tier 2
2022-23|18400|North Kitsap School District|Hispanic/ Latino of any race(s)|Race|75|76|71|0.934210526|||||||||||||2022|PREP - Tier 2
2022-23|18400|North Kitsap School District|Native Hawaiian/ Other Pacific Islander|Race|||||||||||||||||2022|PREP - Tier 2
2022-23|18400|North Kitsap School District|Two or More Races|Race||||0.929|||||||||||||2022|PREP - Tier 2
2022-23|18400|North Kitsap School District|White|Race|276|271|245|0.904059041|||||||||||||2022|PREP - Tier 2
2022-23|18400|North Kitsap School District|Students with Disabilities|sped|53|49|40|0.816326531|||||||||||||2022|PREP - Tier 2
2022-23|18400|North Kitsap School District|Students without Disabilities|sped||||0.928|||||||||||||2022|PREP - Tier 2
2022-23|23403|North Mason School District|Non Section 504|504||||0.814|||||||||||||2022|PREP - Tier 1
2022-23|23403|North Mason School District|Section 504|504||||0.8|||||||||||||2022|PREP - Tier 1
2022-23|23403|North Mason School District|All Students|All|191|203|167|0.822660099|||||||||||||2022|PREP - Tier 1
2022-23|23403|North Mason School District|English Language Learners|ELL||||0.56|||||||||||||2022|PREP - Tier 1
2022-23|23403|North Mason School District|Non-English Language Learners|ELL||||0.864|||||||||||||2022|PREP - Tier 1
2022-23|23403|North Mason School District|Foster Care|Foster|||||||||||||||||2022|PREP - Tier 1
2022-23|23403|North Mason School District|Non-Foster Care|Foster||||0.821|||||||||||||2022|PREP - Tier 1
2022-23|23403|North Mason School District|Female|Gender||||0.88|||||||||||||2022|PREP - Tier 1
2022-23|23403|North Mason School District|Gender X|Gender|||||||||||||||||2022|PREP - Tier 1
2022-23|23403|North Mason School District|Male|Gender|102|105|82|0.780952381|||||||||||||2022|PREP - Tier 1
2022-23|23403|North Mason School District|Homeless|Homeless||||0.59|||||||||||||2022|PREP - Tier 1
2022-23|23403|North Mason School District|Non-Homeless|Homeless||||0.87|||||||||||||2022|PREP - Tier 1
2022-23|23403|North Mason School District|Low-Income|LowIncome||||0.735|||||||||||||2022|PREP - Tier 1
2022-23|23403|North Mason School District|Non-Low Income|LowIncome||||0.94|||||||||||||2022|PREP - Tier 1
2022-23|23403|North Mason School District|Migrant|Migrant|||||||||||||||||2022|PREP - Tier 1
2022-23|23403|North Mason School District|Non Migrant|Migrant||||0.827|||||||||||||2022|PREP - Tier 1
2022-23|23403|North Mason School District|American Indian/ Alaskan Native|Race|||||||||||||||||2022|PREP - Tier 1
2022-23|23403|North Mason School District|Asian|Race|||||||||||||||||2022|PREP - Tier 1
2022-23|23403|North Mason School District|Black/ African American|Race|||||||||||||||||2022|PREP - Tier 1
2022-23|23403|North Mason School District|Hispanic/ Latino of any race(s)|Race|28|39|24|0.615384615|||||||||||||2022|PREP - Tier 1
2022-23|23403|North Mason School District|Native Hawaiian/ Other Pacific Islander|Race|||||||||||||||||2022|PREP - Tier 1
2022-23|23403|North Mason School District|Two or More Races|Race|||||||||||||||||2022|PREP - Tier 1
2022-23|23403|North Mason School District|White|Race|142|147|126|0.857142857|||||||||||||2022|PREP - Tier 1
2022-23|23403|North Mason School District|Students with Disabilities|sped||||0.68|||||||||||||2022|PREP - Tier 1
2022-23|23403|North Mason School District|Students without Disabilities|sped|167|178|150|0.842696629|||||||||||||2022|PREP - Tier 1
2022-23|25101|Ocean Beach School District|Non Section 504|504||||0.75|||||||||||||2022|ESD 112
2022-23|25101|Ocean Beach School District|Section 504|504|||||||||||||||||2022|ESD 112
2022-23|25101|Ocean Beach School District|All Students|All||||0.752|||||||||||||2022|ESD 112
2022-23|25101|Ocean Beach School District|English Language Learners|ELL|||||||||||||||||2022|ESD 112
2022-23|25101|Ocean Beach School District|Non-English Language Learners|ELL||||0.77|||||||||||||2022|ESD 112
2022-23|25101|Ocean Beach School District|Foster Care|Foster|||||||||||||||||2022|ESD 112
2022-23|25101|Ocean Beach School District|Non-Foster Care|Foster||||0.77|||||||||||||2022|ESD 112
2022-23|25101|Ocean Beach School District|Female|Gender||||0.71|||||||||||||2022|ESD 112
2022-23|25101|Ocean Beach School District|Male|Gender|53|59|46|0.779661017|||||||||||||2022|ESD 112
2022-23|25101|Ocean Beach School District|Homeless|Homeless||||0.67|||||||||||||2022|ESD 112
2022-23|25101|Ocean Beach School District|Non-Homeless|Homeless|52|53|44|0.830188679|||||||||||||2022|ESD 112
2022-23|25101|Ocean Beach School District|Low-Income|LowIncome|74|75|56|0.746666667|||||||||||||2022|ESD 112
2022-23|25101|Ocean Beach School District|Non-Low Income|LowIncome||||0.77|||||||||||||2022|ESD 112
2022-23|25101|Ocean Beach School District|Migrant|Migrant|||||||||||||||||2022|ESD 112
2022-23|25101|Ocean Beach School District|Non Migrant|Migrant||||0.75|||||||||||||2022|ESD 112
2022-23|25101|Ocean Beach School District|American Indian/ Alaskan Native|Race|||||||||||||||||2022|ESD 112
2022-23|25101|Ocean Beach School District|Asian|Race|||||||||||||||||2022|ESD 112
2022-23|25101|Ocean Beach School District|Hispanic/ Latino of any race(s)|Race||||0.75|||||||||||||2022|ESD 112
2022-23|25101|Ocean Beach School District|Two or More Races|Race|||||||||||||||||2022|ESD 112
2022-23|25101|Ocean Beach School District|White|Race|74|78|61|0.782051282|||||||||||||2022|ESD 112
2022-23|25101|Ocean Beach School District|Students with Disabilities|sped||||0.7|||||||||||||2022|ESD 112
2022-23|25101|Ocean Beach School District|Students without Disabilities|sped|73|78|60|0.769230769|||||||||||||2022|ESD 112
2022-23|05121|Port Angeles School District|Non Section 504|504||||0.831|||||||||||||2022|PREP - Tier 1
2022-23|05121|Port Angeles School District|Section 504|504||||0.8|||||||||||||2022|PREP - Tier 1
2022-23|05121|Port Angeles School District|All Students|All|292|292|242|0.828767123|||||||||||||2022|PREP - Tier 1
2022-23|05121|Port Angeles School District|English Language Learners|ELL|||||||||||||||||2022|PREP - Tier 1
2022-23|05121|Port Angeles School District|Non-English Language Learners|ELL||||0.825|||||||||||||2022|PREP - Tier 1
2022-23|05121|Port Angeles School District|Foster Care|Foster|||||||||||||||||2022|PREP - Tier 1
2022-23|05121|Port Angeles School District|Non-Foster Care|Foster||||0.828|||||||||||||2022|PREP - Tier 1
2022-23|05121|Port Angeles School District|Female|Gender||||0.847|||||||||||||2022|PREP - Tier 1
2022-23|05121|Port Angeles School District|Gender X|Gender|||||||||||||||||2022|PREP - Tier 1
2022-23|05121|Port Angeles School District|Male|Gender|159|154|125|0.811688312|||||||||||||2022|PREP - Tier 1
2022-23|05121|Port Angeles School District|Homeless|Homeless||||0.4|||||||||||||2022|PREP - Tier 1
2022-23|05121|Port Angeles School District|Non-Homeless|Homeless|273|267|232|0.868913858|||||||||||||2022|PREP - Tier 1
2022-23|05121|Port Angeles School District|Low-Income|LowIncome|161|162|120|0.740740741|||||||||||||2022|PREP - Tier 1
2022-23|05121|Port Angeles School District|Non-Low Income|LowIncome||||0.938|||||||||||||2022|PREP - Tier 1
2022-23|05121|Port Angeles School District|Non Migrant|Migrant|292|292|242|0.828767123|||||||||||||2022|PREP - Tier 1
2022-23|05121|Port Angeles School District|American Indian/ Alaskan Native|Race|8|10|6|0.6|||||||||||||2022|PREP - Tier 1
2022-23|05121|Port Angeles School District|Asian|Race|||||||||||||||||2022|PREP - Tier 1
2022-23|05121|Port Angeles School District|Black/ African American|Race|||||||||||||||||2022|PREP - Tier 1
2022-23|05121|Port Angeles School District|Hispanic/ Latino of any race(s)|Race|26|25|18|0.72|||||||||||||2022|PREP - Tier 1
2022-23|05121|Port Angeles School District|Native Hawaiian/ Other Pacific Islander|Race|||||||||||||||||2022|PREP - Tier 1
2022-23|05121|Port Angeles School District|Two or More Races|Race|31|31|23|0.741935484|||||||||||||2022|PREP - Tier 1
2022-23|05121|Port Angeles School District|White|Race|216|216|186|0.861111111|||||||||||||2022|PREP - Tier 1
2022-23|05121|Port Angeles School District|Students with Disabilities|sped|55|52|40|0.769230769|||||||||||||2022|PREP - Tier 1
2022-23|05121|Port Angeles School District|Students without Disabilities|sped||||0.842|||||||||||||2022|PREP - Tier 1
2022-23|16050|Port Townsend School District|Non Section 504|504|83|81|70|0.864197531|||||||||||||2022|PREP - Tier 1
2022-23|16050|Port Townsend School District|Section 504|504||||0.727|||||||||||||2022|PREP - Tier 1
2022-23|16050|Port Townsend School District|All Students|All||||0.86|||||||||||||2022|PREP - Tier 1
2022-23|16050|Port Townsend School District|English Language Learners|ELL|||||||||||||||||2022|PREP - Tier 1
2022-23|16050|Port Townsend School District|Non-English Language Learners|ELL||||0.86|||||||||||||2022|PREP - Tier 1
2022-23|16050|Port Townsend School District|Foster Care|Foster|||||||||||||||||2022|PREP - Tier 1
2022-23|16050|Port Townsend School District|Non-Foster Care|Foster||||0.87|||||||||||||2022|PREP - Tier 1
2022-23|16050|Port Townsend School District|Female|Gender|49|48|41|0.854166667|||||||||||||2022|PREP - Tier 1
2022-23|16050|Port Townsend School District|Gender X|Gender|||||||||||||||||2022|PREP - Tier 1
2022-23|16050|Port Townsend School District|Male|Gender||||0.86|||||||||||||2022|PREP - Tier 1
2022-23|16050|Port Townsend School District|Homeless|Homeless|||||||||||||||||2022|PREP - Tier 1
2022-23|16050|Port Townsend School District|Non-Homeless|Homeless||||0.92|||||||||||||2022|PREP - Tier 1
2022-23|16050|Port Townsend School District|Low-Income|LowIncome|51|50|38|0.76|||||||||||||2022|PREP - Tier 1
2022-23|16050|Port Townsend School District|Non-Low Income|LowIncome||||0.929|||||||||||||2022|PREP - Tier 1
2022-23|16050|Port Townsend School District|Non Migrant|Migrant||||0.86|||||||||||||2022|PREP - Tier 1
2022-23|16050|Port Townsend School District|American Indian/ Alaskan Native|Race|||||||||||||||||2022|PREP - Tier 1
2022-23|16050|Port Townsend School District|Black/ African American|Race|||||||||||||||||2022|PREP - Tier 1
2022-23|16050|Port Townsend School District|Hispanic/ Latino of any race(s)|Race|||||||||||||||||2022|PREP - Tier 1
2022-23|16050|Port Townsend School District|Two or More Races|Race|||||||||||||||||2022|PREP - Tier 1
2022-23|16050|Port Townsend School District|White|Race|80|81|69|0.851851852|||||||||||||2022|PREP - Tier 1
2022-23|16050|Port Townsend School District|Students with Disabilities|sped||||0.73|||||||||||||2022|PREP - Tier 1
2022-23|16050|Port Townsend School District|Students without Disabilities|sped|77|77|68|0.883116883|||||||||||||2022|PREP - Tier 1
2022-23|36402|Prescott School District|Non Section 504|504|14|16|12|0.75|||||||||||||2022|United Way of the Blue Mountains
2022-23|36402|Prescott School District|Section 504|504|||||||||||||||||2022|United Way of the Blue Mountains
2022-23|36402|Prescott School District|All Students|All||||0.75|||||||||||||2022|United Way of the Blue Mountains
2022-23|36402|Prescott School District|English Language Learners|ELL|||||||||||||||||2022|United Way of the Blue Mountains
2022-23|36402|Prescott School District|Non-English Language Learners|ELL||||0.71|||||||||||||2022|United Way of the Blue Mountains
2022-23|36402|Prescott School District|Foster Care|Foster|||||||||||||||||2022|United Way of the Blue Mountains
2022-23|36402|Prescott School District|Non-Foster Care|Foster||||0.73|||||||||||||2022|United Way of the Blue Mountains
2022-23|36402|Prescott School District|Female|Gender|||||||||||||||||2022|United Way of the Blue Mountains
2022-23|36402|Prescott School District|Male|Gender|||||||||||||||||2022|United Way of the Blue Mountains
2022-23|36402|Prescott School District|Non-Homeless|Homeless||||0.75|||||||||||||2022|United Way of the Blue Mountains
2022-23|36402|Prescott School District|Low-Income|LowIncome||||0.73|||||||||||||2022|United Way of the Blue Mountains
2022-23|36402|Prescott School District|Non-Low Income|LowIncome|||||||||||||||||2022|United Way of the Blue Mountains
2022-23|36402|Prescott School District|Migrant|Migrant|||||||||||||||||2022|United Way of the Blue Mountains
2022-23|36402|Prescott School District|Non Migrant|Migrant||||0.77|||||||||||||2022|United Way of the Blue Mountains
2022-23|36402|Prescott School District|Hispanic/ Latino of any race(s)|Race||||0.71|||||||||||||2022|United Way of the Blue Mountains
2022-23|36402|Prescott School District|White|Race|||||||||||||||||2022|United Way of the Blue Mountains
2022-23|36402|Prescott School District|Students with Disabilities|sped|||||||||||||||||2022|United Way of the Blue Mountains
2022-23|36402|Prescott School District|Students without Disabilities|sped||||0.69|||||||||||||2022|United Way of the Blue Mountains
2022-23|16048|Quilcene School District|Non Section 504|504||||0.85|||||||||||||2022|PREP - Tier 1
2022-23|16048|Quilcene School District|Section 504|504|||||||||||||||||2022|PREP - Tier 1
2022-23|16048|Quilcene School District|All Students|All||||0.87|||||||||||||2022|PREP - Tier 1
2022-23|16048|Quilcene School District|Non-English Language Learners|ELL||||0.87|||||||||||||2022|PREP - Tier 1
2022-23|16048|Quilcene School District|Non-Foster Care|Foster||||0.87|||||||||||||2022|PREP - Tier 1
2022-23|16048|Quilcene School District|Female|Gender||||0.75|||||||||||||2022|PREP - Tier 1
2022-23|16048|Quilcene School District|Male|Gender||||0.727|||||||||||||2022|PREP - Tier 1
2022-23|16048|Quilcene School District|Non-Homeless|Homeless||||0.87|||||||||||||2022|PREP - Tier 1
2022-23|16048|Quilcene School District|Low-Income|LowIncome||||0.727|||||||||||||2022|PREP - Tier 1
2022-23|16048|Quilcene School District|Non-Low Income|LowIncome||||0.75|||||||||||||2022|PREP - Tier 1
2022-23|16048|Quilcene School District|Non Migrant|Migrant||||0.87|||||||||||||2022|PREP - Tier 1
2022-23|16048|Quilcene School District|Hispanic/ Latino of any race(s)|Race|||||||||||||||||2022|PREP - Tier 1
2022-23|16048|Quilcene School District|Two or More Races|Race|||||||||||||||||2022|PREP - Tier 1
2022-23|16048|Quilcene School District|White|Race||||0.8|||||||||||||2022|PREP - Tier 1
2022-23|16048|Quilcene School District|Students with Disabilities|sped|||||||||||||||||2022|PREP - Tier 1
2022-23|16048|Quilcene School District|Students without Disabilities|sped||||0.786|||||||||||||2022|PREP - Tier 1
2022-23|05903|Quileute Tribal School District|Non Section 504|504|||||||||||||||||2022|PREP - Tier 1
2022-23|05903|Quileute Tribal School District|Section 504|504|||||||||||||||||2022|PREP - Tier 1
2022-23|05903|Quileute Tribal School District|All Students|All||||0.7|||||||||||||2022|PREP - Tier 1
2022-23|05903|Quileute Tribal School District|Non-English Language Learners|ELL||||0.7|||||||||||||2022|PREP - Tier 1
2022-23|05903|Quileute Tribal School District|Non-Foster Care|Foster||||0.7|||||||||||||2022|PREP - Tier 1
2022-23|05903|Quileute Tribal School District|Female|Gender|||||||||||||||||2022|PREP - Tier 1
2022-23|05903|Quileute Tribal School District|Male|Gender|||||||||||||||||2022|PREP - Tier 1
2022-23|05903|Quileute Tribal School District|Homeless|Homeless|||||||||||||||||2022|PREP - Tier 1
2022-23|05903|Quileute Tribal School District|Non-Homeless|Homeless|||||||||||||||||2022|PREP - Tier 1
2022-23|05903|Quileute Tribal School District|Low-Income|LowIncome||||0.7|||||||||||||2022|PREP - Tier 1
2022-23|05903|Quileute Tribal School District|Non Migrant|Migrant||||0.7|||||||||||||2022|PREP - Tier 1
2022-23|05903|Quileute Tribal School District|American Indian/ Alaskan Native|Race|||||||||||||||||2022|PREP - Tier 1
2022-23|05903|Quileute Tribal School District|Hispanic/ Latino of any race(s)|Race|||||||||||||||||2022|PREP - Tier 1
2022-23|05903|Quileute Tribal School District|Two or More Races|Race|||||||||||||||||2022|PREP - Tier 1
2022-23|05903|Quileute Tribal School District|White|Race|||||||||||||||||2022|PREP - Tier 1
2022-23|05903|Quileute Tribal School District|Students with Disabilities|sped|||||||||||||||||2022|PREP - Tier 1
2022-23|05903|Quileute Tribal School District|Students without Disabilities|sped|||||||||||||||||2022|PREP - Tier 1
2022-23|05323|Sequim School District|Non Section 504|504|215|205|154|0.751219512|||||||||||||2022|PREP - Tier 1
2022-23|05323|Sequim School District|Section 504|504||||0.68|||||||||||||2022|PREP - Tier 1
2022-23|05323|Sequim School District|All Students|All||||0.746|||||||||||||2022|PREP - Tier 1
2022-23|05323|Sequim School District|English Language Learners|ELL|||||||||||||||||2022|PREP - Tier 1
2022-23|05323|Sequim School District|Non-English Language Learners|ELL||||0.74|||||||||||||2022|PREP - Tier 1
2022-23|05323|Sequim School District|Foster Care|Foster|||||||||||||||||2022|PREP - Tier 1
2022-23|05323|Sequim School District|Non-Foster Care|Foster||||0.743|||||||||||||2022|PREP - Tier 1
2022-23|05323|Sequim School District|Female|Gender||||0.818|||||||||||||2022|PREP - Tier 1
2022-23|05323|Sequim School District|Male|Gender|115|114|77|0.675438596|||||||||||||2022|PREP - Tier 1
2022-23|05323|Sequim School District|Homeless|Homeless||||0.47|||||||||||||2022|PREP - Tier 1
2022-23|05323|Sequim School District|Non-Homeless|Homeless|201|192|152|0.791666667|||||||||||||2022|PREP - Tier 1
2022-23|05323|Sequim School District|Low-Income|LowIncome|111|113|75|0.663716814|||||||||||||2022|PREP - Tier 1
2022-23|05323|Sequim School District|Non-Low Income|LowIncome||||0.829|||||||||||||2022|PREP - Tier 1
2022-23|05323|Sequim School District|Non Migrant|Migrant||||0.746|||||||||||||2022|PREP - Tier 1
2022-23|05323|Sequim School District|American Indian/ Alaskan Native|Race|||||||||||||||||2022|PREP - Tier 1
2022-23|05323|Sequim School District|Asian|Race|||||||||||||||||2022|PREP - Tier 1
2022-23|05323|Sequim School District|Black/ African American|Race|||||||||||||||||2022|PREP - Tier 1
2022-23|05323|Sequim School District|Hispanic/ Latino of any race(s)|Race||||0.864|||||||||||||2022|PREP - Tier 1
2022-23|05323|Sequim School District|Two or More Races|Race|||||||||||||||||2022|PREP - Tier 1
2022-23|05323|Sequim School District|White|Race|190|183|130|0.710382514|||||||||||||2022|PREP - Tier 1
2022-23|05323|Sequim School District|Students with Disabilities|sped||||0.55|||||||||||||2022|PREP - Tier 1
2022-23|05323|Sequim School District|Students without Disabilities|sped|208|204|156|0.764705882|||||||||||||2022|PREP - Tier 1
2022-23|18402|South Kitsap School District|Non Section 504|504||||0.851|||||||||||||2022|PREP - Tier 2
2022-23|18402|South Kitsap School District|Section 504|504||||0.88|||||||||||||2022|PREP - Tier 2
2022-23|18402|South Kitsap School District|All Students|All|668|674|576|0.854599407|||||||||||||2022|PREP - Tier 2
2022-23|18402|South Kitsap School District|English Language Learners|ELL||||0.75|||||||||||||2022|PREP - Tier 2
2022-23|18402|South Kitsap School District|Non-English Language Learners|ELL||||0.857|||||||||||||2022|PREP - Tier 2
2022-23|18402|South Kitsap School District|Foster Care|Foster|||||||||||||||||2022|PREP - Tier 2
2022-23|18402|South Kitsap School District|Non-Foster Care|Foster||||0.857|||||||||||||2022|PREP - Tier 2
2022-23|18402|South Kitsap School District|Female|Gender||||0.876|||||||||||||2022|PREP - Tier 2
2022-23|18402|South Kitsap School District|Gender X|Gender|||||||||||||||||2022|PREP - Tier 2
2022-23|18402|South Kitsap School District|Male|Gender|370|374|314|0.839572193|||||||||||||2022|PREP - Tier 2
2022-23|18402|South Kitsap School District|Homeless|Homeless||||0.77|||||||||||||2022|PREP - Tier 2
2022-23|18402|South Kitsap School District|Non-Homeless|Homeless||||0.864|||||||||||||2022|PREP - Tier 2
2022-23|18402|South Kitsap School District|Low-Income|LowIncome|296|299|221|0.739130435|||||||||||||2022|PREP - Tier 2
2022-23|18402|South Kitsap School District|Non-Low Income|LowIncome|372|375|355|0.946666667|||||||||||||2022|PREP - Tier 2
2022-23|18402|South Kitsap School District|Migrant|Migrant|||||||||||||||||2022|PREP - Tier 2
2022-23|18402|South Kitsap School District|Non Migrant|Migrant||||0.854|||||||||||||2022|PREP - Tier 2
2022-23|18402|South Kitsap School District|American Indian/ Alaskan Native|Race||||0.64|||||||||||||2022|PREP - Tier 2
2022-23|18402|South Kitsap School District|Asian|Race||||0.897|||||||||||||2022|PREP - Tier 2
2022-23|18402|South Kitsap School District|Black/ African American|Race|||||||||||||||||2022|PREP - Tier 2
2022-23|18402|South Kitsap School District|Hispanic/ Latino of any race(s)|Race|64|65|49|0.753846154|||||||||||||2022|PREP - Tier 2
2022-23|18402|South Kitsap School District|Native Hawaiian/ Other Pacific Islander|Race||||0.87|||||||||||||2022|PREP - Tier 2
2022-23|18402|South Kitsap School District|Two or More Races|Race|80|80|68|0.85|||||||||||||2022|PREP - Tier 2
2022-23|18402|South Kitsap School District|White|Race|452|455|394|0.865934066|||||||||||||2022|PREP - Tier 2
2022-23|18402|South Kitsap School District|Students with Disabilities|sped|100|100|67|0.67|||||||||||||2022|PREP - Tier 2
2022-23|18402|South Kitsap School District|Students without Disabilities|sped|568|574|509|0.886759582|||||||||||||2022|PREP - Tier 2
2022-23|30303|Stevenson-Carson School District|Non Section 504|504||||0.72|||||||||||||2022|ESD 112
2022-23|30303|Stevenson-Carson School District|Section 504|504|||||||||||||||||2022|ESD 112
2022-23|30303|Stevenson-Carson School District|All Students|All||||0.67|||||||||||||2022|ESD 112
2022-23|30303|Stevenson-Carson School District|Non-English Language Learners|ELL||||0.67|||||||||||||2022|ESD 112
2022-23|30303|Stevenson-Carson School District|Foster Care|Foster|||||||||||||||||2022|ESD 112
2022-23|30303|Stevenson-Carson School District|Non-Foster Care|Foster||||0.68|||||||||||||2022|ESD 112
2022-23|30303|Stevenson-Carson School District|Female|Gender|30|28|22|0.785714286|||||||||||||2022|ESD 112
2022-23|30303|Stevenson-Carson School District|Male|Gender||||0.54|||||||||||||2022|ESD 112
2022-23|30303|Stevenson-Carson School District|Homeless|Homeless|||||||||||||||||2022|ESD 112
2022-23|30303|Stevenson-Carson School District|Non-Homeless|Homeless||||0.71|||||||||||||2022|ESD 112
2022-23|30303|Stevenson-Carson School District|Low-Income|LowIncome||||0.48|||||||||||||2022|ESD 112
2022-23|30303|Stevenson-Carson School District|Non-Low Income|LowIncome|27|27|23|0.851851852|||||||||||||2022|ESD 112
2022-23|30303|Stevenson-Carson School District|Non Migrant|Migrant||||0.67|||||||||||||2022|ESD 112
2022-23|30303|Stevenson-Carson School District|American Indian/ Alaskan Native|Race|||||||||||||||||2022|ESD 112
2022-23|30303|Stevenson-Carson School District|Asian|Race|||||||||||||||||2022|ESD 112
2022-23|30303|Stevenson-Carson School District|Hispanic/ Latino of any race(s)|Race|||||||||||||||||2022|ESD 112
2022-23|30303|Stevenson-Carson School District|Two or More Races|Race|||||||||||||||||2022|ESD 112
2022-23|30303|Stevenson-Carson School District|White|Race|43|42|31|0.738095238|||||||||||||2022|ESD 112
2022-23|30303|Stevenson-Carson School District|Students with Disabilities|sped||||0.46|||||||||||||2022|ESD 112
2022-23|30303|Stevenson-Carson School District|Students without Disabilities|sped|45|41|30|0.731707317|||||||||||||2022|ESD 112
2022-23|18902|Suquamish Tribal Education Department|Non Section 504|504||||0.75|||||||||||||2022|PREP - Tier 1
2022-23|18902|Suquamish Tribal Education Department|Section 504|504|||||||||||||||||2022|PREP - Tier 1
2022-23|18902|Suquamish Tribal Education Department|All Students|All||||0.8|||||||||||||2022|PREP - Tier 1
2022-23|18902|Suquamish Tribal Education Department|Non-English Language Learners|ELL||||0.8|||||||||||||2022|PREP - Tier 1
2022-23|18902|Suquamish Tribal Education Department|Non-Foster Care|Foster||||0.8|||||||||||||2022|PREP - Tier 1
2022-23|18902|Suquamish Tribal Education Department|Female|Gender|||||||||||||||||2022|PREP - Tier 1
2022-23|18902|Suquamish Tribal Education Department|Male|Gender|||||||||||||||||2022|PREP - Tier 1
2022-23|18902|Suquamish Tribal Education Department|Non-Homeless|Homeless||||0.8|||||||||||||2022|PREP - Tier 1
2022-23|18902|Suquamish Tribal Education Department|Low-Income|LowIncome||||0.727|||||||||||||2022|PREP - Tier 1
2022-23|18902|Suquamish Tribal Education Department|Non-Low Income|LowIncome|||||||||||||||||2022|PREP - Tier 1
2022-23|18902|Suquamish Tribal Education Department|Migrant|Migrant|||||||||||||||||2022|PREP - Tier 1
2022-23|18902|Suquamish Tribal Education Department|Non Migrant|Migrant||||0.769|||||||||||||2022|PREP - Tier 1
2022-23|18902|Suquamish Tribal Education Department|American Indian/ Alaskan Native|Race|||||||||||||||||2022|PREP - Tier 1
2022-23|18902|Suquamish Tribal Education Department|Hispanic/ Latino of any race(s)|Race|||||||||||||||||2022|PREP - Tier 1
2022-23|18902|Suquamish Tribal Education Department|Two or More Races|Race|||||||||||||||||2022|PREP - Tier 1
2022-23|18902|Suquamish Tribal Education Department|White|Race|||||||||||||||||2022|PREP - Tier 1
2022-23|18902|Suquamish Tribal Education Department|Students with Disabilities|sped|||||||||||||||||2022|PREP - Tier 1
2022-23|18902|Suquamish Tribal Education Department|Students without Disabilities|sped|||||||||||||||||2022|PREP - Tier 1
2022-23|20400|Trout Lake School District|Non Section 504|504||||0.786|||||||||||||2022|ESD 112
2022-23|20400|Trout Lake School District|All Students|All||||0.786|||||||||||||2022|ESD 112
2022-23|20400|Trout Lake School District|Non-English Language Learners|ELL||||0.786|||||||||||||2022|ESD 112
2022-23|20400|Trout Lake School District|Foster Care|Foster|||||||||||||||||2022|ESD 112
2022-23|20400|Trout Lake School District|Non-Foster Care|Foster|||||||||||||||||2022|ESD 112
2022-23|20400|Trout Lake School District|Female|Gender|||||||||||||||||2022|ESD 112
2022-23|20400|Trout Lake School District|Male|Gender|||||||||||||||||2022|ESD 112
2022-23|20400|Trout Lake School District|Non-Homeless|Homeless||||0.786|||||||||||||2022|ESD 112
2022-23|20400|Trout Lake School District|Low-Income|LowIncome|||||||||||||||||2022|ESD 112
2022-23|20400|Trout Lake School District|Non-Low Income|LowIncome||||0.769|||||||||||||2022|ESD 112
2022-23|20400|Trout Lake School District|Non Migrant|Migrant||||0.786|||||||||||||2022|ESD 112
2022-23|20400|Trout Lake School District|Asian|Race|||||||||||||||||2022|ESD 112
2022-23|20400|Trout Lake School District|Black/ African American|Race|||||||||||||||||2022|ESD 112
2022-23|20400|Trout Lake School District|Hispanic/ Latino of any race(s)|Race|||||||||||||||||2022|ESD 112
2022-23|20400|Trout Lake School District|White|Race|||||||||||||||||2022|ESD 112
2022-23|20400|Trout Lake School District|Students with Disabilities|sped|||||||||||||||||2022|ESD 112
2022-23|20400|Trout Lake School District|Students without Disabilities|sped||||0.769|||||||||||||2022|ESD 112
2022-23|17406|Tukwila School District|Non Section 504|504||||0.899|||||||||||||2022|Puget Sound ESD
2022-23|17406|Tukwila School District|Section 504|504|||||||||||||||||2022|Puget Sound ESD
2022-23|17406|Tukwila School District|All Students|All|179|195|174|0.892307692|||||||||||||2022|Puget Sound ESD
2022-23|17406|Tukwila School District|English Language Learners|ELL|61|78|63|0.807692308|||||||||||||2022|Puget Sound ESD
2022-23|17406|Tukwila School District|Non-English Language Learners|ELL||||0.949|||||||||||||2022|Puget Sound ESD
2022-23|17406|Tukwila School District|Foster Care|Foster|||||||||||||||||2022|Puget Sound ESD
2022-23|17406|Tukwila School District|Non-Foster Care|Foster||||0.892|||||||||||||2022|Puget Sound ESD
2022-23|17406|Tukwila School District|Female|Gender|90|100|89|0.89|||||||||||||2022|Puget Sound ESD
2022-23|17406|Tukwila School District|Gender X|Gender|||||||||||||||||2022|Puget Sound ESD
2022-23|17406|Tukwila School District|Male|Gender||||0.89|||||||||||||2022|Puget Sound ESD
2022-23|17406|Tukwila School District|Homeless|Homeless||||0.84|||||||||||||2022|Puget Sound ESD
2022-23|17406|Tukwila School District|Non-Homeless|Homeless|144|151|137|0.907284768|||||||||||||2022|Puget Sound ESD
2022-23|17406|Tukwila School District|Low-Income|LowIncome||||0.889|||||||||||||2022|Puget Sound ESD
2022-23|17406|Tukwila School District|Non-Low Income|LowIncome||||0.9|||||||||||||2022|Puget Sound ESD
2022-23|17406|Tukwila School District|Non Migrant|Migrant|179|195|174|0.892307692|||||||||||||2022|Puget Sound ESD
2022-23|17406|Tukwila School District|American Indian/ Alaskan Native|Race|||||||||||||||||2022|Puget Sound ESD
2022-23|17406|Tukwila School District|Asian|Race||||0.941|||||||||||||2022|Puget Sound ESD
2022-23|17406|Tukwila School District|Black/ African American|Race|28|36|27|0.75|||||||||||||2022|Puget Sound ESD
2022-23|17406|Tukwila School District|Hispanic/ Latino of any race(s)|Race|53|59|50|0.847457627|||||||||||||2022|Puget Sound ESD
2022-23|17406|Tukwila School District|Native Hawaiian/ Other Pacific Islander|Race||||0.727|||||||||||||2022|Puget Sound ESD
2022-23|17406|Tukwila School District|Two or More Races|Race||||0.813|||||||||||||2022|Puget Sound ESD
2022-23|17406|Tukwila School District|White|Race||||0.857|||||||||||||2022|Puget Sound ESD
2022-23|17406|Tukwila School District|Students with Disabilities|sped|17|16|10|0.625|||||||||||||2022|Puget Sound ESD
2022-23|17406|Tukwila School District|Students without Disabilities|sped||||0.916|||||||||||||2022|Puget Sound ESD
2022-23|35200|Wahkiakum School District|Non Section 504|504||||0.91|||||||||||||2022|ESD 112
2022-23|35200|Wahkiakum School District|Section 504|504|||||||||||||||||2022|ESD 112
2022-23|35200|Wahkiakum School District|All Students|All||||0.92|||||||||||||2022|ESD 112
2022-23|35200|Wahkiakum School District|English Language Learners|ELL|||||||||||||||||2022|ESD 112
2022-23|35200|Wahkiakum School District|Non-English Language Learners|ELL||||0.92|||||||||||||2022|ESD 112
2022-23|35200|Wahkiakum School District|Non-Foster Care|Foster||||0.92|||||||||||||2022|ESD 112
2022-23|35200|Wahkiakum School District|Female|Gender||||0.813|||||||||||||2022|ESD 112
2022-23|35200|Wahkiakum School District|Male|Gender||||0.857|||||||||||||2022|ESD 112
2022-23|35200|Wahkiakum School District|Homeless|Homeless|||||||||||||||||2022|ESD 112
2022-23|35200|Wahkiakum School District|Non-Homeless|Homeless||||0.897|||||||||||||2022|ESD 112
2022-23|35200|Wahkiakum School District|Low-Income|LowIncome||||0.87|||||||||||||2022|ESD 112
2022-23|35200|Wahkiakum School District|Non-Low Income|LowIncome||||0.786|||||||||||||2022|ESD 112
2022-23|35200|Wahkiakum School District|Non Migrant|Migrant||||0.92|||||||||||||2022|ESD 112
2022-23|35200|Wahkiakum School District|Asian|Race|||||||||||||||||2022|ESD 112
2022-23|35200|Wahkiakum School District|Hispanic/ Latino of any race(s)|Race|||||||||||||||||2022|ESD 112
2022-23|35200|Wahkiakum School District|Two or More Races|Race|||||||||||||||||2022|ESD 112
2022-23|35200|Wahkiakum School District|White|Race||||0.909|||||||||||||2022|ESD 112
2022-23|35200|Wahkiakum School District|Students with Disabilities|sped||||0.727|||||||||||||2022|ESD 112
2022-23|35200|Wahkiakum School District|Students without Disabilities|sped||||0.885|||||||||||||2022|ESD 112
2022-23|36140|Walla Walla Public Schools|Non Section 504|504||||0.956|||||||||||||2022|United Way of the Blue Mountains
2022-23|36140|Walla Walla Public Schools|Section 504|504||||0.909|||||||||||||2022|United Way of the Blue Mountains
2022-23|36140|Walla Walla Public Schools|All Students|All|432|442|423|0.957013575|||||||||||||2022|United Way of the Blue Mountains
2022-23|36140|Walla Walla Public Schools|English Language Learners|ELL||||0.91|||||||||||||2022|United Way of the Blue Mountains
2022-23|36140|Walla Walla Public Schools|Non-English Language Learners|ELL||||0.961|||||||||||||2022|United Way of the Blue Mountains
2022-23|36140|Walla Walla Public Schools|Foster Care|Foster|||||||||||||||||2022|United Way of the Blue Mountains
2022-23|36140|Walla Walla Public Schools|Non-Foster Care|Foster||||0.957|||||||||||||2022|United Way of the Blue Mountains
2022-23|36140|Walla Walla Public Schools|Female|Gender|216|227|221|0.973568282|||||||||||||2022|United Way of the Blue Mountains
2022-23|36140|Walla Walla Public Schools|Gender X|Gender|||||||||||||||||2022|United Way of the Blue Mountains
2022-23|36140|Walla Walla Public Schools|Male|Gender||||0.939|||||||||||||2022|United Way of the Blue Mountains
2022-23|36140|Walla Walla Public Schools|Homeless|Homeless||||0.919|||||||||||||2022|United Way of the Blue Mountains
2022-23|36140|Walla Walla Public Schools|Non-Homeless|Homeless||||0.956|||||||||||||2022|United Way of the Blue Mountains
2022-23|36140|Walla Walla Public Schools|Low-Income|LowIncome||||0.944|||||||||||||2022|United Way of the Blue Mountains
2022-23|36140|Walla Walla Public Schools|Non-Low Income|LowIncome||||0.974|||||||||||||2022|United Way of the Blue Mountains
2022-23|36140|Walla Walla Public Schools|Migrant|Migrant||||0.769|||||||||||||2022|United Way of the Blue Mountains
2022-23|36140|Walla Walla Public Schools|Non Migrant|Migrant||||0.958|||||||||||||2022|United Way of the Blue Mountains
2022-23|36140|Walla Walla Public Schools|American Indian/ Alaskan Native|Race|||||||||||||||||2022|United Way of the Blue Mountains
2022-23|36140|Walla Walla Public Schools|Asian|Race|||||||||||||||||2022|United Way of the Blue Mountains
2022-23|36140|Walla Walla Public Schools|Black/ African American|Race|||||||||||||||||2022|United Way of the Blue Mountains
2022-23|36140|Walla Walla Public Schools|Hispanic/ Latino of any race(s)|Race|158|161|152|0.944099379|||||||||||||2022|United Way of the Blue Mountains
2022-23|36140|Walla Walla Public Schools|Native Hawaiian/ Other Pacific Islander|Race|||||||||||||||||2022|United Way of the Blue Mountains
2022-23|36140|Walla Walla Public Schools|Two or More Races|Race||||0.786|||||||||||||2022|United Way of the Blue Mountains
2022-23|36140|Walla Walla Public Schools|White|Race|247|255|246|0.964705882|||||||||||||2022|United Way of the Blue Mountains
2022-23|36140|Walla Walla Public Schools|Students with Disabilities|sped||||0.84|||||||||||||2022|United Way of the Blue Mountains
2022-23|36140|Walla Walla Public Schools|Students without Disabilities|sped|373|385|375|0.974025974|||||||||||||2022|United Way of the Blue Mountains
2022-23|20405|White Salmon Valley School District|Non Section 504|504|97|100|88|0.88|||||||||||||2022|ESD 112
2022-23|20405|White Salmon Valley School District|Section 504|504||||0.727|||||||||||||2022|ESD 112
2022-23|20405|White Salmon Valley School District|All Students|All||||0.874|||||||||||||2022|ESD 112
2022-23|20405|White Salmon Valley School District|English Language Learners|ELL||||0.67|||||||||||||2022|ESD 112
2022-23|20405|White Salmon Valley School District|Non-English Language Learners|ELL|93|93|85|0.913978495|||||||||||||2022|ESD 112
2022-23|20405|White Salmon Valley School District|Non-Foster Care|Foster||||0.874|||||||||||||2022|ESD 112
2022-23|20405|White Salmon Valley School District|Female|Gender||||0.92|||||||||||||2022|ESD 112
2022-23|20405|White Salmon Valley School District|Male|Gender|60|60|50|0.833333333|||||||||||||2022|ESD 112
2022-23|20405|White Salmon Valley School District|Homeless|Homeless||||0.75|||||||||||||2022|ESD 112
2022-23|20405|White Salmon Valley School District|Non-Homeless|Homeless|96|99|88|0.888888889|||||||||||||2022|ESD 112
2022-23|20405|White Salmon Valley School District|Low-Income|LowIncome|58|59|47|0.796610169|||||||||||||2022|ESD 112
2022-23|20405|White Salmon Valley School District|Non-Low Income|LowIncome||||0.942|||||||||||||2022|ESD 112
2022-23|20405|White Salmon Valley School District|Migrant|Migrant|||||||||||||||||2022|ESD 112
2022-23|20405|White Salmon Valley School District|Non Migrant|Migrant||||0.87|||||||||||||2022|ESD 112
2022-23|20405|White Salmon Valley School District|American Indian/ Alaskan Native|Race|||||||||||||||||2022|ESD 112
2022-23|20405|White Salmon Valley School District|Hispanic/ Latino of any race(s)|Race||||0.75|||||||||||||2022|ESD 112
2022-23|20405|White Salmon Valley School District|Two or More Races|Race|||||||||||||||||2022|ESD 112
2022-23|20405|White Salmon Valley School District|White|Race||||0.954|||||||||||||2022|ESD 112
2022-23|20405|White Salmon Valley School District|Students with Disabilities|sped||||0.875|||||||||||||2022|ESD 112
2022-23|20405|White Salmon Valley School District|Students without Disabilities|sped|84|87|75|0.862068966|||||||||||||2022|ESD 112
2014-15|05402|Quillayute Valley School District|All Students|All|0|0|0||0|0|0|0|0|0|0|0|0||District Total|Five Year|2014|PREP - Tier 1
2014-15|05402|Quillayute Valley School District|American Indian/ Alaskan Native|Race|0|0|0||0|0|0|0|0|0|0|0|0||District Total|Five Year|2014|PREP - Tier 1
2014-15|05402|Quillayute Valley School District|Asian|Race|0|0|0||0|0|0|0|0|0|0|0|0||District Total|Five Year|2014|PREP - Tier 1
2014-15|05402|Quillayute Valley School District|English Language Learners|ELL|0|0|0||0|0|0|0|0|0|0|0|0||District Total|Five Year|2014|PREP - Tier 1
2014-15|05402|Quillayute Valley School District|Female|Gender|0|0|0||0|0|0|0|0|0|0|0|0||District Total|Five Year|2014|PREP - Tier 1
2014-15|05402|Quillayute Valley School District|Foster Care|Foster|0|0|0||0|0|0|0|0|0|0|0|0||District Total|Five Year|2014|PREP - Tier 1
2014-15|05402|Quillayute Valley School District|Hispanic/ Latino of any race(s)|Race|0|0|0||0|0|0|0|0|0|0|0|0||District Total|Five Year|2014|PREP - Tier 1
2014-15|05402|Quillayute Valley School District|Homeless|Homeless|0|0|0||0|0|0|0|0|0|0|0|0||District Total|Five Year|2014|PREP - Tier 1
2014-15|05402|Quillayute Valley School District|Low-Income|LowIncome|54|50|43|0.86|5|0|0|1|5|0|0|0|9||District Total|Five Year|2014|PREP - Tier 1
2014-15|05402|Quillayute Valley School District|Male|Gender|51|48|43|0.895833333333333|3|0|0|1|4|0|0|0|6||District Total|Five Year|2014|PREP - Tier 1
2014-15|05402|Quillayute Valley School District|Migrant|Migrant|0|0|0||0|0|0|0|0|0|0|0|0||District Total|Five Year|2014|PREP - Tier 1
2014-15|05402|Quillayute Valley School District|Non Migrant|Migrant|0|0|0||0|0|0|0|0|0|0|0|0||District Total|Five Year|2014|PREP - Tier 1
2014-15|05402|Quillayute Valley School District|Non Section 504|504|82|79|69|0.873417721518987|5|1|0|1|6|0|0|0|8||District Total|Five Year|2014|PREP - Tier 1
2014-15|05402|Quillayute Valley School District|Non-English Language Learners|ELL|0|0|0||0|0|0|0|0|0|0|0|0||District Total|Five Year|2014|PREP - Tier 1
2014-15|05402|Quillayute Valley School District|Non-Foster Care|Foster|0|0|0||0|0|0|0|0|0|0|0|0||District Total|Five Year|2014|PREP - Tier 1
2014-15|05402|Quillayute Valley School District|Non-Homeless|Homeless|0|0|0||0|0|0|0|0|0|0|0|0||District Total|Five Year|2014|PREP - Tier 1
2014-15|05402|Quillayute Valley School District|Non-Low Income|LowIncome|0|0|0||0|0|0|0|0|0|0|0|0||District Total|Five Year|2014|PREP - Tier 1
2014-15|05402|Quillayute Valley School District|Section 504|504|0|0|0||0|0|0|0|0|0|0|0|0||District Total|Five Year|2014|PREP - Tier 1
2014-15|05402|Quillayute Valley School District|Students with Disabilities|sped|0|0|0||0|0|0|0|0|0|0|0|0||District Total|Five Year|2014|PREP - Tier 1
2014-15|05402|Quillayute Valley School District|Students without Disabilities|sped|66|65|59|0.907692307692308|6|1|0|1|3|0|0|0|7||District Total|Five Year|2014|PREP - Tier 1
2014-15|05402|Quillayute Valley School District|Two or More Races|Race|0|0|0||0|0|0|0|0|0|0|0|0||District Total|Five Year|2014|PREP - Tier 1
2014-15|05402|Quillayute Valley School District|White|Race|49|48|41|0.854166666666667|3|1|0|1|3|0|0|0|4||District Total|Five Year|2014|PREP - Tier 1
2015-16|05402|Quillayute Valley School District|All Students|All|72|76|57|0.75|8|1|4|5|5|0|0|0|4||District Total|Five Year|2015|PREP - Tier 1
2015-16|05402|Quillayute Valley School District|American Indian/ Alaskan Native|Race|0|0|0||0|0|0|0|0|0|0|0|0||District Total|Five Year|2015|PREP - Tier 1
2015-16|05402|Quillayute Valley School District|English Language Learners|ELL|0|0|0||0|0|0|0|0|0|0|0|0||District Total|Five Year|2015|PREP - Tier 1
2015-16|05402|Quillayute Valley School District|Female|Gender|0|0|0||0|0|0|0|0|0|0|0|0||District Total|Five Year|2015|PREP - Tier 1
2015-16|05402|Quillayute Valley School District|Foster Care|Foster|0|0|0||0|0|0|0|0|0|0|0|0||District Total|Five Year|2015|PREP - Tier 1
2015-16|05402|Quillayute Valley School District|Hispanic/ Latino of any race(s)|Race|18|20|16|0.8|4|0|0|1|0|0|0|0|2||District Total|Five Year|2015|PREP - Tier 1
2015-16|05402|Quillayute Valley School District|Homeless|Homeless|0|0|0||0|0|0|0|0|0|0|0|0||District Total|Five Year|2015|PREP - Tier 1
2015-16|05402|Quillayute Valley School District|Low-Income|LowIncome|49|53|36|0.679245283018868|7|1|4|5|4|0|0|0|3||District Total|Five Year|2015|PREP - Tier 1
2015-16|05402|Quillayute Valley School District|Male|Gender|24|27|19|0.703703703703704|4|1|1|1|2|0|0|0|1||District Total|Five Year|2015|PREP - Tier 1
2015-16|05402|Quillayute Valley School District|Migrant|Migrant|0|0|0||0|0|0|0|0|0|0|0|0||District Total|Five Year|2015|PREP - Tier 1
2015-16|05402|Quillayute Valley School District|Non Migrant|Migrant|0|0|0||0|0|0|0|0|0|0|0|0||District Total|Five Year|2015|PREP - Tier 1
2015-16|05402|Quillayute Valley School District|Non Section 504|504|0|0|0||0|0|0|0|0|0|0|0|0||District Total|Five Year|2015|PREP - Tier 1
2015-16|05402|Quillayute Valley School District|Non-English Language Learners|ELL|0|0|0||0|0|0|0|0|0|0|0|0||District Total|Five Year|2015|PREP - Tier 1
2015-16|05402|Quillayute Valley School District|Non-Foster Care|Foster|72|76|57|0.75|8|1|4|5|5|0|0|0|4||District Total|Five Year|2015|PREP - Tier 1
2015-16|05402|Quillayute Valley School District|Non-Homeless|Homeless|0|0|0||0|0|0|0|0|0|0|0|0||District Total|Five Year|2015|PREP - Tier 1
2015-16|05402|Quillayute Valley School District|Non-Low Income|LowIncome|0|0|0||0|0|0|0|0|0|0|0|0||District Total|Five Year|2015|PREP - Tier 1
2015-16|05402|Quillayute Valley School District|Section 504|504|0|0|0||0|0|0|0|0|0|0|0|0||District Total|Five Year|2015|PREP - Tier 1
2015-16|05402|Quillayute Valley School District|Students with Disabilities|sped|0|0|0||0|0|0|0|0|0|0|0|0||District Total|Five Year|2015|PREP - Tier 1
2015-16|05402|Quillayute Valley School District|Students without Disabilities|sped|0|0|0||0|0|0|0|0|0|0|0|0||District Total|Five Year|2015|PREP - Tier 1
2015-16|05402|Quillayute Valley School District|Two or More Races|Race|0|0|0||0|0|0|0|0|0|0|0|0||District Total|Five Year|2015|PREP - Tier 1
2015-16|05402|Quillayute Valley School District|White|Race|41|41|33|0.804878048780488|1|1|3|1|3|0|0|0|1||District Total|Five Year|2015|PREP - Tier 1
2016-17|05402|Quillayute Valley School District|All Students|All|0|0|0||0|0|0|0|0|0|0|0|0||District Total|Five Year|2016|PREP - Tier 1
2016-17|05402|Quillayute Valley School District|American Indian/ Alaskan Native|Race|0|0|0||0|0|0|0|0|0|0|0|0||District Total|Five Year|2016|PREP - Tier 1
2016-17|05402|Quillayute Valley School District|Asian|Race|0|0|0||0|0|0|0|0|0|0|0|0||District Total|Five Year|2016|PREP - Tier 1
2016-17|05402|Quillayute Valley School District|English Language Learners|ELL|0|0|0||0|0|0|0|0|0|0|0|0||District Total|Five Year|2016|PREP - Tier 1
2016-17|05402|Quillayute Valley School District|Female|Gender|0|0|0||0|0|0|0|0|0|0|0|0||District Total|Five Year|2016|PREP - Tier 1
2016-17|05402|Quillayute Valley School District|Foster Care|Foster|0|0|0||0|0|0|0|0|0|0|0|0||District Total|Five Year|2016|PREP - Tier 1
2016-17|05402|Quillayute Valley School District|Hispanic/ Latino of any race(s)|Race|0|0|0||0|0|0|0|0|0|0|0|0||District Total|Five Year|2016|PREP - Tier 1
2016-17|05402|Quillayute Valley School District|Homeless|Homeless|0|0|0||0|0|0|0|0|0|0|0|0||District Total|Five Year|2016|PREP - Tier 1
2016-17|05402|Quillayute Valley School District|Low-Income|LowIncome|35|35|27|0.771428571428571|4|2|2|1|2|1|0|0|4||District Total|Five Year|2016|PREP - Tier 1
2016-17|05402|Quillayute Valley School District|Male|Gender|28|30|23|0.766666666666667|2|2|1|1|1|2|0|0|0||District Total|Five Year|2016|PREP - Tier 1
2016-17|05402|Quillayute Valley School District|Migrant|Migrant|0|0|0||0|0|0|0|0|0|0|0|0||District Total|Five Year|2016|PREP - Tier 1
2016-17|05402|Quillayute Valley School District|Non Migrant|Migrant|0|0|0||0|0|0|0|0|0|0|0|0||District Total|Five Year|2016|PREP - Tier 1
2016-17|05402|Quillayute Valley School District|Non Section 504|504|0|0|0||0|0|0|0|0|0|0|0|0||District Total|Five Year|2016|PREP - Tier 1
2016-17|05402|Quillayute Valley School District|Non-English Language Learners|ELL|0|0|0||0|0|0|0|0|0|0|0|0||District Total|Five Year|2016|PREP - Tier 1
2016-17|05402|Quillayute Valley School District|Non-Foster Care|Foster|0|0|0||0|0|0|0|0|0|0|0|0||District Total|Five Year|2016|PREP - Tier 1
2016-17|05402|Quillayute Valley School District|Non-Homeless|Homeless|0|0|0||0|0|0|0|0|0|0|0|0||District Total|Five Year|2016|PREP - Tier 1
2016-17|05402|Quillayute Valley School District|Non-Low Income|LowIncome|0|0|0||0|0|0|0|0|0|0|0|0||District Total|Five Year|2016|PREP - Tier 1
2016-17|05402|Quillayute Valley School District|Section 504|504|0|0|0||0|0|0|0|0|0|0|0|0||District Total|Five Year|2016|PREP - Tier 1
2016-17|05402|Quillayute Valley School District|Students with Disabilities|sped|0|0|0||0|0|0|0|0|0|0|0|0||District Total|Five Year|2016|PREP - Tier 1
2016-17|05402|Quillayute Valley School District|Students without Disabilities|sped|42|43|35|0.813953488372093|5|2|1|2|2|1|0|0|4||District Total|Five Year|2016|PREP - Tier 1
2016-17|05402|Quillayute Valley School District|Two or More Races|Race|0|0|0||0|0|0|0|0|0|0|0|0||District Total|Five Year|2016|PREP - Tier 1
2016-17|05402|Quillayute Valley School District|White|Race|30|29|23|0.793103448275862|0|3|0|1|0|2|0|0|1||District Total|Five Year|2016|PREP - Tier 1
2017-18|05402|Quillayute Valley School District|All Students|All|77|81|67|0.827160493827161|9|0|0|1|6|2|0|0|5||District Total|Five Year|2017|PREP - Tier 1
2017-18|05402|Quillayute Valley School District|American Indian/ Alaskan Native|Race|0|0|0||0|0|0|0|0|0|0|0|0||District Total|Five Year|2017|PREP - Tier 1
2017-18|05402|Quillayute Valley School District|Asian|Race|0|0|0||0|0|0|0|0|0|0|0|0||District Total|Five Year|2017|PREP - Tier 1
2017-18|05402|Quillayute Valley School District|English Language Learners|ELL|0|0|0||0|0|0|0|0|0|0|0|0||District Total|Five Year|2017|PREP - Tier 1
2017-18|05402|Quillayute Valley School District|Female|Gender|0|0|0||0|0|0|0|0|0|0|0|0||District Total|Five Year|2017|PREP - Tier 1
2017-18|05402|Quillayute Valley School District|Foster Care|Foster|0|0|0||0|0|0|0|0|0|0|0|0||District Total|Five Year|2017|PREP - Tier 1
2017-18|05402|Quillayute Valley School District|Hispanic/ Latino of any race(s)|Race|21|24|21|0.875|3|0|0|0|1|1|0|0|0||District Total|Five Year|2017|PREP - Tier 1
2017-18|05402|Quillayute Valley School District|Homeless|Homeless|0|0|0||0|0|0|0|0|0|0|0|0||District Total|Five Year|2017|PREP - Tier 1
2017-18|05402|Quillayute Valley School District|Low-Income|LowIncome|0|0|0||0|0|0|0|0|0|0|0|0||District Total|Five Year|2017|PREP - Tier 1
2017-18|05402|Quillayute Valley School District|Male|Gender|0|0|0||0|0|0|0|0|0|0|0|0||District Total|Five Year|2017|PREP - Tier 1
2017-18|05402|Quillayute Valley School District|Migrant|Migrant|0|0|0||0|0|0|0|0|0|0|0|0||District Total|Five Year|2017|PREP - Tier 1
2017-18|05402|Quillayute Valley School District|Non Migrant|Migrant|0|0|0||0|0|0|0|0|0|0|0|0||District Total|Five Year|2017|PREP - Tier 1
2017-18|05402|Quillayute Valley School District|Non Section 504|504|0|0|0||0|0|0|0|0|0|0|0|0||District Total|Five Year|2017|PREP - Tier 1
2017-18|05402|Quillayute Valley School District|Non-English Language Learners|ELL|0|0|0||0|0|0|0|0|0|0|0|0||District Total|Five Year|2017|PREP - Tier 1
2017-18|05402|Quillayute Valley School District|Non-Foster Care|Foster|0|0|0||0|0|0|0|0|0|0|0|0||District Total|Five Year|2017|PREP - Tier 1
2017-18|05402|Quillayute Valley School District|Non-Homeless|Homeless|0|0|0||0|0|0|0|0|0|0|0|0||District Total|Five Year|2017|PREP - Tier 1
2017-18|05402|Quillayute Valley School District|Non-Low Income|LowIncome|0|0|0||0|0|0|0|0|0|0|0|0||District Total|Five Year|2017|PREP - Tier 1
2017-18|05402|Quillayute Valley School District|Section 504|504|0|0|0||0|0|0|0|0|0|0|0|0||District Total|Five Year|2017|PREP - Tier 1
2017-18|05402|Quillayute Valley School District|Students with Disabilities|sped|0|0|0||0|0|0|0|0|0|0|0|0||District Total|Five Year|2017|PREP - Tier 1
2017-18|05402|Quillayute Valley School District|Students without Disabilities|sped|53|57|47|0.824561403508772|8|0|0|1|6|1|0|0|4||District Total|Five Year|2017|PREP - Tier 1
2017-18|05402|Quillayute Valley School District|Two or More Races|Race|0|0|0||0|0|0|0|0|0|0|0|0||District Total|Five Year|2017|PREP - Tier 1
2017-18|05402|Quillayute Valley School District|White|Race|40|40|31|0.775|4|0|0|1|5|0|0|0|4||District Total|Five Year|2017|PREP - Tier 1
2018-19|05402|Quillayute Valley School District|All Students|All|66|77|64|0.831168831168831|17|2|2|3|0|2|0|0|6||District Total|Five Year|2018|PREP - Tier 1
2018-19|05402|Quillayute Valley School District|American Indian/ Alaskan Native|Race|0|0|0||0|0|0|0|0|0|0|0|0||District Total|Five Year|2018|PREP - Tier 1
2018-19|05402|Quillayute Valley School District|Black/ African American|Race|0|0|0||0|0|0|0|0|0|0|0|0||District Total|Five Year|2018|PREP - Tier 1
2018-19|05402|Quillayute Valley School District|English Language Learners|ELL|0|0|0||0|0|0|0|0|0|0|0|0||District Total|Five Year|2018|PREP - Tier 1
2018-19|05402|Quillayute Valley School District|Female|Gender|0|0|0||0|0|0|0|0|0|0|0|0||District Total|Five Year|2018|PREP - Tier 1
2018-19|05402|Quillayute Valley School District|Hispanic/ Latino of any race(s)|Race|21|31|22|0.709677419354839|11|1|2|3|0|1|0|0|1||District Total|Five Year|2018|PREP - Tier 1
2018-19|05402|Quillayute Valley School District|Homeless|Homeless|0|0|0||0|0|0|0|0|0|0|0|0||District Total|Five Year|2018|PREP - Tier 1
2018-19|05402|Quillayute Valley School District|Low-Income|LowIncome|46|57|45|0.789473684210526|15|2|2|3|0|2|0|0|4||District Total|Five Year|2018|PREP - Tier 1
2018-19|05402|Quillayute Valley School District|Male|Gender|0|0|0||0|0|0|0|0|0|0|0|0||District Total|Five Year|2018|PREP - Tier 1
2018-19|05402|Quillayute Valley School District|Migrant|Migrant|0|0|0||0|0|0|0|0|0|0|0|0||District Total|Five Year|2018|PREP - Tier 1
2018-19|05402|Quillayute Valley School District|Non Migrant|Migrant|0|0|0||0|0|0|0|0|0|0|0|0||District Total|Five Year|2018|PREP - Tier 1
2018-19|05402|Quillayute Valley School District|Non Section 504|504|0|0|0||0|0|0|0|0|0|0|0|0||District Total|Five Year|2018|PREP - Tier 1
2018-19|05402|Quillayute Valley School District|Non-English Language Learners|ELL|61|65|58|0.892307692307692|10|2|1|0|0|2|0|0|6||District Total|Five Year|2018|PREP - Tier 1
2018-19|05402|Quillayute Valley School District|Non-Foster Care|Foster|66|77|64|0.831168831168831|17|2|2|3|0|2|0|0|6||District Total|Five Year|2018|PREP - Tier 1
2018-19|05402|Quillayute Valley School District|Non-Homeless|Homeless|0|0|0||0|0|0|0|0|0|0|0|0||District Total|Five Year|2018|PREP - Tier 1
2018-19|05402|Quillayute Valley School District|Non-Low Income|LowIncome|0|0|0||0|0|0|0|0|0|0|0|0||District Total|Five Year|2018|PREP - Tier 1
2018-19|05402|Quillayute Valley School District|Section 504|504|0|0|0||0|0|0|0|0|0|0|0|0||District Total|Five Year|2018|PREP - Tier 1
2018-19|05402|Quillayute Valley School District|Students with Disabilities|sped|0|0|0||0|0|0|0|0|0|0|0|0||District Total|Five Year|2018|PREP - Tier 1
2018-19|05402|Quillayute Valley School District|Students without Disabilities|sped|0|0|0||0|0|0|0|0|0|0|0|0||District Total|Five Year|2018|PREP - Tier 1
2018-19|05402|Quillayute Valley School District|Two or More Races|Race|0|0|0||0|0|0|0|0|0|0|0|0||District Total|Five Year|2018|PREP - Tier 1
2018-19|05402|Quillayute Valley School District|White|Race|32|31|28|0.903225806451613|3|1|0|0|0|0|0|0|4||District Total|Five Year|2018|PREP - Tier 1
2019-20|05402|Quillayute Valley School District|All Students|All|0|0|0||0|0|0|0|0|0|0|0|0||District Total|Five Year|2019|PREP - Tier 1
2019-20|05402|Quillayute Valley School District|American Indian/ Alaskan Native|Race|0|0|0||0|0|0|0|0|0|0|0|0||District Total|Five Year|2019|PREP - Tier 1
2019-20|05402|Quillayute Valley School District|English Language Learners|ELL|0|0|0||0|0|0|0|0|0|0|0|0||District Total|Five Year|2019|PREP - Tier 1
2019-20|05402|Quillayute Valley School District|Female|Gender|0|0|0||0|0|0|0|0|0|0|0|0||District Total|Five Year|2019|PREP - Tier 1
2019-20|05402|Quillayute Valley School District|Foster Care|Foster|0|0|0||0|0|0|0|0|0|0|0|0||District Total|Five Year|2019|PREP - Tier 1
2019-20|05402|Quillayute Valley School District|Hispanic/ Latino of any race(s)|Race|18|23|15|0.652173913043478|6|0|4|3|1|0|0|0|1||District Total|Five Year|2019|PREP - Tier 1
2019-20|05402|Quillayute Valley School District|Homeless|Homeless|0|0|0||0|0|0|0|0|0|0|0|0||District Total|Five Year|2019|PREP - Tier 1
2019-20|05402|Quillayute Valley School District|Low-Income|LowIncome|47|52|42|0.807692307692308|8|0|4|4|1|0|0|0|3||District Total|Five Year|2019|PREP - Tier 1
2019-20|05402|Quillayute Valley School District|Male|Gender|42|46|38|0.826086956521739|6|0|3|3|1|0|0|0|2||District Total|Five Year|2019|PREP - Tier 1
2019-20|05402|Quillayute Valley School District|Migrant|Migrant|0|0|0||0|0|0|0|0|0|0|0|0||District Total|Five Year|2019|PREP - Tier 1
2019-20|05402|Quillayute Valley School District|Non Migrant|Migrant|0|0|0||0|0|0|0|0|0|0|0|0||District Total|Five Year|2019|PREP - Tier 1
2019-20|05402|Quillayute Valley School District|Non Section 504|504|0|0|0||0|0|0|0|0|0|0|0|0||District Total|Five Year|2019|PREP - Tier 1
2019-20|05402|Quillayute Valley School District|Non-English Language Learners|ELL|0|0|0||0|0|0|0|0|0|0|0|0||District Total|Five Year|2019|PREP - Tier 1
2019-20|05402|Quillayute Valley School District|Non-Foster Care|Foster|0|0|0||0|0|0|0|0|0|0|0|0||District Total|Five Year|2019|PREP - Tier 1
2019-20|05402|Quillayute Valley School District|Non-Homeless|Homeless|0|0|0||0|0|0|0|0|0|0|0|0||District Total|Five Year|2019|PREP - Tier 1
2019-20|05402|Quillayute Valley School District|Non-Low Income|LowIncome|0|0|0||0|0|0|0|0|0|0|0|0||District Total|Five Year|2019|PREP - Tier 1
2019-20|05402|Quillayute Valley School District|Section 504|504|0|0|0||0|0|0|0|0|0|0|0|0||District Total|Five Year|2019|PREP - Tier 1
2019-20|05402|Quillayute Valley School District|Students with Disabilities|sped|0|0|0||0|0|0|0|0|0|0|0|0||District Total|Five Year|2019|PREP - Tier 1
2019-20|05402|Quillayute Valley School District|Students without Disabilities|sped|59|62|54|0.870967741935484|7|0|3|4|1|0|0|0|4||District Total|Five Year|2019|PREP - Tier 1
2019-20|05402|Quillayute Valley School District|Two or More Races|Race|0|0|0||0|0|0|0|0|0|0|0|0||District Total|Five Year|2019|PREP - Tier 1
2019-20|05402|Quillayute Valley School District|White|Race|0|0|0||0|0|0|0|0|0|0|0|0||District Total|Five Year|2019|PREP - Tier 1
2020-21|05402|Quillayute Valley School District|All Students|All|76|72|62|0.861111111111111|8|3|0|2|1|0|0|0|12||District Total|Five Year|2020|PREP - Tier 1
2020-21|05402|Quillayute Valley School District|American Indian/ Alaskan Native|Race|0|0|0||0|0|0|0|0|0|0|0|0||District Total|Five Year|2020|PREP - Tier 1
2020-21|05402|Quillayute Valley School District|Asian|Race|0|0|0||0|0|0|0|0|0|0|0|0||District Total|Five Year|2020|PREP - Tier 1
2020-21|05402|Quillayute Valley School District|English Language Learners|ELL|0|0|0||0|0|0|0|0|0|0|0|0||District Total|Five Year|2020|PREP - Tier 1
2020-21|05402|Quillayute Valley School District|Female|Gender|0|0|0||0|0|0|0|0|0|0|0|0||District Total|Five Year|2020|PREP - Tier 1
2020-21|05402|Quillayute Valley School District|Hispanic/ Latino of any race(s)|Race|27|26|21|0.807692307692308|2|2|0|2|0|0|0|0|3||District Total|Five Year|2020|PREP - Tier 1
2020-21|05402|Quillayute Valley School District|Homeless|Homeless|0|0|0||0|0|0|0|0|0|0|0|0||District Total|Five Year|2020|PREP - Tier 1
2020-21|05402|Quillayute Valley School District|Low-Income|LowIncome|0|0|0||0|0|0|0|0|0|0|0|0||District Total|Five Year|2020|PREP - Tier 1
2020-21|05402|Quillayute Valley School District|Male|Gender|0|0|0||0|0|0|0|0|0|0|0|0||District Total|Five Year|2020|PREP - Tier 1
2020-21|05402|Quillayute Valley School District|Migrant|Migrant|0|0|0||0|0|0|0|0|0|0|0|0||District Total|Five Year|2020|PREP - Tier 1
2020-21|05402|Quillayute Valley School District|Non Migrant|Migrant|0|0|0||0|0|0|0|0|0|0|0|0||District Total|Five Year|2020|PREP - Tier 1
2020-21|05402|Quillayute Valley School District|Non Section 504|504|0|0|0||0|0|0|0|0|0|0|0|0||District Total|Five Year|2020|PREP - Tier 1
2020-21|05402|Quillayute Valley School District|Non-English Language Learners|ELL|0|0|0||0|0|0|0|0|0|0|0|0||District Total|Five Year|2020|PREP - Tier 1
2020-21|05402|Quillayute Valley School District|Non-Foster Care|Foster|76|72|62|0.861111111111111|8|3|0|2|1|0|0|0|12||District Total|Five Year|2020|PREP - Tier 1
2020-21|05402|Quillayute Valley School District|Non-Homeless|Homeless|0|0|0||0|0|0|0|0|0|0|0|0||District Total|Five Year|2020|PREP - Tier 1
2020-21|05402|Quillayute Valley School District|Non-Low Income|LowIncome|0|0|0||0|0|0|0|0|0|0|0|0||District Total|Five Year|2020|PREP - Tier 1
2020-21|05402|Quillayute Valley School District|Section 504|504|0|0|0||0|0|0|0|0|0|0|0|0||District Total|Five Year|2020|PREP - Tier 1
2020-21|05402|Quillayute Valley School District|Students with Disabilities|sped|0|0|0||0|0|0|0|0|0|0|0|0||District Total|Five Year|2020|PREP - Tier 1
2020-21|05402|Quillayute Valley School District|Students without Disabilities|sped|59|56|48|0.857142857142857|8|3|0|2|1|0|0|0|11||District Total|Five Year|2020|PREP - Tier 1
2020-21|05402|Quillayute Valley School District|Two or More Races|Race|0|0|0||0|0|0|0|0|0|0|0|0||District Total|Five Year|2020|PREP - Tier 1
2020-21|05402|Quillayute Valley School District|White|Race|37|33|30|0.909090909090909|3|0|0|0|1|0|0|0|7||District Total|Five Year|2020|PREP - Tier 1
2021-22|05402|Quillayute Valley School District|All Students|All|76|83|64|0.771084337349398|9|2|0|5|1|7|0|0|2||District Total|Five Year|2021|PREP - Tier 1
2021-22|05402|Quillayute Valley School District|American Indian/ Alaskan Native|Race|0|0|0||0|0|0|0|0|0|0|0|0||District Total|Five Year|2021|PREP - Tier 1
2021-22|05402|Quillayute Valley School District|Asian|Race|0|0|0||0|0|0|0|0|0|0|0|0||District Total|Five Year|2021|PREP - Tier 1
2021-22|05402|Quillayute Valley School District|Black/ African American|Race|0|0|0||0|0|0|0|0|0|0|0|0||District Total|Five Year|2021|PREP - Tier 1
2021-22|05402|Quillayute Valley School District|English Language Learners|ELL|0|0|0||0|0|0|0|0|0|0|0|0||District Total|Five Year|2021|PREP - Tier 1
2021-22|05402|Quillayute Valley School District|Female|Gender|0|0|0||0|0|0|0|0|0|0|0|0||District Total|Five Year|2021|PREP - Tier 1
2021-22|05402|Quillayute Valley School District|Foster Care|Foster|0|0|0||0|0|0|0|0|0|0|0|0||District Total|Five Year|2021|PREP - Tier 1
2021-22|05402|Quillayute Valley School District|Hispanic/ Latino of any race(s)|Race|27|30|23|0.766666666666667|5|1|0|1|0|3|0|0|2||District Total|Five Year|2021|PREP - Tier 1
2021-22|05402|Quillayute Valley School District|Homeless|Homeless|0|0|0||0|0|0|0|0|0|0|0|0||District Total|Five Year|2021|PREP - Tier 1
2021-22|05402|Quillayute Valley School District|Low-Income|LowIncome|52|57|42|0.736842105263158|7|1|0|3|1|7|0|0|2||District Total|Five Year|2021|PREP - Tier 1
2021-22|05402|Quillayute Valley School District|Male|Gender|0|0|0||0|0|0|0|0|0|0|0|0||District Total|Five Year|2021|PREP - Tier 1
2021-22|05402|Quillayute Valley School District|Migrant|Migrant|0|0|0||0|0|0|0|0|0|0|0|0||District Total|Five Year|2021|PREP - Tier 1
2021-22|05402|Quillayute Valley School District|Non Migrant|Migrant|0|0|0||0|0|0|0|0|0|0|0|0||District Total|Five Year|2021|PREP - Tier 1
2021-22|05402|Quillayute Valley School District|Non Section 504|504|0|0|0||0|0|0|0|0|0|0|0|0||District Total|Five Year|2021|PREP - Tier 1
2021-22|05402|Quillayute Valley School District|Non-English Language Learners|ELL|0|0|0||0|0|0|0|0|0|0|0|0||District Total|Five Year|2021|PREP - Tier 1
2021-22|05402|Quillayute Valley School District|Non-Foster Care|Foster|0|0|0||0|0|0|0|0|0|0|0|0||District Total|Five Year|2021|PREP - Tier 1
2021-22|05402|Quillayute Valley School District|Non-Homeless|Homeless|0|0|0||0|0|0|0|0|0|0|0|0||District Total|Five Year|2021|PREP - Tier 1
2021-22|05402|Quillayute Valley School District|Non-Low Income|LowIncome|0|0|0||0|0|0|0|0|0|0|0|0||District Total|Five Year|2021|PREP - Tier 1
2021-22|05402|Quillayute Valley School District|Section 504|504|0|0|0||0|0|0|0|0|0|0|0|0||District Total|Five Year|2021|PREP - Tier 1
2021-22|05402|Quillayute Valley School District|Students with Disabilities|sped|0|0|0||0|0|0|0|0|0|0|0|0||District Total|Five Year|2021|PREP - Tier 1
2021-22|05402|Quillayute Valley School District|Students without Disabilities|sped|62|67|53|0.791044776119403|7|2|0|4|1|6|0|0|2||District Total|Five Year|2021|PREP - Tier 1
2021-22|05402|Quillayute Valley School District|Two or More Races|Race|0|0|0||0|0|0|0|0|0|0|0|0||District Total|Five Year|2021|PREP - Tier 1
2021-22|05402|Quillayute Valley School District|White|Race|39|42|32|0.761904761904762|3|1|0|3|1|4|0|0|0||District Total|Five Year|2021|PREP - Tier 1
2022-23|05402|Quillayute Valley School District|All Students|All|0|0|0||0|0|0|0|0|0|0|0|0||District Total|Five Year|2022|PREP - Tier 1
2022-23|05402|Quillayute Valley School District|American Indian/ Alaskan Native|Race|0|0|0||0|0|0|0|0|0|0|0|0||District Total|Five Year|2022|PREP - Tier 1
2022-23|05402|Quillayute Valley School District|Asian|Race|0|0|0||0|0|0|0|0|0|0|0|0||District Total|Five Year|2022|PREP - Tier 1
2022-23|05402|Quillayute Valley School District|English Language Learners|ELL|0|0|0||0|0|0|0|0|0|0|0|0||District Total|Five Year|2022|PREP - Tier 1
2022-23|05402|Quillayute Valley School District|Female|Gender|36|37|31|0.837837837837838|5|0|0|2|2|0|0|0|4||District Total|Five Year|2022|PREP - Tier 1
2022-23|05402|Quillayute Valley School District|Foster Care|Foster|0|0|0||0|0|0|0|0|0|0|0|0||District Total|Five Year|2022|PREP - Tier 1
2022-23|05402|Quillayute Valley School District|Hispanic/ Latino of any race(s)|Race|0|0|0||0|0|0|0|0|0|0|0|0||District Total|Five Year|2022|PREP - Tier 1
2022-23|05402|Quillayute Valley School District|Homeless|Homeless|0|0|0||0|0|0|0|0|0|0|0|0||District Total|Five Year|2022|PREP - Tier 1
2022-23|05402|Quillayute Valley School District|Low-Income|LowIncome|0|0|0||0|0|0|0|0|0|0|0|0||District Total|Five Year|2022|PREP - Tier 1
2022-23|05402|Quillayute Valley School District|Male|Gender|0|0|0||0|0|0|0|0|0|0|0|0||District Total|Five Year|2022|PREP - Tier 1
2022-23|05402|Quillayute Valley School District|Migrant|Migrant|0|0|0||0|0|0|0|0|0|0|0|0||District Total|Five Year|2022|PREP - Tier 1
2022-23|05402|Quillayute Valley School District|Non Migrant|Migrant|0|0|0||0|0|0|0|0|0|0|0|0||District Total|Five Year|2022|PREP - Tier 1
2022-23|05402|Quillayute Valley School District|Non Section 504|504|0|0|0||0|0|0|0|0|0|0|0|0||District Total|Five Year|2022|PREP - Tier 1
2022-23|05402|Quillayute Valley School District|Non-English Language Learners|ELL|56|55|44|0.8|9|0|0|2|4|3|0|0|10||District Total|Five Year|2022|PREP - Tier 1
2022-23|05402|Quillayute Valley School District|Non-Foster Care|Foster|0|0|0||0|0|0|0|0|0|0|0|0||District Total|Five Year|2022|PREP - Tier 1
2022-23|05402|Quillayute Valley School District|Non-Homeless|Homeless|0|0|0||0|0|0|0|0|0|0|0|0||District Total|Five Year|2022|PREP - Tier 1
2022-23|05402|Quillayute Valley School District|Non-Low Income|LowIncome|0|0|0||0|0|0|0|0|0|0|0|0||District Total|Five Year|2022|PREP - Tier 1
2022-23|05402|Quillayute Valley School District|Section 504|504|0|0|0||0|0|0|0|0|0|0|0|0||District Total|Five Year|2022|PREP - Tier 1
2022-23|05402|Quillayute Valley School District|Students with Disabilities|sped|0|0|0||0|0|0|0|0|0|0|0|0||District Total|Five Year|2022|PREP - Tier 1
2022-23|05402|Quillayute Valley School District|Students without Disabilities|sped|50|53|44|0.830188679245283|10|0|0|2|3|3|0|0|7||District Total|Five Year|2022|PREP - Tier 1
2022-23|05402|Quillayute Valley School District|Two or More Races|Race|0|0|0||0|0|0|0|0|0|0|0|0||District Total|Five Year|2022|PREP - Tier 1
2022-23|05402|Quillayute Valley School District|White|Race|32|31|23|0.741935483870968|6|0|0|2|2|3|0|0|7||District Total|Five Year|2022|PREP - Tier 1
